
Global Neural Network Potential For LASP
Reference    : www.lasphub.com
Note         : 
Species      : 
Version      : 20260522141700
Dataset size : 1037

Fitting Accuracy
 ------------------------------------------------------------------
              Energy/(meV/atom)    Force/(eV/A)    Stress/(GPa)
 ------------------------------------------------------------------
     RMS            1.771             0.077           0.011
     MAX            9.445             1.467           0.093
 ------------------------------------------------------------------

Element   Au
Neural Network Architecture
 # Note : fully connected layer is typically required for the first/final layer
 %block   Au_netarch
 # fully layer -> full, size, active_type, float/fixed, newrun/reuse-filename
   #  1 input      72     2
      2 full        1    80     2  float  newrun                                  
      3 full        2    48    24  float  newrun                                  
      4 full        3     1     0  float  newrun                                  
 %endblock   Au_netarch
 
 %block postfunc
    line    1.00
 %endblock postfunc
 
 %block     Au_net
  72  80  48   1
   0   2  24   0
 %endblock     Au_net
 
Power-Type Structure Descriptors(PTSD)
 *: PTSD type summary, two-body, three-body and four-body .
 --------------------------------------------------------------------
      KS1   KS2   S1    S2    S3     S4    S5     S6    S24    S25
 --------------------------------------------------------------------
PTSD  two   two  two    two  three  three  three  four  three  three
   Number    22    17     7      8      8      6      4      0      0      0      0      0
   Number     0
 -----------------------------------------------------

   Au_Erange   0.00000000E+00  0.10000000E+01
   Au_ESrange   0.00000000E+00  0.20000000E+01
   Au_Srange   0.00000000E+00  0.10000000E+01
   Au_ScaleFactor   0.00000000E+00  0.50000000E+00
 
 ***********************************************************
 * Guide for parameters in PTSD                            *
 * radial part n,m,p :                                     *
 *             -1       -> short range /close to atom core *
 *              0,1,2,4 -> flat in short/medium            *
 *              6,8,12  -> medium                          *
 *              16, 24  -> large  /close to cut radius     *
 *                                                         *
 * angular part zeta, ksi :                                *
 *              0/180  : zeta =  ~, ksi = 0                *
 *             30/150  : zeta = 12, ksi = 1                *
 *             45/135  : zeta =  5, ksi = 1                *
 *                 90  : zeta =  0, ksi = ~                *
 *             60/120  : zeta =  4, ksi = 2                *
 *                                                         *
 *          !! zeta 8 = and ksi = 4 is moderate            *
 ***********************************************************
 
 ######################################################
 # Following is geometry based structural descriptors #
 ######################################################
 
   Au_shiftElement  0  1  79  

    Au_Pottype    1
 S1 : sum(rij**n * fc(rij))
    : radical distribution, large n means considering more long-distance neigb
 %block  Au_S1
 #-----------------------------------------------------------------------------------#
 # cutoff   neigb_atom     n                 Gmin                      Gmax          #
 #-----------------------------------------------------------------------------------#
   1.20        79          2        0.000000000000000e+00      1.136363636363636e+00 #  1   1
   1.60        79          2        0.000000000000000e+00      1.136363636363636e+00 #  2   2
   2.20        79          2        0.000000000000000e+00      1.136363636363636e+00 #  3   3
   2.60        79          2        0.000000000000000e+00      2.420933874831958e-03 #  4   4
   3.00        79          2        0.000000000000000e+00      1.919147304513238e-01 #  5   5
   3.40        79          2        0.000000000000000e+00      7.377285171638835e-01 #  6   6
   4.40        79          2        0.000000000000000e+00      4.280217669226906e+00 #  7   7
   5.40        79          2        0.000000000000000e+00      1.259333653883501e+01 #  8   8
   6.40        79          2        0.000000000000000e+00      2.633882869373668e+01 #  9   9
   7.40        79          2        0.000000000000000e+00      4.853269403631037e+01 # 10  10
   1.30        79          8        0.000000000000000e+00      1.136363636363636e+00 # 11  11
   1.70        79          8        0.000000000000000e+00      1.136363636363636e+00 # 12  12
   2.30        79          8        0.000000000000000e+00      1.136363636363636e+00 # 13  13
   2.70        79          8        0.000000000000000e+00      4.205397855151784e+00 # 14  14
   3.10        79          8        0.000000000000000e+00      7.268229831348766e+01 # 15  15
   3.50        79          8        0.000000000000000e+00      3.646160472523082e+02 # 16  16
   4.50        79          8        0.000000000000000e+00      3.948507967862216e+03 # 17  17
   5.50        79          8        0.000000000000000e+00      2.601178533380682e+04 # 18  18
   6.50        79          8        0.000000000000000e+00      1.603473721590909e+05 # 19  19
   7.50        79          8        0.000000000000000e+00      6.220294034090909e+05 # 20  20
   3.00        79         16        0.000000000000000e+00      7.195923295454546e+04 # 21  21
   4.00        79         16        0.000000000000000e+00      1.363146818181818e+07 # 22  22
 #-----------------------------------------------------------------------------------#
 %endblock  Au_S1

 S2 : Q-value based two-body structural descriptors
 %block  Au_S2
 #-----------------------------------------------------------------------------------#
 # cut    neigb     Qn     Rn               Gmin                      Gmax           #
 #-----------------------------------------------------------------------------------#
   1.40     79       2      4       0.000000000000000e+00      1.136363636363636e+00 #  1  38
   1.80     79       2      4       0.000000000000000e+00      1.136363636363636e+00 #  2  39
   2.80     79       2      4       0.000000000000000e+00      9.947430173104460e-02 #  3  40
   3.80     79       2      4       0.000000000000000e+00      4.142064668915489e+00 #  4  41
   4.80     79       2      4       0.000000000000000e+00      1.659654270518910e+01 #  5  42
   5.80     79       2      4       0.000000000000000e+00      4.999393549832430e+01 #  6  43
   6.80     79       2      4       0.000000000000000e+00      1.703612067482688e+02 #  7  44
   1.40     79       6      4       0.000000000000000e+00      1.136363636363636e+00 #  8  45
   1.80     79       6      4       0.000000000000000e+00      1.136363636363636e+00 #  9  46
   2.80     79       6      4       0.000000000000000e+00      2.911319448189302e-01 # 10  47
   3.80     79       6      4       0.000000000000000e+00      2.442327412691983e+01 # 11  48
   4.80     79       6      4       0.000000000000000e+00      1.000837759538130e+02 # 12  49
   5.80     79       6      4       0.000000000000000e+00      1.638378490101207e+02 # 13  50
   6.80     79       6      4       0.000000000000000e+00      1.825676657936790e+02 # 14  51
   1.80     79       4      4       0.000000000000000e+00      1.136363636363636e+00 # 15  52
   2.80     79       4      4       0.000000000000000e+00      5.232995883984999e-01 # 16  53
   3.80     79       4      4       0.000000000000000e+00      1.506246436725963e+01 # 17  54
 #-----------------------------------------------------------------------------------#
 %endblock  Au_S2

 S3 : sum{ [rij**n * fc(rij)] * [rik**n * fc(rik)] * (1+lambda*cos(ijk))**zeta } lambda: 1-> acute more, -1-> obtuse more
 %block  Au_S3
 #---------------------------------------------------------------------------------------------------#
 # cut    nb1   nb2    n     m    zeta  lambda               Gmin                      Gmax          #
 #---------------------------------------------------------------------------------------------------#
   1.80   79    79     2     2      4     1.0       0.000000000000000e+00      1.136363636363636e+00 #  1  23
   1.80   79    79     2     2      4    -1.0       0.000000000000000e+00      1.136363636363636e+00 #  2  24
   3.20   79    79     2     2      4     1.0       0.000000000000000e+00      1.327337231487036e-02 #  3  25
   3.20   79    79     2     2      4    -1.0       0.000000000000000e+00      6.636683405800299e-02 #  4  26
   4.20   79    79     2     2      4     1.0       0.000000000000000e+00      2.269351211461154e+00 #  5  27
   4.20   79    79     2     2      4    -1.0       0.000000000000000e+00      3.855749964714050e+00 #  6  28
   6.50   79    79     2     2      4     1.0       0.000000000000000e+00      2.306024724786932e+02 #  7  29
 #---------------------------------------------------------------------------------------------------#
 %endblock  Au_S3

 S4 : sum{ [rij**n*fc(rij)]*[rik**n*fc(rik)]*[rjk**n*fc(rjk)]*(1+lambda*cos(ijk))**zeta }
    : ignore third-edge with large value
 %block  Au_S4
 #--------------------------------------------------------------------------------------------------------#
 # cut    nb1   nb2     n     m    p  zeta   lambda               Gmin                      Gmax          #
 #--------------------------------------------------------------------------------------------------------#
   2.40   79    79      2     4    4    4      1.0       0.000000000000000e+00      1.136363636363636e+00 #  1  30
   2.40   79    79      2     4    4    4     -1.0       0.000000000000000e+00      1.136363636363636e+00 #  2  31
   3.40   79    79      2     4    4    4      1.0       0.000000000000000e+00      5.589000965383920e-02 #  3  32
   3.40   79    79      2     4    4    4     -1.0       0.000000000000000e+00      9.175376776097851e-04 #  4  33
   5.40   79    79      2     4    4    4      1.0       0.000000000000000e+00      2.174090160023082e+03 #  5  34
   5.40   79    79      2     4    4    4     -1.0       0.000000000000000e+00      1.463432138616388e+02 #  6  35
   6.40   79    79      2     4    4    4      1.0       0.000000000000000e+00      2.169029430042614e+04 #  7  36
   6.40   79    79      2     4    4    4     -1.0       0.000000000000000e+00      3.109367509321733e+03 #  8  37
 #--------------------------------------------------------------------------------------------------------#
 %endblock  Au_S4

 S5 : Q-value based three-body structural descriptors
 %block  Au_S5
 #-----------------------------------------------------------------------------------------------#
 # cut    nb1   nb2    Qn     n    m    p               Gmin                       Gmax          #
 #-----------------------------------------------------------------------------------------------#
   2.20   79    79      2     2    2    2       0.000000000000000e+00      1.136363636363636e+00 #  1  55
   2.20   79    79      6     2    2    2       0.000000000000000e+00      1.136363636363636e+00 #  2  56
   3.20   79    79      2     2    2    2       0.000000000000000e+00      5.611693412984923e-06 #  3  57
   3.20   79    79      6     2    2    2       0.000000000000000e+00      3.700677304798526e-05 #  4  58
   4.60   79    79      2     2    2    2       0.000000000000000e+00      4.115625199946490e-01 #  5  59
   4.60   79    79      6     2    2    2       0.000000000000000e+00      4.497105154124173e+00 #  6  60
   3.20   79    79      4     2    2    2       0.000000000000000e+00      6.402716094684862e-06 #  7  61
   3.60   79    79      4     2    2    2       0.000000000000000e+00      2.985884202644229e-03 #  8  62
 #-----------------------------------------------------------------------------------------------#
 %endblock  Au_S5

 S6 : Slater-type dihedral angle
 %block  Au_S6
 #---------------------------------------------------------------------------------------------------------#
 # cut   nb1 nb2 nb3     n    m    p   zeta   lambda              Gmin                        Gmax         #
 #---------------------------------------------------------------------------------------------------------#
   2.20    0   0   0     2    2    8     4      1.0       0.000000000000000e+00      1.136363636363636e+00 #  1  63
   2.20    0   0   0     2    2    8     4     -1.0       0.000000000000000e+00      1.136363636363636e+00 #  2  64
   2.60    0   0  79     2    2    8     4      1.0       0.000000000000000e+00      2.235491791680033e-07 #  3  65
   2.60    0   0  79     2    2    8     4     -1.0       0.000000000000000e+00      1.100169749241269e-06 #  4  66
   3.80    0   0  79     2    2    2     8      1.0       0.000000000000000e+00      7.146016440608285e-01 #  5  67
   3.80    0   0  79     2    2    2     8     -1.0       0.000000000000000e+00      1.355287026275288e+00 #  6  68
 #---------------------------------------------------------------------------------------------------------#
 %endblock  Au_S6

 S24 : sum{ [rij**n*fc(rij)]*[rik**n*fc(rik)] * (sin(ijk)**2)**ksi * (1+lambda*cos(ijk))**zeta }
     : ignore third-edge with large value
 %block  Au_S24
 #---------------------------------------------------------------------------------------------------#
 # cut   nb1  nb2   n   m   zeta   ksi  lambda              Gmin                        Gmax         #
 #---------------------------------------------------------------------------------------------------#
   2.20  79   79    8   8     5     1     1.0       0.000000000000000e+00      1.000000000000000e+00 #  1  69
   2.20  79   79    8   8     5     1    -1.0       0.000000000000000e+00      1.000000000000000e+00 #  2  70
   2.80  79   79    8   8     5     1     1.0       0.000000000000000e+00      5.163743495941162e+00 #  3  71
   2.80  79   79    8   8     5     1    -1.0       0.000000000000000e+00      5.163751602172852e+00 #  4  72
 #---------------------------------------------------------------------------------------------------#
 %endblock  Au_S24



 Network Parameters of     Au
   Bias in Layer   2
      -0.128278329968452E+00   -0.232387676835060E+00    0.538706108927727E-01    0.643393024802208E-01    0.424577444791794E-01
       0.837611407041550E-01   -0.711635872721672E-01    0.523619577288628E-01   -0.206303119659424E+00    0.136166289448738E+00
      -0.121495854109526E-01    0.702244639396667E-01    0.145151227712631E+00    0.671853777021170E-02    0.846169590950012E-01
      -0.732364319264889E-02    0.615634024143219E-01   -0.970992222428322E-01   -0.211531490087509E+00    0.421390086412430E-01
       0.133900389075279E+00   -0.327966548502445E-01   -0.152295261621475E+00    0.147610371932387E-01   -0.867848098278046E-01
      -0.639931783080101E-01   -0.249461680650711E-01    0.149230780079961E-01    0.635351315140724E-01   -0.899599790573120E-01
      -0.391552060842514E+00    0.118187919259071E+00   -0.323331415653229E+00    0.563303381204605E-01   -0.134209185838699E+00
      -0.660788118839264E-01    0.335153527557850E-01    0.788447856903076E-01    0.411846786737442E-01    0.337196998298168E-01
      -0.104679152369499E+00    0.349079594016075E-01   -0.657966956496239E-01    0.168598294258118E+00    0.101934872567654E+00
      -0.170617088675499E+00    0.200045347213745E+00    0.208862990140915E+00   -0.183084055781364E+00   -0.183039885014296E-01
      -0.143236890435219E+00   -0.345504134893417E-01    0.546686202287674E-01    0.236855015158653E+00    0.732514411211014E-01
      -0.118004694581032E+00    0.229107625782490E-01    0.494607761502266E-01   -0.757676362991333E-01   -0.131852403283119E+00
       0.829133465886116E-01    0.161722488701344E-01   -0.375943593680859E-01   -0.329639501869678E-01   -0.207601860165596E+00
       0.376247763633728E-01   -0.237837210297585E-01    0.126192614436150E+00   -0.101943396031857E+00    0.481255650520325E-01
      -0.486669093370438E-01   -0.830059722065926E-01   -0.359541699290276E-01   -0.828078761696815E-01    0.416738718748093E+00
       0.455227643251419E-01   -0.883180741220713E-02   -0.520749483257532E-02    0.398283414542675E-01   -0.273575298488140E-01
   Weight in Layer   2
       0.216497361660004E+00    0.480230636894703E-01   -0.540814399719238E-01    0.919205918908119E-01   -0.433756783604622E-01
       0.189665704965591E+00   -0.994638726115227E-01   -0.946986079216003E-01   -0.346432924270630E+00   -0.144859775900841E+00
      -0.144455388188362E+00    0.303702354431152E-01    0.941724888980389E-02    0.994620621204376E-01   -0.648050103336573E-02
      -0.175210028886795E+00    0.771318003535271E-01   -0.573220029473305E-01    0.595265207812190E-02    0.126307129859924E+00
      -0.157541394233704E+00    0.384978875517845E-01    0.175580263137817E+00   -0.283058285713196E+00    0.161302864551544E+00
       0.150519788265228E+00   -0.201426260173321E-01   -0.642341896891594E-01   -0.880125258117914E-02   -0.168718799948692E+00
      -0.208357684314251E-01   -0.101278290152550E+00    0.104506924748421E+00   -0.277513936161995E-01    0.193491116166115E+00
       0.935749337077141E-01    0.534318648278713E-01   -0.270934849977493E-01   -0.983836352825165E-01   -0.158264227211475E-01
      -0.548807755112648E-01   -0.244610890746117E+00    0.950869172811508E-03   -0.254154950380325E-01   -0.745857413858175E-02
       0.358674973249435E-01    0.119761846959591E+00    0.359436348080635E-01    0.634800130501390E-02    0.113148586824536E-01
      -0.742917582392693E-01   -0.100308306515217E+00   -0.978898908942938E-02    0.154208950698376E-02   -0.385040231049061E-01
      -0.728756189346313E-01   -0.557400211691856E-01    0.193847581744194E+00   -0.154428156092763E-01   -0.163558080792427E+00
       0.799652636051178E-01   -0.202450543642044E+00    0.258284285664558E-01   -0.562568455934525E-01    0.235284343361855E-01
       0.922225713729858E-01   -0.686288550496101E-01    0.622629048302770E-02    0.197300277650356E-01   -0.609047058969736E-02
       0.110115334391594E+00   -0.717025343328714E-02
       0.177101761102676E+00   -0.388933718204498E-01   -0.116844058036804E+00   -0.468523763120174E-01   -0.675403419882059E-02
       0.947278067469597E-01   -0.192840158939362E+00   -0.181836381554604E+00   -0.138411978259683E-01   -0.104400977492332E+00
       0.201339423656464E-01    0.620319619774818E-01    0.320112966001034E-01    0.416288003325462E-01    0.432917922735214E-01
      -0.860070064663887E-01   -0.519685894250870E-01    0.114789512008429E-02   -0.258156090974808E+00   -0.145433759316802E-01
      -0.381173193454742E-01    0.123408794403076E+00    0.210737735033035E+00    0.153570353984833E+00   -0.210045740008354E+00
       0.274659246206284E-01   -0.143944233655930E+00   -0.731982439756393E-01   -0.845922976732254E-01   -0.108216822147369E+00
       0.718118846416473E-01    0.195459634065628E+00    0.420567691326141E-01   -0.294226109981537E+00   -0.959382355213165E-01
      -0.187872305512428E+00   -0.163280844688416E+00   -0.154029175639153E+00    0.286269523203373E-01   -0.985610932111740E-01
      -0.268687784671783E+00   -0.355509370565414E-01   -0.301644727587700E-01    0.109872080385685E+00    0.305444672703743E-01
      -0.123269975185394E+00   -0.112701833248138E+00   -0.346903264522552E+00   -0.122178509831429E+00    0.378169268369675E-01
      -0.218369096517563E+00    0.887989550828934E-01   -0.162877857685089E+00   -0.964551344513893E-01    0.187464237213135E+00
      -0.420978665351868E-01   -0.123272478580475E+00   -0.134927064180374E+00   -0.510410033166409E-01    0.752559229731560E-01
      -0.981985926628113E-01   -0.117931246757507E+00    0.125114917755127E+00    0.171204820275307E+00    0.141708835959435E+00
      -0.106707558035851E+00   -0.435122251510620E-01    0.871204286813736E-01    0.243471950292587E+00    0.799610242247581E-01
       0.343693383038044E-01    0.112695433199406E+00
       0.274487026035786E-01    0.161719784140587E+00    0.251112550497055E+00   -0.182164877653122E+00   -0.326869279146194E+00
       0.101123526692390E-01    0.169105067849159E+00    0.833771601319313E-01    0.119873702526093E+00    0.829161331057549E-01
       0.195498988032341E+00   -0.136309014633298E-01    0.246696081012487E-02   -0.135955080389977E+00   -0.230369552969933E+00
       0.176529586315155E-02    0.690580978989601E-01   -0.411693006753922E-02   -0.682253111153841E-02    0.201980412006378E+00
       0.277350634336472E+00    0.441645532846451E-01    0.116715200245380E+00    0.874563530087471E-01   -0.820531621575356E-01
       0.872698053717613E-01    0.874200463294983E-01   -0.444325208663940E-01    0.723396316170692E-01    0.102340430021286E+00
       0.106189437210560E+00    0.432070791721344E-01   -0.903035327792168E-01    0.721652135252953E-01   -0.153782814741135E+00
      -0.671119987964630E-01   -0.554103627800941E-01    0.114006683230400E+00   -0.500623919069767E-01   -0.595171600580215E-01
       0.692811533808708E-01    0.541869848966599E-01    0.342685282230377E-01   -0.174508750438690E+00   -0.167496651411057E+00
       0.536452047526836E-01    0.508866794407368E-01    0.891482830047607E-01    0.338884472846985E+00    0.142995715141296E+00
       0.434533245861530E-01   -0.103483527898788E+00   -0.248996719717979E+00   -0.383501835167408E-01   -0.506349951028824E-01
      -0.255745440721512E+00   -0.786099955439568E-01   -0.128364786505699E+00    0.173421427607536E+00    0.168500736355782E+00
       0.759877488017082E-01    0.151703104376793E+00    0.166909903287888E+00   -0.124917775392532E+00   -0.126340994611382E-01
       0.240942873060703E-01    0.133665218949318E+00   -0.612759143114090E-01   -0.767284855246544E-01    0.296767324209213E+00
      -0.782864540815353E-01   -0.168093711137772E+00
       0.708161666989326E-02   -0.798222124576569E-01   -0.975611619651318E-03    0.199554972350597E-01    0.971156656742096E-01
       0.380938947200775E-01    0.401897370815277E+00    0.418319739401340E-01   -0.192767038941383E+00   -0.233154557645321E-02
       0.214143283665180E-01    0.105309098958969E+00    0.816916376352310E-01    0.153799653053284E+00   -0.296602100133896E-01
       0.178532466292381E+00    0.104162365198135E+00    0.611426727846265E-02    0.211018994450569E+00    0.997477844357491E-01
       0.308890305459499E-01    0.641974136233330E-01   -0.155318930745125E+00    0.387856811285019E-01    0.402987189590931E-01
       0.562298893928528E-01   -0.215228095650673E+00    0.247078746557236E+00   -0.268989145755768E+00   -0.115273714065552E+00
      -0.108038157224655E+00    0.283377058804035E-01    0.847883373498917E-01   -0.706537216901779E-01    0.161584630608559E+00
       0.364745818078518E-01    0.260820724070072E-01    0.169834852218628E+00   -0.786144733428955E-01   -0.152477873489261E-01
       0.316273793578148E-02    0.720637217164040E-01    0.525771230459213E-01    0.146862804889679E+00    0.136158093810081E-01
       0.536148622632027E-01   -0.801015365868807E-02    0.521476790308952E-01    0.747429654002190E-01   -0.284728594124317E-01
       0.757565498352051E-01    0.171129345893860E+00   -0.168932080268860E+00    0.254030749201775E-01    0.103089129552245E-01
      -0.557174533605576E-01    0.105181127786636E+00   -0.629436299204826E-01   -0.521096810698509E-01    0.436685532331467E-01
       0.150737211108208E+00   -0.527366697788239E-01    0.367177091538906E-01   -0.147627800703049E+00   -0.251919627189636E-01
       0.102989636361599E-01    0.197684720158577E+00   -0.783849656581879E-01    0.493343882262707E-01   -0.133410235866904E-01
      -0.486011728644371E-01   -0.164361327886581E+00
       0.402281247079372E-01    0.762599036097527E-01   -0.203502625226974E+00    0.213413074612617E+00    0.135525956749916E+00
       0.123834803700447E+00    0.266472846269608E+00   -0.730381086468697E-01   -0.514182522892952E-01    0.270502567291260E+00
      -0.689476728439331E-01   -0.327465683221817E-02    0.232804659754038E-01    0.823743939399719E-01    0.575269535183907E-01
      -0.484292879700661E-01   -0.637101158499718E-01    0.277826726436615E+00   -0.918957144021988E-01    0.221370846033096E+00
       0.176947638392448E+00    0.159043610095978E+00   -0.178943462669849E-01   -0.151523649692535E+00   -0.129368335008621E+00
      -0.451099723577499E-01   -0.100261839106679E-01    0.169880107045174E+00   -0.188329488039017E+00    0.198284044861794E+00
       0.123147489503026E-01   -0.412745140492916E-01   -0.121560901403427E+00   -0.303364992141724E-01   -0.167452730238438E-01
       0.213761925697327E-01    0.225574150681496E-01    0.550917126238346E-01    0.731926830485463E-02   -0.219006016850471E-01
       0.123952127993107E+00   -0.147831901907921E+00    0.297518558800220E-01    0.276492647826672E-01    0.128687486052513E+00
      -0.222746357321739E+00   -0.225110650062561E-01   -0.907430723309517E-01   -0.131690695881844E+00    0.323653817176819E-01
      -0.558636188507080E-01   -0.153064383193851E-01    0.863842293620110E-01   -0.630732625722885E-03    0.763151720166206E-01
      -0.173137202858925E+00   -0.822262689471245E-01    0.141029655933380E+00   -0.998436193913221E-02    0.503175407648087E-01
       0.155837778002024E-01    0.128028526902199E+00    0.114429323002696E-01    0.145961761474609E+00   -0.301046594977379E-01
       0.521960817277431E-01    0.178351595997810E+00    0.149095833301544E+00   -0.522340554744005E-02   -0.177330777049065E+00
       0.902760475873947E-01    0.141466975212097E+00
      -0.325794704258442E-01   -0.611111614853144E-02   -0.897556319832802E-01    0.526999495923519E-01   -0.108081996440887E+00
       0.976904034614563E-01    0.962492749094963E-01    0.169507965445518E+00    0.158387705683708E+00    0.176453944295645E-01
       0.869568809866905E-01   -0.261449366807938E-01   -0.526537653058767E-02    0.842375680804253E-01   -0.224485620856285E-01
      -0.139995487406850E-01    0.132652208209038E+00   -0.698128342628479E-01   -0.704255923628807E-01   -0.917847082018852E-01
       0.156964749097824E+00   -0.295561701059341E-01   -0.200163573026657E-01    0.648086071014404E-01   -0.984795913100243E-01
      -0.113878607749939E+00    0.275925965979695E-02    0.187830880284309E+00   -0.586256608366966E-01   -0.362123176455498E-01
       0.104492306709290E+00    0.390897020697594E-01    0.217272162437439E+00   -0.291575156152248E-01    0.157076239585876E+00
       0.422564484179020E-01   -0.368425920605659E-01   -0.126003444194794E+00   -0.108033590018749E+00    0.950980000197887E-02
       0.943511277437210E-01    0.115170059725642E-01    0.955987423658371E-01   -0.415451824665070E-01    0.642412379384041E-01
       0.431994237005711E-01   -0.149684408679605E-01    0.275323912501335E-01    0.428695278242230E-02    0.191604457795620E-01
       0.122247688472271E+00   -0.127967745065689E+00   -0.252118319272995E+00    0.196087077260017E+00    0.128363862633705E+00
       0.216805130243301E+00   -0.125987946987152E+00    0.884772837162018E-01   -0.101425208151340E+00    0.191482305526733E+00
       0.255441993474960E+00   -0.266907364130020E-01   -0.632775127887726E-01    0.968006178736687E-01    0.392017252743244E-01
      -0.183104559779167E+00    0.252444166690111E-01    0.434774644672871E-01   -0.224995389580727E-01   -0.117326974868774E+00
       0.255030207335949E-01   -0.257274240255356E+00
       0.146702202036977E-01   -0.211896061897278E+00   -0.134656548500061E+00    0.914059579372406E-03    0.413282722234726E+00
       0.148564726114273E+00   -0.538177117705345E-01    0.313323326408863E-01   -0.256965011358261E-01   -0.594022274017334E-01
       0.129583239555359E+00    0.999801792204380E-03   -0.181983217597008E+00   -0.416845940053463E-01    0.597139932215214E-01
      -0.744337122887373E-02    0.103603512048721E+00   -0.168111369013786E+00    0.417086072266102E-01   -0.472016185522079E-01
       0.676513984799385E-01    0.192905828356743E+00    0.869221761822701E-01    0.202061571180820E-01    0.125867769122124E+00
      -0.156715251505375E-01    0.864308886229992E-02    0.741381794214249E-01   -0.104966856539249E+00    0.940057709813118E-01
       0.124681219458580E+00    0.827422365546227E-01    0.774271041154861E-01    0.602683275938034E-01    0.311034992337227E-01
      -0.197612643241882E+00    0.100088566541672E+00   -0.131404787302017E+00   -0.158444181084633E+00   -0.215967535972595E+00
       0.141510322690010E+00    0.102265980094671E-01   -0.116111293435097E+00   -0.612144246697426E-01   -0.376819074153900E-02
      -0.646691545844078E-01   -0.982834957540035E-03   -0.994666963815689E-01   -0.864987540990114E-02   -0.952230300754309E-02
       0.837754532694817E-01   -0.170699983835220E+00    0.107008926570415E+00    0.153451645746827E-01    0.399908563122153E-02
       0.222542677074671E-01   -0.229046605527401E-01   -0.320295058190823E-01   -0.150666043162346E+00   -0.107121445238590E+00
       0.209117129445076E+00   -0.998639222234488E-02    0.259280633181334E-01    0.807799920439720E-01    0.202237591147423E+00
       0.120099097490311E+00   -0.189900510013103E-01    0.144278854131699E+00    0.315693691372871E-01    0.934443250298500E-02
       0.115355163812637E+00    0.861114859580994E-01
       0.642634136602283E-02   -0.845507234334946E-01    0.725711956620216E-01   -0.178149938583374E+00    0.707570463418961E-01
       0.353062618523836E-02    0.347200065851212E+00    0.270558416843414E+00   -0.144072487950325E+00    0.713648274540901E-01
       0.504804626107216E-01    0.142750367522240E+00   -0.632575452327728E-01   -0.188891351222992E+00    0.166228860616684E+00
      -0.403669886291027E-01    0.993185937404633E-01    0.155651569366455E-01    0.114297717809677E-01   -0.339935645461082E-01
       0.732785277068615E-02   -0.215039886534214E-01   -0.776080507785082E-02   -0.311128646135330E-01    0.382826179265976E-01
       0.134420678019524E+00    0.209224641323090E+00   -0.156599849462509E+00    0.127763435244560E+00   -0.109611511230469E+00
       0.730410665273666E-01   -0.113022051751614E+00    0.405124984681606E-01   -0.153157845139503E+00   -0.508477911353111E-01
      -0.112768530845642E+00   -0.142942562699318E+00    0.151907252147794E-01    0.182836905121803E+00   -0.378045998513699E-01
       0.207446068525314E+00    0.101983971893787E+00    0.533430576324463E-01   -0.654373094439507E-01    0.585245713591576E-02
       0.249113038182259E+00   -0.484088286757469E-01    0.130848705768585E+00    0.680482015013695E-01    0.296562045812607E+00
      -0.222871810197830E+00    0.558504201471806E-01   -0.250182986259460E+00    0.127217158675194E+00    0.170187596231699E-01
       0.166981704533100E-01   -0.523159727454185E-01   -0.366247147321701E-01   -0.255855619907379E-01    0.577308721840382E-01
      -0.354303121566772E-01    0.556356608867645E-01    0.453727226704359E-02   -0.176815703511238E+00   -0.176350802183151E+00
      -0.126184180378914E+00   -0.376228690147400E-01   -0.129941120743752E+00    0.854755342006683E-01    0.524634160101414E-01
      -0.241385437548161E-01   -0.235831648111343E+00
       0.956474151462317E-02   -0.871261432766914E-01   -0.288508925586939E-02   -0.917944759130478E-01   -0.521432816982269E+00
      -0.361023157835007E+00   -0.238023579120636E+00    0.116781890392303E+00    0.463046170771122E-01    0.179461300373077E+00
       0.979904904961586E-01    0.685508027672768E-01   -0.590750500559807E-01    0.167154371738434E-01    0.101894073188305E+00
      -0.952621102333069E-01    0.114047385752201E+00   -0.488560274243355E-01   -0.244063451886177E+00    0.971468165516853E-01
      -0.628790166229010E-02   -0.786938071250916E-01   -0.991144776344299E-01    0.480830073356628E-01   -0.126473158597946E+00
      -0.125021368265152E+00    0.211414888501167E+00    0.229315608739853E+00    0.437497273087502E-01    0.113539583981037E+00
      -0.197182223200798E-01    0.712130516767502E-01    0.212208032608032E-01    0.198258176445961E+00   -0.526145845651627E-01
      -0.731422975659370E-01    0.376724191009998E-01   -0.389204062521458E-01    0.810804888606071E-01    0.179416202008724E-01
       0.108576819300652E+00   -0.115820586681366E+00   -0.506742671132088E-01    0.708539038896561E-01   -0.176002793014050E-01
       0.286126345396042E+00   -0.530741736292839E-01   -0.207118824124336E+00   -0.763633474707603E-01   -0.932095050811768E-01
       0.191051855683327E+00   -0.983685702085495E-01    0.650914534926414E-01    0.502897948026657E-01   -0.203357204794884E+00
       0.123345591127872E+00    0.118032865226269E+00    0.529984831809998E-01   -0.300241187214851E-01   -0.939270108938217E-01
       0.191615089774132E+00    0.132971182465553E+00    0.177821502089500E+00    0.817957241088152E-02   -0.222537934780121E+00
       0.798867344856262E-01    0.219321221113205E+00    0.106803096830845E+00   -0.132847353816032E+00    0.481872027739882E-02
      -0.604587346315384E-01   -0.268958918750286E-01
       0.151171952486038E+00   -0.240842364728451E-01   -0.759953111410141E-01    0.528901144862175E-01    0.360509723424911E+00
       0.106052510440350E+00   -0.121270805597305E+00   -0.143527165055275E+00   -0.328135527670383E-01    0.101656995713711E+00
      -0.131158396601677E+00   -0.123900577425957E+00   -0.757188424468040E-01    0.263518020510674E-01    0.227869614958763E+00
      -0.764638781547546E-01   -0.941183343529701E-01   -0.101442420855165E-01    0.739307180047035E-01    0.787976682186127E-01
      -0.923295598477125E-02   -0.934243425726891E-01   -0.188797414302826E-01    0.189256310462952E+00    0.163776516914368E+00
       0.121617704629898E+00   -0.128145650029182E+00   -0.115451574325562E+00    0.153949949890375E-01   -0.202585101127625E+00
       0.986901745200157E-01   -0.137923628091812E+00    0.432855971157551E-01   -0.636362731456757E-01    0.795890577137470E-02
      -0.232760295271873E+00    0.286416560411453E-01    0.889765173196793E-01    0.565635673701763E-01    0.229766398668289E+00
       0.363841978833079E-02   -0.631205737590790E-01   -0.116748154163361E+00    0.118666328489780E+00    0.163828209042549E+00
      -0.104437768459320E+00    0.114101633429527E+00    0.102817550301552E+00   -0.152069143950939E-02    0.792422369122505E-01
      -0.747102871537209E-01    0.230144858360291E+00   -0.560963451862335E-01    0.103289753198624E+00   -0.258494243025780E-01
       0.142359539866447E+00    0.885964557528496E-01   -0.100361779332161E+00    0.104666054248810E+00   -0.273697733879089E+00
       0.405093841254711E-02   -0.216285750269890E+00    0.114801913499832E+00   -0.431878529489040E-01   -0.870662461966276E-02
      -0.138146951794624E+00   -0.341397300362587E-01   -0.221713632345200E-01    0.130202323198318E+00    0.576996579766273E-01
       0.299075961112976E+00   -0.297428667545319E-01
       0.181112557649612E+00   -0.323116257786751E-01   -0.117976367473602E+00    0.138843864202499E+00    0.276752501726151E+00
       0.213157489895821E+00   -0.207793489098549E+00    0.178148876875639E-02   -0.388528872281313E-02    0.148817896842957E+00
      -0.845143422484398E-01    0.232363305985928E-02    0.638653784990311E-01    0.490223355591297E-01    0.129165336489677E+00
      -0.415943637490273E-01   -0.457988083362579E-01   -0.383512489497662E-01   -0.363535620272160E-01    0.414607785642147E-01
       0.264424011111259E-01   -0.204592317342758E+00    0.933695062994957E-01   -0.161916255950928E+00   -0.529773980379105E-01
       0.127652257680893E+00    0.279274918138981E-01   -0.777390524744987E-01   -0.436489544808865E-01    0.139330938458443E+00
       0.338369280099869E+00   -0.864453241229057E-01    0.783633589744568E-01   -0.438100583851337E-01    0.941236466169357E-01
      -0.392655059695244E-01   -0.102559827268124E+00    0.150438010692596E+00   -0.131361810490489E-01   -0.146530732512474E+00
      -0.166142992675304E-01    0.120650731027126E+00   -0.120062962174416E+00    0.142454996705055E+00   -0.771535485982895E-01
       0.218617208302021E-01    0.863103475421667E-02   -0.174012526869774E+00    0.239822976291180E-01    0.217019110918045E+00
      -0.843647047877312E-01   -0.142356589436531E+00    0.269120544195175E+00   -0.415507517755032E-01    0.198564052581787E+00
       0.122558422386646E+00    0.106133513152599E+00    0.178372003138065E-01    0.514888204634190E-01   -0.831067841500044E-02
      -0.112514831125736E+00   -0.540527999401093E-01   -0.167034924030304E+00   -0.259848590940237E-02    0.131217226386070E+00
       0.129309982061386E+00   -0.491608083248138E-01    0.586975924670696E-01   -0.443527251482010E-01    0.149983853101730E+00
       0.425028130412102E-01    0.981044024229050E-01
       0.589959248900414E-01    0.143439956009388E-01    0.121130764484406E+00    0.709493532776833E-01   -0.272891432046890E+00
      -0.102130487561226E+00    0.194017156958580E+00   -0.165824107825756E-01    0.377926602959633E-02    0.708581730723381E-01
      -0.442241840064526E-01   -0.202622145414352E+00    0.347719550132751E+00   -0.170091360807419E+00   -0.698305070400238E-01
      -0.995165854692459E-01    0.111337043344975E+00   -0.116071263328195E-01   -0.691531691700220E-02    0.111945115029812E+00
      -0.100322023034096E+00    0.165619887411594E-01   -0.829325318336487E-01   -0.174186006188393E+00    0.867931544780731E-02
      -0.272454947233200E+00    0.245659932494164E+00   -0.115104585886002E+00   -0.602520480751991E-01    0.618274137377739E-01
      -0.145902916789055E+00    0.103472314774990E+00    0.923297852277756E-01    0.130176544189453E+00   -0.105863913893700E+00
       0.979527905583382E-01    0.182209629565477E-01   -0.823481157422066E-01    0.805208459496498E-01   -0.528535917401314E-01
       0.118866384029388E+00   -0.774493888020515E-01    0.111886620521545E+00    0.292456984519958E+00   -0.101566269993782E+00
       0.122987749055028E-01    0.112105853855610E+00    0.193944331258535E-01    0.288420952856541E-01    0.120611697435379E+00
       0.172379404306412E+00    0.377802066504955E-01   -0.237316414713860E+00   -0.195069283246994E+00   -0.993251204490662E-01
      -0.603596772998571E-02   -0.108843175694346E-01   -0.304750874638557E-01   -0.288478564471006E-02    0.224840983748436E+00
       0.416824482381344E-01    0.346606016159058E+00   -0.467778369784355E-01   -0.976639688014984E-01   -0.140664309263229E+00
       0.132707089185715E+00    0.321616511791945E-02   -0.122568964958191E+00    0.119279198348522E+00   -0.240042075514793E+00
      -0.121139466762543E+00    0.864508301019669E-01
       0.136006280779839E+00    0.454015955328941E-01   -0.237891077995300E-01    0.233089253306389E+00    0.188331425189972E+00
       0.609235502779484E-01    0.193795233964920E+00    0.193312451243401E+00    0.122771501541138E+00    0.112498207017779E-01
      -0.272433944046497E-01   -0.837801173329353E-01   -0.130690792575479E-01    0.176089480519295E+00    0.319617986679077E-01
      -0.106686837971210E+00   -0.326716713607311E-01    0.231464281678200E+00   -0.158641114830971E+00   -0.878309458494186E-01
       0.320895224809647E+00   -0.201849684119225E+00    0.162256717681885E+00    0.187758542597294E-01   -0.928251668810844E-01
       0.781145915389061E-01    0.351506173610687E-01    0.786001756787300E-01   -0.133021920919418E+00    0.828568339347839E-01
       0.151414275169373E+00    0.125296413898468E+00    0.109720587730408E+00   -0.154762074351311E+00   -0.133122848346829E-01
      -0.277079269289970E-01   -0.494915246963501E-01    0.163371816277504E+00    0.305002480745316E-01    0.146734282374382E+00
      -0.861262083053589E-01    0.805552303791046E-01    0.261145718395710E-01    0.134161755442619E+00   -0.132023066282272E+00
       0.244694463908672E-01    0.155991613864899E+00    0.387989878654480E-01    0.140611082315445E+00    0.203001394867897E+00
       0.695792883634567E-01   -0.616513788700104E-01    0.639900714159012E-01   -0.119217678904533E+00   -0.320500768721104E-01
      -0.439406186342239E-01   -0.515895672142506E-01    0.246204406023026E+00    0.172539964318275E+00    0.296521812677383E+00
      -0.555625781416893E-01    0.171403467655182E+00    0.108353361487389E+00   -0.137033918872476E-01    0.170271545648575E+00
      -0.123681068420410E+00    0.320630334317684E-01    0.455139689147472E-01    0.121808415278792E-01   -0.402345694601536E-01
       0.208028871566057E-01    0.312413796782494E-01
      -0.410302169620991E-01   -0.381904579699039E-01   -0.758809372782707E-01    0.842144340276718E-01    0.943591147661209E-01
       0.112378420308232E-01   -0.207194536924362E+00    0.539994984865189E-01   -0.330658704042435E-01   -0.674501433968544E-01
      -0.783311799168587E-01    0.151487410068512E+00    0.301730751991272E+00    0.596180707216263E-01   -0.666640773415565E-01
       0.832327008247375E-01    0.133294835686684E+00   -0.373511314392090E-01   -0.102057911455631E+00    0.101902894675732E+00
      -0.559826344251633E-01   -0.947170853614807E-01    0.136907279491425E+00   -0.484832786023617E-01   -0.712270289659500E-01
       0.114081732928753E+00   -0.108420267701149E+00    0.232524350285530E-01    0.194833233952522E+00    0.134673550724983E+00
       0.187289938330650E+00   -0.102233506739140E+00    0.949854701757431E-01    0.147253215312958E+00   -0.182652860879898E+00
      -0.111241079866886E-02    0.740672647953033E-01   -0.324223749339581E-01   -0.638671740889549E-01    0.476217176765203E-02
       0.653929784893990E-01    0.147650670260191E-01    0.947482977062464E-02   -0.527952238917351E-01   -0.544817838817835E-02
       0.280894115567207E-01   -0.131518185138702E+00    0.156878188252449E+00    0.261517614126205E-01    0.138637095689774E+00
      -0.692128296941519E-02    0.143575351685286E-01    0.208030402660370E+00    0.211764156818390E+00   -0.258584082126617E+00
       0.152855161577463E-01   -0.845979228615761E-01    0.202154312282801E-01   -0.424463748931885E-01    0.363362841308117E-01
       0.179270103573799E+00    0.105581441894174E-01   -0.160697579383850E+00   -0.208404704928398E+00    0.875503048300743E-01
      -0.188241317868233E+00   -0.280714035034180E-01    0.457856133580208E-01    0.538120642304420E-01   -0.895314738154411E-01
      -0.280928105115891E+00   -0.107328452169895E+00
       0.154349908232689E+00    0.526440069079399E-01    0.101297184824944E+00    0.107212930917740E+00    0.105864368379116E-02
       0.207712933421135E+00   -0.131643056869507E+00   -0.885984301567078E-01    0.247994437813759E-03    0.273739099502563E-01
      -0.555975083261728E-02    0.928181260824203E-01   -0.164482310414314E+00    0.244734451174736E+00   -0.140388747677207E-01
      -0.132471084594727E+00   -0.193792611360550E+00   -0.578952208161354E-01    0.272436141967773E-01    0.148315578699112E+00
      -0.175109803676605E+00    0.575659945607185E-01    0.103774994611740E+00   -0.849159527570009E-02   -0.767711699008942E-01
       0.133710443973541E+00   -0.160459265112877E+00    0.136099144816399E+00   -0.114880979061127E+00    0.614608451724052E-02
       0.337405577301979E-01   -0.208498537540436E+00    0.481822192668915E-01   -0.134677171707153E+00    0.140397712588310E+00
       0.132414191961288E+00    0.596044436097145E-01   -0.282099470496178E-02    0.605189688503742E-01    0.716257393360138E-01
       0.101548582315445E+00    0.223823934793472E-01    0.323862135410309E-01    0.227664150297642E-01    0.170459046959877E+00
       0.174979016184807E+00    0.465194582939148E-01   -0.125529676675797E+00   -0.139588385820389E+00    0.343788981437683E+00
       0.159454151988029E+00    0.775019451975822E-01    0.391577705740929E-01    0.551558136940002E-01    0.787092670798302E-01
       0.535516999661922E-02   -0.112359769642353E+00    0.918198004364967E-01    0.310229323804379E-01    0.252219922840595E-01
      -0.172921702265739E+00   -0.500112064182758E-01    0.246680170297623E+00   -0.368061363697052E-01    0.116306014358997E+00
       0.381222832947969E-02   -0.955674275755882E-01    0.108523322269320E-01    0.102798871695995E+00    0.838266387581825E-01
       0.557963810861111E-01    0.199941843748093E-01
      -0.399303920567036E-01    0.172463998198509E+00    0.127126052975655E-01    0.179625660181046E+00   -0.174507245421410E+00
       0.473191775381565E-01    0.255028098821640E+00    0.310663431882858E-01   -0.913676768541336E-01    0.257586210966110E+00
       0.138627201318741E+00    0.696774646639824E-01   -0.103292673826218E+00    0.197168514132500E-01    0.104021795094013E+00
       0.377840995788574E-01   -0.859719067811966E-01   -0.140475094318390E+00    0.642056465148926E-01    0.360391408205032E+00
       0.569868758320808E-01    0.126226628199220E-01    0.573657974600792E-01    0.282042287290096E-01    0.500567518174648E-01
      -0.187314242124557E+00    0.145821999758482E-01    0.548225156962872E-01    0.250622302293777E+00   -0.392397269606590E-01
      -0.128981331363320E-01    0.319425202906132E-01   -0.245594665408134E+00    0.100837327539921E+00   -0.290132202208042E-01
      -0.244232974946499E-01    0.774991288781166E-01   -0.822999998927116E-01    0.513602271676064E-01    0.119508557021618E+00
       0.376508291810751E-02    0.408407226204872E-01    0.874603241682053E-01   -0.786319468170404E-02   -0.550675615668297E-01
      -0.103530287742615E+00    0.523614026606083E-01   -0.151115089654922E+00    0.120116032660007E+00    0.709970518946648E-01
      -0.143798753619194E+00    0.290597900748253E-01   -0.186754316091537E-01    0.195296719670296E+00    0.844426527619362E-01
      -0.122309729456902E+00   -0.997734963893890E-01    0.457329973578453E-01    0.221209540963173E+00    0.128662049770355E+00
       0.305950231850147E-01   -0.142394274473190E+00    0.398775860667229E-01    0.630291476845741E-01   -0.317937284708023E+00
      -0.348246283829212E-01   -0.264200747013092E+00   -0.104634903371334E+00   -0.150510564446449E+00    0.372441709041595E-01
       0.777148082852364E-02   -0.134096324443817E+00
       0.215797405689955E-01   -0.138963339850307E-01    0.892578624188900E-03    0.810805186629295E-01   -0.478215888142586E-02
       0.177444636821747E+00    0.150332719087601E+00   -0.154496654868126E+00   -0.637150779366493E-01   -0.159003913402557E+00
       0.153890326619148E+00   -0.101218797266483E+00   -0.762278810143471E-01   -0.903995335102081E-01   -0.131334243342280E-01
       0.220532659441233E-01    0.292432814836502E+00    0.124581240117550E+00    0.985325127840042E-01    0.148455038666725E+00
      -0.967364385724068E-01   -0.610417649149895E-01   -0.221538215875626E+00    0.107609085738659E+00   -0.936361029744148E-01
      -0.318490862846375E+00    0.254499055445194E-01   -0.180176272988319E+00   -0.291317999362946E+00    0.159761920571327E+00
      -0.140276029706001E+00    0.580149665474892E-01   -0.530524924397469E-01   -0.141984550282359E-01    0.133762918412685E-01
       0.688063204288483E-01    0.109796300530434E+00   -0.403817370533943E-01    0.241776049137115E+00   -0.641445741057396E-01
      -0.668059736490250E-01    0.511707067489624E-01   -0.158567979931831E+00    0.129706710577011E+00   -0.353299289941788E+00
      -0.908905267715454E-01   -0.178179591894150E-01    0.185991436243057E+00    0.274539858102798E+00    0.195060327649117E+00
      -0.280113592743874E-01   -0.109566651284695E+00   -0.227348953485489E-01   -0.168388649821281E+00   -0.136584967374802E+00
       0.590114854276180E-01    0.241577327251434E-01    0.603505112230778E-01    0.135517731308937E+00    0.669910535216331E-01
       0.115041039884090E+00    0.250350862741470E+00   -0.133231328800321E-01   -0.424136929214001E-01    0.530960457399487E-02
      -0.206948697566986E+00   -0.441405922174454E-01    0.439732410013676E-01    0.466949902474880E-01    0.564932916313410E-02
      -0.134008705615997E+00   -0.198593474924564E-01
       0.157617717981339E+00   -0.667975693941116E-01    0.506892353296280E-01    0.945403352379799E-01   -0.516908466815948E+00
      -0.140004798769951E+00    0.796369239687920E-01   -0.118059098720551E+00    0.936550498008728E-01   -0.209873199462891E+00
      -0.221947997808456E+00   -0.104116208851337E+00    0.375169999897480E-01   -0.257220238447189E+00   -0.216768294572830E+00
       0.112750649452209E+00    0.173273548483849E+00    0.412298701703548E-01    0.184617899358273E-01   -0.137743145227432E+00
      -0.100486651062965E+00    0.953735113143921E-01    0.183997675776482E-02   -0.886912364512682E-02   -0.296650454401970E-03
      -0.147314578294754E+00   -0.474786721169949E-01    0.694049820303917E-01   -0.101371936500072E+00    0.124848350882530E+00
       0.443029366433620E-01    0.304830893874168E-01   -0.501730106770992E-02    0.830821394920349E-01    0.190242417156696E-01
       0.306437350809574E-01    0.195965260267258E+00   -0.117471545934677E+00    0.622981637716293E-01   -0.384521745145321E-01
      -0.290434993803501E-01    0.144695967435837E+00    0.134083822369576E+00   -0.341521613299847E-01    0.293610505759716E-01
      -0.122718751430511E+00    0.798295959830284E-01   -0.613165348768234E-01    0.204685896635056E+00    0.292757786810398E-01
       0.170399583876133E-01   -0.128108516335487E+00   -0.693417061120272E-02   -0.766619574278593E-02   -0.347465723752975E-01
      -0.533573105931282E-01   -0.615920126438141E-01   -0.103006467223167E+00    0.120320670306683E+00   -0.123373508453369E+00
      -0.432501025497913E-01    0.407912395894527E-01   -0.168800979852676E+00   -0.660081058740616E-01   -0.251421213150024E+00
       0.239972755312920E+00    0.742110460996628E-01   -0.708441883325577E-01   -0.149460043758154E-02    0.850326791405678E-01
      -0.909142196178436E-01   -0.730220228433609E-01
      -0.613722801208496E-01    0.296242833137512E-01    0.580571917816997E-02    0.326295495033264E-01    0.233715791255236E-01
      -0.388019159436226E-01    0.188396334648132E+00    0.341193079948425E-01   -0.712687745690346E-01   -0.125942930579185E+00
       0.225491493940353E+00   -0.391940958797932E-02   -0.948908179998398E-01   -0.114297725260258E+00   -0.242415264248848E+00
       0.185104146599770E+00   -0.973499659448862E-02   -0.200599804520607E+00    0.491484478116035E-01    0.129307970404625E+00
      -0.149346739053726E+00    0.577677227556705E-02   -0.102604821324348E+00    0.562442615628242E-01   -0.220796376466751E+00
      -0.197500854730606E+00    0.121065415441990E+00   -0.139904608950019E-01    0.145463839173317E+00    0.104898571968079E+00
       0.754405856132507E-01   -0.161726534366608E+00    0.456569790840149E-01    0.100032359361649E+00    0.866783857345581E-01
       0.204094648361206E+00   -0.440660528838634E-01    0.241981923580170E+00    0.354298278689384E-01   -0.829506199806929E-02
      -0.708822235465050E-01    0.578837543725967E-01    0.276007242500782E-01   -0.870519950985909E-01    0.152260912582278E-01
       0.119770221412182E+00   -0.827878937125206E-01   -0.100582346320152E+00    0.159703344106674E+00    0.175997659564018E+00
      -0.138044103980064E+00    0.739639475941658E-01   -0.404003486037254E-01   -0.251368910074234E+00   -0.834567174315453E-01
      -0.284066088497639E-01   -0.111583350226283E-01    0.384142957627773E-01    0.370564423501492E-01   -0.945231467485428E-01
       0.160590365529060E+00    0.512955673038960E-01    0.980749055743217E-01    0.195173591375351E+00    0.258992016315460E+00
       0.207121446728706E-01    0.179544940590858E+00    0.156077936291695E+00    0.862855836749077E-02    0.726309940218925E-01
       0.418739542365074E-01   -0.112673774361610E+00
       0.151494704186916E-01   -0.237544886767864E-01   -0.149716049432755E+00   -0.443040169775486E-01   -0.151590779423714E+00
       0.150019610300660E-01    0.261611729860306E+00    0.115027822554111E+00    0.642983689904213E-01    0.195919796824455E-01
      -0.236556410789490E+00   -0.357714258134365E-01   -0.420602075755596E-01    0.870564952492714E-01    0.130790229886770E-01
       0.755011886358261E-01   -0.277265608310699E-01   -0.537129417061806E-01   -0.390482954680920E-01   -0.278146594762802E+00
      -0.523146539926529E-01   -0.192510634660721E-01    0.432960018515587E-01   -0.176352247595787E+00    0.492659471929073E-01
      -0.439730957150459E-01    0.827214270830154E-01    0.750264748930931E-01   -0.223215103149414E+00    0.111145414412022E+00
      -0.250060968101025E-01    0.199519187211990E+00    0.230304464697838E+00    0.160933256149292E+00   -0.164066091179848E+00
       0.194227874279022E+00   -0.994834303855896E-01   -0.139323277398944E-01   -0.532049015164375E-01   -0.255755662918091E+00
      -0.415277890861034E-01   -0.567706450819969E-01    0.881673917174339E-01    0.123719342052937E+00    0.267310114577413E-02
       0.172951087355614E+00   -0.260303497314453E+00    0.141506073996425E-01    0.607277378439903E-01    0.113494008779526E+00
       0.973518788814545E-01   -0.147860869765282E+00   -0.233243256807327E-01   -0.604879036545753E-01    0.110275223851204E+00
       0.593212619423866E-01   -0.697615295648575E-01   -0.114032000303268E+00    0.345337800681591E-01   -0.310022905468941E-01
      -0.176284499466419E-01    0.103473566472530E+00    0.204413637518883E+00    0.854370072484016E-01    0.128809869289398E+00
      -0.772336199879646E-01   -0.792053490877151E-01    0.265565216541290E+00   -0.106194101274014E+00    0.987731143832207E-01
       0.220325350761414E+00   -0.208798989653587E+00
       0.339707406237721E-02   -0.254184573888779E+00   -0.105461791157722E+00    0.302397385239601E-01    0.512123823165894E+00
       0.406061589717865E+00    0.430181063711643E-01   -0.915907099843025E-01   -0.121815666556358E+00   -0.122994288802147E+00
      -0.199333988130093E-01   -0.147853186354041E-01    0.106196686625481E+00    0.918750762939453E-01    0.651832893490791E-01
      -0.125184446573257E+00   -0.127970889210701E+00    0.579470060765743E-01   -0.112383760511875E+00   -0.385484360158443E-01
      -0.143927559256554E+00   -0.105445101857185E+00   -0.163941644132137E-02   -0.516502372920513E-02    0.229536324739456E+00
       0.654284060001373E-01   -0.228148065507412E-01   -0.157098919153214E-01   -0.893301665782928E-01    0.190662220120430E-01
       0.107220642268658E+00    0.906069800257683E-01   -0.771884322166443E-01   -0.197960466146469E+00    0.247921735048294E+00
      -0.867708325386047E-01    0.106726832687855E+00    0.195087164640427E+00    0.150655746459961E+00    0.106058999896049E+00
      -0.159508027136326E-01   -0.174511875957251E-02    0.625145528465509E-02    0.264827549457550E+00   -0.672432556748390E-01
      -0.130620956420898E+00    0.608599893748760E-01    0.168936744332314E+00   -0.113737016916275E+00    0.259993642568588E+00
       0.117848552763462E-01   -0.156711116433144E+00    0.114952385425568E+00   -0.107669539749622E+00   -0.171439349651337E+00
      -0.438932962715626E-01    0.130634650588036E+00    0.653620660305023E-01    0.641034319996834E-01    0.619748905301094E-01
       0.355344340205193E-01    0.267016649246216E+00   -0.466565303504467E-01    0.660078898072243E-01    0.215100660920143E+00
       0.924117565155029E-01   -0.168804302811623E-01   -0.414649024605751E-03   -0.163872882723808E+00    0.200776144862175E+00
       0.208563342690468E+00    0.160240516066551E+00
       0.212893903255463E+00   -0.417361035943031E-02   -0.159199699759483E+00    0.745476111769676E-01   -0.170565128326416E+00
      -0.603925157338381E-02    0.104565598070621E+00    0.206579938530922E-01   -0.498593188822269E-01    0.165270999073982E+00
       0.751594603061676E-01    0.390935223549604E-02    0.141782492399216E+00    0.121265470981598E+00   -0.302728489041328E-01
      -0.214252360165119E-01    0.165518410503864E-01    0.265707597136497E-01    0.838578566908836E-01    0.372965782880783E-01
      -0.307932555675507E+00    0.199439033865929E+00   -0.473833009600639E-01    0.700857164338231E-02    0.285824686288834E-01
       0.102527320384979E+00   -0.114551754668355E-01   -0.324087776243687E-01    0.334015376865864E-01    0.156079739332199E+00
      -0.194572508335114E-01   -0.185855254530907E-01    0.205974981188774E+00   -0.161485999822617E+00    0.156543955206871E+00
      -0.405801758170128E-01    0.310752838850021E-01   -0.874409005045891E-01   -0.274034254252911E-01   -0.158438131213188E+00
      -0.932782590389252E-01    0.123541966080666E+00   -0.503768771886826E-02    0.348095223307610E-01    0.140839949250221E+00
      -0.202739372849464E+00   -0.711668878793716E-01   -0.277726873755455E-01   -0.446547791361809E-01   -0.892960652709007E-01
       0.359488464891911E-01    0.529517270624638E-01   -0.935827940702438E-01   -0.871891826391220E-01   -0.151013791561127E+00
      -0.381918735802174E-01    0.108358435332775E+00    0.102048523724079E+00   -0.345669314265251E-01   -0.144946783781052E+00
       0.155805304646492E+00   -0.132677987217903E+00   -0.716931372880936E-01   -0.764291137456894E-01   -0.113945752382278E+00
      -0.557324662804604E-01    0.158344596624374E+00   -0.595881789922714E-01    0.987611245363951E-02    0.666818544268608E-01
      -0.165791213512421E+00   -0.108638837933540E+00
      -0.111513666808605E+00    0.679441913962364E-01   -0.139932736754417E+00   -0.594639927148819E-01   -0.276893407106400E+00
      -0.216993272304535E+00    0.250831246376038E-01   -0.447145178914070E-01   -0.549680069088936E-01   -0.365824475884438E-01
       0.232218559831381E-01   -0.157530754804611E-01   -0.346147082746029E-01   -0.109477721154690E+00   -0.265966951847076E+00
       0.976478233933449E-01    0.107937259599566E-01   -0.522503256797791E-01   -0.259168073534966E-01    0.153175741434097E+00
      -0.187747254967690E+00   -0.936030745506287E-01   -0.130542283877730E-01   -0.418936982750893E-01    0.411465018987656E-01
       0.226050838828087E+00    0.126064643263817E+00   -0.265181623399258E-01    0.174638003110886E+00    0.544056622311473E-02
      -0.174597963690758E+00    0.449576787650585E-01    0.127932667732239E+00   -0.140548229217529E+00   -0.365268364548683E-01
       0.913819372653961E-01    0.107637189328671E+00    0.441968701779842E-01    0.234767384827137E-01   -0.100161038339138E+00
      -0.116892978549004E+00   -0.108450368046761E+00   -0.322650261223316E-01   -0.475703664124012E-01   -0.150981485843658E+00
       0.107948623597622E+00   -0.259826600551605E+00   -0.745829045772552E-01    0.229293808341026E+00    0.928914621472359E-01
      -0.169795438647270E+00    0.207295298576355E+00   -0.244218520820141E-01   -0.145397096872330E+00    0.904517248272896E-03
       0.982190445065498E-01    0.511470809578896E-01    0.275667868554592E-01    0.163098514080048E+00   -0.789870396256447E-01
       0.494643636047840E-01    0.113338142633438E+00    0.135057821869850E+00    0.318627171218395E-01   -0.686150342226028E-01
      -0.649083182215691E-01   -0.487750098109245E-01   -0.150051966309547E+00   -0.529680401086807E-01   -0.759177803993225E-01
       0.999153703451157E-01   -0.113639913499355E+00
      -0.678459275513887E-02    0.155231848359108E+00   -0.290198892354965E+00    0.171239733695984E+00   -0.375516712665558E-01
       0.224795565009117E-01   -0.338989377021790E+00    0.762245059013367E-01    0.183803681284189E-02    0.105632103979588E+00
       0.103404842317104E+00   -0.174373760819435E+00   -0.168172299861908E+00    0.228492952883244E-01   -0.951907560229301E-01
      -0.943797454237938E-01   -0.399302542209625E+00   -0.874489769339561E-01   -0.131067754700780E-01   -0.636031553149223E-01
      -0.221085831522942E+00    0.243366882205009E-01    0.238284282386303E-02    0.167105361819267E+00    0.397643446922302E-01
       0.201788082718849E+00   -0.419276952743530E-01   -0.112978510558605E+00   -0.127067072317004E-01   -0.495076142251492E-01
       0.545370765030384E-01    0.116694591939449E+00   -0.753834322094917E-01   -0.495287068188190E-01    0.308914035558701E-01
       0.237690806388855E-01   -0.656691938638687E-01    0.163160338997841E-01   -0.309632532298565E-01    0.186622917652130E+00
       0.142917200922966E+00    0.955461338162422E-01    0.454081222414970E-03   -0.238850682973862E+00    0.236408803611994E-01
      -0.301824882626534E-01   -0.765597820281982E-01   -0.906778872013092E-01    0.160908162593842E+00    0.143242776393890E+00
       0.149791017174721E+00    0.135372608900070E+00    0.319747962057590E-01    0.162575766444206E-02   -0.136429861187935E+00
      -0.122920826077461E+00   -0.275937169790268E-01   -0.885361656546593E-01   -0.122521994635463E-01   -0.177287496626377E-01
      -0.384792946279049E-01   -0.439209192991257E-01    0.103504531085491E+00   -0.183078460395336E-03   -0.166718080639839E+00
      -0.252226293087006E-01    0.118228793144226E-01    0.113582313060760E+00   -0.232851207256317E-01    0.147583380341530E+00
      -0.397518984973431E-01    0.666375011205673E-01
      -0.404929406940937E-01    0.364954620599747E-01   -0.571455806493759E-03   -0.195185802876949E-01   -0.165046826004982E+00
      -0.148331731557846E+00    0.189190149307251E+00    0.154926642775536E+00    0.230265408754349E+00    0.278818041086197E+00
       0.124581873416901E+00   -0.192626751959324E-02    0.250759303569794E+00   -0.816844627261162E-01   -0.210509449243546E+00
      -0.890975371003151E-01    0.259550392627716E+00    0.163515452295542E-01   -0.571791976690292E-01   -0.221959985792637E-01
       0.482638441026211E-01    0.182126224040985E+00   -0.852384883910418E-02    0.139554694294930E+00   -0.892606601119041E-01
      -0.226553395390511E+00    0.199788510799408E-01   -0.710400789976120E-01    0.645221695303917E-01    0.332502881065011E-02
      -0.535308104008436E-02    0.207674708217382E-01    0.965005531907082E-01    0.574662089347839E-01    0.167885929346085E+00
       0.180779740214348E+00   -0.319818500429392E-02    0.396022386848927E-01    0.881742592900991E-02    0.219061970710754E+00
      -0.130511909723282E+00   -0.127531811594963E+00   -0.111746229231358E-02   -0.253202840685844E-01   -0.487891621887684E-01
       0.304640270769596E-01    0.682021975517273E-01   -0.770842581987381E-01    0.232547633349895E-01    0.112031690776348E+00
      -0.177124813199043E+00    0.237299516797066E+00   -0.120241507887840E+00   -0.172327354550362E+00   -0.530519485473633E-01
       0.107360053807497E-01   -0.938309356570244E-01    0.120803423225880E+00   -0.130641991272569E-01    0.366165079176426E-01
       0.179893627762794E+00   -0.721718966960907E-01    0.140795946121216E+00    0.135476335883141E+00    0.182405903935432E+00
      -0.189765647053719E+00    0.181373491883278E+00    0.172002390027046E+00    0.131092756986618E+00   -0.803759247064590E-01
      -0.149224922060966E+00   -0.965922698378563E-01
      -0.646598637104034E-03   -0.105752283707261E-01    0.118723690509796E+00   -0.234849646687508E+00   -0.397594660520554E+00
       0.552719794213772E-01    0.112530834972858E+00    0.110641971230507E+00    0.116678744554520E+00    0.119131609797478E+00
      -0.537505149841309E-01    0.952282696962357E-01   -0.152246758341789E+00   -0.120976299047470E+00   -0.162349715828896E+00
      -0.375222135335207E-02   -0.165567308664322E+00    0.101752802729607E-01   -0.159709170460701E+00    0.112592190504074E+00
       0.576319023966789E-01    0.870299264788628E-01    0.827875137329102E-01    0.105143159627914E+00   -0.188504368066788E+00
      -0.136091694235802E+00    0.204879075288773E+00    0.258272022008896E+00    0.170100584626198E+00    0.112414322793484E+00
       0.348864607512951E-01   -0.135113969445229E+00   -0.363016650080681E-01    0.129790455102921E+00   -0.849999561905861E-01
       0.159902811050415E+00   -0.202381126582623E-01    0.166141539812088E-01    0.114162817597389E+00   -0.368596166372299E-01
       0.144459366798401E+00   -0.167156383395195E-01   -0.134428456425667E+00    0.254510603845119E-01   -0.118755370378494E+00
       0.500634759664536E-01   -0.496797487139702E-01    0.183576494455338E+00   -0.151351064443588E+00    0.194593489170074E+00
      -0.227848738431931E-01    0.269483268260956E+00   -0.303328841924667E+00   -0.733042731881142E-01   -0.116496041417122E+00
      -0.403325632214546E-01    0.847838968038559E-01    0.103629671037197E+00   -0.974148437380791E-01    0.599065097048879E-02
       0.534359030425549E-01   -0.109293080866337E+00   -0.143328189849854E+00   -0.330037064850330E-02   -0.201174914836884E-01
      -0.948837250471115E-01   -0.213156804442406E+00   -0.108204275369644E+00   -0.506077073514462E-01   -0.683881118893623E-01
      -0.716857612133026E-01   -0.629894062876701E-01
       0.215309977531433E+00   -0.129821911454201E+00    0.162602141499519E-01   -0.140118315815926E+00    0.459934957325459E-01
      -0.203091390430927E-01   -0.137567473575473E-01    0.299608707427979E+00    0.130984336137772E+00   -0.353005044162273E-01
      -0.899858120828867E-02    0.297458916902542E+00   -0.145580559968948E+00    0.202140599489212E+00    0.152218133211136E+00
      -0.122557714581490E+00    0.129429409280419E-01   -0.215565636754036E-01   -0.201524682343006E-01   -0.718285739421844E-01
      -0.711778271943331E-02    0.575325218960643E-02   -0.637295544147491E-01    0.215914323925972E-01   -0.106174193322659E+00
       0.551392696797848E-01   -0.165396362543106E+00    0.264676772058010E-01   -0.724174827337265E-01    0.586408302187920E-01
      -0.912093967199326E-01   -0.395978242158890E-01   -0.743995234370232E-01    0.155172958970070E+00   -0.128841206431389E+00
       0.609740577638149E-01    0.204250946640968E+00    0.136703059077263E+00    0.119139321148396E+00    0.103346025571227E-01
      -0.716549381613731E-01   -0.589017868041992E-01   -0.519836395978928E-01    0.682451426982880E-01    0.353137217462063E-01
       0.141470655798912E+00    0.178421605378389E-01   -0.909965112805367E-01    0.881771072745323E-01    0.524882003664970E-01
       0.713709741830826E-03   -0.335828922688961E-01   -0.927049573510885E-02   -0.466922856867313E-01    0.166139230132103E-01
       0.259615063667297E+00   -0.503592193126678E-01   -0.291914865374565E-02    0.106437779963017E+00   -0.149933934211731E+00
       0.146320939064026E+00    0.369575284421444E-01    0.571139380335808E-01    0.140603436157107E-01   -0.498279519379139E-01
      -0.261848885565996E-02   -0.771777480840683E-01   -0.263922363519669E-01   -0.941446423530579E-01    0.104588754475117E-01
       0.782440304756165E-01    0.253787823021412E-01
       0.395148992538452E-02   -0.665635243058205E-01   -0.142787143588066E+00    0.998736172914505E-01    0.151418611407280E+00
      -0.585199054330587E-02    0.426244214177132E-01    0.991621240973473E-01   -0.355726759880781E-02    0.621037743985653E-01
       0.159467950463295E+00   -0.158832997083664E+00    0.233783535659313E-01   -0.185166314244270E+00   -0.112986616790295E+00
       0.738767683506012E-01    0.234643861651421E+00   -0.125323116779327E+00    0.205552995204926E+00    0.259057581424713E+00
      -0.285616964101791E-01    0.521666593849659E-01   -0.103749055415392E-02    0.110022425651550E+00   -0.223677419126034E-01
      -0.152714908123016E+00    0.986699536442757E-01    0.792243517935276E-02    0.188179612159729E+00   -0.175604522228241E+00
      -0.919996798038483E-01   -0.133328229188919E+00    0.136718094348907E+00   -0.867949724197388E-01    0.307905040681362E-01
       0.747826099395752E-01   -0.489033535122871E-01   -0.626168176531792E-01   -0.489303581416607E-01   -0.129630118608475E+00
       0.377330817282200E-01    0.783344656229019E-01   -0.106933884322643E+00    0.784919708967209E-01   -0.142013236880302E+00
       0.150705978274345E+00    0.100836135447025E+00    0.372364819049835E-01    0.129436925053596E-01   -0.128420675173402E-01
       0.131310284137726E+00   -0.549208149313927E-01    0.249702334403992E-01   -0.677404627203941E-01    0.202819630503654E-01
      -0.275963723659515E+00    0.845198854804039E-01    0.309056006371975E-01    0.300047174096107E-02   -0.566467642784119E-04
      -0.434048473834991E-01   -0.499643124639988E-01    0.113891512155533E+00   -0.660682022571564E-01    0.151251152157784E+00
       0.130098387598991E+00   -0.611490607261658E-01   -0.137468511238694E-01    0.914633348584175E-01   -0.333456974476576E-02
      -0.795470625162125E-01   -0.616571381688118E-01
      -0.877374783158302E-01    0.717229619622231E-01   -0.603216364979744E-01   -0.271715782582760E-01   -0.321500077843666E-01
      -0.199523083865643E-01    0.125975742936134E+00    0.601472929120064E-01    0.125118661671877E-01    0.236947417259216E+00
       0.142957493662834E-01    0.154583439230919E+00    0.110553868114948E+00    0.202832639217377E+00    0.382259115576744E-01
       0.336317270994186E-01    0.198438744992018E-01    0.605438835918903E-03   -0.127323463559151E+00    0.165467336773872E+00
       0.268406391143799E+00    0.962632969021797E-01    0.345872435718775E-02   -0.201237767934799E+00    0.400499999523163E-01
      -0.135894596576691E+00    0.482475049793720E-01   -0.121461376547813E+00    0.129889175295830E-01   -0.744231883436441E-02
       0.810018032789230E-01   -0.139410540461540E+00    0.816048309206963E-01    0.132578045129776E+00   -0.486936084926128E-01
      -0.147812232375145E+00   -0.109435990452766E+00    0.235531702637672E-01   -0.117760337889194E-02    0.177674517035484E+00
      -0.101712748408318E+00    0.193585380911827E+00    0.243901647627354E-01   -0.366176888346672E-01   -0.171860724687576E+00
       0.289921835064888E-01    0.332871861755848E-01    0.140887364745140E+00    0.618437528610229E-01    0.131222084164619E+00
       0.139291301369667E+00   -0.209645047783852E+00   -0.770452693104744E-01    0.116497471928596E+00   -0.938947647809982E-01
       0.274548828601837E-01   -0.164765827357769E-01   -0.516405776143074E-01   -0.111349135637283E+00    0.304094664752483E-01
       0.221569344401360E+00    0.935350432991982E-01    0.400237776339054E-01   -0.109769187867641E+00    0.641838312149048E-01
       0.125180277973413E-02    0.124767854809761E+00    0.204298514872789E-01    0.181752163916826E-01    0.659368932247162E-01
       0.251020826399326E-01   -0.100639902055264E+00
      -0.130472704768181E+00   -0.168439507484436E+00    0.755135416984558E-01   -0.969372689723969E-03    0.120896458625793E+00
      -0.575151666998863E-01    0.144840463995934E+00    0.875354260206223E-01   -0.199835956096649E+00    0.156580522656441E+00
       0.183453671634197E-01   -0.932445842772722E-02   -0.174889303743839E-01    0.110289812088013E+00    0.205007076263428E+00
       0.135697975754738E+00   -0.191650718450546E+00   -0.666118711233139E-01   -0.123765125870705E+00    0.663392543792725E-01
       0.301186084747314E+00    0.163340233266354E-01   -0.131024541333318E-01   -0.687237977981567E-01    0.169119387865067E-01
       0.245423465967178E+00    0.114831872284412E+00    0.155855089426041E+00   -0.124346151947975E+00   -0.452954098582268E-01
      -0.725030526518822E-01   -0.831538960337639E-01    0.180079236626625E+00    0.342050045728683E-01    0.779415220022202E-01
       0.179793924093246E+00    0.152561649680138E+00   -0.698763877153397E-01   -0.138694718480110E+00   -0.585378184914589E-01
      -0.727097615599632E-01    0.422682650387287E-01    0.353805422782898E-01   -0.899688601493835E-01   -0.258072353899479E-01
       0.114991560578346E+00   -0.402007624506950E-02    0.198542084544897E-01    0.312587879598141E-01   -0.131798356771469E+00
      -0.867388993501663E-01   -0.650355815887451E-01   -0.739649608731270E-01    0.251823902130127E+00    0.110330738127232E+00
      -0.241984352469444E-01    0.592280887067318E-01    0.301833510398865E+00    0.533742830157280E-01   -0.685464665293694E-01
      -0.928007438778877E-01   -0.888625457882881E-01    0.109192013740540E+00   -0.159667804837227E+00   -0.110334031283855E+00
      -0.195386409759521E+00    0.501438789069653E-01    0.176525563001633E+00    0.209930822253227E+00    0.741877704858780E-01
       0.554106896743178E-02    0.106777690351009E+00
       0.133278205990791E+00   -0.742882397025824E-02   -0.150729134678841E+00    0.105158060789108E+00   -0.690326020121574E-01
      -0.644360110163689E-01    0.358447916805744E-01   -0.552290603518486E-01   -0.254726499319077E+00   -0.138852670788765E+00
      -0.646456554532051E-01    0.590496473014355E-01   -0.120938688516617E+00   -0.613323301076889E-01   -0.678736064583063E-02
      -0.140917971730232E+00   -0.200501590967178E+00   -0.142906025052071E+00    0.380516231060028E+00   -0.102590493857861E+00
      -0.349365249276161E-01    0.105598941445351E+00    0.159298986196518E+00    0.132557854056358E+00    0.268665254116058E-01
      -0.862056985497475E-01   -0.532708130776882E-03   -0.990213304758072E-01   -0.105617776513100E+00    0.650380104780197E-01
      -0.259033828973770E+00    0.459168963134289E-01   -0.964157748967409E-02    0.283675611019135E+00   -0.127092048525810E+00
      -0.425352156162262E-01   -0.337728075683117E-01    0.283458605408669E-01    0.829303637146950E-02    0.472782878205180E-02
      -0.153406113386154E+00    0.345386937260628E-02   -0.108404181897640E+00   -0.897191390395164E-01    0.186910420656204E+00
      -0.866079702973366E-01    0.162118189036846E-01   -0.261619538068771E+00   -0.211209923028946E+00   -0.213648468255997E+00
      -0.378072522580624E-01   -0.701751187443733E-01   -0.165726646780968E+00   -0.258890777826309E+00   -0.312633551657200E-01
      -0.105236480012536E-01   -0.785212814807892E-01   -0.457134097814560E-01   -0.325355865061283E-01   -0.811475142836571E-01
      -0.776476338505745E-01    0.106339305639267E+00   -0.540671870112419E-01   -0.100797846913338E+00    0.224919766187668E+00
      -0.130434244871140E+00   -0.663813501596451E-01    0.174073636531830E+00   -0.995530784130096E-01   -0.171397790312767E+00
      -0.161649286746979E-02    0.647587887942791E-02
       0.727489739656448E-01    0.609830580651760E-01    0.164151489734650E+00    0.203367233276367E+00   -0.126886069774628E+00
       0.608071424067020E-01    0.188990429043770E+00   -0.503715574741364E-01    0.609875358641148E-01   -0.187743514776230E+00
       0.333112031221390E+00    0.509513802826405E-01    0.453755594789982E-01   -0.706688407808542E-02    0.781169384717941E-01
      -0.177862644195557E-01    0.301026739180088E-01    0.132664471864700E+00   -0.271087400615215E-01   -0.818664208054543E-01
       0.848906338214874E-01    0.521901473402977E-01   -0.106148362159729E+00    0.158234462141991E+00    0.322886481881142E-01
       0.174823269248009E+00    0.798517242074013E-01   -0.805344879627228E-01    0.194004178047180E-01    0.769456848502159E-01
      -0.119095847010612E+00   -0.297947041690350E-01   -0.550839602947235E-01   -0.281192548573017E-02    0.132964536547661E+00
      -0.695365890860558E-01    0.623046718537807E-01    0.290693901479244E-01   -0.299351550638676E-01    0.177277475595474E+00
      -0.169787481427193E+00    0.173714637756348E+00    0.557736679911613E-01    0.352234505116940E-01    0.136312097311020E+00
       0.242717918008566E-01    0.116535387933254E+00    0.479177478700876E-02   -0.415943078696728E-01    0.837595090270042E-01
       0.372079685330391E-01   -0.112581983208656E+00   -0.143856495618820E+00   -0.124800940975547E-01   -0.781986489892006E-01
      -0.524758622050285E-01   -0.148276284337044E+00    0.833504498004913E-01    0.117004588246346E+00   -0.256366044282913E+00
       0.181284114718437E+00    0.595150142908096E-01    0.728889703750610E-01   -0.764563679695129E-01    0.262661308050156E+00
      -0.902248546481133E-01    0.123924445360899E-01    0.209731563925743E+00   -0.100150078535080E+00    0.103733703494072E+00
       0.201780930161476E+00    0.852208584547043E-03
      -0.236691199243069E-01   -0.768332090228796E-02   -0.138128280639648E+00    0.159217081964016E-01   -0.194387048482895E+00
      -0.190019115805626E+00   -0.133366316556931E+00   -0.897151604294777E-01   -0.205316260457039E+00    0.664219409227371E-01
      -0.115262478590012E+00    0.442972732707858E-02    0.243885159492493E+00   -0.474913138896227E-02   -0.120060577988625E+00
      -0.103269867599010E+00   -0.139072477817535E+00   -0.103234812617302E+00   -0.244666151702404E-01   -0.188950583338737E+00
      -0.216474607586861E+00   -0.139192551374435E+00   -0.365961305797100E-01   -0.721174329519272E-01    0.749261155724525E-01
       0.525943413376808E-01    0.867015495896339E-01    0.547544145956635E-02   -0.440110228955746E-01    0.449845613911748E-02
       0.332305096089840E-01    0.155193433165550E+00    0.849042758345604E-01    0.101270548999310E+00   -0.426703467965126E-01
       0.227255553007126E+00    0.302647426724434E-02   -0.107465378940105E+00    0.695055127143860E-01   -0.201870754361153E+00
       0.173780441284180E+00   -0.215565130114555E+00   -0.202925354242325E+00    0.407159514725208E-01   -0.565031170845032E-01
      -0.760753378272057E-01   -0.133207738399506E+00   -0.208776906132698E+00    0.373184829950333E-01   -0.120756372809410E+00
      -0.309512466192245E-01    0.824303999543190E-01   -0.230204984545708E+00   -0.148568740114570E-01   -0.193232044577599E+00
       0.200008712708950E-01    0.160345986485481E+00    0.211765706539154E+00   -0.240515664219856E+00    0.291172534227371E+00
      -0.344189465045929E+00    0.177038833498955E+00   -0.211932323873043E-02   -0.157112590968609E-01    0.769911259412766E-01
      -0.296399742364883E-01    0.546299964189529E-01    0.406595952808857E-01    0.729032605886459E-01   -0.276897884905338E-01
      -0.112582236528397E+00   -0.373682938516140E-01
      -0.736529845744371E-02   -0.843693837523460E-01   -0.135472208261490E+00   -0.651830956339836E-01    0.248914554715157E+00
       0.451177870854735E-02    0.783077701926231E-01   -0.797507837414742E-01    0.138695850968361E+00   -0.380106419324875E-01
      -0.794333871454000E-02   -0.625933632254601E-01    0.347926169633865E-01    0.631119236350060E-01    0.573676899075508E-01
      -0.845154598355293E-01    0.514324046671391E-01   -0.947161912918091E-01    0.206737026572227E+00   -0.127374947071075E+00
       0.278499096632004E+00    0.106687188148499E+00    0.265226930379868E+00    0.294512994587421E-01   -0.281354151666164E-01
       0.668238550424576E-01   -0.120931463316083E-01   -0.547817498445511E-01    0.232508137822151E+00    0.118968151509762E+00
      -0.617153123021126E-01   -0.166867636144161E-01   -0.368550978600979E-01    0.362670302391052E+00    0.110302604734898E+00
       0.715959668159485E-01    0.531295016407967E-01    0.105022057890892E+00   -0.510008074343204E-02   -0.781126096844673E-01
       0.160681799054146E+00    0.133970737457275E+00   -0.167329907417297E-01    0.745863839983940E-01    0.664209648966789E-01
       0.137013614177704E+00   -0.559450313448906E-01   -0.104986451566219E+00    0.467797107994556E-01    0.528028681874275E-01
       0.247758179903030E+00   -0.123710772022605E-01    0.123802237212658E+00    0.206476688385010E+00    0.569053962826729E-01
      -0.609532520174980E-01    0.715078711509705E-01    0.129324585199356E+00   -0.229569166898727E+00    0.346572026610374E-01
      -0.761924982070923E-01   -0.652522370219231E-01   -0.412074066698551E-01    0.790875777602196E-01    0.664024800062180E-01
      -0.266613990068436E+00    0.818431824445724E-01    0.213121071457863E+00   -0.775550082325935E-01    0.938995033502579E-01
       0.884824320673943E-01   -0.779141038656235E-01
       0.126958429813385E+00    0.953684523701668E-01    0.125958502292633E+00    0.140550062060356E+00   -0.367200136184692E+00
      -0.614398568868637E-01    0.324622541666031E-01    0.146526306867599E+00    0.299605503678322E-01    0.938218832015991E-01
      -0.209314636886120E-01   -0.892401486635208E-01    0.443392209708691E-01   -0.103483945131302E+00    0.776585489511490E-01
       0.360809564590454E-01   -0.167470678687096E+00    0.741449743509293E-02    0.795063376426697E-02    0.763887986540794E-01
      -0.184577666223049E-01   -0.303665667772293E+00   -0.460222437977791E-01   -0.615901350975037E-01    0.123581059277058E+00
       0.181622654199600E-01    0.104212380945683E+00    0.917066782712936E-01   -0.727590173482895E-03    0.267038673162460E+00
      -0.489939078688622E-01   -0.901697576045990E-01   -0.510912872850895E-01    0.325606763362885E-01    0.425198152661324E-01
      -0.171388104557991E+00    0.893645435571671E-01    0.206945352256298E-01    0.954500660300255E-01    0.909066349267960E-01
      -0.344292856752872E-01   -0.392294898629189E-01    0.762863904237747E-01   -0.132134839892387E+00    0.132888369262218E-01
       0.774299651384354E-01   -0.592176541686058E-01    0.161795631051064E+00    0.483406428247690E-02   -0.847195014357567E-01
       0.158771976828575E+00    0.703735500574112E-01    0.133096471428871E+00   -0.100788488984108E+00   -0.706482231616974E-01
       0.255190189927816E-01   -0.169885046780109E-01    0.107536256313324E+00   -0.566533729434013E-01   -0.749716088175774E-01
      -0.108024105429649E-03   -0.672239810228348E-01    0.223588407039642E+00    0.294393040239811E-01   -0.222399048507214E-01
       0.673232376575470E-01    0.639025419950485E-01    0.726725757122040E-01   -0.112367458641529E+00    0.856267586350441E-01
      -0.111626610159874E+00   -0.323950573801994E-01
      -0.172282345592976E-01    0.235022500157356E+00   -0.977605115622282E-02   -0.181489184498787E+00    0.195203647017479E+00
       0.111031278967857E+00   -0.662891417741776E-01   -0.797753706574440E-01   -0.654369592666626E-01   -0.880504846572876E-01
      -0.248053446412086E-01    0.848593935370445E-01    0.702097341418266E-01    0.167649209499359E+00   -0.696069672703743E-01
      -0.669866055250168E-01   -0.127406582236290E+00    0.947849079966545E-01   -0.280379764735699E-01    0.251644216477871E-01
      -0.757098123431206E-01    0.900648683309555E-01   -0.297332033514977E-01   -0.852857083082199E-01    0.467643886804581E-01
       0.795019324868917E-02    0.127081379294395E+00   -0.481806658208370E-01   -0.246585421264172E-01   -0.360530056059361E-01
      -0.777798891067505E-01    0.713909640908241E-01    0.542410127818584E-01    0.274047888815403E-01   -0.133647337555885E+00
      -0.177371382713318E+00    0.125448703765869E-01    0.773070529103279E-01   -0.150242924690247E+00   -0.625496655702591E-01
      -0.346426784992218E+00   -0.371104776859283E-01    0.207165442407131E-01   -0.541691556572914E-01   -0.212814584374428E+00
       0.794030204415321E-01    0.636407285928726E-01   -0.100287524983287E-01    0.772643536329269E-01    0.106917887926102E+00
       0.228794515132904E-01   -0.126125201582909E+00   -0.165347754955292E-01    0.113326542079449E+00    0.885955467820168E-01
      -0.884578526020050E-01   -0.428847558796406E-01    0.136356372386217E-01   -0.525690838694572E-01    0.144895672798157E+00
       0.128991007804871E+00   -0.200744062662125E+00    0.167832430452108E-01    0.846466049551964E-01    0.703581795096397E-01
      -0.461649261415005E-01   -0.559189617633820E-01    0.448659248650074E-01   -0.144663779065013E-01    0.117274746298790E+00
       0.905512720346451E-01    0.571703128516674E-01
       0.398938357830048E-01    0.102851130068302E+00    0.128383919596672E+00    0.242846347391605E-01    0.358221828937531E+00
      -0.692022070288658E-01   -0.906615033745766E-01   -0.203019201755524E+00    0.825171824544668E-02    0.410012481734157E-02
       0.964593514800072E-01   -0.964994281530380E-01   -0.202582776546478E-01    0.201720342040062E+00    0.272834999486804E-02
      -0.100038416683674E+00   -0.150960534811020E+00   -0.636700317263603E-01   -0.178186334669590E-01   -0.130148053169250E+00
      -0.140817731618881E+00    0.119559735059738E+00    0.565070472657681E-01    0.522913299500942E-01    0.274377465248108E+00
       0.568019151687622E-01    0.152717396616936E+00   -0.280838161706924E-01    0.256785333156586E+00    0.190650314092636E+00
       0.181460693478584E+00   -0.461741909384727E-01   -0.725337956100702E-02   -0.858137477189302E-02   -0.198277384042740E-01
      -0.607472360134125E-01    0.141089931130409E-01    0.677552744746208E-01    0.667297393083572E-01   -0.176259037107229E-02
       0.193584933876991E+00   -0.248014368116856E-01   -0.107520975172520E+00    0.633620172739029E-01    0.130720064043999E-01
       0.560413375496864E-01   -0.176036939024925E+00    0.152645513415337E+00   -0.134387254714966E+00    0.320242077112198E+00
       0.503363721072674E-01   -0.732418894767761E-01   -0.468984581530094E-01   -0.559189096093178E-01   -0.247173756361008E-02
       0.243353303521872E-01    0.696917325258255E-01    0.922037139534950E-01   -0.892416238784790E-01   -0.221222788095474E-01
      -0.231434367597103E-01    0.600960254669189E-01    0.285667866468430E+00   -0.152468597516418E-01    0.107214212417603E+00
      -0.535755529999733E-01    0.474987085908651E-02   -0.158306732773781E+00   -0.108506016433239E+00    0.334339775145054E-01
       0.334452897310257E+00    0.332038432359695E+00
      -0.905057862401009E-01   -0.432493500411510E-01   -0.596134886145592E-01   -0.560052916407585E-01    0.300147116184235E+00
      -0.352630168199539E-01    0.571428462862968E-01    0.325068011879921E-01   -0.246023312211037E+00   -0.125493973493576E+00
       0.661754831671715E-01   -0.249265000224113E+00   -0.744817778468132E-01   -0.273585803806782E-01   -0.623654872179031E-01
      -0.103321038186550E+00    0.993250533938408E-01   -0.134554296731949E+00   -0.498757921159267E-01   -0.614580661058426E-01
      -0.583879649639130E-01   -0.380019247531891E-01    0.144406199455261E+00    0.235040709376335E+00    0.183537021279335E+00
       0.209729447960854E+00    0.169851049780846E+00   -0.846502929925919E-01   -0.182313203811646E+00    0.378062613308430E-01
      -0.752748996019363E-01   -0.106932334601879E+00   -0.953983888030052E-01   -0.116827398538589E+00   -0.949523970484734E-01
      -0.162743479013443E-01   -0.220579549670219E+00   -0.449772961437702E-01   -0.318473041057587E+00   -0.188169002532959E+00
      -0.718156546354294E-01    0.156307201832533E-01    0.670659169554710E-01    0.119242623448372E+00   -0.641417056322098E-01
      -0.445250198245049E-01    0.381601527333260E-01    0.272687286138535E+00   -0.452144630253315E-02   -0.574493333697319E-01
       0.999781265854836E-01    0.132428715005517E-01   -0.680508464574814E-01   -0.570482611656189E-01   -0.187596827745438E+00
      -0.103642448782921E+00   -0.151206254959106E+00   -0.115274950861931E+00    0.334833525121212E-01    0.505949333310127E-01
       0.120821911841631E-01    0.148251861333847E+00   -0.702316761016846E-01    0.102025859057903E+00   -0.160881578922272E+00
      -0.130556732416153E+00    0.185972694307566E-01    0.572641268372536E-01    0.712120458483696E-01   -0.103251919150352E+00
       0.851780176162720E-01    0.443551503121853E-01
       0.183694716542959E-02    0.328629165887833E+00    0.107404805719852E+00   -0.117106333374977E+00    0.174561604857445E+00
       0.268713325262070E+00   -0.749136582016945E-01   -0.124268606305122E+00    0.749060511589050E-01    0.178039714694023E+00
       0.228296384215355E+00    0.866647735238075E-01   -0.193402804434299E-01   -0.111100807785988E+00   -0.382007695734501E-01
       0.278291776776314E-01    0.761844217777252E-01   -0.576662197709084E-01   -0.171414583921432E+00    0.812632665038109E-01
      -0.383777134120464E-01    0.115998223423958E+00    0.236711964011192E+00    0.160816937685013E+00    0.237397879362106E+00
      -0.855982452630997E-01   -0.898170098662376E-01   -0.123993614688516E-01    0.995718762278557E-01   -0.483186729252338E-01
      -0.443831235170364E-01   -0.382767654955387E-01    0.250848494470119E-01   -0.446808114647865E-01   -0.342560559511185E-01
       0.532649829983711E-01    0.201763778924942E+00   -0.283051542937756E-01   -0.224560379981995E+00   -0.312927179038525E-03
       0.313331931829453E-01    0.242213621735573E+00    0.226318947970867E-01   -0.287612937390804E-01   -0.128087503835559E-01
       0.109598979353905E+00    0.117289207875729E+00    0.695740431547165E-01   -0.100574992597103E+00   -0.529654920101166E-01
       0.797109212726355E-02    0.172877367585897E-01    0.158737599849701E+00    0.280927047133446E-01    0.101479597389698E+00
      -0.601045936346054E-01    0.182796165347099E+00   -0.107454262673855E+00    0.263447046279907E+00   -0.525833293795586E-01
      -0.225241661071777E+00    0.260585874319077E+00    0.889935195446014E-01    0.108132943511009E+00    0.988475084304810E-01
       0.840412452816963E-01    0.493390001356602E-01    0.965389162302017E-01    0.109893836081028E+00   -0.106137925758958E-01
       0.130840510129929E+00    0.866027548909187E-01
      -0.156967669725418E+00    0.172012280672789E-01    0.802936553955078E-01    0.135567948222160E+00   -0.195308215916157E-01
       0.357772372663021E-01    0.194878920912743E+00    0.159258872270584E+00    0.364638008177280E-01    0.101739443838596E+00
      -0.564889460802078E-01    0.312438488006592E+00    0.177746400237083E+00    0.118240967392921E+00    0.103646390140057E+00
       0.202397882938385E+00   -0.752943158149719E-01    0.693686977028847E-01    0.505244806408882E-01    0.225781038403511E+00
       0.132996430620551E-01    0.193867132067680E+00    0.198278129100800E-01   -0.323519147932529E-01   -0.100820019841194E+00
      -0.145503774285316E+00   -0.604856535792351E-01    0.481174699962139E-01   -0.906259715557098E-01   -0.128400027751923E+00
       0.367710776627064E-01   -0.540833771228790E-01   -0.295399501919746E-02   -0.171444892883301E+00   -0.722936317324638E-01
       0.935641080141068E-01   -0.496528521180153E-01   -0.516907274723053E-01   -0.124246543273330E-01   -0.843168646097183E-01
      -0.771539881825447E-01    0.204220376908779E-01    0.207364752888680E+00   -0.389883555471897E-01   -0.102562919259071E+00
       0.284628830850124E-01    0.990142766386271E-02   -0.830990225076675E-01    0.278682820498943E-01    0.122472785413265E+00
       0.623027840629220E-02    0.908096060156822E-01   -0.170166082680225E-01   -0.108671210706234E+00    0.572001524269581E-01
       0.716874599456787E-01    0.253767706453800E-01    0.108356036245823E+00    0.629701241850853E-01    0.178070381283760E+00
      -0.839586853981018E-01    0.672363564372063E-01    0.354013927280903E-01    0.703556612133980E-01    0.204832330346107E-01
       0.477905496954918E-01   -0.510509982705116E-01    0.570056512951851E-01   -0.119353130459785E+00    0.234762057662010E-01
      -0.362071655690670E-01   -0.635802969336510E-01
      -0.172004252672195E-01    0.105832889676094E+00    0.531789176166058E-01    0.259800881147385E+00    0.704675493761897E-02
       0.131650388240814E+00   -0.256987065076828E-01   -0.233883902430534E+00    0.198728367686272E-01    0.122183291241527E-01
       0.111007364466786E-01    0.871474370360374E-01   -0.378303714096546E-01   -0.105454795062542E+00    0.171739444136620E+00
      -0.894543007016182E-01    0.113137133419514E+00   -0.303442001342773E+00   -0.381128583103418E-02   -0.130481168627739E+00
       0.146525636315346E+00   -0.132406502962112E+00   -0.178298473358154E+00    0.401545464992523E-01    0.193624243140221E+00
      -0.349770672619343E-02   -0.928783938288689E-01    0.101208828389645E+00   -0.147845232859254E-01    0.727473422884941E-01
      -0.492512583732605E-01    0.362239740788937E-01   -0.100493080914021E+00   -0.185338873416185E-02    0.582556240260601E-01
      -0.153307974338531E+00   -0.821647793054581E-01   -0.391720794141293E-01    0.625463798642159E-01   -0.866502597928047E-01
       0.336445495486259E-01   -0.167043447494507E+00   -0.296640366315842E+00   -0.625479072332382E-01    0.993498042225838E-01
      -0.464669875800610E-01    0.134250372648239E+00    0.238648235797882E+00   -0.174974411725998E+00   -0.137783652171493E-01
      -0.279207862913609E-01   -0.109683843329549E-01    0.170074626803398E+00    0.199900701642036E+00   -0.393846910446882E-02
       0.170880973339081E+00    0.881629586219788E-01    0.180206567049026E+00    0.173056840896606E+00   -0.968395993113518E-01
      -0.144284814596176E+00    0.495641641318798E-01    0.982249379158020E-01    0.139160886406898E+00    0.993264243006706E-01
      -0.251558013260365E-01    0.310660153627396E-01   -0.659394413232803E-01   -0.808213874697685E-01    0.479212068021297E-01
      -0.624899342656136E-01    0.639958307147026E-01
       0.629000440239906E-01   -0.876881033182144E-01   -0.739665552973747E-01   -0.128717288374901E+00    0.547757267951965E+00
       0.294305056333542E+00   -0.110489271581173E+00   -0.615899860858917E-01   -0.532747656106949E-01    0.242828026413918E+00
       0.632185349240899E-02   -0.114388786256313E+00    0.154945313930511E+00    0.238242968916893E+00    0.129350706934929E+00
       0.113724060356617E+00    0.826856866478920E-01    0.181342273950577E+00   -0.392773002386093E-01   -0.727002043277025E-02
      -0.483449883759022E-01    0.586146339774132E-01    0.447979494929314E-01    0.194881290197372E+00    0.174197241663933E+00
       0.298178941011429E+00    0.129049703478813E+00   -0.618714373558760E-02   -0.107904031872749E+00   -0.140747400000691E-01
      -0.492650009691715E-01   -0.591321066021919E-01   -0.476586818695068E-02    0.494501963257790E-01    0.583947673439980E-01
      -0.919170901179314E-01   -0.484915040433407E-01    0.220910146832466E+00    0.387507379055023E-01    0.144428357481956E+00
       0.912307426333427E-01    0.124436272308230E-01    0.101649150252342E+00   -0.208724811673164E+00    0.385404378175735E-01
       0.308544971048832E-01    0.346184223890305E-01   -0.213172599673271E+00   -0.149302423000336E+00    0.618907026946545E-01
      -0.204331055283546E+00   -0.152377426624298E+00   -0.581820085644722E-01    0.429968796670437E-01   -0.640434212982655E-03
       0.109343886375427E+00   -0.390617959201336E-01    0.858221761882305E-02    0.305881015956402E-01    0.712658092379570E-01
      -0.744609162211418E-01   -0.292603820562363E-01   -0.190676465630531E+00    0.143092468380928E+00   -0.307053700089455E-01
       0.734915882349014E-01   -0.739348530769348E-01    0.115149933844805E-01    0.173476219177246E+00   -0.185793980956078E+00
       0.242681935429573E+00    0.154649496078491E+00
       0.245105966925621E+00   -0.196289867162704E-01   -0.220189392566681E-01   -0.378282964229584E-01    0.306868553161621E+00
       0.200126469135284E+00   -0.620454624295235E-01    0.620599910616875E-01   -0.209372341632843E+00   -0.202784478664398E+00
       0.331081524491310E-01   -0.402848534286022E-01    0.105180047452450E+00    0.254523664712906E+00    0.328828960657120E+00
      -0.259503394365311E+00    0.110573984682560E+00    0.119371555745602E+00   -0.670150071382523E-01   -0.137420207262039E+00
       0.421659089624882E-01   -0.128065362572670E+00   -0.139450564980507E+00    0.152068674564362E+00    0.185079440474510E+00
       0.638792244717479E-02    0.167635213583708E-01    0.729700550436974E-01    0.420011579990387E-01   -0.174582973122597E-01
      -0.682701840996742E-01    0.160795256495476E+00   -0.135414868593216E+00   -0.107805289328098E+00    0.569289065897465E-01
      -0.167317036539316E-02   -0.181903690099716E-02   -0.336367599666119E-01    0.592725425958633E-01   -0.286932382732630E-02
       0.200263410806656E+00   -0.751777812838554E-01   -0.490414947271347E-01   -0.287684537470341E-01   -0.509178042411804E-01
      -0.479567088186741E-01   -0.477345623075962E-01   -0.102437198162079E+00    0.129704456776381E-02   -0.210231900215149E+00
      -0.428177490830421E-01   -0.234164111316204E-01    0.239933818578720E+00    0.107543552294374E-01   -0.773707255721092E-01
      -0.712464153766632E-01   -0.450845621526241E-02    0.757879540324211E-01   -0.263664051890373E-01   -0.100184582173824E+00
      -0.652527660131454E-01    0.843525454401970E-01   -0.390095543116331E-02   -0.250735022127628E-01   -0.167050808668137E+00
       0.148255927488208E-01    0.103877365589142E+00    0.128529891371727E+00    0.751627013087273E-01    0.321209430694580E+00
       0.224335670471191E+00    0.141429215669632E+00
      -0.965676754713058E-01    0.437827920541167E-02   -0.159498512744904E+00   -0.397402383387089E-01    0.341154664754868E+00
       0.187830969691277E+00   -0.649909395724535E-02   -0.278770893812180E+00    0.804280713200569E-01    0.225211456418037E-01
      -0.118275314569473E+00    0.911982730031013E-01    0.220400229096413E+00    0.116143658757210E+00   -0.185728259384632E-01
      -0.128973335027695E+00    0.860685855150223E-01    0.101182661950588E+00    0.549022294580936E-01   -0.139330238103867E+00
       0.163485303521156E+00   -0.102676749229431E+00    0.109195478260517E+00   -0.396946147084236E-01    0.138167783617973E+00
       0.814904272556305E-01   -0.199802532792091E+00    0.449284389615059E-01   -0.134473547339439E+00   -0.804040580987930E-01
       0.101369552314281E+00   -0.353075712919235E-01   -0.953075885772705E-01   -0.148202022537589E-01    0.320489555597305E+00
      -0.140112698078156E+00   -0.249660149216652E+00   -0.123312352225184E-01    0.101436004042625E+00    0.291709601879120E-01
       0.587685965001583E-01    0.469468906521797E-01    0.301471427083015E-01   -0.736072007566690E-02   -0.159414932131767E+00
       0.119635336101055E+00    0.161496728658676E+00   -0.564676821231842E-01   -0.584469065070152E-01    0.886799991130829E-01
       0.209454759955406E+00   -0.133031094446778E-01    0.235480129718781E+00    0.146835952997208E+00   -0.148354798555374E+00
       0.174278393387794E-01   -0.394078902900219E-01    0.226658269762993E+00    0.370079204440117E-01    0.180163100361824E+00
      -0.151971289888024E-01   -0.268271952867508E+00   -0.119801208376884E+00   -0.160611391067505E+00    0.702086612582207E-01
      -0.543346349149942E-02   -0.587063189595938E-02   -0.178354270756245E-01   -0.130819767713547E+00   -0.806070938706398E-01
       0.956827402114868E-02    0.952765569090843E-01
      -0.147704288363457E+00   -0.164291635155678E+00    0.765229947865009E-02   -0.145570281893015E-02    0.701105892658234E-01
       0.274735063314438E+00    0.586730092763901E-01    0.602351911365986E-01    0.800443626940250E-02    0.984022393822670E-01
       0.253993302583694E+00    0.761076733469963E-01   -0.102185845375061E+00   -0.587576925754547E-01    0.507045835256577E-01
       0.198306351900101E+00    0.698849260807037E-01   -0.702387187629938E-02   -0.236067213118076E-01    0.419849678874016E-01
      -0.171841382980347E-01    0.124580942094326E+00    0.186257764697075E+00   -0.233504518866539E+00   -0.144742503762245E+00
      -0.133306592702866E+00    0.241765186190605E+00    0.179099105298519E-01    0.111780576407909E+00   -0.891719087958336E-01
       0.110039442777634E+00   -0.229471027851105E+00    0.195017457008362E-02    0.122624233365059E+00   -0.695345029234886E-01
       0.955467149615288E-01    0.472984053194523E-01    0.815993770956993E-01   -0.843309387564659E-01   -0.351316146552563E-01
      -0.334147177636623E-01    0.988995879888535E-01    0.134834218770266E-01   -0.145111903548241E+00   -0.126778692007065E+00
      -0.734943374991417E-01   -0.143089845776558E+00    0.130336031317711E+00    0.684638321399689E-02    0.205960392951965E+00
       0.190595924854279E+00    0.103973589837551E+00   -0.323257207870483E+00    0.102250799536705E+00    0.659722983837128E-01
      -0.102923981845379E+00    0.312839299440384E-01    0.339817218482494E-01    0.346378684043884E-01   -0.817293897271156E-01
      -0.259645044803619E+00    0.201925620436668E+00    0.830373354256153E-02    0.622805655002594E-01   -0.600372031331062E-01
      -0.554409995675087E-01    0.833280086517334E-01   -0.168313384056091E+00   -0.431034639477730E-01    0.889265090227127E-01
      -0.103648193180561E+00   -0.105363996699452E-01
      -0.387637019157410E-01   -0.213024556636810E+00   -0.450670067220926E-02   -0.146847004070878E-01   -0.240510329604149E-01
      -0.911647602915764E-01   -0.932784099131823E-02   -0.124972149729729E+00   -0.215003535151482E+00   -0.880496278405190E-01
      -0.620698276907206E-02   -0.153552040457726E+00   -0.104597374796867E+00    0.506020151078701E-01    0.232453808188438E+00
      -0.118318945169449E+00    0.266954675316811E-01   -0.123272255063057E+00   -0.230073407292366E-01   -0.138863563537598E+00
       0.310566835105419E-01   -0.162777572870255E+00   -0.554207712411880E-01   -0.102219931781292E+00    0.485527254641056E-01
      -0.687371939420700E-03    0.112974785268307E+00    0.275845453143120E-01   -0.803095754235983E-02    0.567413792014122E-01
       0.227373857051134E-01    0.326198823750019E-01   -0.771616697311401E-01   -0.564871206879616E-01    0.459667965769768E-01
      -0.161765411496162E+00   -0.638144016265869E-01    0.119903855025768E+00    0.499653667211533E-01    0.305055141448975E+00
      -0.152996897697449E+00    0.341202132403851E-01   -0.161850064992905E+00   -0.191200688481331E+00   -0.263585299253464E-01
       0.163346841931343E+00   -0.620331615209579E-01   -0.186560794711113E+00    0.163491606712341E+00   -0.274408459663391E+00
      -0.279203116893768E+00   -0.349016524851322E-01   -0.544573068618774E-01    0.213881090283394E+00    0.191562056541443E+00
       0.949314162135124E-01   -0.101143926382065E+00    0.745406299829483E-01   -0.109831169247627E+00   -0.570198595523834E-01
       0.751198008656502E-01   -0.389375090599060E-01    0.991236642003059E-01   -0.642327889800072E-01   -0.803540945053101E-01
      -0.877189710736275E-01   -0.717072281986475E-02   -0.277189053595066E-01   -0.728447958827019E-01   -0.937781184911728E-01
      -0.479152575135231E-01    0.560840442776680E-01
      -0.102802529931068E+00   -0.185762438923120E-02    0.334094688296318E-01   -0.975382775068283E-01    0.304869152605534E-01
       0.794033184647560E-01   -0.501015335321426E-01    0.237903282046318E+00    0.115599103271961E+00    0.133319729939103E-01
       0.311459124088287E+00   -0.682970359921455E-01    0.278389126062393E+00    0.156515032052994E+00   -0.209467798471451E+00
       0.117676191031933E+00    0.897655859589577E-01    0.815055221319199E-01    0.112207204103470E+00   -0.101175278425217E+00
      -0.127628967165947E+00   -0.778065919876099E-01   -0.107715949416161E+00    0.167652428150177E+00   -0.260069787502289E+00
       0.954353511333466E-01   -0.346530437469482E+00    0.847654268145561E-01    0.849400535225868E-01    0.116345040500164E+00
      -0.130856439471245E+00   -0.171488478779793E+00   -0.257179029285908E-01    0.750741213560104E-01    0.739889070391655E-01
       0.574519447982311E-01    0.143702775239944E+00    0.121751613914967E+00    0.226254388689995E+00    0.960931181907654E-01
       0.447605997323990E-01    0.235307052731514E+00    0.145893752574921E+00   -0.623806491494179E-01   -0.868172571063042E-01
       0.317564070224762E+00    0.507516786456108E-03   -0.836088135838509E-01   -0.109186969697475E+00    0.239541128277779E+00
       0.198244377970695E+00   -0.150024503469467E+00   -0.234490707516670E-01    0.439919196069241E-01   -0.638776123523712E-01
      -0.205107539892197E+00   -0.696432664990425E-01   -0.473693907260895E-01   -0.774995684623718E-01    0.147897884249687E+00
       0.208766013383865E+00   -0.301097743213177E-01   -0.259352102875710E-01   -0.782532766461372E-01   -0.883115902543068E-01
      -0.741742774844170E-01   -0.464024618268013E-01    0.194511666893959E+00    0.141798574477434E-01    0.137683033943176E+00
       0.419035665690899E-01   -0.269074514508247E-01
      -0.523973852396011E-01   -0.642719399183989E-02    0.127633094787598E+00    0.179449170827866E+00    0.108724728226662E+00
      -0.731335505843163E-01    0.150359079241753E+00   -0.945957377552986E-01    0.125309169292450E+00    0.218283236026764E-01
      -0.934512838721275E-01    0.336817763745785E-01   -0.865718442946672E-02   -0.122328236699104E+00    0.151128038764000E+00
       0.842891037464142E-01    0.137012839317322E+00   -0.464062504470348E-01    0.317110307514668E-01    0.205979570746422E+00
       0.143195137381554E+00    0.206015139818192E+00   -0.646525770425797E-01    0.657341852784157E-01    0.455257529392838E-02
      -0.265388675034046E-01    0.778857991099358E-01   -0.782663673162460E-01    0.947171449661255E-01   -0.154521778225899E+00
      -0.160151973366737E+00   -0.590692553669214E-02    0.909760221838951E-02    0.211483746767044E+00    0.414480939507484E-01
       0.109344780445099E+00    0.515541769564152E-01   -0.134124174714088E+00   -0.120063960552216E+00    0.408817492425442E-01
      -0.352555625140667E-01    0.141963154077530E+00    0.858889892697334E-01    0.112518042325974E+00    0.158215388655663E+00
       0.596187114715576E-01    0.997202396392822E-01    0.289433300495148E-01    0.125686749815941E+00    0.184634432196617E+00
       0.166067138314247E+00    0.838966146111488E-01    0.101985372602940E+00   -0.115454271435738E+00    0.458070859313011E-01
      -0.111047677695751E+00    0.346466749906540E-01    0.328100211918354E-01    0.714613869786263E-01    0.189168959856033E+00
       0.346288904547691E-01    0.142726942896843E+00   -0.989567935466766E-01    0.201717451214790E+00    0.390843115746975E-01
       0.111945033073425E+00   -0.115647539496422E+00    0.156885802745819E+00    0.634562149643898E-01    0.151184529066086E+00
       0.900552123785019E-01    0.105407692492008E+00
      -0.460539851337671E-02    0.116489619016647E+00    0.447388328611851E-01   -0.284280627965927E-03    0.345877259969711E+00
      -0.806158110499382E-01   -0.946235805749893E-01   -0.418327376246452E-01    0.100784599781036E+00    0.194437205791473E-01
       0.101819157600403E+00    0.104813016951084E+00   -0.129003778100014E+00   -0.194556087255478E+00   -0.624009743332863E-01
      -0.200931459665298E+00   -0.306995749473572E+00   -0.152204828336835E-01   -0.322231836616993E-01   -0.104359433054924E+00
       0.120049819350243E+00    0.565708130598068E-01    0.240404568612576E-01    0.152831882238388E+00    0.206743348389864E-01
       0.981182605028152E-01   -0.357303380966187E+00    0.139029353857040E+00    0.575383827090263E-01    0.135678723454475E+00
      -0.380910225212574E-01    0.286621838808060E+00   -0.147356435656548E+00    0.157466873526573E+00   -0.100984863936901E+00
       0.644128173589706E-01    0.184261605143547E+00   -0.232593305408955E-01    0.170877963304520E+00   -0.469078961759806E-02
      -0.203019455075264E+00    0.140219703316689E+00   -0.156306326389313E+00   -0.163171708583832E+00   -0.421688631176949E-01
       0.170426338911057E+00   -0.107939176261425E+00   -0.115370646119118E+00   -0.102907344698906E+00   -0.116250723600388E+00
      -0.141246570274234E-01    0.103243224322796E+00    0.248030841350555E+00   -0.105893783271313E+00   -0.940909311175346E-01
      -0.227533318102360E-01    0.463945344090462E-01   -0.116866948083043E-01    0.512389512732625E-02   -0.396452844142914E-01
       0.192059785127640E+00   -0.144262714311481E-01   -0.770450159907341E-01   -0.448533520102501E-01    0.140397414565086E+00
      -0.191737517714500E+00   -0.924033373594284E-01   -0.554326698184013E-01   -0.198523715138435E+00   -0.414918363094330E-01
       0.543606095016003E-01   -0.275019779801369E-01
      -0.103549182415009E+00    0.892195850610733E-01    0.703877806663513E-01    0.154810994863510E+00    0.496423393487930E+00
       0.241722732782364E+00    0.594784207642078E-01   -0.165479853749275E-01    0.103649590164423E-01    0.350219905376434E-01
       0.109754785895348E+00    0.312008112668991E-01    0.244897138327360E-02    0.184323534369469E+00    0.180840954184532E+00
      -0.164679914712906E+00   -0.856271311640739E-01   -0.115634351968765E+00    0.335081219673157E+00   -0.991465989500284E-02
       0.654707252979279E-01   -0.226460918784142E-01    0.672993436455727E-01    0.315144062042236E-01    0.362461283802986E-01
      -0.719399675726891E-01   -0.783019587397575E-01   -0.105955854058266E+00   -0.849296823143959E-01   -0.846163183450699E-01
       0.155083373188972E+00   -0.363286994397640E-01    0.614476166665554E-01   -0.671966671943665E-01   -0.166884884238243E+00
      -0.120836030691862E-02    0.876036956906319E-01   -0.114228017628193E+00    0.521507225930691E-01    0.209099903702736E+00
      -0.816879328340292E-02    0.727974474430084E-01   -0.161083444952965E+00    0.932294875383377E-01    0.557323917746544E-01
      -0.707379207015038E-01    0.112862788140774E+00    0.125278383493423E+00    0.512044318020344E-01   -0.649409741163254E-01
       0.123480200767517E+00    0.567256100475788E-01    0.143073484301567E+00   -0.874717608094215E-01   -0.568013042211533E-01
       0.889642536640167E-01   -0.134374797344208E+00    0.600962340831757E-01    0.132150612771511E-01   -0.461922399699688E-01
       0.551937855780125E-01    0.132919345051050E-01   -0.672051385045052E-01    0.189002171158791E+00    0.764349550008774E-01
       0.106412358582020E+00    0.249686688184738E-01   -0.202345214784145E-01    0.385511256754398E-01   -0.204355180263519E+00
       0.624896399676800E-01    0.259244412183762E+00
       0.117049358785152E+00    0.124408774077892E+00    0.932669416069984E-01   -0.115781113505363E+00   -0.338824748992920E+00
      -0.305581949651241E-01    0.691284686326981E-01    0.698183104395866E-01    0.678268447518349E-01    0.838729739189148E-01
       0.471423417329788E-01   -0.537191778421402E-01    0.378021188080311E-01    0.247170940041542E+00   -0.170268863439560E+00
       0.279473364353180E-01    0.297183156013489E+00   -0.550440102815628E-01    0.579166896641254E-01    0.273974716663361E+00
      -0.164542138576508E+00    0.148566499352455E+00    0.130575984716415E+00   -0.292982995510101E+00   -0.103490099310875E+00
      -0.987769216299057E-01    0.124257907271385E+00    0.275403648614883E+00    0.269510038197041E-01    0.103730201721191E+00
      -0.232770740985870E-01   -0.957848653197289E-01    0.246423296630383E-03   -0.736824944615364E-01    0.128817304968834E+00
      -0.471706241369247E-01    0.495280362665653E-01    0.105331160128117E+00    0.612364932894707E-01   -0.197788283228874E+00
       0.159152805805206E+00   -0.129387294873595E-01   -0.141383940353990E-01   -0.130742073059082E+00   -0.486132577061653E-01
       0.366546437144279E-01   -0.353728458285332E-01    0.391507782042027E-01   -0.729147940874100E-01   -0.769295468926430E-01
      -0.891643092036247E-01   -0.714751705527306E-01   -0.260973125696182E+00   -0.258672297000885E+00    0.307777971029282E-01
       0.213945597410202E+00   -0.102350093424320E+00    0.664368867874146E-01   -0.343322567641735E-01    0.886850357055664E-01
      -0.878524705767632E-01   -0.558766424655914E-01   -0.102328248322010E+00    0.165185704827309E+00    0.169339831918478E-01
      -0.930963009595871E-01   -0.730985775589943E-01    0.122214555740356E+00   -0.158489927649498E+00    0.195694744586945E+00
      -0.536598414182663E-01    0.744410380721092E-01
       0.269943773746490E-01   -0.529727563261986E-01   -0.510507915169001E-02   -0.711721703410149E-01   -0.205000728368759E+00
      -0.189415961503983E+00    0.141355812549591E+00    0.212059319019318E+00    0.257432460784912E-01    0.273510396480560E+00
       0.396920107305050E-01   -0.201608926057816E+00    0.125819802284241E+00   -0.886557698249817E-01    0.896004438400269E-01
       0.122602611780167E+00    0.291429132223129E+00    0.714538842439651E-01   -0.115603193640709E+00    0.682037696242332E-01
       0.119604259729385E+00   -0.342652276158333E-01   -0.847445651888847E-01    0.661332532763481E-01    0.110535144805908E+00
      -0.157899573445320E+00    0.282398194074631E+00    0.261798202991486E-01    0.843967273831367E-01    0.172119047492743E-01
      -0.879093855619431E-01    0.153264459222555E-01   -0.555445849895477E-01    0.304682821035385E+00    0.257234543561935E+00
       0.509151481091976E-01    0.117908835411072E+00   -0.146556481719017E+00   -0.214671064168215E-02    0.215645924210548E+00
       0.778167415410280E-02   -0.139529509469867E-01   -0.214726515114307E-01    0.176207758486271E-01   -0.160941377282143E+00
       0.964656695723534E-01   -0.613425672054291E-01   -0.122348340228200E-01    0.131159186363220E+00    0.827850401401520E-01
      -0.301919370889664E+00   -0.197015225887299E+00    0.246353149414062E-01   -0.127142250537872E+00    0.705980956554413E-01
       0.256054490804672E+00   -0.379225015640259E-01   -0.954354703426361E-01   -0.188648365437984E-01    0.144511640071869E+00
      -0.113614842295647E+00   -0.100861281156540E+00   -0.181700512766838E-01    0.816559866070747E-01    0.423839204013348E-01
       0.202200844883919E+00    0.133804067969322E+00    0.169946491718292E+00    0.672431290149689E-01   -0.172582477331161E+00
      -0.919323414564133E-01   -0.192767292261124E+00
       0.480525083839893E-01    0.195983082056046E+00    0.403892546892166E-01    0.222661167383194E+00    0.272021085023880E+00
      -0.373886376619339E-01    0.125476330518723E+00   -0.923778861761093E-01    0.138564795255661E+00   -0.341285243630409E-01
       0.953705757856369E-01    0.444324314594269E-01    0.696932002902031E-01   -0.122783631086349E+00    0.612026173621416E-02
      -0.381023958325386E-01    0.967340767383575E-01    0.480579622089863E-01   -0.940155759453773E-01    0.233974292874336E+00
      -0.107790203765035E-01    0.141921445727348E+00    0.115480765700340E+00    0.566741637885571E-01    0.260064840316772E+00
       0.747775062918663E-01    0.184860676527023E-01   -0.661008879542351E-01   -0.135554522275925E+00   -0.261679776012897E-01
       0.904337987303734E-01    0.498723350465298E-01   -0.569867417216301E-01    0.709709972143173E-01   -0.122533766552806E-01
       0.102187104523182E+00   -0.541089549660683E-01    0.636437982320786E-01    0.131734102964401E+00    0.170741692185402E+00
      -0.927256643772125E-01   -0.176970437169075E-01   -0.127344727516174E+00    0.957405939698219E-01    0.111836448311806E+00
       0.127979088574648E-01    0.225291922688484E+00   -0.138655835762620E-01    0.528628863394260E-01   -0.382379069924355E-02
      -0.944079086184502E-01   -0.211743399500847E+00    0.127259299159050E+00    0.112273596227169E+00   -0.178694114089012E+00
       0.127918953076005E-01    0.235074162483215E+00   -0.147251054644585E+00   -0.246877707540989E-01    0.243762657046318E-01
      -0.634621679782867E-01    0.216457750648260E-01   -0.575815886259079E-01    0.177642479538918E+00    0.569524616003036E-01
      -0.302043817937374E-01   -0.308729521930218E-01   -0.232746928930283E+00    0.216406621038914E-01   -0.234650913625956E-02
       0.159898415207863E+00   -0.251993723213673E-01
      -0.246020369231701E-01   -0.571497902274132E-01   -0.149373844265938E+00    0.796545445919037E-01    0.221389785408974E+00
       0.432578474283218E+00    0.804152190685272E-01    0.201161891222000E+00    0.900858864188194E-01    0.150134503841400E+00
      -0.246946513652802E-01   -0.354131236672401E-01   -0.194955274462700E+00   -0.119398787617683E+00    0.315133213996887E+00
       0.180780947208405E+00    0.153583586215973E+00    0.293202102184296E+00    0.448834411799908E-01    0.180668517947197E+00
       0.270319432020187E+00    0.108369596302509E+00    0.782688930630684E-01    0.204143851995468E+00    0.345850251615047E-01
       0.192704632878304E+00   -0.890034735202789E-01    0.445538669824600E+00    0.179966706782579E-01    0.998740345239639E-01
       0.122481942176819E+00   -0.217310056090355E+00   -0.842165350914001E-01   -0.102614983916283E-03    0.167664900422096E+00
       0.420258678495884E-01    0.323923885822296E+00    0.721303652971983E-02   -0.503686964511871E-01    0.149797201156616E+00
       0.209223255515099E+00    0.260052561759949E+00    0.368059933185577E+00    0.239016979932785E+00   -0.210462853312492E+00
      -0.166943520307541E-01    0.340833365917206E-01   -0.113849423825741E+00    0.103843107819557E+00    0.584626710042357E-02
       0.921047944575548E-02    0.981329008936882E-01    0.164595425128937E+00    0.206907808780670E+00   -0.191278994083405E+00
       0.479317903518677E-01    0.278013050556183E-01   -0.298914778977633E-02    0.262649916112423E-01   -0.287176370620728E+00
       0.131188556551933E+00    0.231902167201042E+00    0.153321385383606E+00    0.283499091863632E+00   -0.115713864564896E+00
      -0.244525372982025E-01   -0.169717088341713E+00   -0.200584471225739E+00   -0.381551217287779E-02    0.126423701643944E+00
       0.105889059603214E+00    0.576466228812933E-02
      -0.589931663125753E-02    0.981029421091080E-01   -0.129976188763976E-01    0.228949189186096E-01    0.253444135189056E+00
       0.187706917524338E+00    0.730655044317245E-01    0.873127356171608E-01   -0.390354432165623E-01    0.132591305300593E-01
       0.781418606638908E-01    0.162445660680532E-02   -0.228168815374374E-01   -0.364365428686142E-01    0.843505263328552E-01
      -0.650226771831512E-01    0.198534861207008E+00    0.257856607437134E+00    0.131927564740181E+00   -0.244643017649651E+00
      -0.736995264887810E-01    0.197105109691620E-03    0.205614998936653E+00    0.386636890470982E-01   -0.231163367629051E+00
      -0.196281015872955E+00   -0.179186567664146E+00   -0.444358475506306E-01    0.148663684725761E+00    0.506760925054550E-01
      -0.372456498444080E-01    0.109564237296581E+00   -0.157198198139668E-01    0.219736203551292E+00    0.104133024811745E+00
       0.890476480126381E-01    0.734377652406693E-01    0.474168099462986E-01   -0.146153271198273E+00   -0.679323077201843E-01
       0.159556433558464E+00    0.575524531304836E-01    0.248759999871254E+00    0.551797933876514E-01    0.108561394736171E-01
      -0.307589545845985E-01   -0.821433812379837E-01    0.740223750472069E-01    0.202121794223785E+00   -0.104747287929058E+00
      -0.128324478864670E+00    0.426202006638050E-01   -0.166362956166267E+00    0.639454573392868E-01   -0.140478432178497E+00
      -0.464442856609821E-01    0.108101226389408E+00   -0.488941930234432E-01   -0.546315535902977E-01   -0.306149236857891E-01
       0.106638438999653E+00   -0.116315320134163E+00   -0.406668558716774E-01    0.185235857963562E+00    0.271500125527382E-01
      -0.139293894171715E+00   -0.137778639793396E+00   -0.586245730519295E-01    0.518348552286625E-01    0.190643608570099E+00
      -0.103378025814891E-01   -0.120987340807915E+00
      -0.710456594824791E-01    0.759237632155418E-01   -0.576804392039776E-03    0.156058058142662E+00    0.134191364049911E+00
       0.933791100978851E-01   -0.837118923664093E-01   -0.165321171283722E+00    0.861520841717720E-01    0.110793877393007E-01
       0.148172780871391E+00    0.519314594566822E-01   -0.127395121380687E-01    0.107289522886276E+00    0.909483507275581E-01
      -0.306995846331120E-01    0.138248607516289E+00    0.622409023344517E-01   -0.139845460653305E+00   -0.947796553373337E-01
      -0.573518052697182E-01   -0.623878166079521E-01   -0.566727817058563E-01   -0.212718471884727E-01    0.197901595383883E-01
       0.160390004515648E+00   -0.131621748209000E+00    0.383782275021076E-01   -0.250731468200684E+00   -0.593226775527000E-01
      -0.265182375907898E+00   -0.120591789484024E+00    0.189811214804649E+00   -0.198703333735466E-01   -0.501982867717743E-03
      -0.168570131063461E-02   -0.490086935460567E-01    0.125344321131706E+00   -0.247357897460461E-01    0.168369989842176E-01
       0.131809785962105E+00   -0.301148332655430E-01   -0.639773607254028E-01    0.873308926820755E-01    0.124249361455441E+00
       0.156837135553360E+00   -0.245542094111443E+00   -0.243168789893389E-02   -0.686772465705872E-01   -0.227270349860191E+00
      -0.956727787852287E-01   -0.304402634501457E-01   -0.155692800879478E+00   -0.410887077450752E-01    0.841073617339134E-01
      -0.159074947237968E+00   -0.160506948828697E+00   -0.144149050116539E+00    0.893326029181480E-01   -0.299680717289448E-01
      -0.131513431668282E+00   -0.451352521777153E-01    0.258437637239695E-01    0.510012879967690E-01    0.200151745229959E-01
      -0.132613526657224E-01   -0.223768353462219E+00    0.403487915173173E-02    0.255839359015226E-01   -0.566721800714731E-02
      -0.207218490540981E-01    0.227841779589653E+00
       0.839031115174294E-02    0.554080940783024E-01    0.612159259617329E-01   -0.244917795062065E-01   -0.476485714316368E-01
      -0.449584834277630E-01    0.314915999770164E-01   -0.196644477546215E-01    0.700072050094604E-01   -0.121298938989639E+00
      -0.167953714728355E+00    0.166904479265213E+00    0.302459187805653E-01   -0.101469114422798E+00    0.960465148091316E-02
       0.924533158540726E-01    0.355606824159622E-01   -0.608564317226410E-01    0.597194172441959E-01    0.257145650684834E-01
      -0.258972644805908E-01    0.422084517776966E-01    0.123050354421139E+00    0.765250027179718E-01   -0.104555211961269E+00
      -0.377923548221588E-01    0.629685297608376E-01    0.302117168903351E-01    0.147394686937332E+00    0.130973517894745E+00
       0.114708237349987E+00    0.209634140133858E+00   -0.207409828901291E+00   -0.100703902542591E+00    0.501701235771179E-01
      -0.619671270251274E-01   -0.198077574372292E+00    0.216361075639725E+00   -0.386795662343502E-01    0.145626947283745E+00
      -0.469950363039970E-01   -0.481629855930805E-01   -0.109829016029835E+00   -0.164989694952965E+00    0.934045389294624E-01
      -0.109409980475903E+00   -0.195877447724342E+00    0.141941830515862E+00    0.491889528930187E-01   -0.404078848659992E-01
       0.443978346884251E-01    0.188815504312515E+00   -0.176812820136547E-01    0.129416182637215E+00    0.409940928220749E-01
       0.104138314723969E+00    0.136086627840996E+00    0.455761179327965E-01   -0.204550817608833E+00    0.283428490161896E+00
      -0.211241990327835E-01    0.461057759821415E-03    0.146584555506706E+00   -0.162544220685959E+00    0.103419154882431E+00
      -0.125120282173157E+00   -0.685795675963163E-02    0.499947369098663E-01    0.265876129269600E-01    0.463641658425331E-01
       0.130408927798271E-01    0.532849654555321E-01
       0.845373645424843E-01   -0.176178961992264E-01   -0.182259559631348E+00   -0.257253140211105E+00   -0.609296280890703E-02
      -0.902261659502983E-01    0.850439816713333E-01    0.117092318832874E-01    0.150812938809395E+00    0.158612728118896E+00
       0.450210087001324E-01    0.116519793868065E+00    0.107042625546455E+00    0.191788095980883E-01    0.124933034181595E+00
       0.160140007734299E+00    0.114754974842072E+00   -0.360860824584961E+00    0.174120083451271E+00   -0.395596511662006E-01
       0.158444061875343E+00   -0.135293245315552E+00   -0.136002451181412E+00   -0.190858244895935E-01   -0.100184187293053E+00
       0.393819212913513E-01   -0.136276125907898E+00   -0.256555736064911E+00    0.197838723659515E+00   -0.128470599651337E+00
      -0.576673150062561E-01    0.772610073909163E-02   -0.383710190653801E-01    0.189706578850746E+00    0.101176008582115E+00
       0.165159195661545E+00   -0.115072101354599E+00   -0.128040879964828E+00   -0.915160477161407E-01    0.692415144294500E-02
       0.170703217387199E+00   -0.218066386878490E-03    0.178301662206650E+00    0.423968173563480E-01   -0.644858926534653E-01
      -0.486435461789370E-02   -0.252162188291550E+00   -0.297363251447678E-01    0.237125754356384E-01   -0.157936774194241E-01
      -0.962347723543644E-03    0.523049943149090E-01    0.168748870491982E+00   -0.250745564699173E-01    0.802797079086304E-01
       0.816091373562813E-01    0.474182367324829E-01    0.143362432718277E+00   -0.932823717594147E-01    0.458009541034698E-01
       0.728654116392136E-01   -0.625390857458115E-01    0.957473665475845E-01   -0.145383104681969E+00    0.891151204705238E-01
       0.124159030616283E+00   -0.977801382541656E-01    0.947137624025345E-01   -0.147476077079773E+00   -0.106914071366191E-01
      -0.929843261837959E-01    0.157817572355270E+00
       0.482526719570160E-01    0.101283952593803E+00    0.763169210404158E-02    0.146853476762772E+00   -0.992348045110703E-01
       0.554959997534752E-01   -0.280695915222168E+00   -0.391300320625305E-01    0.299975685775280E-01   -0.197961509227753E+00
       0.952989608049393E-01   -0.174971982836723E+00    0.237591996788979E+00    0.974672362208366E-01    0.438041985034943E-01
       0.393986282870173E-02    0.991178303956985E-01    0.229657575488091E+00   -0.278736725449562E-01   -0.153126299381256E+00
       0.172430388629436E-01   -0.158143825829029E-01    0.293918758630753E+00    0.156311467289925E+00    0.132732138037682E+00
       0.174117058515549E+00   -0.172446519136429E+00    0.660269409418106E-01    0.203134834766388E+00   -0.117587417364120E+00
       0.783442482352257E-01    0.430466495454311E-01    0.105348467826843E+00    0.203602574765682E-01    0.967145338654518E-01
      -0.126209005713463E+00   -0.173344448208809E+00   -0.129817649722099E+00    0.789467990398407E-01    0.470601320266724E-01
       0.370857864618301E-01   -0.619598552584648E-01    0.420197919011116E-01   -0.775548964738846E-01   -0.909490063786507E-01
      -0.110320784151554E+00    0.306634083390236E-01   -0.696266889572144E-01   -0.392642654478550E-01   -0.124421283602715E+00
       0.203719004988670E+00    0.755929388105869E-02    0.196765452623367E+00    0.780179649591446E-01    0.256576202809811E-01
       0.920144245028496E-01   -0.787466615438461E-01   -0.483883544802666E-01   -0.191893890500069E+00    0.180967763066292E+00
       0.178388319909573E-01   -0.957738980650902E-01    0.143086135387421E+00    0.149180814623833E+00    0.140615448355675E+00
      -0.182027995586395E+00   -0.376812815666199E-01    0.175703331828117E+00   -0.398737266659737E-01    0.106319911777973E+00
      -0.506473965942860E-01   -0.161490254104137E-01
      -0.385178104043007E-01   -0.714496001601219E-01    0.965093895792961E-01   -0.889278203248978E-01   -0.122636079788208E+00
      -0.763601511716843E-01    0.248864769935608E+00   -0.521832257509232E-01    0.642950367182493E-02    0.780631005764008E-01
       0.547748319804668E-01    0.978795364499092E-01    0.981366559863091E-01    0.107451759278774E+00   -0.267003066837788E-01
       0.443336181342602E-01    0.394801236689091E-02   -0.822179988026619E-01    0.958563983440399E-01   -0.810038819909096E-01
       0.153714656829834E+00   -0.364328846335411E-01    0.518969111144543E-01    0.786446556448936E-01   -0.228758417069912E-01
       0.131663680076599E+00   -0.529432147741318E-01    0.400005131959915E-01    0.854618661105633E-02   -0.254872813820839E-01
      -0.192803695797920E+00   -0.364501550793648E-01   -0.132792651653290E+00    0.238497093319893E+00    0.416207239031792E-01
      -0.315996594727039E-01   -0.155425012111664E+00    0.861927568912506E-01   -0.623142253607512E-02   -0.579131674021482E-02
       0.466361343860626E-01    0.158320799469948E+00   -0.505461432039738E-01    0.159556776285172E+00    0.155680716037750E+00
       0.985127687454224E-01   -0.249245330691338E+00   -0.182195305824280E+00   -0.855301916599274E-01   -0.164876297116280E+00
       0.832025706768036E-01    0.831899493932724E-01   -0.196143195033073E+00    0.235581159591675E+00   -0.927452221512794E-01
      -0.391333773732185E-01   -0.241017937660217E-01    0.340391583740711E-01    0.109474495053291E+00    0.733685120940208E-01
      -0.292291529476643E-01    0.434440523386002E-01    0.100973863154650E-01    0.641098842024803E-01   -0.181241393089294E+00
       0.106650680303574E+00   -0.138905599713326E+00    0.228428184986115E+00   -0.163179636001587E+00   -0.116422653198242E+00
      -0.679402202367783E-01   -0.232351236045361E-01
      -0.728470087051392E-01   -0.630596932023764E-02    0.627435296773911E-01    0.151073247194290E+00    0.380841195583344E+00
       0.126429334282875E+00    0.249301139265299E-01   -0.148642465472221E+00   -0.189811326563358E-01   -0.107548505067825E+00
       0.192126885056496E+00    0.215396970510483E+00   -0.721138417720795E-01    0.448976680636406E-01   -0.112050309777260E+00
      -0.935250297188759E-01    0.601864084601402E-01    0.106488302350044E+00   -0.578447505831718E-01   -0.819344669580460E-01
      -0.190701976418495E+00    0.175984099507332E+00    0.107556022703648E+00    0.756249204277992E-01    0.115021049976349E+00
       0.201013609766960E+00   -0.185772374272346E+00   -0.133043646812439E+00    0.410268492996693E-01   -0.359892435371876E-01
       0.190424248576164E+00    0.640600994229317E-01    0.906441807746887E-01   -0.298093557357788E+00    0.237715318799019E-01
      -0.172145128250122E+00   -0.304173342883587E-01    0.116359636187553E+00    0.181557223200798E+00    0.862115845084190E-01
       0.381018519401550E-01   -0.143239170312881E+00    0.163688033819199E+00   -0.177863277494907E-01   -0.841007381677628E-01
      -0.530487764626741E-02    0.254616439342499E+00   -0.897769480943680E-01    0.163228467106819E+00   -0.154393032193184E+00
       0.214743360877037E+00   -0.562384575605392E-01    0.122538566589355E+00   -0.136976465582848E+00   -0.351622141897678E-01
       0.281491965055466E+00   -0.261234819889069E+00    0.896642655134201E-01    0.114323392510414E+00    0.116292305290699E+00
       0.166792914271355E+00    0.132775187492371E+00    0.896033421158791E-01   -0.466527603566647E-02   -0.659822151064873E-01
       0.106241390109062E+00    0.258375465869904E+00    0.476547144353390E-01    0.389331243932247E-01   -0.997210666537285E-01
      -0.454708151519299E-01    0.499377492815256E-02
      -0.478028394281864E-01    0.115120500326157E+00   -0.209490247070789E-01   -0.174603909254074E-01    0.497404098510742E+00
       0.207846835255623E+00    0.148444205522537E+00   -0.285154543817043E-01    0.276465564966202E-01   -0.101763114333153E+00
      -0.496649630367756E-01   -0.167162448167801E+00    0.228342980146408E+00    0.129278466105461E+00    0.299820303916931E+00
      -0.338498577475548E-01    0.666724964976311E-01    0.218272898346186E-01   -0.290790535509586E-01    0.134962871670723E+00
       0.218869931995869E-01   -0.152821362018585E+00    0.121534533798695E+00   -0.170475900173187E+00    0.100537709891796E+00
       0.927389319986105E-02    0.133170858025551E+00   -0.265642814338207E-01    0.763194113969803E-01    0.116706281900406E+00
       0.924713015556335E-01   -0.915094017982483E-01   -0.622138753533363E-01   -0.205216169357300E+00    0.202700972557068E+00
       0.232131108641624E+00    0.775843039155006E-01    0.111295040696859E-01   -0.803284123539925E-01    0.322888523340225E+00
      -0.207473412156105E+00    0.515996441245079E-01   -0.474129430949688E-02    0.615591835230589E-02    0.945332869887352E-01
       0.124177940189838E+00    0.308980554342270E+00   -0.178989127278328E+00   -0.133865550160408E+00   -0.551727041602135E-01
       0.480247102677822E-01    0.169794335961342E-01   -0.446582883596420E-01    0.184473022818565E-02   -0.490966290235519E-01
       0.206780791282654E+00   -0.148912906646729E+00   -0.117883592844009E+00    0.717390850186348E-01   -0.220496058464050E+00
       0.984017997980118E-01    0.130654945969582E+00    0.110894352197647E+00   -0.107975132763386E+00   -0.767768174409866E-01
      -0.963116213679314E-01    0.703445747494698E-01   -0.499539971351624E-01   -0.102059720084071E-01    0.126191809773445E+00
       0.303076393902302E-01   -0.187893137335777E-01
       0.196837812662125E+00    0.163966387510300E+00   -0.139715194702148E+00   -0.725820008665323E-02   -0.539900660514832E+00
      -0.161635763943195E-01    0.849752202630043E-01    0.182778283953667E+00    0.112315744161606E+00   -0.128803774714470E-03
       0.426438376307487E-01   -0.573912039399147E-01    0.464471653103828E-01   -0.200292915105820E+00   -0.220102787017822E+00
       0.609771050512791E-01   -0.314703434705734E-01   -0.290124341845512E-01   -0.103394292294979E+00    0.157692238688469E+00
      -0.124793604016304E+00   -0.121079027652740E+00    0.108573347330093E+00   -0.950120314955711E-01   -0.113124921917915E+00
      -0.900541171431541E-01    0.147127926349640E+00    0.113753236830235E+00    0.120956212282181E+00    0.548696666955948E-01
      -0.102489748969674E-01    0.162228867411613E+00   -0.229504331946373E+00    0.438605993986130E-02   -0.161108866333961E+00
      -0.102258302271366E+00   -0.553374066948891E-01    0.998729467391968E-01   -0.115384787321091E+00    0.171949401497841E+00
      -0.173320442438126E+00    0.155733630061150E+00    0.233991928398609E-01    0.627262443304062E-01   -0.814065784215927E-01
      -0.330127738416195E-01   -0.140595659613609E+00    0.936146304011345E-01    0.121464319527149E+00   -0.416023992002010E-01
      -0.440521631389856E-02   -0.110820196568966E+00   -0.963941290974617E-01    0.908031240105629E-01    0.205035433173180E+00
       0.217943012714386E+00    0.432376042008400E-01    0.796262621879578E-01   -0.123336046934128E+00    0.180463612079620E+00
       0.133003711700439E+00    0.935375392436981E-01    0.179723441600800E+00    0.197280030697584E-01   -0.308933332562447E-01
      -0.181384280323982E+00   -0.247253552079201E-01    0.804605633020401E-01   -0.914010405540466E-01   -0.542447045445442E-01
       0.283662416040897E-01   -0.894957035779953E-01
      -0.707251131534576E-01    0.374302379786968E-01    0.687937363982201E-01    0.608621947467327E-01    0.112510465085506E+00
       0.166752085089684E+00   -0.347393266856670E-01    0.215174779295921E-01   -0.938008651137352E-01   -0.397882796823978E-01
       0.157489031553268E-01   -0.704368054866791E-01    0.226367581635714E-01    0.280425995588303E+00   -0.757645349949598E-02
       0.149460304528475E-01    0.304683819413185E-01   -0.870743319392204E-01    0.273152329027653E-01    0.187565192580223E+00
       0.216265290975571E+00    0.872658491134644E-01    0.404112748801708E-01   -0.101686984300613E+00   -0.447544269263744E-01
      -0.524558350443840E-01   -0.895419940352440E-01   -0.329245418310165E+00    0.104526400566101E+00   -0.791806355118752E-01
      -0.187702327966690E-01   -0.454818643629551E-01    0.249351203441620E+00   -0.141358934342861E-02   -0.109279714524746E-02
      -0.228485628962517E+00   -0.234335988759995E+00    0.190187022089958E-01   -0.126210197806358E+00    0.145873025059700E+00
       0.135811511427164E-02   -0.110561750829220E+00    0.108184456825256E+00   -0.657433792948723E-01   -0.210886806249619E+00
       0.174234062433243E-02    0.607007294893265E-01    0.954793617129326E-01   -0.996184125542641E-01   -0.580265671014786E-01
       0.126532539725304E+00    0.201670192182064E-01    0.761325508356094E-01    0.818974804133177E-02   -0.129926279187202E+00
       0.803143307566643E-01   -0.193990051746368E+00    0.126722306013107E-01   -0.164051592350006E+00   -0.180704481899738E-01
      -0.147178977727890E+00    0.694755837321281E-01    0.104942731559277E+00    0.132478013634682E+00    0.136546030640602E+00
      -0.143829081207514E-02    0.838014781475067E-01    0.326987728476524E-01    0.311638191342354E-01    0.645933672785759E-01
      -0.368870534002781E-01   -0.238571241497993E-01
       0.117927799001336E-01   -0.117777869105339E+00    0.102000765502453E+00    0.110625885426998E+00   -0.602452084422112E-01
       0.303323902189732E-01    0.707444846630096E-01    0.216676145792007E+00   -0.878007058054209E-02   -0.633359029889107E-01
      -0.134826838970184E+00    0.422732606530190E-01   -0.214303269982338E+00   -0.183334171772003E+00   -0.140926033258438E+00
      -0.485762488096952E-02    0.483977384865284E-01   -0.122753093019128E-01    0.237751062959433E-01    0.202765047550201E+00
      -0.326801910996437E-01    0.268642641603947E-01    0.100973345339298E+00   -0.497984513640404E-01   -0.342205129563808E-01
      -0.203662320971489E+00    0.239996373653412E+00   -0.102697191759944E-01   -0.829479396343231E-01   -0.249580387026072E-02
      -0.466385390609503E-02    0.679064244031906E-01    0.404193624854088E-01   -0.161839470267296E+00    0.464338771998882E-01
       0.199258267879486E+00    0.967326834797859E-01    0.770331695675850E-01    0.255113244056702E-01   -0.257509388029575E-01
      -0.854174569249153E-01   -0.223114229738712E-01   -0.403946220874786E+00    0.339507730677724E-02    0.320073589682579E-01
      -0.813054591417313E-01   -0.186146065592766E+00    0.728110596537590E-01    0.805394574999809E-01    0.738237127661705E-01
       0.525494404137135E-01    0.133523449301720E+00   -0.103661715984344E+00   -0.349357008934021E+00   -0.138018904253840E-01
      -0.137009873986244E+00    0.818517133593559E-01   -0.322205945849419E-01   -0.301642976701260E-01    0.342730373144150E+00
      -0.276160985231400E+00   -0.166366517543793E+00    0.490330755710602E-01   -0.125356793403625E+00   -0.717151537537575E-01
       0.165726035833359E+00    0.777240619063377E-01    0.107662416994572E+00   -0.229969099164009E-01   -0.486906133592129E-01
      -0.613293144851923E-02   -0.122734129428864E+00
      -0.507334023714066E-01   -0.506629534065723E-01   -0.132658397778869E-01    0.885825082659721E-01    0.105025678873062E+00
      -0.210851892828941E+00    0.775213837623596E-01    0.736499670892954E-02   -0.936675667762756E-01    0.117172807455063E+00
       0.673319622874260E-01   -0.116624355316162E+00    0.114123020321131E-01    0.221181690692902E+00    0.391599446535110E+00
      -0.128115311264992E+00   -0.115386554971337E-01    0.715217888355255E-01    0.805749967694283E-01   -0.262103229761124E+00
      -0.193255841732025E-01    0.345909804105759E+00   -0.532989203929901E-01   -0.203152388334274E+00    0.173135891556740E+00
       0.604206137359142E-01    0.225462689995766E-01    0.124313257634640E+00   -0.113821320235729E+00    0.109421968460083E+00
      -0.453586317598820E-01   -0.249662064015865E-02   -0.961154252290726E-01   -0.616505965590477E-01   -0.682909712195396E-01
       0.137853818014264E-01    0.880595296621323E-01    0.149332880973816E+00   -0.103530243039131E+00   -0.127771213650703E+00
       0.160118490457535E+00   -0.503205787390471E-02    0.966113731265068E-01    0.829158201813698E-01   -0.144520699977875E+00
      -0.682717636227608E-01   -0.117844551801682E+00    0.113352201879025E-01    0.246412865817547E-01    0.157146990299225E+00
      -0.130894452333450E+00   -0.325114745646715E-02   -0.200760781764984E+00    0.115420512855053E+00   -0.178705435246229E-02
       0.187909945845604E+00   -0.164482861757278E+00    0.133684724569321E-01   -0.901477038860321E-01   -0.797595083713531E-01
      -0.956763252615929E-01   -0.855500698089600E-01   -0.138283625245094E+00   -0.173878930509090E-01   -0.163980156183243E+00
       0.725296288728714E-01    0.215771533548832E-01    0.614286959171295E-01   -0.446403175592422E-01   -0.330368615686893E-01
       0.529692992568016E-01    0.555846132338047E-01
       0.181477889418602E+00    0.177747666835785E+00    0.228448770940304E-01    0.788071285933256E-02   -0.533205941319466E-01
      -0.154513061046600E+00    0.197841674089432E-01    0.716256722807884E-01    0.163292169570923E+00   -0.142924608662724E-01
      -0.801041126251221E-01   -0.124101236462593E+00    0.122438877820969E+00    0.239570915699005E+00   -0.110053941607475E+00
      -0.178021922707558E+00    0.329055190086365E+00    0.575847327709198E-01    0.990944877266884E-01   -0.252771377563477E-01
      -0.736014321446419E-01   -0.108717598021030E+00    0.147279456257820E+00    0.383651070296764E-01   -0.109322644770145E+00
       0.262551233172417E-01    0.621088743209839E-01   -0.338301658630371E-01    0.102455578744411E+00    0.248293038457632E-01
      -0.864458009600639E-01   -0.122196972370148E+00    0.726624801754951E-01   -0.162762761116028E+00   -0.811204388737679E-01
      -0.152851520106196E-01   -0.468269921839237E-02   -0.235479295253754E+00   -0.133663684129715E+00   -0.408016331493855E-01
       0.706303939223289E-01   -0.386409759521484E-01   -0.621428191661835E-01    0.174601718783379E+00   -0.936722662299871E-02
       0.117377363145351E+00    0.262090295553207E+00   -0.370374284684658E-01   -0.163438156247139E+00    0.501255132257938E-01
       0.411935374140739E-01    0.137341931462288E+00    0.112834855914116E+00   -0.460860952734947E-01   -0.993108749389648E-01
       0.996856242418289E-01    0.107011593878269E+00    0.184494420886040E+00   -0.103685051202774E+00   -0.128934755921364E+00
       0.716135501861572E-01   -0.844549462199211E-01    0.686338469386101E-01   -0.154594793915749E+00   -0.757994949817657E-01
       0.957064256072044E-01   -0.595908686518669E-01   -0.225943233817816E-02    0.962805077433586E-01    0.882836207747459E-01
       0.308067686855793E-01    0.462640076875687E-02
       0.116013519465923E+00    0.493424274027348E-01   -0.155037015676498E+00    0.138116637244821E-01    0.401564449071884E+00
       0.182020470499992E+00   -0.220613405108452E-01   -0.209357246756554E+00   -0.943353548645973E-01    0.642262026667595E-01
      -0.824723392724991E-01   -0.112376160919666E+00   -0.303926169872284E-01    0.270772069692612E+00    0.102109953761101E+00
      -0.112384073436260E+00    0.124056905508041E+00    0.230514526367188E+00    0.296187587082386E-03   -0.315590016543865E-01
      -0.533180907368660E-01   -0.111527197062969E+00   -0.153899028897285E+00    0.203537531197071E-01   -0.836801081895828E-01
      -0.481457859277725E-01   -0.600605458021164E-01   -0.293023809790611E-01   -0.138967214152217E-01   -0.477434322237968E-01
       0.758379418402910E-02    0.156194597482681E+00    0.354028120636940E-01    0.291378907859325E-01    0.458976626396179E-01
       0.199467390775681E-01   -0.555356442928314E-01   -0.421471484005451E-01   -0.272993035614491E-01    0.941632501780987E-02
       0.572095848619938E-01    0.355309434235096E-01    0.507053062319756E-01    0.280198939144611E-01   -0.117739722132683E+00
      -0.302992314100266E-01   -0.347789600491524E-01    0.112915359437466E+00    0.236804112792015E-01    0.105428084731102E+00
       0.904860123991966E-01    0.203358530998230E+00    0.907524004578590E-01    0.974826235324144E-02    0.304981581866741E-01
       0.663749054074287E-01    0.164168715476990E+00    0.148282647132874E+00   -0.651433765888214E-01    0.198831800371408E-01
       0.126398369669914E+00   -0.718933641910553E-01    0.195760559290648E-01   -0.717428475618362E-01   -0.729435980319977E-01
       0.117470450699329E+00    0.466148331761360E-01    0.516051463782787E-01    0.993142127990723E-01   -0.105670325458050E+00
      -0.893119126558304E-01    0.102432988584042E+00
       0.714361891150475E-01   -0.111271813511848E+00    0.303621143102646E-01    0.167949765920639E+00   -0.658050328493118E-01
       0.706572383642197E-01    0.115078888833523E+00    0.115139342844486E+00   -0.758414641022682E-01   -0.881367325782776E-01
       0.109597936272621E+00   -0.368675515055656E-01    0.177344426512718E+00   -0.164904370903969E-01   -0.448962599039078E-01
       0.172939747571945E+00    0.349848940968513E-01   -0.101911082863808E+00   -0.147724241018295E+00    0.126804605126381E+00
      -0.840643942356110E-01    0.633074417710304E-01    0.315995998680592E-01   -0.276242256164551E+00    0.278327763080597E+00
      -0.190687686204910E+00    0.987940132617950E-01    0.176082774996758E+00   -0.198066994547844E+00    0.124050155282021E+00
      -0.813666731119156E-01   -0.217960551381111E-01    0.653383806347847E-01    0.158660128712654E+00    0.746842622756958E-01
       0.529237762093544E-01    0.105380147695541E+00    0.401207152754068E-02    0.389288589358330E-01    0.436479113996029E-01
      -0.263346806168556E-01   -0.189416423439980E+00    0.481370612978935E-01   -0.504671446979046E-01    0.136477991938591E+00
       0.575455576181412E-01    0.201975360512733E+00    0.113719284534454E+00   -0.128048151731491E+00   -0.263000316917896E-01
      -0.232190951704979E+00   -0.747194886207581E-01    0.479152463376522E-01   -0.401154533028603E-01    0.687894001603127E-01
      -0.811809152364731E-01    0.390042103827000E-01   -0.146978974342346E+00    0.114410117268562E+00   -0.752230584621429E-01
       0.221458747982979E+00   -0.157432511448860E+00    0.233880355954170E-01    0.246983859688044E-02   -0.473168678581715E-01
       0.130230905488133E-01   -0.189576521515846E-01   -0.113943098112941E-01    0.773172304034233E-01   -0.140075860545039E-01
       0.264399856328964E+00    0.788615942001343E-01
       0.333699164912105E-02   -0.253104239702225E+00    0.245626360177994E+00    0.130149021744728E+00    0.293540954589844E+00
       0.102829001843929E+00    0.162870779633522E+00    0.117198407649994E+00    0.176737699657679E-01    0.584307126700878E-01
       0.282382331788540E-01    0.326874516904354E-01   -0.358655564486980E-01    0.335039645433426E-01    0.149252146482468E+00
       0.813927203416824E-01    0.153099536895752E+00   -0.128652499988675E-01   -0.303592719137669E-01   -0.115316212177277E+00
       0.845685228705406E-01   -0.541011914610863E-01   -0.439937002956867E-01    0.717261619865894E-02    0.174929723143578E+00
       0.468831695616245E-01    0.775699988007545E-01    0.241730846464634E-01   -0.207054823637009E+00   -0.103948153555393E+00
       0.317111402750015E+00   -0.856235474348068E-01   -0.437364354729652E-01    0.136311799287796E+00    0.156320676207542E+00
      -0.618975684046745E-01    0.348899140954018E-01   -0.631970763206482E-01    0.159174397587776E+00    0.109081923961639E+00
      -0.942634642124176E-01    0.257737282663584E-01    0.114227198064327E-01    0.354527719318867E-01   -0.633448362350464E-01
       0.424998477101326E-01    0.586443617939949E-01    0.651550441980362E-01    0.900559723377228E-01   -0.104648001492023E+00
       0.744135081768036E-01    0.165559470653534E+00    0.236941918730736E+00   -0.322744846343994E-01   -0.133867725729942E+00
      -0.327734090387821E-02    0.651171430945396E-01    0.926121994853020E-01    0.135147169232368E+00   -0.144262447953224E+00
       0.223560586571693E+00   -0.328205116093159E-01   -0.302094668149948E-01    0.875566750764847E-01    0.839527621865273E-01
       0.176206931471825E+00   -0.921956356614828E-02    0.503802709281445E-01   -0.135872825980186E+00   -0.232717357575893E-01
       0.239685103297234E+00   -0.757625773549080E-01
       0.812057629227638E-01   -0.174540534615517E+00   -0.368659906089306E-01   -0.243942160159349E-02   -0.444948434829712E+00
      -0.436191856861115E+00    0.321015059947968E+00   -0.267170891165733E-01    0.301670394837856E-01   -0.149406222626567E-01
      -0.261929444968700E-01   -0.121143445372581E+00    0.344527326524258E-02    0.438252501189709E-01   -0.798868164420128E-01
       0.708294808864594E-01    0.169844716787338E+00    0.978814437985420E-01   -0.102299459278584E+00    0.635876460000873E-02
       0.113442413508892E+00   -0.306614898145199E-01   -0.171877592802048E-01   -0.662158522754908E-02   -0.148188978433609E+00
      -0.347646176815033E-01   -0.406299605965614E-01   -0.493457578122616E-01   -0.150090968236327E-01   -0.106744967401028E+00
      -0.992186516523361E-01    0.132505342364311E+00    0.222637075930834E-01    0.827183667570353E-02    0.191279575228691E-01
       0.123439438641071E+00   -0.213127359747887E-01   -0.238293558359146E-01   -0.720153972506523E-01    0.178343504667282E+00
       0.792776048183441E-01   -0.136102691292763E+00    0.107650272548199E-02   -0.121437972411513E-01    0.274002850055695E+00
       0.194272056221962E+00    0.153007715940475E+00    0.686926022171974E-01   -0.111486770212650E+00   -0.863316059112549E-01
       0.410360544919968E-01    0.309757515788078E-01   -0.573704317212105E-01   -0.163243383169174E+00    0.816508457064629E-01
       0.155035093426704E+00   -0.746506378054619E-01   -0.290215641260147E+00   -0.923859607428312E-02    0.821093320846558E-01
      -0.332788340747356E-01    0.138664320111275E+00    0.703912973403931E-01    0.109456852078438E+00    0.102392293512821E+00
       0.388888865709305E-01    0.812050923705101E-01    0.486196428537369E-01    0.162547484040260E+00    0.450884923338890E-01
      -0.195204213261604E+00   -0.217547312378883E+00
      -0.340172238647938E-01    0.106490012258291E-01   -0.239614307880402E+00    0.150663917884231E-01    0.213958188891411E+00
       0.382360033690929E-01   -0.714592114090919E-01    0.311359465122223E-01    0.833394825458527E-01   -0.281420290470123E+00
       0.173779539763927E-01    0.168133661150932E+00   -0.261193424463272E+00    0.132540296763182E-01    0.361882001161575E-01
       0.122150899842381E-01   -0.103114090859890E+00   -0.329902507364750E-01   -0.816582664847374E-01   -0.106960004195571E-01
       0.138881117105484E+00   -0.168348059058189E+00    0.150651246309280E+00   -0.655934363603592E-01    0.132483184337616E+00
      -0.962544754147530E-01   -0.296681433916092E+00    0.444436520338058E-01    0.977400410920382E-02   -0.725724622607231E-01
      -0.243989937007427E-01    0.478208139538765E-01    0.196977719664574E+00   -0.287578284740448E+00   -0.584480985999107E-01
      -0.123594760894775E+00   -0.109964221715927E+00    0.497308745980263E-01   -0.468935295939445E-01   -0.127569707110524E-01
      -0.117905065417290E+00   -0.108738467097282E+00    0.292650669813156E+00   -0.116269066929817E+00    0.613435767591000E-01
      -0.311643481254578E-01   -0.128496468067169E+00   -0.137246757745743E+00    0.130637921392918E-01   -0.244838893413544E-01
      -0.303840860724449E-01    0.466787852346897E-01    0.811135545372963E-01   -0.444848760962486E-01   -0.775763615965843E-01
      -0.374598093330860E-01    0.130702331662178E+00   -0.184113502502441E+00   -0.224283367395401E+00   -0.145736619830132E+00
       0.881488248705864E-01    0.107087060809135E+00   -0.561160314828157E-02   -0.507638528943062E-01    0.112841792404652E+00
      -0.641173273324966E-01   -0.115393638610840E+00    0.150865048170090E+00    0.174335520714521E-01    0.344581417739391E-01
       0.159170061349869E+00    0.892866626381874E-01
      -0.929351001977921E-01   -0.139917403459549E+00   -0.214274063706398E+00    0.133592128753662E+00    0.144973158836365E+00
      -0.152563318610191E+00    0.152505952864885E-01   -0.358700789511204E-01   -0.116507217288017E+00    0.211327329277992E+00
       0.690890774130821E-01    0.624860785901546E-01   -0.176012925803661E-01    0.121471092104912E+00    0.243888393044472E+00
       0.892954468727112E-01    0.206623464822769E+00    0.102904058992863E+00    0.289119362831116E+00   -0.365018844604492E-01
      -0.360203273594379E-01    0.823149383068085E-01    0.286096110939980E-01    0.107849881052971E+00    0.101416155695915E+00
       0.709842192009091E-02    0.116043381392956E+00    0.105802446603775E+00   -0.171613916754723E-01   -0.616485476493835E-01
       0.106637164950371E+00   -0.202723473310471E+00   -0.927952770143747E-02    0.165182083845139E+00    0.119602099061012E+00
      -0.121019082143903E-01    0.502811968326569E-01    0.499062016606331E-01   -0.796261206269264E-01    0.692816525697708E-01
      -0.117411732673645E+00   -0.771344974637032E-01   -0.505566969513893E-02    0.552484281361103E-01   -0.382211878895760E-01
      -0.229083195328712E+00    0.476442696526647E-02   -0.208205766975880E-01    0.132005989551544E+00   -0.147271499037743E+00
      -0.812190324068069E-01    0.106213256716728E+00    0.619710274040699E-01    0.538450516760349E-01    0.858146324753761E-01
      -0.222058087587357E+00   -0.613818094134331E-01   -0.192790254950523E+00    0.552499443292618E-01    0.115401104092598E+00
      -0.908668488264084E-01    0.113959707319736E+00   -0.536645203828812E-01    0.120025925338268E+00   -0.128402486443520E+00
       0.739435181021690E-01    0.768598243594170E-01    0.187859788537025E+00    0.549899712204933E-01    0.509257502853870E-01
       0.168076887726784E+00    0.770603958517313E-02
      -0.358293280005455E-01    0.255219161510468E+00   -0.120194077491760E+00    0.147731825709343E-01   -0.394084393978119E+00
      -0.112583234906197E+00   -0.162735022604465E-02    0.405861176550388E-01    0.772505402565002E-01   -0.139291107654572E+00
      -0.540058389306068E-01   -0.731548815965652E-01   -0.644341260194778E-01   -0.754431560635567E-01   -0.191356942057610E+00
      -0.138736322522163E+00   -0.261109769344330E-01   -0.628694742918015E-01    0.143026700243354E-01    0.662858039140701E-01
      -0.162770897150040E+00    0.103668659925461E+00    0.576179102063179E-01    0.166778221726418E+00   -0.139263913035393E+00
      -0.177433297038078E+00    0.834425836801529E-01    0.164594948291779E-01    0.354735702276230E+00   -0.148702422156930E-01
      -0.257755368947983E+00    0.380485542118549E-01    0.208883509039879E+00   -0.551697835326195E-01    0.224708214402199E+00
       0.147919699549675E+00    0.151264309883118E+00   -0.787031054496765E-01   -0.108421975746751E-01   -0.472370833158493E-01
       0.133648678660393E+00   -0.458315387368202E-01    0.176429644227028E+00    0.107435859739780E+00    0.133093774318695E+00
      -0.150210574269295E+00   -0.631515961140394E-02   -0.269087105989456E-01    0.880557447671890E-01    0.155498236417770E+00
      -0.102537490427494E+00   -0.144989907741547E+00   -0.346170663833618E+00    0.439354255795479E-01   -0.146192178130150E+00
       0.937014743685722E-01    0.239738821983337E-01   -0.138016358017921E+00   -0.440523996949196E-01    0.729740411043167E-01
      -0.374364703893661E-01   -0.174245387315750E-01   -0.312675237655640E-01    0.302780792117119E-01   -0.192549183964729E+00
       0.707887262105942E-01   -0.646586194634438E-01    0.157738074660301E+00    0.180247008800507E+00   -0.779701098799706E-01
       0.482163503766060E-01   -0.114200189709663E+00
       0.209710821509361E+00    0.983553454279900E-01    0.908718258142471E-01    0.212524697184563E+00    0.625175416469574E+00
       0.609627485275269E+00    0.110450923442841E+00   -0.776430871337652E-02    0.227336119860411E-02    0.111666418612003E+00
       0.104425800964236E-01   -0.276773013174534E-01   -0.115828635171056E-01    0.154221966862679E+00    0.229153126478195E+00
       0.454611890017986E-01   -0.810279510915279E-03    0.127866879105568E+00   -0.491859614849091E-01   -0.354506634175777E-02
       0.509882951155305E-02   -0.503355227410793E-01   -0.272078998386860E-01   -0.119640469551086E+00    0.136307790875435E+00
       0.284126400947571E+00   -0.682324171066284E-01   -0.267413794994354E+00   -0.222407728433609E+00   -0.222577434033155E-02
      -0.301864258944988E-01    0.199480280280113E+00    0.109658971428871E+00   -0.145737066864967E+00    0.672432258725166E-01
      -0.187308609485626E+00   -0.153578042984009E+00    0.218965448439121E-01   -0.226080551743507E+00    0.260943800210953E+00
       0.858174562454224E-01    0.229348465800285E-01    0.214061900973320E+00    0.884320810437202E-01    0.243260711431503E+00
       0.145761653780937E+00    0.350842028856277E+00    0.277885049581528E-02    0.695213004946709E-01   -0.161183089017868E+00
       0.184460952877998E-01   -0.607548505067825E-01    0.164818406105042E+00    0.177074447274208E+00    0.125968813896179E+00
       0.597450360655785E-01    0.159425046294928E-01   -0.149527549743652E+00   -0.217635795474052E+00    0.208288356661797E-01
      -0.453266724944115E-01   -0.341402553021908E-02    0.695752575993538E-01   -0.153702497482300E+00   -0.144181281328201E+00
       0.232821509242058E+00    0.210955649614334E+00    0.135767728090286E+00    0.619300827383995E-01   -0.876451842486858E-03
       0.228068456053734E+00    0.147820264101028E+00
       0.873654782772064E-01    0.125673254951835E-01    0.390829518437386E-01    0.102122172713280E+00    0.652992278337479E-01
       0.137122645974159E+00   -0.533581152558327E-01   -0.156656906008720E+00   -0.208482742309570E-01   -0.625663027167320E-01
       0.562227927148342E-01    0.389406271278858E-01   -0.268583372235298E-01    0.619553960859776E-01    0.266186781227589E-01
      -0.168244585394859E+00    0.241366595029831E+00    0.730933621525764E-03    0.499401465058327E-01    0.415431242436171E-02
       0.100932359695435E+00   -0.127938583493233E+00    0.965392291545868E-01    0.864196568727493E-01   -0.607981681823730E-01
      -0.122612878680229E+00    0.115593701601028E+00   -0.220222882926464E-01   -0.503583922982216E-01   -0.152184709906578E+00
      -0.638803914189339E-01    0.864623263478279E-01    0.242608085274696E+00   -0.136613100767136E+00    0.194639801979065E+00
      -0.136842662468553E-01   -0.197030082345009E+00    0.602248199284077E-01   -0.518913902342319E-01    0.238232724368572E-01
      -0.508856438100338E-01    0.483004003763199E-01    0.136563658714294E+00   -0.881810858845711E-01    0.948274508118629E-01
       0.792069509625435E-01   -0.276039279997349E-01   -0.143166020512581E+00   -0.101928682997823E-01    0.185485795140266E+00
      -0.207667648792267E+00   -0.133453562855721E+00    0.190444901585579E+00    0.338097438216209E-01    0.766266211867332E-01
      -0.111647687852383E+00    0.216963157057762E+00   -0.396973751485348E-01    0.853162184357643E-01    0.139930456876755E+00
      -0.152818262577057E+00   -0.165689200162888E+00   -0.723887085914612E-01    0.677016898989677E-01    0.251520901918411E+00
      -0.530152916908264E-01    0.138699829578400E+00    0.481703737750649E-02    0.198351055383682E+00    0.140817970037460E+00
      -0.231689885258675E-01    0.127167671918869E+00
      -0.224781438708305E+00   -0.265923030674458E-01    0.385890109464526E-02   -0.170521870255470E+00   -0.714051574468613E-01
       0.476916991174221E-01   -0.489649269729853E-02   -0.197275094687939E-01    0.102852182462811E-01    0.162011608481407E+00
       0.203667916357517E-01   -0.132062375545502E+00   -0.106060691177845E-02   -0.766791123896837E-02   -0.123695597052574E+00
      -0.133299201726913E+00   -0.127269059419632E+00    0.462507717311382E-01    0.205048695206642E+00    0.214055702090263E+00
       0.206263646483421E+00    0.184949383139610E+00   -0.125633433461189E+00   -0.792751237750053E-01    0.700788274407387E-01
       0.146911572664976E-02   -0.142628714442253E+00    0.393688492476940E-01    0.193122029304504E+00    0.597263798117638E-01
       0.997984595596790E-02   -0.442983843386173E-01   -0.376466009765863E-02    0.824345722794533E-01    0.158674731850624E+00
       0.152081400156021E+00    0.182794183492661E+00   -0.272061750292778E-01   -0.620736330747604E-01   -0.140773216262460E-01
      -0.772620085626841E-02    0.298606380820274E-01    0.122707523405552E+00    0.584729947149754E-01    0.924045965075493E-01
       0.154060065746307E+00   -0.888924524188042E-01    0.320462845265865E-01   -0.333140902221203E-01    0.989835336804390E-01
       0.182417035102844E-01    0.787219926714897E-01    0.979710817337036E-01    0.886170491576195E-01    0.408866070210934E-01
      -0.996833965182304E-01    0.982151646167040E-02   -0.124702826142311E+00   -0.606096684932709E-01    0.481335744261742E-01
      -0.583529006689787E-02   -0.492805615067482E-01   -0.471710823476315E-01   -0.127823159098625E+00   -0.775179788470268E-01
      -0.285338535904884E-01    0.663797706365585E-01    0.272348761558533E+00    0.201264470815659E+00    0.232668533921242E+00
       0.104125775396824E+00   -0.790950804948807E-01
       0.209006905555725E+00    0.143801067024469E-01    0.336213201284409E+00   -0.101928599178791E+00   -0.334511071443558E+00
      -0.693677812814713E-01    0.221428126096725E-01    0.904831886291504E-01   -0.298441685736179E-01    0.118709309026599E-01
      -0.980152487754822E-01    0.132716102525592E-01    0.169671773910522E+00   -0.749467089772224E-01    0.126147404313087E+00
      -0.889541283249855E-01    0.880085304379463E-01   -0.476877391338348E-01    0.204457864165306E-01    0.313576124608517E-02
       0.551863536238670E-01    0.616702027618885E-01    0.489380769431591E-01   -0.158600628376007E+00    0.449600853025913E-01
       0.155509114265442E+00   -0.118729816749692E-01   -0.776786357164383E-01    0.728951692581177E-01    0.105638563632965E+00
       0.450833924114704E-01   -0.509536825120449E-01   -0.980953946709633E-01    0.188775002956390E+00   -0.286983847618103E-01
      -0.644278004765511E-01    0.746116489171982E-01    0.118964523077011E+00    0.303152687847614E-01    0.254216007888317E-01
       0.369256362318993E-01    0.131845369935036E+00    0.864508599042892E-01    0.136680677533150E-01    0.128690034151077E+00
       0.968686118721962E-01   -0.741274729371071E-01   -0.393202938139439E-01    0.709820017218590E-01   -0.770546123385429E-01
       0.517527945339680E-01   -0.128369867801666E+00   -0.363209284842014E-01    0.238661170005798E+00   -0.276398397982121E-01
      -0.629928931593895E-01   -0.133839109912515E-01    0.211060926318169E+00   -0.616104006767273E-01    0.305655039846897E-01
      -0.140163585543633E+00   -0.198686197400093E+00   -0.131722852587700E+00   -0.148717671632767E+00    0.171563163399696E+00
      -0.336086712777615E-01    0.635615140199661E-01   -0.497140884399414E-01    0.132284760475159E+00   -0.321944691240788E-01
       0.329573303461075E-01   -0.762148946523666E-01
      -0.197271600365639E+00    0.177179768681526E+00   -0.168603926897049E+00   -0.239720717072487E+00   -0.221349209547043E+00
      -0.184261530637741E+00   -0.152858020737767E-01    0.230454549193382E+00    0.225409567356110E+00   -0.777381584048271E-01
       0.251246523112059E-02    0.554663874208927E-02    0.237062089145184E-01   -0.117006987333298E+00   -0.416600331664085E-01
       0.217957228422165E+00    0.372257083654404E-01   -0.622454583644867E-01    0.127778127789497E+00    0.807590130716562E-02
       0.596234984695911E-01   -0.126116527244449E-01   -0.515566729009151E-01    0.319795668125153E+00    0.108549356460571E+00
      -0.941653847694397E-01    0.164721813052893E-01   -0.265867356210947E-02   -0.292444974184036E-01    0.110501736402512E+00
       0.930708199739456E-01    0.288101851940155E+00    0.123513691127300E+00    0.200216367840767E+00    0.247123055160046E-01
       0.735394470393658E-02   -0.129931837320328E+00    0.401672758162022E-01    0.898677632212639E-01    0.104496859014034E+00
      -0.550058633089066E-01    0.315519273281097E-01    0.815192237496376E-01    0.132954016327858E+00   -0.547538399696350E-01
       0.574969593435526E-02   -0.862069204449654E-01    0.592996925115585E-02   -0.837141349911690E-01    0.892055705189705E-01
       0.144084662199020E+00    0.467590875923634E-01   -0.894694402813911E-01    0.940297767519951E-01    0.307456143200397E-01
      -0.164573267102242E+00    0.125212356448174E+00    0.196999698877335E+00   -0.239903181791306E-01    0.246710911393166E+00
      -0.974442064762115E-01    0.523440279066563E-01    0.753122121095657E-01    0.511369183659554E-01   -0.115525081753731E+00
       0.123218772932887E-01   -0.214269235730171E+00   -0.334437936544418E-01   -0.587049350142479E-01    0.106304794549942E+00
      -0.180618435144424E+00   -0.752589479088783E-01
       0.158039376139641E+00    0.204126715660095E+00   -0.566020235419273E-01   -0.130454665049911E-01   -0.650737509131432E-01
      -0.140273243188858E+00   -0.792057961225510E-01    0.113942101597786E+00    0.971536245197058E-02    0.849533639848232E-02
      -0.147174552083015E+00    0.490068867802620E-01    0.231236755847931E+00   -0.140766143798828E+00   -0.775299370288849E-01
       0.136852189898491E+00    0.991865098476410E-01    0.482423044741154E-01   -0.101484961807728E+00    0.163069739937782E+00
       0.117462789639831E-01   -0.139267668128014E+00   -0.248380899429321E-01   -0.111825622618198E+00    0.674814507365227E-01
      -0.776522085070610E-01    0.157612696290016E+00    0.109394676983356E+00   -0.932940542697906E-01   -0.211315914988518E+00
       0.653158724308014E-01    0.976624414324760E-01   -0.136587724089622E+00    0.910064801573753E-01   -0.247211493551731E-01
      -0.785480961203575E-01    0.872280374169350E-01    0.275363057851791E+00   -0.102583831176162E-01    0.167072549462318E+00
      -0.561061799526215E-01    0.316573940217495E-01   -0.136817663908005E+00   -0.191615328192711E+00    0.960211902856827E-01
       0.127866808325052E-01    0.129564493894577E+00   -0.475627779960632E-01   -0.119380755349994E-01    0.525733590126038E+00
       0.958812609314919E-01    0.367113808169961E-02   -0.417321883141994E-01    0.472347140312195E-01   -0.719493478536606E-01
      -0.132016181945801E+00    0.378351435065269E-01   -0.407011844217777E-01   -0.565252527594566E-01    0.869100540876389E-01
       0.521901920437813E-01    0.180060297250748E+00   -0.311823710799217E-01    0.806014165282249E-01    0.913195759057999E-01
       0.872768014669418E-01    0.994374379515648E-01   -0.129134461283684E+00   -0.183679573237896E-01   -0.257709920406342E-01
       0.270803272724152E-01   -0.152770176529884E+00
   Bias in Layer   3
      -0.130126744508743E+00   -0.966168753802776E-02   -0.922343134880066E-01    0.921387225389481E-01    0.166061118245125E+00
      -0.571428127586842E-01    0.161639481782913E+00   -0.428105182945728E-01    0.733484551310539E-01    0.590964555740356E-01
      -0.131572365760803E+00   -0.552155859768391E-01    0.760624483227730E-01   -0.403657369315624E-02   -0.384369418025017E-01
      -0.494640357792377E-01    0.683646500110626E-01    0.466844625771046E-01   -0.139781951904297E+00    0.112588539719582E+00
      -0.199199929833412E+00   -0.173664048314095E+00    0.363687947392464E-01    0.317546501755714E-01    0.363412611186504E-01
      -0.211216837167740E+00    0.640391707420349E-01   -0.511507391929626E-01   -0.148908793926239E+00   -0.591597817838192E-01
       0.142753841355443E-01   -0.362993218004704E-01    0.245873436331749E+00    0.514670126140118E-01   -0.674310624599457E-01
      -0.956492945551872E-01    0.109866693615913E+00    0.237881019711494E+00   -0.428265184164047E-01   -0.249895781278610E+00
      -0.212887190282345E-01   -0.356372222304344E-01    0.123121142387390E+00   -0.554612614214420E-01   -0.131903454661369E+00
      -0.967155303806067E-02    0.404776483774185E-01    0.910615697503090E-01
   Weight in Layer   3
       0.442650467157364E-01    0.333835184574127E+00    0.110616803169250E+00   -0.152790173888206E+00    0.875658448785543E-02
      -0.199035368859768E-02   -0.169366002082825E+00    0.141936063766479E+00    0.585753880441189E-01   -0.112814612686634E+00
       0.514460802078247E-01   -0.151976734399796E+00    0.118006080389023E+00    0.118931733071804E+00   -0.304805375635624E-01
       0.130670398473740E+00    0.109449058771133E+00   -0.342174805700779E-01    0.311700880527496E+00    0.819985270500183E-01
      -0.106420293450356E+00    0.204093813896179E+00    0.203930571675301E+00    0.187662765383720E-01   -0.413542352616787E-01
      -0.130059495568275E+00    0.633259862661362E-01    0.123568192124367E+00   -0.121432900428772E+00    0.198807448148727E+00
       0.121134646236897E+00   -0.185715034604073E-03    0.167014241218567E+00   -0.784537568688393E-01   -0.537333637475967E-01
       0.181636914610863E+00    0.132273416966200E-01    0.761736705899239E-01   -0.145428597927094E+00    0.885757580399513E-01
       0.169052675366402E+00   -0.976799335330725E-02    0.118099667131901E+00   -0.353965193033218E+00   -0.445040278136730E-01
      -0.600906461477280E-01   -0.128187745809555E+00    0.495608635246754E-01   -0.111399710178375E+00   -0.870420560240746E-01
       0.795091837644577E-01    0.244471784681082E-01   -0.278490304946899E+00    0.479270145297050E-01   -0.224562004208565E+00
      -0.351015664637089E-01    0.173624604940414E-01   -0.117910742759705E+00   -0.317930243909359E-02    0.620136447250843E-01
      -0.142724201083183E+00   -0.204504467546940E-01    0.777723267674446E-01   -0.827465951442719E-01    0.139559283852577E+00
       0.171577885746956E+00   -0.389023125171661E-02   -0.205261483788490E+00    0.394732266664505E+00   -0.105777382850647E+00
      -0.137662617489696E-01    0.132354110479355E+00   -0.513623170554638E-01    0.942972302436829E-01    0.891000479459763E-01
       0.332428105175495E-01    0.185574114322662E+00   -0.723967254161835E-01   -0.480212680995464E-01   -0.138560429215431E+00
      -0.104978002607822E+00    0.807171761989594E-01   -0.482261832803488E-02    0.401465862989426E+00   -0.395270101726055E-01
      -0.128075173124671E-01   -0.166005015373230E+00    0.135901108384132E+00   -0.154796198010445E+00   -0.543066188693047E-01
       0.571843087673187E-01   -0.149799346923828E+00    0.437376387417316E-01    0.135236784815788E+00   -0.499191470444202E-01
      -0.332704372704029E-01    0.202123653143644E-01    0.162115439772606E+00   -0.497379377484322E-01   -0.105014570057392E+00
      -0.169026032090187E+00   -0.133913576602936E+00   -0.113608360290527E+00    0.861209444701672E-02    0.190745323896408E+00
      -0.139561938121915E-01    0.101432977244258E-01   -0.142985461279750E-01    0.864935070276260E-01   -0.138154998421669E+00
      -0.118766218423843E+00    0.130948871374130E+00    0.680174604058266E-01   -0.284658789634705E+00    0.719512924551964E-01
      -0.776100605726242E-01    0.113010779023170E+00   -0.515341311693192E-01   -0.361017324030399E-01   -0.117266297340393E+00
      -0.137365847826004E+00    0.487096607685089E-03   -0.190573945641518E+00    0.147318243980408E+00    0.854715108871460E-01
      -0.138277066871524E-01   -0.204496666789055E+00    0.729395225644112E-01   -0.140026375651360E+00   -0.141281902790070E+00
       0.161477386951447E+00    0.169153258204460E+00    0.962464138865471E-01    0.167627632617950E-01    0.108341388404369E+00
      -0.608210172504187E-02    0.276705384254456E+00   -0.538632571697235E-01   -0.954073593020439E-01   -0.152506992220879E+00
       0.482773631811142E-01    0.630049258470535E-01   -0.130735427141190E+00   -0.156414955854416E+00    0.524300225079060E-01
      -0.379571206867695E-01   -0.460968762636185E-01    0.120003879070282E+00   -0.153012260794640E+00   -0.141072854399681E+00
       0.484786182641983E-02    0.108755484223366E+00   -0.336440265178680E+00    0.755540356040001E-01    0.869510043412447E-02
      -0.917893126606941E-01   -0.767631232738495E-01   -0.133272493258119E-01   -0.127069652080536E-02   -0.255149789154530E-03
       0.147040560841560E+00    0.157842814922333E+00   -0.148557677865028E+00   -0.525635778903961E-01    0.268895411863923E-02
      -0.171275570988655E+00    0.315895229578018E-01   -0.355127379298210E-01    0.356874391436577E-01   -0.105503566563129E+00
      -0.619093254208565E-01   -0.194921001791954E+00   -0.207868456840515E+00    0.547870881855488E-01    0.154549777507782E+00
      -0.125113487243652E+00    0.245544575154781E-01    0.859112516045570E-01   -0.481131970882416E-01    0.137922927737236E+00
       0.143898218870163E+00   -0.776301696896553E-01    0.163278371095657E+00    0.573410000652075E-02    0.493449829518795E-01
       0.306933782994747E-01    0.136255145072937E+00    0.500855632126331E-01    0.888647735118866E-01    0.335093773901463E-01
       0.908677130937576E-01    0.122103862464428E+00   -0.116906901821494E-01   -0.397358760237694E-01   -0.279489643871784E-01
      -0.144431367516518E+00    0.260213285684586E+00    0.940358862280846E-01   -0.217530354857445E-01   -0.793724209070206E-01
       0.370969772338867E-01   -0.125025868415833E+00    0.179393757134676E-01   -0.135530158877373E+00    0.109252519905567E+00
       0.227418497204781E+00    0.858883038163185E-01   -0.135298639535904E+00    0.113219551742077E+00    0.192377001047134E+00
      -0.932046249508858E-01    0.928152799606323E-01   -0.135071799159050E+00   -0.715405493974686E-01    0.999039560556412E-01
      -0.212109647691250E-01   -0.114518821239471E+00    0.361533164978027E-01    0.174892544746399E+00    0.145443156361580E+00
      -0.517962127923965E-02   -0.829915925860405E-01   -0.135042190551758E+00    0.701472386717796E-01    0.906486287713051E-01
       0.257280729711056E-01   -0.116337120532990E+00   -0.200189590454102E+00   -0.589944273233414E-01   -0.190438240766525E+00
      -0.180189535021782E-01    0.179980278015137E+00   -0.243291668593884E-01    0.128782302141190E+00    0.231745213270187E+00
       0.503970719873905E-01   -0.210064262151718E+00    0.405435487627983E-01   -0.184022545814514E+00   -0.161334231495857E+00
      -0.286234058439732E-01   -0.409582033753395E-01   -0.101247675716877E+00    0.347927920520306E-01   -0.142381072044373E+00
      -0.985763967037201E-01    0.232700303196907E+00    0.502528995275497E-02   -0.182923823595047E+00    0.351493395864964E-01
       0.473349690437317E-01   -0.853098332881927E-01    0.229466646909714E+00   -0.158484488725662E+00    0.353162875398993E-02
      -0.110647171735764E+00    0.287150964140892E-01   -0.602707341313362E-01   -0.212762981653214E+00   -0.208663612604141E+00
       0.196059226989746E+00   -0.118509784340858E+00   -0.325058661401272E-01    0.724086612462997E-01   -0.183263570070267E+00
      -0.951469782739878E-02   -0.200509890913963E+00    0.916560217738152E-01    0.334660708904266E-01    0.196746923029423E-02
      -0.119844228029251E+00    0.936817228794098E-01   -0.884523838758469E-01    0.494428649544716E-01    0.198519881814718E-02
      -0.586921945214272E-01    0.318365216255188E+00    0.148890957236290E+00   -0.891684964299202E-01   -0.395290069282055E-01
      -0.151949286460876E+00   -0.175354443490505E-02    0.139645263552666E+00    0.517258159816265E-01    0.193108484148979E+00
       0.729228183627129E-01    0.217780068516731E+00   -0.191589578986168E+00   -0.168898805975914E+00   -0.961400642991066E-01
       0.576589703559875E-01   -0.243741288781166E+00    0.417095497250557E-01    0.272424876689911E+00    0.297646820545197E-01
      -0.757267177104950E-01    0.937276408076286E-01    0.127697050571442E+00   -0.139008522033691E+00    0.398758128285408E-01
       0.204235345125198E+00   -0.266149379312992E-01   -0.942974090576172E-01    0.146547019481659E+00   -0.127121537923813E+00
      -0.248826935887337E+00   -0.148232355713844E+00    0.157401293516159E+00   -0.163394823670387E+00   -0.357976742088795E-02
      -0.555546879768372E-01    0.187341094017029E+00    0.216115728020668E+00   -0.484310202300549E-01    0.263732671737671E+00
      -0.736176222562790E-01   -0.170306012034416E+00   -0.170257151126862E+00   -0.116728276014328E+00    0.112416073679924E+00
      -0.188562706112862E+00    0.171751342713833E-01    0.126428633928299E+00    0.611077360808849E-01   -0.634277015924454E-01
       0.249476730823517E+00   -0.677610039710999E-01    0.163372561335564E+00    0.306646339595318E-03    0.180992595851421E-01
       0.987724438309669E-01    0.740136206150055E-02   -0.877903774380684E-01    0.213305875658989E-01   -0.131061136722565E+00
      -0.305930152535439E-01    0.350819975137711E+00    0.500273704528809E-01    0.252462830394506E-02   -0.163635045289993E+00
      -0.639253631234169E-01    0.226782448589802E-01    0.107795465737581E-02   -0.205683633685112E+00   -0.358468368649483E-01
       0.170854136347771E+00   -0.105149187147617E+00    0.643651932477951E-01    0.207294642925262E+00   -0.319100767374039E-01
       0.857491269707680E-01   -0.206666700541973E-01    0.107621632516384E+00   -0.215963318943977E+00    0.915929153561592E-01
       0.343713089823723E-01    0.142372682690620E+00    0.594052672386169E-01   -0.773844048380852E-01    0.298208966851234E-01
       0.681483522057533E-01    0.103277869522572E+00    0.107988543808460E+00    0.720883831381798E-01    0.399331092834473E+00
      -0.798705667257309E-01    0.956582874059677E-01    0.268827825784683E+00   -0.249647423624992E+00    0.610829293727875E-01
       0.201428577303886E+00    0.945267453789711E-01    0.385944321751595E-01    0.906733945012093E-01    0.436300672590733E-01
      -0.219206288456917E-01   -0.675954446196556E-01    0.742968320846558E-01   -0.180292859673500E+00    0.118737984448671E-01
      -0.366583317518234E-01   -0.219755321741104E+00    0.277245640754700E-01    0.809556692838669E-01   -0.268433131277561E-01
      -0.294166594743729E+00    0.409986488521099E-01    0.585430338978767E-01   -0.554399490356445E-01    0.352027565240860E-01
      -0.864687934517860E-01    0.178585290908813E+00   -0.186736404895782E+00    0.969122499227524E-01   -0.439737699925900E-01
      -0.158208444714546E+00    0.338786914944649E-01    0.283644169569016E+00    0.639378931373358E-02   -0.311085619032383E-01
       0.530879013240337E-01    0.105978801846504E+00   -0.720060914754868E-01   -0.108547754585743E+00    0.949534997344017E-01
       0.392679944634438E-01    0.313324391841888E+00    0.107802122831345E+00   -0.644159689545631E-01    0.783550739288330E-01
       0.193972419947386E-02   -0.119889229536057E+00    0.887242183089256E-01   -0.496368743479252E-01   -0.540271997451782E-01
      -0.901389643549919E-01    0.557856597006321E-01   -0.129967123270035E+00   -0.156230643391609E+00   -0.135895937681198E+00
       0.323814675211906E-01   -0.265145003795624E-01   -0.672157332301140E-01   -0.136713206768036E+00   -0.873604640364647E-01
      -0.244175359606743E+00   -0.346865467727184E-01    0.140537157654762E+00    0.118162803351879E+00    0.181247189640999E+00
       0.107461690902710E+00   -0.156520456075668E+00   -0.144772291183472E+00    0.495244473218918E+00    0.234823618084192E-01
       0.261985540390015E+00   -0.108723975718021E+00    0.376603491604328E-01    0.145802170038223E+00    0.311139762401581E+00
      -0.950191318988800E-01    0.115234106779099E+00    0.917525961995125E-01   -0.198270455002785E-01    0.859464555978775E-01
       0.150426894426346E+00   -0.123416408896446E+00    0.153695404529572E+00   -0.233292058110237E-01    0.300253599882126E+00
      -0.485839247703552E-01    0.121221311390400E+00    0.169573932886124E+00   -0.987761840224266E-01    0.568635948002338E-02
      -0.634327456355095E-01    0.758327692747116E-01    0.529485680162907E-01   -0.529839992523193E-01    0.224663779139519E+00
       0.106871955096722E+00   -0.951220188289881E-02   -0.227093562483788E+00   -0.143156424164772E+00    0.109160784631968E-02
      -0.352566950023174E-01   -0.114110931754112E+00    0.139575198292732E+00    0.378014519810677E-04    0.181369915604591E+00
      -0.117232158780098E+00    0.175037145614624E+00    0.225796133279800E+00   -0.184384435415268E+00    0.108412541449070E+00
      -0.460705757141113E-01    0.136734753847122E+00   -0.476302281022072E-01   -0.112208262085915E+00   -0.167300298810005E+00
      -0.205678939819336E+00   -0.185320317745209E+00    0.701528787612915E-01   -0.135804727673531E+00   -0.715982392430305E-01
       0.408231541514397E-01    0.292559945955873E-02   -0.553265437483788E-01   -0.145013341680169E-01   -0.450313165783882E-01
      -0.167784124612808E+00    0.752616748213768E-01   -0.117424413561821E+00    0.139154270291328E+00    0.770395398139954E-01
       0.336508452892303E-02    0.211677640676498E+00    0.433118604123592E-01    0.261780284345150E-01    0.621000900864601E-01
      -0.373304150998592E-01   -0.130740180611610E-02   -0.821669697761536E-01   -0.623366236686707E-01    0.131528247147799E-01
      -0.126660674810410E+00   -0.714057460427284E-01    0.111965946853161E+00    0.522840805351734E-01   -0.134258404374123E+00
      -0.127584666013718E+00   -0.189822204411030E-01   -0.311889983713627E-01    0.108421474695206E+00   -0.138307750225067E+00
      -0.267037302255630E+00    0.171265646815300E+00   -0.907952617853880E-02   -0.630621761083603E-01   -0.549925342202187E-01
      -0.976296216249466E-01   -0.116050124168396E+00   -0.188951939344406E-01   -0.206288695335388E+00   -0.623687803745270E-01
      -0.211180150508881E-01    0.315772771835327E+00    0.920553654432297E-01   -0.700758472084999E-01   -0.163669362664223E+00
       0.308933705091476E-01    0.367428123950958E+00   -0.384841710329056E-01    0.652388706803322E-01    0.121304541826248E+00
       0.129600942134857E+00   -0.757526829838753E-01    0.155754303559661E-01   -0.162736028432846E+00    0.141460716724396E+00
       0.448329336941242E-01   -0.594956576824188E-01    0.950910337269306E-02   -0.231229104101658E-01    0.882707685232162E-01
      -0.176692858338356E+00   -0.229223445057869E-01    0.112492658197880E+00   -0.659115165472031E-01    0.189342442899942E-02
      -0.193171501159668E+00   -0.122914433479309E+00   -0.877340286970139E-01    0.236942201852798E+00    0.259833075106144E-01
       0.878765508532524E-01    0.223611310124397E+00    0.148200497031212E+00    0.142807096242905E+00    0.149693377315998E-01
       0.211683094501495E+00   -0.137492576614022E-01   -0.249952331185341E+00    0.161138787865639E+00   -0.820583198219538E-02
      -0.439297631382942E-01    0.109947308897972E+00    0.114406362175941E+00   -0.260097198188305E-01   -0.888064801692963E-01
      -0.966825783252716E-01    0.133177280426025E+00    0.551383458077908E-01    0.214978680014610E+00   -0.649741888046265E-01
       0.204172313213348E+00    0.490999147295952E-01    0.400562763214111E+00   -0.133651345968246E+00   -0.124528229236603E+00
       0.151147738099098E+00   -0.193512797355652E+00   -0.123211322352290E-01    0.150396406650543E+00   -0.932442322373390E-01
       0.771039631217718E-02   -0.543304905295372E-01    0.236455693840981E+00    0.301745124161243E-01   -0.591588988900185E-01
      -0.122136890888214E+00   -0.927790105342865E-01   -0.145351633429527E+00   -0.762818604707718E-01    0.111677177250385E+00
       0.475549548864365E-01    0.306167155504227E-01    0.199368670582771E+00    0.137027785181999E+00    0.603325702250004E-01
      -0.767415016889572E-01    0.245510905981064E+00   -0.905106067657471E-01    0.126384213566780E+00   -0.112052842974663E+00
      -0.233106777071953E+00    0.164341688156128E+00    0.123933903872967E+00    0.428938232362270E-01    0.499428287148476E-01
       0.231809630990028E+00   -0.157449170947075E+00    0.991037115454674E-01   -0.777730718255043E-01    0.464282855391502E-01
       0.391999669373035E-01    0.189245358109474E+00   -0.107990093529224E+00   -0.181128710508347E+00   -0.277000144124031E-01
       0.123204469680786E+00    0.469677001237869E-01    0.397393777966499E-01   -0.209792889654636E-01    0.916366875171661E-01
       0.218301072716713E+00    0.125790581107140E+00    0.760073773562908E-03   -0.576397329568863E-01    0.168350972235203E-01
       0.305938184261322E+00    0.103442780673504E+00    0.176960498094559E+00   -0.158513739705086E+00   -0.150238156318665E+00
      -0.271460451185703E-01   -0.156183034181595E+00   -0.112918391823769E-02   -0.473847836256027E-01    0.492978394031525E-01
       0.207242757081985E+00   -0.998088270425797E-01   -0.111065516248345E-01   -0.192172527313232E+00   -0.185762360692024E+00
       0.182640999555588E-01    0.463573820888996E-01   -0.305772274732590E-01    0.156367309391499E-01   -0.141656935214996E+00
      -0.327096283435822E-01    0.297672957181931E+00    0.790946707129478E-01    0.215556561946869E+00   -0.163827329874039E+00
       0.186280161142349E+00    0.664001330733299E-01    0.108517207205296E+00   -0.724987220019102E-02    0.103627622127533E+00
       0.105636782944202E+00   -0.117681398987770E+00   -0.132348254323006E+00   -0.981372892856598E-01    0.980772972106934E-01
       0.968347415328026E-01   -0.165195405483246E+00   -0.105365701019764E+00    0.142350807785988E+00    0.504023991525173E-01
       0.701854377985001E-01    0.300339385867119E-01   -0.307561278343201E+00    0.123197652399540E+00    0.132286772131920E+00
       0.123346082866192E+00   -0.415032617747784E-01    0.311474651098251E-01   -0.221990227699280E+00   -0.168353170156479E-01
      -0.692780241370201E-01   -0.797859132289886E-01   -0.251009553670883E+00    0.227851346135139E-01   -0.160404257476330E-01
       0.102949738502502E-01   -0.677019208669662E-01    0.150124937295914E+00   -0.253733038902283E+00   -0.141180744394660E-01
      -0.123220130801201E+00    0.105707786977291E+00   -0.752481892704964E-01   -0.897476449608803E-01    0.118446663022041E+00
      -0.452096275985241E-01    0.118205770850182E+00    0.299336155876517E-02   -0.226452909410000E-01   -0.533846244215965E-01
      -0.156017750501633E+00    0.110410593450069E+00    0.143695577979088E+00    0.111966706812382E+00   -0.332576781511307E-01
      -0.786763429641724E-01   -0.121157377958298E+00    0.684451311826706E-01    0.758696794509888E-01    0.198637038469315E+00
       0.151799231767654E+00   -0.398958176374435E-01   -0.276353150606155E+00   -0.461409352719784E-01   -0.109184822067618E-01
      -0.135453129187226E-01   -0.261514365673065E+00    0.179930366575718E-01   -0.702603012323380E-01    0.175134465098381E+00
       0.750488340854645E-01   -0.613415092229843E-01    0.195899158716202E+00   -0.154434842988849E-01    0.850267484784126E-01
      -0.168615542352200E-01   -0.140986755490303E+00   -0.176141813397408E+00   -0.109525963664055E+00    0.101516887545586E+00
       0.103649176657200E+00   -0.135483309626579E+00   -0.116415083408356E+00    0.585519783198833E-01    0.124050542712212E+00
       0.236813440918922E+00   -0.286207079887390E+00   -0.778604000806808E-01   -0.432269312441349E-01   -0.227945521473885E+00
       0.627900063991547E-01   -0.151416704058647E+00   -0.668998509645462E-01   -0.721652526408434E-02   -0.168289951980114E-01
      -0.945500954985619E-01    0.242057908326387E-02    0.146126046776772E+00    0.391845889389515E-01    0.499084480106831E-01
       0.518423095345497E-01    0.385533012449741E-01   -0.740779265761375E-01   -0.554210022091866E-01    0.793758220970631E-02
      -0.111664056777954E+00    0.163115903735161E+00   -0.122909933328629E+00   -0.798405706882477E-01    0.221641525626183E+00
       0.926049351692200E-01    0.225706443190575E+00    0.222524534910917E-01    0.293915197253227E-01    0.233680903911591E+00
       0.188258066773415E-01    0.368794761598110E-01   -0.655895248055458E-01   -0.383971445262432E-01   -0.402672588825226E-01
      -0.116346165537834E+00    0.725401341915131E-01    0.954337492585182E-01    0.736977756023407E-01   -0.714391618967056E-01
      -0.538559556007385E-01    0.155926078557968E+00    0.986968800425529E-01   -0.878231693059206E-02    0.764401033520699E-01
       0.164884462952614E+00    0.895837098360062E-01   -0.215179815888405E+00    0.962743908166885E-01   -0.245594933629036E+00
      -0.739643201231956E-01    0.309175997972488E-01   -0.476898886263371E-01   -0.861978009343147E-01    0.136562913656235E+00
      -0.103829661384225E-01   -0.249737128615379E-01    0.531605891883373E-01   -0.115677878260612E+00    0.141523450613022E+00
      -0.186613410711288E+00   -0.905297473073006E-01    0.398463569581509E-01    0.316264778375626E+00   -0.108804190531373E-01
       0.247893445193768E-01    0.111883863806725E+00   -0.276571601629257E+00   -0.103103846311569E+00    0.865077748894691E-01
       0.158048421144485E+00    0.796130225062370E-01    0.396832413971424E-01    0.795336589217186E-01    0.131628900766373E+00
       0.307946316897869E-01    0.616045109927654E-01   -0.156038820743561E+00   -0.240718945860863E+00    0.593103207647800E-01
       0.134186431765556E+00   -0.239941403269768E+00   -0.278096199035645E+00    0.576452016830444E-01   -0.117680067196488E-01
       0.116609059274197E+00   -0.247248157858849E+00    0.104497000575066E+00   -0.766599271446466E-02   -0.145423695445061E+00
       0.480028763413429E-01    0.292371772229671E-01   -0.112224884331226E+00    0.514843054115772E-01    0.184400513768196E+00
       0.437717847526073E-01    0.196002852171659E-01   -0.121292814612389E+00   -0.601387396454811E-01    0.125098869204521E+00
       0.349779613316059E-01   -0.418411791324615E-01   -0.408297739923000E-01   -0.109399080276489E+00   -0.262888401746750E+00
      -0.124812964349985E-02    0.144747540354729E+00    0.159708157181740E+00    0.424832664430141E-01   -0.158376768231392E+00
       0.100074373185635E+00   -0.257293611764908E+00   -0.129524366930127E-01    0.639235973358154E-01   -0.744718909263611E-01
      -0.822935253381729E-04    0.537998713552952E-01   -0.446582306176424E-02   -0.270344048738480E+00    0.159676298499107E+00
       0.775502994656563E-01   -0.809180215001106E-01   -0.687549710273743E-01   -0.446174070239067E-01    0.126735687255859E+00
       0.583483986556530E-01   -0.303745493292809E-01   -0.504209138453007E-01   -0.112586254253983E-01   -0.116788506507874E+00
       0.150276884436607E+00   -0.406687967479229E-01    0.222150348126888E-01    0.268985450267792E+00    0.112515971064568E+00
      -0.914093852043152E-01    0.159761562943459E+00   -0.400827303528786E-01   -0.448623299598694E-01    0.256631731987000E+00
       0.473319962620735E-01   -0.184114933013916E+00    0.124585859477520E+00    0.139125540852547E+00   -0.192849814891815E+00
       0.123659022152424E+00    0.340763553977013E-01    0.133938007056713E-01    0.212569147348404E+00   -0.882174819707870E-01
      -0.346963703632355E-01    0.517463088035583E-01   -0.223255440592766E+00   -0.210880115628242E-01    0.113315485417843E+00
       0.166227474808693E+00    0.226805880665779E-01    0.452904626727104E-01    0.142306774854660E+00   -0.723411813378334E-01
      -0.215137779712677E+00    0.158691689372063E+00   -0.194385156035423E+00    0.492327958345413E-01   -0.634392276406288E-01
      -0.163944661617279E+00    0.132030472159386E+00    0.243346802890301E-01    0.888726934790611E-01    0.108695011585951E-01
      -0.206812575459480E+00    0.127829939126968E+00    0.622517429292202E-01    0.112070851027966E+00    0.825161933898926E-01
      -0.306343436241150E-01    0.276893042027950E-01    0.828590467572212E-01    0.117671526968479E+00   -0.320314317941666E-01
      -0.777778476476669E-01   -0.117167472839355E+00    0.278099060058594E+00    0.900760740041733E-01   -0.124110445380211E+00
       0.530898850411177E-02    0.527357868850231E-01   -0.102386005222797E+00    0.124308653175831E+00    0.275504626333714E-01
      -0.820411294698715E-01   -0.767135769128799E-01    0.522062974050641E-02    0.985751971602440E-01    0.582064911723137E-01
       0.107074834406376E+00    0.935968831181526E-01   -0.960688591003418E-01   -0.197301149368286E+00    0.204886198043823E+00
      -0.172704085707664E-01    0.790754556655884E-01   -0.136277824640274E+00    0.945754870772362E-01    0.116721831262112E+00
       0.213621612638235E-01    0.356392115354538E+00    0.114836402237415E+00   -0.104185216128826E+00   -0.136267676949501E+00
       0.120306655764580E+00    0.368425399065018E-01   -0.840647518634796E-01    0.776636078953743E-01    0.112255595624447E+00
      -0.304320156574249E+00    0.102292843163013E+00    0.185464844107628E-01   -0.160519286990166E+00    0.192370191216469E+00
       0.132225319743156E+00    0.214131921529770E+00    0.114239580929279E+00   -0.445234682410955E-02    0.111527368426323E+00
       0.280730389058590E-01   -0.797453224658966E-01    0.156650736927986E+00    0.102671422064304E+00    0.107553973793983E+00
       0.297652892768383E-01   -0.775684937834740E-01   -0.951520204544067E-01    0.291645735502243E+00   -0.356374904513359E-01
      -0.164223819971085E+00   -0.100462399423122E+00   -0.859490334987640E-01   -0.807162523269653E-01    0.828040987253189E-01
       0.868146121501923E-01   -0.173237174749374E+00   -0.429608225822449E-01   -0.116831287741661E+00   -0.152712300419807E+00
       0.410150960087776E-01    0.146353412419558E-01    0.116353571414948E+00    0.159395024180412E+00    0.257463790476322E-01
      -0.109072647988796E+00    0.193247906863689E-01   -0.105993025004864E+00   -0.141997775062919E-01   -0.159338451921940E-01
      -0.863453745841980E-01    0.205606520175934E+00    0.540249235928059E-01   -0.693723186850548E-01    0.794686451554298E-01
      -0.516134239733219E-01   -0.105896055698395E+00   -0.116633236408234E+00   -0.950530767440796E-01    0.127851039171219E+00
       0.712638944387436E-01   -0.216182917356491E+00   -0.172292470932007E+00   -0.229979127645493E+00   -0.697068423032761E-01
       0.142988916486502E-01    0.427764356136322E-01   -0.194698154926300E+00   -0.339391194283962E-01    0.789133086800575E-01
      -0.151644125580788E+00    0.233056902885437E+00   -0.466491952538490E-01    0.105582676827908E+00   -0.192180611193180E-01
      -0.476617179811001E-01    0.844874754548073E-01   -0.698517039418221E-01   -0.698395352810621E-02    0.678975358605385E-01
       0.217563331127167E+00   -0.822293683886528E-01    0.263958036899567E+00   -0.405040718615055E-01    0.128840938210487E+00
       0.305019319057465E-01    0.395399704575539E-01   -0.306126981973648E+00    0.959099754691124E-01   -0.906658023595810E-01
       0.325052112340927E+00   -0.153271272778511E+00   -0.330563448369503E-01    0.967471301555634E-01   -0.110407277941704E+00
      -0.113462649285793E+00   -0.172745697200298E-01    0.994297266006470E-01    0.136028945446014E+00    0.264829359948635E-01
       0.520812757313251E-01    0.848028156906366E-02    0.175292357802391E+00   -0.161056950688362E+00   -0.251090228557587E+00
       0.136375073343515E-01    0.619411505758762E-01   -0.924187973141670E-01    0.341684669256210E-01   -0.306825861334801E-01
       0.305070653557777E-01    0.246840208768845E+00   -0.209045514464378E+00    0.560836158692837E-01    0.100449413061142E+00
      -0.941260829567909E-01    0.712522119283676E-01   -0.340028218924999E-01   -0.106311077252030E-01    0.719928294420242E-01
       0.324529670178890E-01    0.879170224070549E-01   -0.838418230414391E-01    0.122193217277527E+00   -0.679615363478661E-01
      -0.178708165884018E+00    0.149031534790993E+00   -0.187722086906433E+00   -0.976337566971779E-01   -0.418099761009216E-01
      -0.270410440862179E-03   -0.824995711445808E-01    0.504231862723827E-01    0.172770291566849E+00   -0.272249281406403E-01
       0.102165639400482E+00   -0.948197543621063E-01    0.167132496833801E+00    0.113866552710533E+00   -0.142545625567436E+00
      -0.713772624731064E-01   -0.109724819660187E+00    0.116348594427109E+00    0.113516502082348E+00   -0.157142609357834E+00
      -0.231922641396523E-01    0.371789149940014E-01   -0.353775054216385E+00   -0.728882402181625E-01    0.951355043798685E-02
       0.159902140498161E+00   -0.204569369554520E+00    0.284702070057392E-01    0.304053276777267E+00    0.455632852390409E-02
      -0.240072309970856E-01   -0.481130108237267E-01    0.372135266661644E-01    0.166732937097549E+00   -0.238310188055038E+00
      -0.568621978163719E-01   -0.369990393519402E-01    0.184975177049637E+00   -0.164521142840385E+00   -0.175908759236336E+00
       0.692035108804703E-01    0.452880784869194E-01   -0.669663120061159E-02   -0.547826141119003E-01   -0.112916335463524E+00
      -0.216395258903503E+00    0.217591583728790E+00   -0.282930135726929E+00   -0.182814866304398E+00   -0.117888867855072E+00
      -0.126174716278911E-01    0.905507281422615E-01    0.829852595925331E-01   -0.246198251843452E+00    0.397876240313053E-01
      -0.127365931868553E+00    0.209693592041731E-01    0.106105104088783E+00    0.121967412531376E+00   -0.305306851863861E+00
       0.174520269036293E+00   -0.786993280053139E-01   -0.468892641365528E-01    0.239463686943054E+00   -0.327599979937077E-01
      -0.362261891365051E+00    0.669236853718758E-01   -0.205183431506157E+00   -0.877056643366814E-01   -0.133762374520302E+00
       0.188960239291191E+00   -0.126789018511772E+00    0.519011616706848E-01   -0.247066155076027E+00   -0.254485867917538E-01
      -0.263436585664749E+00    0.926481783390045E-01    0.375742018222809E-01   -0.589990019798279E-01    0.148644044995308E+00
      -0.960831623524427E-02    0.992871299386024E-01    0.118560805916786E+00   -0.171669438481331E+00   -0.242957279086113E+00
      -0.157627701759338E+00    0.569948218762875E-01    0.200787842273712E+00   -0.606693699955940E-01    0.192721169441938E-01
       0.104415498673916E+00   -0.191885381937027E-01   -0.523641780018806E-01   -0.343839675188065E-01    0.244343519210815E+00
       0.213643088936806E+00   -0.143250554800034E+00   -0.426907092332840E-02   -0.308580361306667E-01    0.456924736499786E-01
      -0.168312683701515E+00    0.137933447957039E+00   -0.162612080574036E+00    0.542134372517467E-02    0.609654076397419E-01
       0.828876812011003E-02    0.292185060679913E-01    0.196611851453781E+00   -0.770340561866760E-01   -0.101678296923637E+00
       0.237795971333981E-01   -0.186839476227760E+00    0.128419339656830E+00   -0.998445376753807E-01    0.206846982240677E+00
       0.216158870607615E-01    0.348163284361362E-01    0.408125035464764E-01   -0.209912359714508E+00   -0.122065246105194E+00
       0.167217537760735E+00    0.711495988070965E-03   -0.216782748699188E+00    0.183873906731606E+00    0.620706379413605E-01
       0.176223292946815E+00    0.172258503735065E-01   -0.191873162984848E-01   -0.171289756894112E+00   -0.763167813420296E-01
       0.989667475223541E-01    0.923275649547577E-01    0.736746937036514E-01    0.255800187587738E+00    0.125539034605026E+00
       0.190901666879654E+00   -0.200901433825493E+00   -0.196513712406158E+00   -0.273810088634491E+00    0.134244740009308E+00
       0.175325065851212E+00    0.476416423916817E-01   -0.226807862520218E+00    0.185697048902512E+00    0.229546397924423E+00
       0.118233628571033E+00    0.129607897251844E-01    0.169498920440674E+00    0.234168604016304E+00   -0.505530126392841E-01
       0.113556988537312E+00   -0.271395206451416E+00   -0.323859564960003E-01    0.144299760460854E+00   -0.887840017676353E-01
      -0.136480078101158E+00   -0.465286150574684E-02   -0.103513650596142E+00   -0.790537428110838E-02    0.104744620621204E+00
      -0.184632331132889E+00   -0.155521512031555E+00   -0.479696281254292E-01    0.755384117364883E-01    0.372933819890022E-01
       0.176823541522026E+00    0.100231856107712E+00    0.277248658239841E-01    0.100974164903164E+00   -0.418095588684082E-01
       0.163102373480797E+00    0.206104114651680E+00    0.762100666761398E-01   -0.125459164381027E+00   -0.493015348911285E-01
       0.713140517473221E-01   -0.373560748994350E-02    0.943031683564186E-01   -0.171788595616817E-02    0.102517195045948E+00
       0.802596807479858E-01    0.150016788393259E-02    0.617001252248883E-02    0.238126829266548E+00    0.119364090263844E+00
      -0.162789709866047E-01   -0.575210154056549E-01    0.312670648097992E+00   -0.636519864201546E-01   -0.836958363652229E-01
       0.119424924254417E+00   -0.679191797971725E-01    0.941135212779045E-01    0.148102641105652E-01   -0.145340546965599E+00
       0.876711905002594E-01    0.665379092097282E-01    0.402962639927864E-01    0.587906502187252E-01    0.564810372889042E-01
      -0.133548572659492E+00   -0.107426382601261E+00    0.113834328949451E+00    0.604444369673729E-01    0.139264971017838E+00
      -0.154760731384158E-01   -0.266175456345081E-01    0.960490107536316E-01   -0.135245755314827E+00    0.150910705327988E+00
      -0.152638331055641E+00    0.164216637611389E+00    0.436595641076565E-02   -0.102351494133472E+00    0.393406152725220E-01
      -0.196540765464306E-01   -0.280396938323975E-01    0.212455913424492E+00   -0.705883130431175E-01   -0.113249585032463E+00
       0.153352364897728E+00   -0.236786268651485E-01   -0.446812435984612E-02    0.461823958903551E-02    0.763641893863678E-01
      -0.735364332795143E-01    0.150528043508530E+00    0.118045978248119E+00   -0.114810794591904E+00   -0.304872602224350E+00
      -0.249716207385063E+00   -0.115259096026421E+00    0.349104031920433E-01   -0.862294360995293E-01    0.104390218853951E+00
      -0.202528536319733E+00   -0.781544204801321E-02    0.350726433098316E-01   -0.123921528458595E+00    0.378126390278339E-01
       0.210891932249069E+00   -0.918549671769142E-01    0.254766047000885E+00    0.158920213580132E+00    0.283003114163876E-01
      -0.277103856205940E-01    0.514736846089363E-01   -0.114611163735390E+00   -0.326330363750458E-01   -0.475220978260040E-01
      -0.568392593413591E-02   -0.372492708265781E-02   -0.131806656718254E+00   -0.157926425337791E+00   -0.230232737958431E-01
       0.578089319169521E-01    0.146903112530708E+00   -0.119208097457886E+00   -0.277252793312073E-01   -0.602721348404884E-01
       0.294133350253105E-01   -0.170549839735031E+00   -0.895849838852882E-01   -0.214939966797829E+00   -0.519510656595230E-01
      -0.730296969413757E-01    0.213031917810440E+00   -0.102029405534267E+00    0.130639478564262E+00    0.164015382528305E+00
       0.995505377650261E-01    0.251991953700781E-02   -0.157328903675079E+00    0.233779668807983E+00   -0.401407480239868E-03
       0.403647646307945E-01   -0.765975937247276E-01   -0.235950089991093E-01    0.140529945492744E-01    0.890835523605347E-01
       0.495418272912502E-01   -0.209613263607025E+00   -0.349476449191570E-01    0.605034232139587E-01    0.195914447307587E+00
       0.315082252025604E+00    0.425496324896812E-01    0.211186613887548E-01   -0.293827150017023E-02   -0.500807352364063E-01
      -0.927285924553871E-01   -0.387939922511578E-01   -0.176198437809944E+00    0.679663196206093E-01    0.116430059075356E+00
      -0.571568682789803E-01   -0.893913879990578E-01    0.198073342442513E+00    0.145251274108887E+00   -0.805679634213448E-01
       0.248791635036469E+00    0.836412608623505E-01    0.200770586729050E+00   -0.166529610753059E+00   -0.966418087482452E-01
       0.527271665632725E-01   -0.489257127046585E-01   -0.110401950776577E+00    0.475821606814861E-01   -0.254664085805416E-01
       0.456947200000286E-01    0.231342375278473E+00   -0.565328896045685E-01    0.566608756780624E-01    0.918695777654648E-01
       0.552383586764336E-01   -0.409229964017868E+00    0.268609881401062E+00   -0.227722227573395E+00    0.257578352466226E-02
      -0.494051575660706E-01   -0.305216126143932E-01    0.108022481203079E+00    0.610526576638222E-01   -0.637364387512207E-01
      -0.195533722639084E+00    0.134899988770485E+00   -0.102408923208714E+00    0.819058194756508E-01   -0.159520983695984E+00
       0.509904213249683E-01    0.975011065602303E-01   -0.114586390554905E+00    0.719067826867104E-01   -0.189928337931633E-03
      -0.319626629352570E-01    0.513352751731873E-01    0.176945015788078E+00    0.112230941653252E+00    0.184586271643639E-01
      -0.454212389886379E-01    0.809634327888489E-01    0.102085061371326E-01    0.112436622381210E+00    0.186467811465263E+00
       0.659389197826385E-01    0.195681989192963E+00    0.140758961439133E+00    0.217737182974815E-01   -0.270782858133316E-01
       0.948112905025482E-01   -0.165271311998367E+00   -0.816519781947136E-01   -0.456265285611153E-01    0.227406948804855E+00
       0.147393867373466E+00    0.397997573018074E-01   -0.155206158757210E+00   -0.547980815172195E-01    0.750525891780853E-01
       0.160736083984375E+00   -0.102327339351177E+00   -0.895595829933882E-02    0.751645490527153E-01   -0.145934661850333E-01
       0.138261020183563E+00   -0.132311210036278E+00    0.223373100161552E+00    0.111029632389545E+00    0.420452207326889E-01
      -0.269103571772575E-01    0.311840325593948E+00   -0.494223367422819E-02   -0.932644605636597E-01    0.630109980702400E-01
       0.472600273787975E-01    0.274964928627014E+00   -0.995781719684601E-01   -0.102098256349564E+00    0.216384142637253E+00
      -0.529113486409187E-01   -0.131889685988426E+00   -0.764696896076202E-01   -0.513840243220329E-01   -0.235179588198662E+00
       0.149558246135712E+00   -0.180532485246658E+00    0.805191881954670E-02    0.180540114641190E+00   -0.123219564557076E+00
       0.112701267004013E+00   -0.209764391183853E+00    0.191977694630623E+00    0.205128565430641E+00    0.607324065640569E-02
      -0.883186310529709E-01    0.602592937648296E-01   -0.142158539965749E-01   -0.786498412489891E-01   -0.786464065313339E-01
      -0.132578596472740E+00    0.190589636564255E+00   -0.259963497519493E-01   -0.779194086790085E-01    0.788054242730141E-01
       0.161290034651756E+00    0.815316885709763E-01    0.111454866826534E+00    0.152864769101143E+00   -0.916359052062035E-01
       0.104306176304817E+00   -0.988239943981171E-01   -0.754581615328789E-01   -0.932959094643593E-01    0.159396529197693E-01
       0.242975920438766E+00   -0.621584728360176E-01    0.980680733919144E-01    0.118658445775509E+00    0.121451564133167E+00
       0.747747868299484E-01    0.209564104676247E+00   -0.119100004434586E+00    0.110071763396263E+00    0.766254495829344E-02
      -0.112979814410210E+00   -0.546246096491814E-01   -0.105674257501960E-01    0.778211429715157E-01    0.394103601574898E-01
       0.288763314485550E+00    0.267162322998047E+00   -0.171009674668312E-01    0.421211540699005E+00   -0.304763078689575E+00
      -0.192960157990456E+00    0.127793867141008E-01   -0.355952009558678E-01   -0.689195543527603E-01   -0.236805051565170E+00
      -0.534242913126945E-01   -0.153055474162102E+00   -0.315397590398788E+00   -0.287375688552856E+00   -0.865398626774549E-02
       0.187984593212605E-01   -0.161548368632793E-01   -0.452184043824673E-01   -0.142624199390411E+00    0.677407830953598E-01
      -0.836831256747246E-01   -0.163465157151222E+00   -0.375819131731987E-01   -0.759218037128448E-01   -0.172025784850121E-01
       0.645240470767021E-01   -0.206346660852432E-01    0.791203007102013E-01    0.113444194197655E+00    0.160784736275673E+00
       0.181358903646469E-01    0.350943766534328E-01    0.170879483222961E+00   -0.222679182887077E+00    0.165751397609711E+00
       0.164552092552185E+00   -0.479668937623501E-01    0.347051411867142E+00    0.205327227711678E+00    0.116589523851871E+00
       0.440416261553764E-01    0.144651621580124E+00   -0.241517797112465E-01   -0.118749067187309E+00   -0.105033747851849E+00
      -0.170859601348639E-02   -0.129857808351517E+00   -0.755806714296341E-01   -0.739720091223717E-01    0.117511503398418E+00
       0.318697392940521E-01    0.190582782030106E+00    0.274514526128769E+00   -0.168944999575615E+00    0.119853667914867E+00
       0.120645962655544E+00    0.266287237405777E+00   -0.216941028833389E+00    0.255933016538620E+00   -0.537995770573616E-01
       0.445992909371853E-01   -0.115796655416489E+00    0.601027794182301E-01    0.216399833559990E+00    0.246562838554382E+00
      -0.192710474133492E+00    0.124621786177158E+00    0.184132307767868E+00    0.168787032365799E+00    0.178122520446777E+00
      -0.126649826765060E+00   -0.702221840620041E-01    0.110757105052471E+00   -0.986849069595337E-01    0.412258459255099E-02
       0.102534629404545E+00    0.411693789064884E-01    0.205150917172432E+00    0.287628591060638E+00    0.353042125701904E+00
      -0.119839459657669E+00   -0.453945994377136E-01    0.305665671825409E+00    0.888982713222504E-01   -0.653937458992004E-01
       0.219349384307861E+00    0.614027418196201E-01    0.174360349774361E-01    0.129068583250046E+00   -0.682853814214468E-02
       0.352703034877777E-01   -0.739674866199493E-01    0.147488147020340E+00   -0.174307465553284E+00    0.507556498050690E-01
      -0.120912149548531E+00   -0.744219720363617E-01    0.741435587406158E-02    0.100734243169427E-01    0.190384015440941E+00
       0.100634962320328E+00    0.320791872218251E-02   -0.247563757002354E-01    0.103912353515625E+00   -0.722488388419151E-01
      -0.130083337426186E+00    0.107842646539211E+00    0.159855429083109E-01   -0.931933969259262E-01    0.463812015950680E-01
      -0.981372892856598E-01    0.254224985837936E+00   -0.214225158095360E+00    0.290559887886047E+00   -0.286658376455307E+00
      -0.199319452047348E+00    0.270341187715530E+00   -0.849303975701332E-01   -0.183853432536125E-01   -0.246610045433044E-01
       0.863443464040756E-01   -0.130513772368431E+00    0.301935791969299E+00   -0.763693824410439E-01    0.290116071701050E+00
      -0.156054183840752E+00    0.178334206342697E+00    0.332958340644836E+00    0.281036794185638E-01    0.143107734620571E-01
      -0.236670374870300E-01    0.130552008748055E+00   -0.149916768074036E+00    0.721736624836922E-01    0.228574931621552E+00
       0.155013859272003E+00   -0.770214851945639E-02    0.566246956586838E-01   -0.216983333230019E-01    0.727503467351198E-02
      -0.103163912892342E+00    0.515998750925064E-01   -0.425358712673187E-01    0.699827075004578E-01    0.359042175114155E-01
      -0.624439194798470E-01   -0.129417479038239E+00    0.122558817267418E+00   -0.285517632961273E+00    0.155659345909953E-01
       0.553863234817982E-01    0.414478071033955E-01   -0.272496551275253E+00    0.125180572271347E+00   -0.260257005691528E+00
       0.242673695087433E+00   -0.904458314180374E-01   -0.213531807065010E+00   -0.595123544335365E-01    0.918531343340874E-01
      -0.109046943485737E+00    0.474162288010120E-01    0.133483950048685E-02   -0.125014558434486E+00   -0.942977890372276E-01
      -0.124021887779236E+00   -0.280930936336517E+00    0.192497789859772E+00   -0.187750816345215E+00   -0.164981558918953E-01
       0.842590406537056E-01    0.840465649962425E-01   -0.865353271365166E-01   -0.539773255586624E-01   -0.121347397565842E+00
       0.127729531377554E-01    0.615412890911102E-01    0.169332735240459E-01    0.267584882676601E-01   -0.166462585330009E+00
      -0.524299293756485E-01    0.372481644153595E-01    0.184977039694786E+00    0.893365591764450E-01    0.410226508975029E-01
      -0.657052453607321E-02    0.105618961155415E+00    0.303673669695854E-01   -0.474071428179741E-01    0.313568003475666E-01
       0.696704015135765E-01   -0.594650581479073E-01   -0.491991192102432E-01    0.306598693132401E+00   -0.781064406037331E-01
       0.626684725284576E-01   -0.748518556356430E-01    0.317991107702255E+00    0.854476764798164E-01    0.932673215866089E-01
       0.838327556848526E-01    0.132188443094492E-01    0.309949576854706E+00   -0.566365197300911E-01   -0.387678332626820E-01
      -0.111609406769276E+00   -0.403508655726910E-01   -0.227680534124374E+00   -0.111014068126678E+00    0.238642781972885E+00
       0.170084431767464E+00   -0.487371310591698E-01   -0.777610912919044E-01    0.188083425164223E+00    0.309220165014267E+00
       0.307283192873001E+00    0.348706878721714E-01    0.114334456622601E+00    0.139691263437271E+00    0.157119601964951E+00
      -0.691226944327354E-01   -0.574049204587936E-01   -0.823921337723732E-01    0.408143959939480E-01    0.310356989502907E-01
       0.555115677416325E-01   -0.199928477406502E+00   -0.110479734838009E+00    0.133362650871277E+00   -0.131849229335785E+00
       0.248260170221329E+00   -0.261244952678680E+00    0.139931306242943E+00    0.106648363173008E+00   -0.194795221090317E+00
       0.257865525782108E-01    0.843505412340164E-01    0.193845704197884E+00    0.864223316311836E-01   -0.228284746408463E+00
      -0.107576929032803E+00   -0.134258689358830E-01    0.390729196369648E-01    0.386362373828888E-01    0.220167592167854E+00
      -0.283882200717926E+00   -0.338916014879942E-02    0.924934819340706E-01   -0.114074021577835E+00   -0.157995656132698E+00
       0.820346176624298E-01   -0.986000671982765E-01   -0.724227428436279E-01   -0.207470014691353E+00   -0.163758918642998E-01
       0.211841106414795E+00   -0.167256340384483E+00   -0.403288304805756E-01   -0.807491037994623E-02   -0.269756525754929E+00
       0.676405802369118E-01    0.440855659544468E-01    0.816193670034409E-01    0.232879430055618E+00    0.213558115065098E-01
       0.722539946436882E-01    0.160783141851425E+00    0.106658274307847E-01   -0.117936313152313E+00   -0.409814156591892E-01
       0.247251354157925E-01   -0.167080610990524E+00   -0.339590646326542E-01   -0.222304165363312E-01   -0.333325900137424E-01
       0.136484310030937E+00    0.331526920199394E-01   -0.128107383847237E+00   -0.152453547343612E-01    0.660285800695419E-01
      -0.939971655607224E-01   -0.695720221847296E-02   -0.190975725650787E+00   -0.399868115782738E-01    0.108957692980766E+00
       0.368309579789639E-01    0.385682135820389E-01    0.127002552151680E+00    0.915452912449837E-01    0.943192001432180E-02
      -0.147351577877998E+00    0.812848471105099E-02    0.106460258364677E+00    0.129457265138626E+00    0.960476975888014E-02
      -0.691778957843781E-01    0.129973798990250E+00    0.926413461565971E-01   -0.423231460154057E-01   -0.725485011935234E-01
       0.384062290191650E+00    0.126705497503281E+00    0.261863797903061E+00    0.135983943939209E+00    0.857737958431244E-01
       0.141326561570168E+00   -0.427730418741703E-01    0.652077570557594E-01   -0.587036181241274E-02   -0.748771727085114E-01
      -0.350046269595623E-01    0.506150387227535E-01   -0.121839955449104E+00   -0.249600067734718E+00    0.251881092786789E+00
      -0.180988401174545E+00   -0.271836042404175E+00    0.258407592773438E-01    0.123466350138187E+00    0.255770474672318E+00
       0.738349407911301E-01   -0.162114337086678E+00    0.299310758709908E-01    0.889152958989143E-01   -0.176291763782501E+00
       0.113666042685509E+00   -0.132178708910942E+00   -0.783619955182076E-01   -0.791012868285179E-01   -0.442770756781101E-01
       0.136719420552254E+00   -0.615547820925713E-01    0.323446989059448E-01    0.645351558923721E-01    0.283909440040588E+00
      -0.636883750557899E-01    0.812952667474747E-01    0.201387166976929E+00   -0.822909474372864E-01    0.200038567185402E+00
      -0.918157622218132E-01    0.286086462438107E-01   -0.117634445428848E+00    0.160879090428352E+00    0.155692189931870E+00
      -0.597639679908752E-01   -0.172809809446335E-01    0.531846238300204E-02    0.150229647755623E+00    0.189425408840179E+00
       0.143536984920502E+00   -0.108266480267048E+00    0.952230673283339E-02    0.348866544663906E-01   -0.102976178750396E-01
      -0.202910080552101E+00    0.149228468537331E+00   -0.460854452103376E-02    0.123985067009926E+00    0.226636275649071E+00
       0.534340776503086E-01   -0.149353116750717E+00    0.843898504972458E-01   -0.567801073193550E-01    0.109213121235371E+00
      -0.101176507771015E+00   -0.411105155944824E-01    0.129681646823883E+00    0.165096819400787E+00   -0.572635680437088E-01
      -0.177114978432655E-01    0.155512452125549E+00    0.144492879509926E+00   -0.456291772425175E-01    0.973214134573936E-01
      -0.174706839025021E-01   -0.877578407526016E-01   -0.385537408292294E-01   -0.967813432216644E-01   -0.218794792890549E+00
      -0.601402446627617E-01   -0.443582460284233E-01    0.132903903722763E+00    0.327265374362469E-01    0.500604398548603E-01
       0.118010327219963E+00   -0.226927474141121E+00   -0.207067176699638E+00    0.253645125776529E-01    0.234774217009544E+00
      -0.220170728862286E-01   -0.187941547483206E-02    0.195443704724312E-01    0.177442923188210E+00   -0.910285785794258E-01
       0.193745363503695E-01    0.111254110932350E+00   -0.383360832929611E-01   -0.525352209806442E-01    0.339319929480553E-02
      -0.172911018133163E+00    0.857212021946907E-01    0.414326041936874E-02   -0.334847196936607E-01   -0.829213187098503E-01
      -0.185854993760586E-01    0.249814726412296E-01    0.168285053223372E-01   -0.391494423151016E+00    0.607783906161785E-01
      -0.980803370475769E-01    0.253268927335739E-01   -0.185354165732861E-01    0.188948065042496E+00   -0.502386875450611E-01
       0.158005088567734E+00    0.274382121860981E-01   -0.128597363829613E+00    0.151979401707649E+00    0.173235028982162E+00
      -0.145354196429253E+00   -0.484256334602833E-01    0.144157502800226E-01    0.194459795951843E+00    0.266262084245682E+00
      -0.169426463544369E-01   -0.434525795280933E-01    0.290778242051601E-01   -0.102469220757484E+00   -0.223234787583351E+00
       0.264984928071499E-01    0.299472101032734E-01    0.235306099057198E+00   -0.947590768337250E-01    0.105670630931854E+00
      -0.113157883286476E+00    0.181729182600975E+00   -0.884362161159515E-01   -0.340435355901718E-01   -0.278918117284775E+00
       0.179567217826843E+00    0.264489859342575E+00    0.504315681755543E-01   -0.154632270336151E+00   -0.540147125720978E-01
       0.331286117434502E-01    0.579809397459030E-01   -0.160373717546463E+00   -0.223094835877419E+00    0.767575278878212E-01
      -0.305615812540054E-01   -0.189799442887306E-01    0.172431364655495E+00   -0.742985382676125E-01   -0.849190279841423E-01
       0.115763276815414E+00    0.463373325765133E-01    0.776706412434578E-01    0.717876031994820E-01   -0.121467188000679E+00
       0.215068310499191E-01   -0.983257666230202E-01    0.776461139321327E-01    0.143510714173317E+00    0.555018782615662E-01
      -0.541259050369263E-01   -0.152879148721695E+00   -0.136203601956367E+00   -0.333859443664551E+00    0.200387775897980E+00
       0.153553649783134E+00   -0.825331807136536E-01    0.201354801654816E+00   -0.546516031026840E-01   -0.127010241150856E+00
       0.905164778232574E-01    0.718187019228935E-01    0.200458914041519E+00    0.220994666218758E+00    0.149866744875908E+00
      -0.629414021968842E-01    0.227915644645691E+00   -0.129659444093704E+00    0.896417945623398E-01    0.733448043465614E-01
       0.311463028192520E-01   -0.648396685719490E-01    0.143705517053604E+00    0.136950835585594E-01   -0.473674852401018E-02
       0.552323833107948E-01    0.190969690680504E+00    0.187731176614761E+00   -0.188252970576286E+00    0.299509130418301E-01
       0.215517565608025E+00    0.130448322743177E-01    0.100450180470943E+00    0.968105494976044E-01   -0.841912552714348E-01
       0.480570457875729E-01   -0.233311608433723E+00    0.345121324062347E-01   -0.426124129444361E-02    0.170213297009468E+00
       0.468544177711010E-01    0.457625687122345E+00   -0.482993051409721E-01   -0.222932383418083E+00   -0.537827238440514E-01
       0.131656423211098E+00   -0.242747254669666E-01    0.440411418676376E-01    0.178609803318977E+00   -0.105224937200546E+00
      -0.294338017702103E-01   -0.821749120950699E-01   -0.147070005536079E+00    0.167803049087524E+00   -0.328247509896755E-01
      -0.134150460362434E+00    0.243964530527592E-01    0.112952463328838E+00    0.551825277507305E-01    0.340783298015594E+00
      -0.224871799349785E+00   -0.282734371721745E-01    0.244873151183128E+00    0.788423940539360E-01   -0.948131233453751E-01
      -0.112764485180378E+00   -0.671117603778839E-01   -0.595533624291420E-01   -0.595307648181915E-01   -0.452788174152374E-01
       0.288476407527924E+00   -0.454308539628983E-01    0.320663034915924E+00    0.390660874545574E-01   -0.534531474113464E-01
       0.285002104938030E-01   -0.193024694919586E+00    0.180534824728966E+00   -0.172450691461563E+00   -0.151974149048328E-03
       0.922253951430321E-01   -0.187609791755676E+00    0.356837036088109E-02   -0.205508232116699E+00   -0.357772558927536E+00
       0.248975783586502E+00   -0.935492813587189E-01   -0.360906720161438E+00    0.253245353698730E+00   -0.125028237700462E+00
       0.406061001121998E-01    0.230463482439518E-01   -0.195044964551926E+00   -0.354597091674805E+00   -0.273242890834808E-01
       0.217052519321442E+00    0.984289571642876E-01   -0.615898519754410E-01    0.968715772032738E-01   -0.755906179547310E-01
      -0.556664541363716E-01    0.159648451954126E-01    0.158038660883904E-01   -0.273408323526382E+00    0.195417717099190E+00
      -0.101416647434235E+00    0.102284364402294E-02   -0.552043616771698E-01   -0.714700892567635E-01   -0.458132892847061E+00
       0.112226024270058E+00    0.197281703352928E+00   -0.179644539952278E+00   -0.148686215281487E+00   -0.179438322782516E+00
       0.182869508862495E+00    0.522712580859661E-01    0.260644495487213E+00   -0.183967173099518E+00   -0.171114355325699E+00
      -0.163132846355438E-01   -0.442620441317558E-01    0.764912590384483E-01   -0.520884208381176E-01    0.244671199470758E-01
       0.125462889671326E+00   -0.145504459738731E+00    0.524619184434414E-01    0.215066820383072E-01   -0.776437222957611E-01
       0.834921970963478E-01    0.152567043900490E+00    0.238653346896172E-01    0.154391065239906E+00   -0.974674820899963E-01
       0.187821716070175E+00    0.237239837646484E+00   -0.141074851155281E+00   -0.326641090214252E-01   -0.150131896138191E+00
      -0.338824354112148E-01   -0.799051001667976E-01   -0.164226874709129E+00   -0.211042821407318E+00    0.131187930703163E+00
      -0.240562632679939E-01   -0.640663057565689E-01    0.216312520205975E-01    0.169007927179337E+00    0.208807215094566E+00
       0.653837695717812E-01   -0.238298624753952E-01   -0.455817095935345E-01    0.208243671804667E-01    0.379347801208496E+00
      -0.284057259559631E-01   -0.101922899484634E+00    0.257764846086502E+00    0.184672139585018E-01   -0.124723389744759E+00
      -0.112611144781113E+00    0.269589871168137E-01    0.298458226025105E-01   -0.294553637504578E+00    0.193870086222887E-01
       0.181440249085426E+00   -0.980716291815042E-02    0.397288762032986E-01   -0.155482232570648E+00    0.173506230115891E+00
       0.142556831240654E+00    0.169801697134972E+00    0.852317959070206E-01    0.196236252784729E+00    0.751313343644142E-01
       0.129857704043388E+00    0.202442437410355E+00    0.989877134561539E-01   -0.140570089221001E+00    0.397871471941471E-01
      -0.347403049468994E+00    0.150230482220650E+00    0.124816156923771E+00   -0.874457657337189E-01    0.170270904898643E+00
      -0.901996642351151E-01    0.388341173529625E-01    0.632790476083755E-01   -0.193401962518692E+00    0.960760936141014E-01
      -0.675128698348999E-01   -0.102028876543045E+00    0.126291990280151E+00    0.710545256733894E-01    0.131963163614273E+00
       0.111498586833477E+00    0.103110790252686E+00    0.187297821044922E+00    0.104291334748268E+00    0.189494602382183E-01
       0.149571821093559E-01   -0.191752873361111E-01    0.984860770404339E-02   -0.260456323623657E+00   -0.133876308798790E+00
      -0.488032102584839E-01    0.537924095988274E-01   -0.162259712815285E+00   -0.147947177290916E+00   -0.910959020256996E-01
       0.154362246394157E-02   -0.874246507883072E-01    0.263611115515232E-01   -0.181950375437737E+00   -0.521074086427689E-01
       0.199299156665802E+00   -0.995897967368364E-02   -0.136074468493462E+00   -0.108943447470665E+00   -0.108056329190731E+00
       0.794199556112289E-01   -0.817554891109467E-01    0.179908201098442E-01    0.197108700871468E+00   -0.171260580420494E+00
      -0.189963296055794E+00   -0.713537707924843E-01    0.112087197601795E+00   -0.156658217310905E+00   -0.165270641446114E-01
       0.111226469278336E+00    0.253804270178080E-01    0.513245202600956E-01    0.615606047213078E-01    0.782845839858055E-01
       0.475865975022316E-01    0.303522218018770E-02    0.209499914199114E-01    0.691480934619904E-01    0.171097666025162E+00
      -0.525549948215485E-01    0.253101617097855E+00   -0.202926062047482E-01   -0.411200113594532E-01   -0.172033056616783E+00
       0.531192682683468E-01   -0.217338830232620E+00    0.690813064575195E-01    0.996075868606567E-01    0.185550898313522E-01
      -0.107483854517341E-01   -0.705600902438164E-01    0.138009831309319E+00   -0.114996209740639E+00    0.120509505271912E+00
       0.937804952263832E-01    0.108939334750175E+00   -0.296339504420757E-01    0.709176138043404E-01   -0.225103199481964E-01
       0.418285191059113E+00   -0.276222407817841E+00   -0.875424817204475E-01   -0.554068535566330E-01   -0.218655824661255E+00
      -0.888481438159943E-01    0.113820165395737E+00    0.408146791160107E-01    0.256119906902313E+00    0.855011492967606E-01
       0.179236251860857E-01   -0.311860851943493E-01   -0.330301821231842E-01    0.145092427730560E+00    0.251867063343525E-01
       0.516244955360889E-01    0.983294099569321E-01   -0.726709514856339E-01   -0.181609392166138E+00   -0.777443945407867E-01
      -0.164986521005630E+00    0.118880949914455E+00   -0.260755687952042E+00   -0.239136926829815E-01    0.139288380742073E+00
       0.825519338250160E-01    0.631229802966118E-01   -0.149257376790047E+00    0.335524082183838E-01    0.118601992726326E+00
       0.201123893260956E+00   -0.210000649094582E+00   -0.192981883883476E+00    0.233437538146973E+00    0.163723692297935E+00
       0.875817015767097E-01   -0.171698555350304E+00    0.120519392192364E+00    0.751379877328873E-01   -0.996895730495453E-01
       0.233613587915897E-01    0.126415103673935E+00   -0.261595137417316E-01    0.154991075396538E+00    0.575402788817883E-01
      -0.895970165729523E-01   -0.104379719123244E-01   -0.707658603787422E-01    0.180455878376961E+00    0.308715641498566E+00
       0.326164998114109E-01    0.418516136705875E-01   -0.426730625331402E-01    0.352954529225826E-01    0.191686898469925E-01
       0.218591168522835E+00   -0.204492323100567E-01    0.212238475680351E+00    0.458632446825504E-01    0.188173547387123E+00
       0.354640752077103E+00   -0.156321510672569E+00   -0.438010655343533E-01    0.395793281495571E-01   -0.631473958492279E-01
       0.168585643172264E+00   -0.354285500943661E-01    0.140134766697884E+00    0.268970131874084E+00    0.101510755717754E+00
      -0.104285530745983E+00   -0.109034338966012E-01    0.108346223831177E+00   -0.142416834831238E+00   -0.584764257073402E-01
       0.927727743983269E-01    0.770873576402664E-01    0.977586135268211E-01   -0.657886341214180E-01   -0.179139137268066E+00
       0.131646230816841E+00   -0.625291317701340E-01   -0.200248733162880E+00   -0.918380320072174E-01    0.594205036759377E-01
      -0.140160143375397E+00    0.674079507589340E-01    0.183740243315697E+00   -0.341964252293110E-01   -0.364830382168293E-01
       0.793625637888908E-01   -0.204853340983391E-02   -0.813882052898407E-01   -0.353496074676514E-01    0.101528309285641E+00
      -0.116078004240990E+00    0.130184352397919E+00   -0.827479436993599E-01   -0.290474891662598E+00   -0.395482368767262E-01
      -0.117216572165489E+00   -0.720772221684456E-01    0.103965036571026E+00   -0.897152870893478E-01   -0.147583648562431E+00
       0.115958385169506E+00   -0.249741181731224E+00    0.155775994062424E+00    0.318694673478603E-01    0.245655216276646E-01
       0.148371811956167E-01   -0.933401510119438E-01    0.199682459235191E+00   -0.222016215324402E+00    0.720563307404518E-01
      -0.281037855893373E-02   -0.200258046388626E+00   -0.390971414744854E-01    0.141189014539123E-01   -0.150413857772946E-01
      -0.480477064847946E-01    0.591511018574238E-01   -0.183294564485550E-01    0.159221906214952E-01    0.112923547625542E+00
       0.156655162572861E-01   -0.137260094285011E+00   -0.212542206048965E+00    0.210708990693092E+00   -0.520972013473511E-01
       0.205040723085403E+00    0.187817439436913E+00   -0.614960640668869E-01    0.397564247250557E-01    0.277963101863861E+00
      -0.858301147818565E-01   -0.104609020054340E+00   -0.648352578282356E-01   -0.183444365859032E+00   -0.177730798721313E+00
       0.190731570124626E+00   -0.223427385091782E+00   -0.490569360554218E-01   -0.464854985475540E-01   -0.823930650949478E-01
      -0.209186784923077E-01   -0.555826500058174E-01   -0.567633379250765E-02   -0.186538025736809E+00   -0.117204681038857E+00
       0.988697260618210E-01    0.614757314324379E-01   -0.245029821991920E+00   -0.131044490262866E-01    0.616843551397324E-01
       0.545535236597061E-01    0.195721372961998E+00   -0.642355754971504E-01   -0.215577855706215E-01    0.194930121302605E+00
      -0.140981152653694E+00   -0.708753168582916E-01    0.485466346144676E-01   -0.892198383808136E-01   -0.187114626169205E-01
      -0.517758056521416E-01   -0.109108820557594E+00    0.275744162499905E-01    0.124610632658005E+00   -0.125805467367172E+00
       0.631468445062637E-01   -0.888653993606567E-01   -0.842000246047974E-01    0.802857056260109E-01   -0.987923517823219E-01
      -0.258110612630844E-01    0.190538853406906E+00    0.539931803941727E-01    0.572385042905807E-01   -0.216244012117386E-01
      -0.141506612300873E+00   -0.110075689852238E+00    0.131303668022156E+00   -0.142030939459801E+00   -0.113062985241413E+00
       0.117732726037502E+00    0.136473670601845E+00    0.767109617590904E-01    0.158957168459892E+00   -0.145586714148521E+00
       0.135068167001009E-01   -0.890028774738312E-01    0.154814437031746E+00    0.916963815689087E-01   -0.121595516800880E+00
       0.840007811784744E-01   -0.775756090879440E-01   -0.696054697036743E-01    0.136912062764168E+00    0.244660601019859E-01
      -0.376544035971165E-01    0.138044357299805E+00    0.383972041308880E-01   -0.114634141325951E+00    0.101061902940273E+00
       0.101775676012039E+00   -0.308214575052261E-01    0.277006141841412E-01    0.169068679213524E+00    0.141436025500298E+00
      -0.285469666123390E-01    0.840798392891884E-01   -0.230160608887672E+00    0.279996871948242E+00   -0.434234999120235E-01
       0.665783584117889E-01    0.103851228952408E+00    0.474405549466610E-01    0.413291715085506E-01    0.104731313884258E+00
      -0.125898465514183E+00   -0.123565748333931E+00   -0.267487376928329E+00    0.447064600884914E-01   -0.395337380468845E-01
      -0.378189757466316E-01    0.200302377343178E-01   -0.860598981380463E-01   -0.157845050096512E+00    0.145035564899445E+00
      -0.200841873884201E+00    0.287146419286728E+00    0.274227112531662E+00   -0.621220748871565E-02    0.179479047656059E+00
       0.505212135612965E-01   -0.116505533456802E+00    0.915251076221466E-01   -0.114396899938583E+00    0.127065610140562E-01
       0.147781580686569E+00   -0.325719788670540E-01    0.747694587334991E-02    0.245138436555862E+00    0.191851034760475E+00
      -0.535283312201500E-01   -0.860331878066063E-01    0.139854803681374E+00   -0.431883260607719E-01   -0.406418219208717E-01
      -0.631930157542229E-01   -0.138336578384042E-01    0.636250153183937E-01    0.599678345024586E-01   -0.748594477772713E-01
      -0.606890991330147E-01    0.352281108498573E-01   -0.293839797377586E-01    0.145246908068657E+00    0.166133552789688E+00
      -0.899403989315033E-01   -0.357610136270523E-01   -0.236183702945709E-01   -0.199382528662682E+00    0.477692931890488E-01
      -0.159085780382156E+00   -0.191799886524677E-01   -0.307515896856785E-01    0.535628907382488E-01   -0.262379884719849E+00
       0.683783814311028E-01    0.177364330738783E-01   -0.728365331888199E-01    0.155234470963478E+00    0.445447787642479E-01
      -0.165446013212204E+00    0.125767484307289E+00   -0.112172871828079E+00   -0.105714023113251E+00    0.746516659855843E-01
       0.137415766716003E+00    0.183084890246391E+00    0.206314727663994E+00    0.301755487918854E+00    0.228905245661736E+00
      -0.120458424091339E+00   -0.760655477643013E-01   -0.122836669906974E-01   -0.117732405662537E+00    0.429823016747832E-02
      -0.143905222415924E+00    0.616549141705036E-02    0.102434910833836E+00   -0.584749951958656E-01    0.275129778310657E-02
      -0.626859068870544E-01    0.776019990444183E-01    0.746392458677292E-01    0.164392232894897E+00   -0.133901625871658E+00
      -0.879100263118744E-01    0.863304361701012E-01    0.848906636238098E-01    0.261798799037933E+00   -0.130832204595208E-01
      -0.399917587637901E-01    0.608106553554535E-01    0.541168544441462E-02    0.442840270698071E-01   -0.418380908668041E-01
       0.335834780707955E-02   -0.104667581617832E+00    0.131154581904411E+00    0.418869778513908E-01   -0.646949410438538E-01
      -0.103508278727531E+00    0.396079979836941E-01   -0.221507966518402E+00   -0.539414957165718E-01   -0.500529780983925E-01
       0.159686997532845E+00   -0.105480059981346E+00   -0.255681991577148E+00    0.921206399798393E-01   -0.135332336649299E-01
      -0.132380172610283E+00    0.200779542326927E+00   -0.458057746291161E-01   -0.191132843494415E+00   -0.158039778470993E+00
      -0.676677450537682E-01    0.173846855759621E+00    0.334151059389114E+00   -0.284615084528923E-01    0.155675917863846E+00
       0.175031334161758E+00    0.164807677268982E+00    0.112745866179466E+00   -0.141301050782204E+00    0.124129261821508E-01
      -0.398652672767639E+00    0.142015423625708E-01    0.507067851722240E-01   -0.170949734747410E-01    0.434614531695843E-01
       0.187909647822380E+00   -0.354876071214676E-01    0.278065621852875E+00   -0.318551212549210E+00    0.930288881063461E-01
       0.213027849793434E+00    0.899320766329765E-01    0.424787133932114E+00   -0.136919423937798E+00    0.394541881978512E-01
      -0.757451802492142E-01    0.655828341841698E-01   -0.139375133439898E-01   -0.258924990892410E+00   -0.322520546615124E-01
       0.392403244972229E+00   -0.830939710140228E-01    0.406132712960243E-01    0.519342496991158E-01   -0.184120714664459E+00
      -0.115123957395554E+00    0.853962972760201E-01   -0.182152092456818E+00    0.959145054221153E-01   -0.539644211530685E-01
      -0.202543571591377E+00    0.285518728196621E-01   -0.866461023688316E-01   -0.141761124134064E+00   -0.138719588518143E+00
       0.145287156105042E+00    0.170672256499529E-01    0.967493429780006E-01    0.410466641187668E-01   -0.873728003352880E-02
       0.256723575294018E-01    0.188418745994568E+00   -0.225536637008190E-01    0.132034659385681E+00   -0.574831515550613E-01
      -0.261584281921387E+00   -0.814964026212692E-01    0.309160649776459E-01    0.132805943489075E+00    0.924178063869476E-01
      -0.145495474338531E+00   -0.300169438123703E-01    0.162624090909958E+00    0.148882865905762E+00   -0.741797685623169E-01
      -0.119783416390419E+00    0.123597897589207E+00   -0.214544102549553E+00   -0.408183187246323E-01   -0.226853504776955E+00
       0.347667559981346E-01    0.170735523104668E+00   -0.212426967918873E-01    0.157431572675705E+00    0.791142955422401E-01
       0.172873303294182E+00   -0.137389078736305E+00    0.104015208780766E-01   -0.271903336048126E+00    0.142693594098091E+00
      -0.109692916274071E+00   -0.128587260842323E+00   -0.338533073663712E+00   -0.208475857973099E+00    0.223611682653427E+00
      -0.112240342423320E-01   -0.144213214516640E+00    0.358158536255360E-01    0.432263407856226E-02    0.640451535582542E-01
       0.100377656519413E+00    0.226243771612644E-01    0.373300649225712E-01    0.131717026233673E+00    0.162949725985527E+00
       0.587479732930660E-01    0.934272855520248E-01   -0.108985088765621E+00   -0.381664820015430E-01    0.780114531517029E-01
       0.696274116635323E-01   -0.772979930043221E-01    0.865887179970741E-01    0.221577510237694E-01    0.649448260664940E-01
      -0.552216321229935E-01    0.160087704658508E+00   -0.944727584719658E-01    0.269970536231995E+00   -0.106576032936573E+00
       0.869808942079544E-01    0.140959210693836E-02    0.233525224030018E-01    0.164290368556976E+00   -0.184560045599937E-01
      -0.566648915410042E-01    0.370393767952919E-01   -0.233890190720558E-01   -0.125192636623979E-01    0.154458045959473E+00
      -0.352656692266464E-01   -0.102862045168877E+00   -0.291204631328583E+00   -0.184055000543594E+00   -0.212702274322510E+00
      -0.183062434196472E+00    0.122460871934891E-01    0.797979980707169E-01    0.107600629329681E+00    0.159656349569559E-01
       0.678483992815018E-01    0.138529136776924E+00    0.150687813758850E+00    0.889540463685989E-01    0.823037698864937E-03
       0.715105608105659E-01   -0.123052755370736E-01    0.526054156944156E-02   -0.272719323635101E+00    0.205676570534706E+00
      -0.270924642682076E-01   -0.133303612470627E+00    0.892542302608490E-01   -0.942333191633224E-01    0.935457646846771E-01
       0.113341368734837E+00    0.168184265494347E-01   -0.115561157464981E+00   -0.249552235007286E+00   -0.823897570371628E-01
       0.214635863900185E+00    0.315096795558929E+00    0.176428910344839E-01    0.525253452360630E-01    0.963140651583672E-01
      -0.283493191003799E+00   -0.168769955635071E-01   -0.595570504665375E-01    0.884358957409859E-01    0.164802014827728E+00
      -0.623401179909706E-01    0.146567925810814E+00   -0.173030830919743E-01    0.473829694092274E-01    0.200511723756790E+00
       0.230773717164993E+00   -0.605262666940689E-01   -0.322316259145737E+00    0.172511190176010E+00    0.315253697335720E-01
       0.118771158158779E+00   -0.137399092316628E+00   -0.215592794120312E-01   -0.298771169036627E-02    0.135002061724663E-01
      -0.251161344349384E-01    0.376634925603867E+00   -0.280616842210293E-01    0.190455168485641E+00   -0.232482373714447E+00
      -0.522441118955612E-01    0.275139790028334E-02   -0.759097263216972E-01    0.777282267808914E-01    0.208022579550743E+00
       0.145076811313629E+00    0.220448113977909E-01    0.112382788211107E-01    0.188945196568966E-01   -0.810056272894144E-02
       0.414555110037327E-01    0.196378991007805E+00    0.154227867722511E+00    0.141594499349594E+00    0.222706422209740E-01
       0.113230526447296E+00    0.114376395940781E-01   -0.146748155355453E+00   -0.966830849647522E-01   -0.797367468476295E-01
      -0.657157376408577E-01    0.891756266355515E-01    0.200726047158241E+00   -0.134311020374298E+00   -0.129874125123024E+00
       0.249352544546127E+00    0.522524155676365E-01    0.929463505744934E-01    0.976862385869026E-01    0.911034047603607E-01
       0.575479716062546E-01   -0.287479013204575E+00   -0.704358890652657E-01   -0.430152490735054E-01    0.117610599845648E-01
       0.314485490322113E+00   -0.189274474978447E-01    0.945502519607544E-01    0.198936358094215E+00   -0.135986849665642E+00
       0.378917008638382E-01    0.722412392497063E-01   -0.195347368717194E+00   -0.211292967200279E+00   -0.957036390900612E-03
       0.180778145790100E+00    0.434701405465603E-01   -0.244951590895653E+00    0.552480407059193E-01   -0.152716293931007E+00
       0.218507722020149E+00   -0.581901818513870E-01    0.848342403769493E-01   -0.132036119699478E+00    0.206051945686340E+00
      -0.109884135425091E+00    0.152418792247772E+00   -0.228280395269394E+00   -0.258617788553238E+00   -0.227572202682495E+00
       0.814390704035759E-01   -0.180114693939686E-01   -0.125583767890930E+00    0.236613884568214E+00   -0.184086307883263E+00
       0.373833514750004E-01    0.735289528965950E-01    0.761416256427765E-01    0.502327568829060E-01   -0.100774087011814E+00
       0.102740928530693E+00    0.714515708386898E-02    0.137879878282547E+00    0.143954217433929E+00   -0.149935826659203E+00
      -0.180211365222931E-01   -0.290844962000847E-02   -0.798438563942909E-01    0.110760264098644E+00    0.322575718164444E-01
       0.165250286459923E+00   -0.400844775140285E-01   -0.601823180913925E-01   -0.150437772274017E+00   -0.593129098415375E-01
      -0.382095545530319E+00   -0.148596599698067E+00   -0.217883661389351E-02   -0.225081816315651E+00   -0.756387934088707E-01
       0.254282485693693E-01    0.190488740801811E+00   -0.144024521112442E+00    0.469282343983650E-01    0.344447158277035E-01
      -0.906187444925308E-01    0.114694051444530E+00   -0.100321054458618E+00   -0.327014297246933E+00    0.196184977889061E+00
       0.175268962979317E+00   -0.190935730934143E-01    0.347757786512375E+00   -0.215074211359024E+00   -0.110093811526895E-01
       0.247354447841644E+00    0.852054208517075E-01    0.839011836796999E-02   -0.195769265294075E+00   -0.102060794830322E+00
      -0.684727132320404E-01    0.141987949609756E+00    0.142237752676010E+00    0.182977840304375E+00    0.418707504868507E-01
       0.136233642697334E+00   -0.278229981660843E+00    0.458046747371554E-02    0.109171219170094E+00    0.166356801986694E+00
      -0.346180684864521E-01   -0.112834377214313E-01    0.542198829352856E-01   -0.107384659349918E+00   -0.159771457314491E+00
      -0.125677809119225E+00    0.181010156869888E+00   -0.653930902481079E-01    0.111725768074393E-01   -0.611602589488029E-01
       0.137957915663719E+00    0.182370766997337E-01   -0.588421989232302E-02    0.105470381677151E+00    0.110977612435818E+00
       0.335163325071335E-01    0.141591122373939E-01   -0.841882601380348E-01    0.184748604893684E+00   -0.852288231253624E-01
      -0.100831069052219E+00    0.121233046054840E+00    0.476917400956154E-01    0.650618318468332E-02   -0.724325235933065E-02
       0.686969384551048E-01   -0.171749025583267E+00    0.181095078587532E-01   -0.235848248004913E+00   -0.293611854314804E+00
       0.736824721097946E-01   -0.844110324978828E-01    0.225840970873833E+00    0.906814634799957E-01    0.296518594026566E+00
       0.204315662384033E+00   -0.827951505780220E-01    0.188639685511589E+00    0.130886301398277E+00   -0.191235020756721E-01
      -0.916276797652245E-01    0.214598625898361E+00   -0.127945899963379E+00    0.190479576587677E+00   -0.569775793701410E-02
       0.439397282898426E-01   -0.103447593748569E+00    0.856656357645988E-01    0.794530883431435E-01    0.233192145824432E-01
      -0.200544282793999E+00    0.169737532734871E+00   -0.751371234655380E-01    0.202643811702728E+00    0.258392989635468E-01
      -0.508544668555260E-01   -0.619582366198301E-02    0.210248604416847E+00    0.100535899400711E+00    0.162794023752213E+00
      -0.632091704756021E-02   -0.118708461523056E+00    0.456722415983677E-01    0.713411718606949E-01    0.237500518560410E-01
       0.437549985945225E-01    0.292760841548443E-01    0.818040966987610E-01    0.652133151888847E-01    0.192330554127693E+00
      -0.651262924075127E-01   -0.182987317442894E+00   -0.254665702581406E+00   -0.109759978950024E+00    0.176028519868851E+00
      -0.919617433100939E-02    0.229445010423660E+00   -0.155624141916633E-01   -0.241463676095009E+00   -0.143121123313904E+00
       0.135774865746498E+00   -0.208987966179848E-01    0.640366747975349E-01   -0.138057261705399E+00    0.253012716770172E+00
      -0.718599632382393E-01    0.973012596368790E-01    0.628899335861206E-01   -0.611152499914169E-04    0.109937414526939E+00
       0.680157542228699E-02   -0.173017695546150E+00    0.252710372209549E+00    0.337551943957806E-01    0.703982785344124E-01
       0.770669579505920E-01   -0.174012884497643E+00   -0.130355507135391E+00   -0.808358490467072E-01   -0.540760904550552E-01
       0.103469073772430E+00   -0.109241344034672E-03    0.463367812335491E-02   -0.826906934380531E-01   -0.182434082031250E+00
      -0.170292094349861E+00   -0.177361041307449E+00    0.166898310184479E+00    0.488927029073238E-01   -0.884336531162262E-01
      -0.510913468897343E-01   -0.103468000888824E+00    0.217513039708138E+00    0.163708686828613E+00    0.287753455340862E-01
       0.761269107460976E-01   -0.369367390871048E+00   -0.164890214800835E-01    0.214229747653008E+00   -0.170174509286880E+00
       0.347690992057323E-01    0.291850358247757E+00    0.102820746600628E+00    0.262623876333237E+00    0.199157342314720E+00
       0.188486620783806E+00    0.148757487535477E+00    0.102494098246098E+00    0.336831718683243E+00    0.197793141007423E+00
       0.564999617636204E-01    0.738157704472542E-01   -0.722860991954803E-01    0.216047152876854E+00    0.216978132724762E+00
       0.180403627455235E-01    0.252558439970016E-01    0.470670089125633E-01    0.117726169526577E+00   -0.221035256981850E-01
      -0.238961607217789E+00    0.942597389221191E-01    0.951146259903908E-01    0.158791579306126E-01   -0.957903638482094E-01
      -0.575701817870140E-01   -0.200882330536842E+00    0.468232389539480E-02    0.373519659042358E-01    0.179045602679253E+00
      -0.238309577107430E-01   -0.607333779335022E-01   -0.483754426240921E-01   -0.200369954109192E-01    0.255610495805740E+00
      -0.957305431365967E-01    0.139536648988724E+00    0.422432497143745E-01    0.209835767745972E-01    0.734981149435043E-01
      -0.154937982559204E+00    0.118580915033817E+00   -0.773998796939850E-01   -0.134901227429509E-01    0.155266970396042E+00
      -0.231351926922798E+00   -0.334765277802944E-01   -0.206242337822914E+00    0.133703634142876E+00    0.137457072734833E+00
       0.214073210954666E+00    0.100220693275332E-01    0.108767613768578E+00   -0.892352089285851E-01    0.333803564310074E+00
      -0.452798083424568E-01    0.220058798789978E+00   -0.474921353161335E-01    0.911445096135139E-01    0.163143500685692E-01
       0.202421054244041E+00   -0.132459416985512E+00    0.175341576337814E+00    0.118571884930134E+00    0.827715992927551E-01
       0.186426833271980E+00    0.657139644026756E-01   -0.447206906974316E-01   -0.241380855441093E-01   -0.124061465263367E+00
      -0.156199768185616E+00    0.306618779897690E+00   -0.390565544366837E-01    0.670076087117195E-01    0.299150347709656E+00
       0.169068858027458E+00   -0.120853319764137E+00    0.109540343284607E+00    0.974399521946907E-01   -0.949099212884903E-01
      -0.173958525061607E+00    0.357449874281883E-01   -0.231399573385715E-01   -0.204619541764259E+00   -0.697247236967087E-01
       0.100035123527050E+00    0.274224206805229E-01    0.151400357484818E+00   -0.599601045250893E-01    0.100361712276936E+00
      -0.131002128124237E+00    0.332250148057938E-01    0.194429516792297E+00    0.474659651517868E-01   -0.881898254156113E-01
      -0.229169242084026E-02   -0.207347087562084E-01    0.142877846956253E+00    0.352940201759338E+00    0.559809021651745E-01
       0.156528219580650E+00   -0.168844267725945E+00   -0.145323082804680E+00    0.320872753858566E+00   -0.283513098955154E+00
      -0.112068206071854E+00   -0.225865438580513E+00    0.234908416867256E+00   -0.132411211729050E+00    0.111782602965832E+00
       0.103869445621967E+00   -0.135695204138756E+00    0.288214802742004E+00   -0.213942930102348E+00   -0.840896293520927E-01
      -0.785129666328430E-01    0.180118456482887E+00   -0.625202339142561E-02    0.592592544853687E-01   -0.107685558497906E+00
      -0.100200526416302E+00   -0.471989586949348E-01   -0.933894589543343E-01    0.182982787489891E+00   -0.537256002426147E-01
      -0.361800901591778E-01    0.194842383265495E+00    0.184678360819817E-01   -0.349395945668221E-01    0.116048067808151E+00
      -0.115672037005424E+00   -0.661023855209351E-01   -0.907933190464973E-01    0.181722700595856E+00   -0.918264612555504E-01
      -0.899791568517685E-01   -0.648432523012161E-01   -0.175532147288322E+00   -0.198070347309113E+00    0.606784783303738E-01
       0.769655704498291E-01    0.118876501917839E+00    0.118604801595211E+00    0.316338628530502E+00   -0.987323671579361E-01
      -0.149845913052559E+00    0.826371908187866E-01   -0.559474825859070E-01    0.432291366159916E-01   -0.426283031702042E-01
       0.189736172556877E+00    0.123660840094090E+00   -0.208359643816948E+00   -0.356612503528595E-01    0.600101277232170E-01
       0.100104384124279E+00   -0.778118595480919E-01   -0.100033782422543E+00    0.339518398046494E+00    0.196779996156693E+00
       0.114249788224697E+00   -0.267781525850296E+00   -0.131717294454575E+00    0.202212445437908E-01   -0.806962605565786E-02
       0.154700174927711E+00   -0.211523979902267E+00   -0.176200792193413E+00    0.592662356793880E-01   -0.126972328871489E-02
       0.103655040264130E+00   -0.105870710685849E-01   -0.363686978816986E-01    0.119789533317089E+00   -0.550405383110046E-01
      -0.731925368309021E-01    0.166938915848732E+00    0.187586806714535E-01    0.789068173617125E-02    0.228080347180367E+00
       0.991482287645340E-01    0.160260975360870E+00    0.173366948962212E+00   -0.817046388983727E-01   -0.138466268777847E+00
       0.636025741696358E-01    0.274728462100029E-01   -0.192386098206043E-02    0.131523758172989E+00   -0.104162730276585E+00
       0.909000337123871E-01    0.782165527343750E-01    0.135968208312988E+00    0.104456497356296E-01   -0.818988457322121E-01
       0.798947736620903E-01   -0.578509122133255E-01   -0.211701951920986E-01    0.533314943313599E-01    0.319061568006873E-02
      -0.969037190079689E-01   -0.912980809807777E-01    0.679731369018555E-01   -0.291910767555237E+00    0.985414460301399E-01
      -0.112384252250195E+00   -0.244016293436289E-02   -0.243595436215401E+00    0.337229877710342E+00    0.199635580182076E+00
       0.163836881518364E+00    0.102543346583843E+00   -0.193757891654968E+00    0.973562151193619E-01    0.968713872134686E-02
      -0.650600120425224E-01    0.911401584744453E-01    0.659160539507866E-01    0.726860687136650E-01   -0.895920768380165E-01
       0.822224318981171E-01    0.286639146506786E-01    0.272199101746082E-01   -0.146656006574631E+00    0.187352344393730E+00
       0.960432961583138E-01   -0.118057861924171E+00   -0.169423356652260E+00   -0.899162217974663E-01    0.201507315039635E+00
      -0.141438677906990E+00   -0.638991221785545E-01    0.363049283623695E-01   -0.200303681194782E-01   -0.189703293144703E-01
       0.265688717365265E+00    0.142542958259583E+00   -0.260888114571571E-01   -0.253998309373856E+00    0.377930104732513E-01
      -0.805268883705139E-01   -0.191381558775902E+00    0.214267283678055E+00   -0.120602846145630E+00   -0.148966744542122E+00
      -0.113571390509605E+00   -0.435519628226757E-01    0.473469868302345E-01    0.107556760311127E+00   -0.189770787954330E+00
       0.665804222226143E-01    0.980007275938988E-01    0.161647096276283E+00    0.811640098690987E-01    0.106172695755959E+00
      -0.173340104520321E-01   -0.103479273617268E+00   -0.487693957984447E-01    0.116506181657314E+00    0.973492860794067E-02
       0.147422239184380E+00   -0.114009045064449E+00   -0.182050839066505E-01    0.554038248956203E-01   -0.523412693291903E-02
      -0.111223243176937E+00   -0.549578070640564E-01   -0.106898374855518E+00   -0.211803466081619E+00    0.403650999069214E-01
       0.112224154174328E+00   -0.190303139388561E-01   -0.119203403592110E+00   -0.445659682154655E-01    0.387060754001141E-01
       0.173119679093361E-01    0.111977402120829E-01    0.501055782660842E-02   -0.106835901737213E+00    0.176120340824127E+00
       0.264907687902451E+00    0.754697471857071E-01   -0.194706261157990E+00    0.194010287523270E+00    0.141680195927620E+00
      -0.784595906734467E-01   -0.206326305866241E+00   -0.247098207473755E-01   -0.650191530585289E-01    0.453664511442184E-01
       0.337904021143913E-01   -0.208276137709618E+00    0.884669050574303E-01   -0.582384988665581E-01    0.196342412382364E-01
       0.115103879943490E-01    0.216695308685303E+00    0.745393335819244E-01    0.125847049057484E-01    0.113490503281355E-01
       0.247649103403091E-01   -0.350751262158155E-02    0.657749362289906E-03   -0.127724306657910E-01    0.524494647979736E-01
      -0.314462900161743E+00    0.548452846705914E-01   -0.123991101980209E+00    0.235497757792473E+00   -0.198525339365005E+00
       0.874994993209839E-01    0.764441341161728E-01    0.145572215318680E+00    0.121542789041996E+00   -0.658865422010422E-01
      -0.174214884638786E+00    0.159012466669083E+00   -0.122142344713211E+00   -0.834193602204323E-01    0.199156492948532E+00
      -0.352559238672256E-01   -0.183086037635803E+00    0.975003093481064E-02    0.257053952664137E-01   -0.790243372321129E-01
      -0.199903398752213E-01   -0.102422922849655E+00    0.383054800331593E-01   -0.746863409876823E-01    0.174801088869572E-01
       0.173141300678253E+00   -0.257650539278984E-01    0.109278634190559E-01   -0.191738530993462E-01   -0.711528062820435E-01
      -0.158222556114197E+00   -0.838944762945175E-01   -0.952266603708267E-01    0.748156309127808E-01   -0.271953910589218E+00
      -0.230433538556099E+00   -0.180748119950294E+00    0.312466993927956E-01    0.624590069055557E-01    0.492214672267437E-01
       0.268612392246723E-01    0.309221237897873E+00    0.101706586778164E+00    0.282319225370884E-01   -0.661215335130692E-01
       0.105075955390930E+00    0.280331611633301E+00    0.240416616201401E+00    0.110909901559353E-02    0.597888864576817E-01
      -0.762447118759155E-01   -0.307908952236176E-01   -0.644846707582474E-01    0.824739113450050E-01    0.182659193873405E+00
       0.731391087174416E-01    0.157039806246758E+00    0.372516177594662E-01   -0.962524395436049E-02   -0.102857537567616E+00
       0.122018098831177E+00    0.186449691653252E+00    0.293096363544464E+00   -0.178172998130322E-01    0.922479704022408E-01
       0.164147913455963E+00    0.104410201311111E+00   -0.682252645492554E-01   -0.134888172149658E+00    0.891301259398460E-01
       0.212271839380264E+00   -0.100493453443050E+00    0.159141227602959E+00   -0.344896763563156E-01    0.178275704383850E+00
      -0.258115053176880E+00   -0.198161192238331E-01    0.114867985248566E+00    0.985846854746342E-03    0.334477834403515E-01
       0.193899214267731E+00    0.366855459287763E-02    0.811342522501945E-01    0.489230342209339E-01   -0.908988192677498E-01
       0.571277253329754E-01   -0.772750824689865E-01   -0.944879557937384E-02   -0.167619623243809E-01    0.343032963573933E-01
      -0.106489479541779E+00    0.116406969726086E+00   -0.134921580553055E+00   -0.108690455555916E+00    0.335479885339737E+00
       0.175669137388468E-01   -0.715572535991669E-01    0.337334200739861E-01    0.912976711988449E-01    0.266317933797836E+00
       0.960218086838722E-01   -0.286548361182213E-01    0.252319220453501E-02   -0.201775610446930E+00   -0.534293893724680E-02
      -0.693366024643183E-02   -0.358873754739761E-01   -0.114033766090870E+00   -0.687673091888428E-01   -0.230584554374218E-01
       0.294511094689369E-01   -0.531265959143639E-01    0.693733021616936E-01    0.258645284920931E-01    0.451786210760474E-02
      -0.139716938138008E+00   -0.720187649130821E-01   -0.388025671243668E+00   -0.582426507025957E-02    0.183012962341309E+00
       0.928827449679375E-01   -0.243935585021973E-01    0.961900204420090E-01   -0.348155200481415E-01   -0.518185794353485E-01
       0.158029988408089E+00    0.716298166662455E-02    0.525460056960583E-01   -0.998619422316551E-01   -0.112350039184093E+00
       0.399519205093384E-01    0.803588926792145E-01    0.143406137824059E+00    0.189875796437263E+00    0.571748837828636E-01
      -0.253011077642441E+00    0.120213031768799E-01    0.956980735063553E-01    0.133962839841843E+00    0.134317860007286E+00
       0.308640450239182E+00    0.181282728910446E+00   -0.154423890635371E-01    0.154413938522339E+00   -0.281737446784973E-01
       0.135445713996887E+00    0.738722011446953E-01    0.249074026942253E-01    0.104334212839603E+00   -0.115216717123985E+00
      -0.579441189765930E-01   -0.379607360810041E-02    0.325206637382507E+00   -0.116743758320808E+00   -0.221511587500572E+00
      -0.144625142216682E+00   -0.815693214535713E-01    0.535662472248077E-01    0.201170176267624E+00    0.261726468801498E+00
       0.231837891042233E-01   -0.417216457426548E-01   -0.166250154376030E+00    0.853147506713867E-01    0.116834089159966E+00
      -0.144484654068947E+00    0.323053687810898E+00   -0.299143552780151E+00    0.868682414293289E-01    0.215478688478470E+00
       0.154137518256903E-01    0.141918465495110E+00    0.209925584495068E-01   -0.126573145389557E+00   -0.375604368746281E-01
      -0.158901050686836E+00   -0.758656412363052E-01   -0.759654939174652E-01    0.246125981211662E-01   -0.144283190369606E+00
      -0.456515140831470E-01   -0.155148357152939E+00    0.418405123054981E-01    0.514577925205231E-01   -0.903257355093956E-01
       0.156401291489601E+00    0.228961840271950E+00   -0.106553614139557E+00   -0.108109779655933E+00   -0.501867569983006E-01
       0.768723562359810E-01    0.378561109304428E+00    0.621445253491402E-01    0.290598608553410E-01    0.248489290475845E+00
       0.213022865355015E-01   -0.334996096789837E-01   -0.108766099438071E-01    0.181976258754730E+00    0.679686143994331E-01
      -0.456702858209610E-01    0.316773474216461E+00    0.640284866094589E-01    0.201999127864838E+00   -0.250671505928040E-01
       0.947067886590958E-01   -0.310515426099300E-01    0.109194129705429E+00    0.555216260254383E-01   -0.359409749507904E-01
       0.967852845788002E-01   -0.668505281209946E-01   -0.130584016442299E+00    0.337445773184299E-01    0.311879783868790E+00
      -0.135209366679192E+00    0.239002928137779E+00    0.933185294270515E-01   -0.146546006202698E+00    0.130742162466049E+00
      -0.270308740437031E-01   -0.153595292940736E-01    0.962680578231812E-01   -0.515772216022015E-01   -0.641919672489166E-03
       0.375581458210945E-01   -0.401922315359116E-01   -0.629937201738358E-01    0.793685317039490E-01   -0.151493415236473E+00
       0.201523825526237E+00   -0.616304427385330E-01    0.177279412746429E-01    0.499028004705906E-01    0.151189178228378E+00
       0.108046166598797E+00   -0.117438733577728E+00    0.228396102786064E+00   -0.201977685093880E+00   -0.690783783793449E-01
       0.892605036497116E-01    0.639054924249649E-01    0.137704238295555E+00   -0.882957056164742E-01   -0.164146527647972E+00
       0.968989431858063E-01    0.586601905524731E-01    0.493292845785618E-01   -0.559004694223404E-01    0.214494854211807E+00
      -0.178508728742599E+00    0.578067973256111E-01   -0.131964841857553E-01   -0.127042874693871E+00    0.418151766061783E+00
      -0.226924538612366E+00   -0.107044480741024E+00   -0.111672142520547E-01   -0.112964948639274E-01   -0.126261701807380E-01
      -0.178522989153862E+00    0.130660906434059E-01    0.837669149041176E-01   -0.361506454646587E-01    0.139642074704170E+00
       0.159497693181038E+00   -0.138629218563437E-01   -0.154897943139076E+00   -0.154952690005302E+00   -0.397029034793377E-01
      -0.148157030344009E+00   -0.964216068387032E-01   -0.427665971219540E-01   -0.447667352855206E-01   -0.145471632480621E+00
       0.978248566389084E-02   -0.128697201609612E+00    0.161178693175316E+00   -0.104676224291325E+00   -0.220701545476913E-01
       0.217610165476799E+00    0.222542788833380E-01    0.636655315756798E-01    0.234190285205841E+00   -0.708471387624741E-01
      -0.415581278502941E-03    0.125762000679970E+00   -0.325479023158550E-01   -0.522651430219412E-02   -0.850002542138100E-01
       0.216687425971031E+00    0.166083872318268E+00   -0.109829381108284E+00   -0.198592230677605E+00    0.633905157446861E-01
      -0.111895218491554E+00   -0.839991122484207E-01    0.180320590734482E-01    0.787133276462555E-01   -0.275779128074646E+00
       0.179696530103683E+00   -0.295379400253296E+00    0.588356740772724E-01    0.103015229105949E+00    0.218644574284554E+00
       0.503603145480156E-01   -0.118350639939308E+00    0.135732501745224E+00    0.377871394157410E-01    0.193820774555206E+00
       0.624118372797966E-01    0.667591206729412E-02    0.456762500107288E-03   -0.908744707703590E-01    0.240817695856094E+00
      -0.524424165487289E-01    0.780575200915337E-01    0.455144643783569E-01   -0.233043357729912E+00    0.312917172908783E+00
      -0.461633503437042E-02   -0.103271320462227E+00    0.610397681593895E-01   -0.627311598509550E-02    0.159260019659996E+00
      -0.753439962863922E-06   -0.892270058393478E-01    0.206511318683624E+00    0.377555936574936E-01    0.203656628727913E+00
      -0.487059950828552E-01    0.582527089864016E-02   -0.641884803771973E-01   -0.242424272000790E-01    0.104320131242275E+00
      -0.447178892791271E-01    0.903347656130791E-01    0.175726428627968E+00   -0.165057480335236E+00   -0.361694954335690E-03
       0.340474396944046E+00   -0.134189859032631E+00   -0.178467109799385E+00    0.220080278813839E-02    0.689860582351685E-01
      -0.277573972940445E+00    0.968770161271095E-01    0.638860315084457E-01   -0.181650310754776E+00    0.674457997083664E-01
       0.267139106988907E+00    0.631910236552358E-02   -0.190512873232365E-01    0.775852054357529E-02    0.174411386251450E+00
      -0.588274076581001E-01    0.357347764074802E-01    0.580190420150757E-01    0.243187636137009E+00    0.509708151221275E-01
       0.867383331060410E-01   -0.203586935997009E+00   -0.295505911111832E+00   -0.229744434356689E+00   -0.185687229037285E+00
      -0.949327424168587E-01    0.762783922255039E-02   -0.891442447900772E-01   -0.755161046981812E-01    0.219017222523689E+00
       0.107527477666736E-01    0.557308048009872E-01    0.132741138339043E+00   -0.592947304248810E-01   -0.271267108619213E-01
       0.553025081753731E-01   -0.336504653096199E-01    0.114444736391306E-02   -0.948433130979538E-01    0.168896466493607E-01
      -0.457389429211617E-01    0.129617825150490E+00    0.921193957328796E-01    0.368857383728027E-01   -0.133997397497296E-01
      -0.313138440251350E-01    0.217228487133980E+00    0.298367291688919E+00   -0.174444034695625E+00    0.411994308233261E+00
      -0.108095899224281E+00    0.217251479625702E-01   -0.113192126154900E+00   -0.375066995620728E-01   -0.767208263278008E-01
      -0.129471778869629E+00    0.189483001828194E+00    0.136595025658607E+00    0.199192669242620E-02    0.140092328190804E+00
      -0.465140007436275E-01    0.157565489411354E+00   -0.218631699681282E-01   -0.802080109715462E-01    0.612230300903320E-01
      -0.876905545592308E-01   -0.123064756393433E+00   -0.115001752972603E+00    0.209207549691200E+00   -0.567628517746925E-01
       0.211310625076294E+00   -0.950909629464149E-01    0.525611750781536E-01   -0.260612756013870E+00   -0.370097868144512E-01
       0.111399948596954E+00    0.148607134819031E+00   -0.890526454895735E-02   -0.895570367574692E-01    0.357013382017612E-01
      -0.843342244625092E-01    0.219622939825058E+00    0.515872538089752E-01   -0.814841017127037E-01   -0.260478369891644E-01
      -0.153109163045883E+00    0.112546272575855E+00    0.651107430458069E-01   -0.483811981976032E-01    0.137564510107040E+00
       0.150385335087776E+00    0.102760009467602E+00    0.425271391868591E+00    0.282471291720867E-01   -0.542854890227318E-01
       0.400535538792610E-01    0.117098003625870E+00    0.476854182779789E-01   -0.242277905344963E-01    0.110641159117222E+00
       0.478795990347862E-01    0.324054295197129E-02    0.666179209947586E-01    0.124859949573874E-01    0.856947526335716E-01
      -0.866773277521133E-01   -0.569009929895401E-01    0.130474954843521E+00    0.104582481086254E+00   -0.202268734574318E-01
      -0.928967446088791E-01   -0.605874061584473E-01    0.128469225019217E-01   -0.513473227620125E-01    0.706560090184212E-01
      -0.120725840330124E+00   -0.160633251070976E+00   -0.171063140034676E+00   -0.320407785475254E-01   -0.385549142956734E-01
      -0.156853161752224E-01    0.174608856439590E+00    0.127556905150414E+00    0.168772742152214E+00    0.134534403681755E+00
       0.179956123232841E+00   -0.829386040568352E-01    0.128223896026611E+00   -0.672429800033569E-01    0.127295926213264E+00
       0.723213888704777E-02   -0.814528614282608E-01    0.816189795732498E-01    0.441747754812241E-01   -0.100594446063042E+00
      -0.687918365001678E-01   -0.257176995277405E+00   -0.262157395482063E-01    0.457465872168541E-01    0.167748600244522E+00
       0.228394895792007E+00   -0.390431098639965E-02   -0.151741266250610E+00   -0.120004504919052E+00   -0.737485662102699E-01
      -0.665342900902033E-02    0.997013598680496E-02   -0.177639216184616E+00    0.607823878526688E-01   -0.112426886335015E-01
       0.165686786174774E+00   -0.101753868162632E+00   -0.244890704751015E+00   -0.734215974807739E-01    0.327032476663589E+00
      -0.102752916514874E+00    0.158478707075119E+00    0.154752075672150E+00    0.501940846443176E-01    0.184352435171604E-01
       0.633785352110863E-01    0.177358716726303E+00    0.407256036996841E-01   -0.163478136062622E+00   -0.119041567668319E-01
       0.222764700651169E+00    0.204336374998093E+00   -0.941216945648193E-01   -0.359756574034691E-01    0.181287527084351E-02
      -0.107452362775803E+00    0.167749434709549E+00   -0.165393292903900E+00    0.254796236753464E+00    0.140172794461250E+00
      -0.143136188387871E+00   -0.940498188138008E-01    0.924842059612274E-01   -0.646740868687630E-01   -0.176695778965950E+00
      -0.517708025872707E-01    0.256247788667679E+00   -0.111323602497578E+00    0.259170997887850E-01    0.105807021260262E+00
      -0.147558167576790E+00    0.212919116020203E-01    0.408815413713455E+00    0.205342546105385E+00    0.271087855100632E+00
      -0.144429728388786E+00    0.139676034450531E-02   -0.172387734055519E+00   -0.767585635185242E-01   -0.278119742870331E-01
      -0.184962421655655E+00   -0.172952964901924E+00   -0.151249365881085E-01    0.144323140382767E+00    0.215787455439568E+00
      -0.173474788665771E+00   -0.147551178932190E+00   -0.152956126257777E-01   -0.106167420744896E+00   -0.933312922716141E-01
      -0.103371977806091E+00   -0.636783149093390E-02    0.764884203672409E-01   -0.249748900532722E+00    0.341050289571285E-01
      -0.107527658343315E+00    0.613275207579136E-01    0.198826208710670E+00   -0.130531445145607E+00   -0.740671455860138E-01
      -0.189514175057411E+00    0.168159827589989E+00   -0.114136166870594E+00   -0.131306583061814E-01    0.234622895717621E+00
      -0.405460670590401E-01   -0.180352345108986E+00   -0.715016797184944E-01    0.141010090708733E+00   -0.130860328674316E+00
   Bias in Layer   4
      -0.330398708581924E+00
   Weight in Layer   4
      -0.408097892999649E+00   -0.247220024466515E+00   -0.117573469877243E+00    0.241021171212196E+00   -0.654714703559875E+00
       0.562374293804169E+00    0.315185934305191E-01    0.604594219475985E-02   -0.640764713287354E+00    0.259605407714844E+00
       0.587022066116333E+00    0.229406192898750E+00   -0.122000825405121E+01    0.279958218336105E+00   -0.543596208095551E+00
       0.259820759296417E+00   -0.314850628376007E+00   -0.402660340070724E+00    0.390947490930557E+00    0.444286376237869E+00
      -0.632725715637207E+00   -0.840744376182556E+00    0.627114415168762E+00   -0.337699621915817E+00   -0.604632735252380E+00
      -0.561912178993225E+00   -0.633813679218292E+00    0.794206500053406E+00    0.459275722503662E+00   -0.771848201751709E+00
      -0.394066423177719E+00    0.573307931423187E+00    0.488594502210617E+00    0.468641102313995E+00   -0.327074795961380E+00
       0.663806140422821E+00   -0.185650870203972E+00   -0.104576408863068E+01   -0.596208989620209E+00    0.402029067277908E+00
      -0.262775003910065E+00    0.810999810695648E+00    0.377465695142746E+00    0.508392333984375E+00    0.349212646484375E+00
      -0.525539159774780E+00    0.166753932833672E+00    0.163746342062950E+00
