
Global Neural Network Potential For LASP
Reference    : www.lasphub.com
Note         : 
Species      : 
Version      : 20260522142354
Dataset size : 1037

Fitting Accuracy
 ------------------------------------------------------------------
              Energy/(meV/atom)    Force/(eV/A)    Stress/(GPa)
 ------------------------------------------------------------------
     RMS            1.233             0.061           0.009
     MAX            6.408             1.133           0.136
 ------------------------------------------------------------------

Element   Au
Neural Network Architecture
 # Note : fully connected layer is typically required for the first/final layer
 %block   Au_netarch
 # fully layer -> full, size, active_type, float/fixed, newrun/reuse-filename
   #  1 input      72     2
      2 full        1    80     2  float  newrun                                  
      3 full        2    48    24  float  newrun                                  
      4 full        3     1     0  float  newrun                                  
 %endblock   Au_netarch
 
 %block postfunc
    line    1.00
 %endblock postfunc
 
 %block     Au_net
  72  80  48   1
   0   2  24   0
 %endblock     Au_net
 
Power-Type Structure Descriptors(PTSD)
 *: PTSD type summary, two-body, three-body and four-body .
 --------------------------------------------------------------------
      KS1   KS2   S1    S2    S3     S4    S5     S6    S24    S25
 --------------------------------------------------------------------
PTSD  two   two  two    two  three  three  three  four  three  three
   Number    22    17     7      8      8      6      4      0      0      0      0      0
   Number     0
 -----------------------------------------------------

   Au_Erange   0.00000000E+00  0.10000000E+01
   Au_ESrange   0.00000000E+00  0.20000000E+01
   Au_Srange   0.00000000E+00  0.10000000E+01
   Au_ScaleFactor   0.00000000E+00  0.50000000E+00
 
 ***********************************************************
 * Guide for parameters in PTSD                            *
 * radial part n,m,p :                                     *
 *             -1       -> short range /close to atom core *
 *              0,1,2,4 -> flat in short/medium            *
 *              6,8,12  -> medium                          *
 *              16, 24  -> large  /close to cut radius     *
 *                                                         *
 * angular part zeta, ksi :                                *
 *              0/180  : zeta =  ~, ksi = 0                *
 *             30/150  : zeta = 12, ksi = 1                *
 *             45/135  : zeta =  5, ksi = 1                *
 *                 90  : zeta =  0, ksi = ~                *
 *             60/120  : zeta =  4, ksi = 2                *
 *                                                         *
 *          !! zeta 8 = and ksi = 4 is moderate            *
 ***********************************************************
 
 ######################################################
 # Following is geometry based structural descriptors #
 ######################################################
 
   Au_shiftElement  0  1  79  

    Au_Pottype    1
 S1 : sum(rij**n * fc(rij))
    : radical distribution, large n means considering more long-distance neigb
 %block  Au_S1
 #-----------------------------------------------------------------------------------#
 # cutoff   neigb_atom     n                 Gmin                      Gmax          #
 #-----------------------------------------------------------------------------------#
   1.20        79          2        0.000000000000000e+00      1.136363636363636e+00 #  1   1
   1.60        79          2        0.000000000000000e+00      1.136363636363636e+00 #  2   2
   2.20        79          2        0.000000000000000e+00      1.136363636363636e+00 #  3   3
   2.60        79          2        0.000000000000000e+00      2.420933874831958e-03 #  4   4
   3.00        79          2        0.000000000000000e+00      1.919147304513238e-01 #  5   5
   3.40        79          2        0.000000000000000e+00      7.377285171638835e-01 #  6   6
   4.40        79          2        0.000000000000000e+00      4.280217669226906e+00 #  7   7
   5.40        79          2        0.000000000000000e+00      1.259333653883501e+01 #  8   8
   6.40        79          2        0.000000000000000e+00      2.633882869373668e+01 #  9   9
   7.40        79          2        0.000000000000000e+00      4.853269403631037e+01 # 10  10
   1.30        79          8        0.000000000000000e+00      1.136363636363636e+00 # 11  11
   1.70        79          8        0.000000000000000e+00      1.136363636363636e+00 # 12  12
   2.30        79          8        0.000000000000000e+00      1.136363636363636e+00 # 13  13
   2.70        79          8        0.000000000000000e+00      4.205397855151784e+00 # 14  14
   3.10        79          8        0.000000000000000e+00      7.268229831348766e+01 # 15  15
   3.50        79          8        0.000000000000000e+00      3.646160472523082e+02 # 16  16
   4.50        79          8        0.000000000000000e+00      3.948507967862216e+03 # 17  17
   5.50        79          8        0.000000000000000e+00      2.601178533380682e+04 # 18  18
   6.50        79          8        0.000000000000000e+00      1.603473721590909e+05 # 19  19
   7.50        79          8        0.000000000000000e+00      6.220294034090909e+05 # 20  20
   3.00        79         16        0.000000000000000e+00      7.195923295454546e+04 # 21  21
   4.00        79         16        0.000000000000000e+00      1.363146818181818e+07 # 22  22
 #-----------------------------------------------------------------------------------#
 %endblock  Au_S1

 S2 : Q-value based two-body structural descriptors
 %block  Au_S2
 #-----------------------------------------------------------------------------------#
 # cut    neigb     Qn     Rn               Gmin                      Gmax           #
 #-----------------------------------------------------------------------------------#
   1.40     79       2      4       0.000000000000000e+00      1.136363636363636e+00 #  1  38
   1.80     79       2      4       0.000000000000000e+00      1.136363636363636e+00 #  2  39
   2.80     79       2      4       0.000000000000000e+00      9.947430173104460e-02 #  3  40
   3.80     79       2      4       0.000000000000000e+00      4.142064668915489e+00 #  4  41
   4.80     79       2      4       0.000000000000000e+00      1.659654270518910e+01 #  5  42
   5.80     79       2      4       0.000000000000000e+00      4.999393549832430e+01 #  6  43
   6.80     79       2      4       0.000000000000000e+00      1.703612067482688e+02 #  7  44
   1.40     79       6      4       0.000000000000000e+00      1.136363636363636e+00 #  8  45
   1.80     79       6      4       0.000000000000000e+00      1.136363636363636e+00 #  9  46
   2.80     79       6      4       0.000000000000000e+00      2.911319448189302e-01 # 10  47
   3.80     79       6      4       0.000000000000000e+00      2.442327412691983e+01 # 11  48
   4.80     79       6      4       0.000000000000000e+00      1.000837759538130e+02 # 12  49
   5.80     79       6      4       0.000000000000000e+00      1.638378490101207e+02 # 13  50
   6.80     79       6      4       0.000000000000000e+00      1.825676657936790e+02 # 14  51
   1.80     79       4      4       0.000000000000000e+00      1.136363636363636e+00 # 15  52
   2.80     79       4      4       0.000000000000000e+00      5.232995883984999e-01 # 16  53
   3.80     79       4      4       0.000000000000000e+00      1.506246436725963e+01 # 17  54
 #-----------------------------------------------------------------------------------#
 %endblock  Au_S2

 S3 : sum{ [rij**n * fc(rij)] * [rik**n * fc(rik)] * (1+lambda*cos(ijk))**zeta } lambda: 1-> acute more, -1-> obtuse more
 %block  Au_S3
 #---------------------------------------------------------------------------------------------------#
 # cut    nb1   nb2    n     m    zeta  lambda               Gmin                      Gmax          #
 #---------------------------------------------------------------------------------------------------#
   1.80   79    79     2     2      4     1.0       0.000000000000000e+00      1.136363636363636e+00 #  1  23
   1.80   79    79     2     2      4    -1.0       0.000000000000000e+00      1.136363636363636e+00 #  2  24
   3.20   79    79     2     2      4     1.0       0.000000000000000e+00      1.327337231487036e-02 #  3  25
   3.20   79    79     2     2      4    -1.0       0.000000000000000e+00      6.636683405800299e-02 #  4  26
   4.20   79    79     2     2      4     1.0       0.000000000000000e+00      2.269351211461154e+00 #  5  27
   4.20   79    79     2     2      4    -1.0       0.000000000000000e+00      3.855749964714050e+00 #  6  28
   6.50   79    79     2     2      4     1.0       0.000000000000000e+00      2.306024724786932e+02 #  7  29
 #---------------------------------------------------------------------------------------------------#
 %endblock  Au_S3

 S4 : sum{ [rij**n*fc(rij)]*[rik**n*fc(rik)]*[rjk**n*fc(rjk)]*(1+lambda*cos(ijk))**zeta }
    : ignore third-edge with large value
 %block  Au_S4
 #--------------------------------------------------------------------------------------------------------#
 # cut    nb1   nb2     n     m    p  zeta   lambda               Gmin                      Gmax          #
 #--------------------------------------------------------------------------------------------------------#
   2.40   79    79      2     4    4    4      1.0       0.000000000000000e+00      1.136363636363636e+00 #  1  30
   2.40   79    79      2     4    4    4     -1.0       0.000000000000000e+00      1.136363636363636e+00 #  2  31
   3.40   79    79      2     4    4    4      1.0       0.000000000000000e+00      5.589000965383920e-02 #  3  32
   3.40   79    79      2     4    4    4     -1.0       0.000000000000000e+00      9.175376776097851e-04 #  4  33
   5.40   79    79      2     4    4    4      1.0       0.000000000000000e+00      2.174090160023082e+03 #  5  34
   5.40   79    79      2     4    4    4     -1.0       0.000000000000000e+00      1.463432138616388e+02 #  6  35
   6.40   79    79      2     4    4    4      1.0       0.000000000000000e+00      2.169029430042614e+04 #  7  36
   6.40   79    79      2     4    4    4     -1.0       0.000000000000000e+00      3.109367509321733e+03 #  8  37
 #--------------------------------------------------------------------------------------------------------#
 %endblock  Au_S4

 S5 : Q-value based three-body structural descriptors
 %block  Au_S5
 #-----------------------------------------------------------------------------------------------#
 # cut    nb1   nb2    Qn     n    m    p               Gmin                       Gmax          #
 #-----------------------------------------------------------------------------------------------#
   2.20   79    79      2     2    2    2       0.000000000000000e+00      1.136363636363636e+00 #  1  55
   2.20   79    79      6     2    2    2       0.000000000000000e+00      1.136363636363636e+00 #  2  56
   3.20   79    79      2     2    2    2       0.000000000000000e+00      5.611693412984923e-06 #  3  57
   3.20   79    79      6     2    2    2       0.000000000000000e+00      3.700677304798526e-05 #  4  58
   4.60   79    79      2     2    2    2       0.000000000000000e+00      4.115625199946490e-01 #  5  59
   4.60   79    79      6     2    2    2       0.000000000000000e+00      4.497105154124173e+00 #  6  60
   3.20   79    79      4     2    2    2       0.000000000000000e+00      6.402716094684862e-06 #  7  61
   3.60   79    79      4     2    2    2       0.000000000000000e+00      2.985884202644229e-03 #  8  62
 #-----------------------------------------------------------------------------------------------#
 %endblock  Au_S5

 S6 : Slater-type dihedral angle
 %block  Au_S6
 #---------------------------------------------------------------------------------------------------------#
 # cut   nb1 nb2 nb3     n    m    p   zeta   lambda              Gmin                        Gmax         #
 #---------------------------------------------------------------------------------------------------------#
   2.20    0   0   0     2    2    8     4      1.0       0.000000000000000e+00      1.136363636363636e+00 #  1  63
   2.20    0   0   0     2    2    8     4     -1.0       0.000000000000000e+00      1.136363636363636e+00 #  2  64
   2.60    0   0  79     2    2    8     4      1.0       0.000000000000000e+00      2.235491791680033e-07 #  3  65
   2.60    0   0  79     2    2    8     4     -1.0       0.000000000000000e+00      1.100169749241269e-06 #  4  66
   3.80    0   0  79     2    2    2     8      1.0       0.000000000000000e+00      7.146016440608285e-01 #  5  67
   3.80    0   0  79     2    2    2     8     -1.0       0.000000000000000e+00      1.355287026275288e+00 #  6  68
 #---------------------------------------------------------------------------------------------------------#
 %endblock  Au_S6

 S24 : sum{ [rij**n*fc(rij)]*[rik**n*fc(rik)] * (sin(ijk)**2)**ksi * (1+lambda*cos(ijk))**zeta }
     : ignore third-edge with large value
 %block  Au_S24
 #---------------------------------------------------------------------------------------------------#
 # cut   nb1  nb2   n   m   zeta   ksi  lambda              Gmin                        Gmax         #
 #---------------------------------------------------------------------------------------------------#
   2.20  79   79    8   8     5     1     1.0       0.000000000000000e+00      1.000000000000000e+00 #  1  69
   2.20  79   79    8   8     5     1    -1.0       0.000000000000000e+00      1.000000000000000e+00 #  2  70
   2.80  79   79    8   8     5     1     1.0       0.000000000000000e+00      5.163743495941162e+00 #  3  71
   2.80  79   79    8   8     5     1    -1.0       0.000000000000000e+00      5.163751602172852e+00 #  4  72
 #---------------------------------------------------------------------------------------------------#
 %endblock  Au_S24



 Network Parameters of     Au
   Bias in Layer   2
      -0.123744413256645E+00   -0.242319405078888E+00    0.603540316224098E-01    0.661520734429359E-01    0.499882623553276E-01
       0.821926370263100E-01   -0.531651079654694E-01    0.524607002735138E-01   -0.242064476013184E+00    0.152274101972580E+00
      -0.314476341009140E-02    0.747293382883072E-01    0.151097536087036E+00    0.990723725408316E-02    0.799909681081772E-01
      -0.179213248193264E-01    0.827181637287140E-01   -0.121706590056419E+00   -0.220538914203644E+00    0.412764474749565E-01
       0.149788513779640E+00   -0.451688170433044E-01   -0.160954400897026E+00    0.126954270526767E-01   -0.996949598193169E-01
      -0.770221948623657E-01   -0.384023599326611E-01    0.326590016484261E-01    0.740763098001480E-01   -0.945828557014465E-01
      -0.425858825445175E+00    0.109920106828213E+00   -0.353711098432541E+00    0.691926330327988E-01   -0.133918166160583E+00
      -0.601999089121819E-01    0.350485630333424E-01    0.839947462081909E-01    0.546478629112244E-01    0.366961136460304E-01
      -0.124930441379547E+00    0.530351325869560E-01   -0.546170547604561E-01    0.174974322319031E+00    0.124091833829880E+00
      -0.177997127175331E+00    0.219170078635216E+00    0.225511133670807E+00   -0.207069069147110E+00    0.197575613856316E-02
      -0.144777402281761E+00   -0.349128767848015E-01    0.691371634602547E-01    0.244984373450279E+00    0.857159122824669E-01
      -0.113688133656979E+00    0.244109556078911E-01    0.546135529875755E-01   -0.845829173922539E-01   -0.142310932278633E+00
       0.101816013455391E+00    0.327792726457119E-01   -0.555603243410587E-01   -0.306770056486130E-01   -0.197008550167084E+00
       0.173116698861122E-01   -0.273719914257526E-01    0.143414542078972E+00   -0.112389095127583E+00    0.615292266011238E-01
      -0.800051838159561E-01   -0.636439844965935E-01   -0.189514216035604E-01   -0.980081483721733E-01    0.464241027832031E+00
       0.505460500717163E-01   -0.180456507951021E-01   -0.191352441906929E-01    0.311738364398479E-01   -0.272214226424694E-01
   Weight in Layer   2
       0.216497361660004E+00    0.480230636894703E-01   -0.540814399719238E-01    0.931521356105804E-01   -0.384207852184772E-01
       0.190577298402786E+00   -0.106799073517323E+00   -0.972533971071243E-01   -0.349465876817703E+00   -0.148209989070892E+00
      -0.144455388188362E+00    0.303702354431152E-01    0.941724888980389E-02    0.962272360920906E-01   -0.869450811296701E-02
      -0.177237257361412E+00    0.749973431229591E-01   -0.629970729351044E-01    0.165601354092360E-02    0.125867173075676E+00
      -0.159020453691483E+00    0.335660614073277E-01    0.175580263137817E+00   -0.283058285713196E+00    0.154758289456367E+00
       0.149904966354370E+00   -0.213100388646126E-01   -0.694800317287445E-01   -0.101890480145812E-01   -0.168718799948692E+00
      -0.208357684314251E-01   -0.101755104959011E+00    0.103073388338089E+00   -0.243053250014782E-01    0.188930287957191E+00
       0.909965410828590E-01    0.462778694927692E-01   -0.270934849977493E-01   -0.983836352825165E-01   -0.199025534093380E-01
      -0.515750646591187E-01   -0.242421135306358E+00    0.153132993727922E-02   -0.240995064377785E-01   -0.745857413858175E-02
       0.358674973249435E-01    0.111471198499203E+00    0.415596738457680E-01    0.106755988672376E-01    0.145674329251051E-01
      -0.779147818684578E-01   -0.100308306515217E+00   -0.138838337734342E-01   -0.294981990009546E-02   -0.385040231049061E-01
      -0.728756189346313E-01   -0.598427429795265E-01    0.190851941704750E+00   -0.124667743220925E-01   -0.160837486386299E+00
       0.739718750119209E-01   -0.200684756040573E+00    0.258284285664558E-01   -0.562568455934525E-01    0.210759062319994E-01
       0.901594310998917E-01   -0.718367546796799E-01    0.539541756734252E-02    0.197300277650356E-01   -0.609047058969736E-02
       0.108122967183590E+00   -0.846727844327688E-02
       0.177101761102676E+00   -0.388933718204498E-01   -0.116844058036804E+00   -0.500639453530312E-01   -0.904055964201689E-02
       0.911451801657677E-01   -0.200007408857346E+00   -0.187659472227097E+00   -0.196446366608143E-01   -0.109551683068275E+00
       0.201339423656464E-01    0.620319619774818E-01    0.320112966001034E-01    0.379977226257324E-01    0.411653518676758E-01
      -0.903204679489136E-01   -0.579882785677910E-01   -0.422975420951843E-02   -0.262334138154984E+00   -0.163982920348644E-01
      -0.386019796133041E-01    0.117827333509922E+00    0.210737735033035E+00    0.153570353984833E+00   -0.211194321513176E+00
       0.275037772953510E-01   -0.145560830831528E+00   -0.754137933254242E-01   -0.865148901939392E-01   -0.108216822147369E+00
       0.718118846416473E-01    0.196375608444214E+00    0.425134934484959E-01   -0.294528275728226E+00   -0.993439555168152E-01
      -0.190555572509766E+00   -0.167213186621666E+00   -0.154029175639153E+00    0.286269523203373E-01   -0.960797145962715E-01
      -0.268394172191620E+00   -0.373994559049606E-01   -0.327290594577789E-01    0.110258214175701E+00    0.305444672703743E-01
      -0.123269975185394E+00   -0.115859210491180E+00   -0.346631020307541E+00   -0.121419370174408E+00    0.374283418059349E-01
      -0.221671551465988E+00    0.887989550828934E-01   -0.165065139532089E+00   -0.105119504034519E+00    0.187464237213135E+00
      -0.420978665351868E-01   -0.124278694391251E+00   -0.135500773787498E+00   -0.534369722008705E-01    0.758210644125938E-01
      -0.992252752184868E-01   -0.120283454656601E+00    0.125114917755127E+00    0.171204820275307E+00    0.140601500868797E+00
      -0.107059277594090E+00   -0.438994653522968E-01    0.873079821467400E-01    0.243471950292587E+00    0.799610242247581E-01
       0.332030169665813E-01    0.111358582973480E+00
       0.274487026035786E-01    0.161719784140587E+00    0.251112550497055E+00   -0.185527950525284E+00   -0.330931067466736E+00
       0.334396120160818E-02    0.172678992152214E+00    0.821464434266090E-01    0.118725165724754E+00    0.814131349325180E-01
       0.195498988032341E+00   -0.136309014633298E-01    0.246696081012487E-02   -0.132378682494164E+00   -0.234766975045204E+00
      -0.315000675618649E-02    0.709059908986092E-01   -0.435604341328144E-02   -0.654245074838400E-02    0.196090430021286E+00
       0.273982942104340E+00    0.509049072861671E-01    0.116715200245380E+00    0.874563530087471E-01   -0.834093093872070E-01
       0.772273242473602E-01    0.804869011044502E-01   -0.536039322614670E-01    0.648456886410713E-01    0.102340430021286E+00
       0.106189437210560E+00    0.350223220884800E-01   -0.961400270462036E-01    0.600858815014362E-01   -0.160906612873077E+00
      -0.737128481268883E-01   -0.606356486678123E-01    0.114006683230400E+00   -0.500623919069767E-01   -0.549537464976311E-01
       0.673934593796730E-01    0.443169251084328E-01    0.912500359117985E-02   -0.189093083143234E+00   -0.167496651411057E+00
       0.536452047526836E-01    0.615013577044010E-01    0.773552507162094E-01    0.330855488777161E+00    0.133215919137001E+00
       0.331388786435127E-01   -0.103483527898788E+00   -0.244569405913353E+00   -0.372381992638111E-01   -0.506349951028824E-01
      -0.255745440721512E+00   -0.779562741518021E-01   -0.128662079572678E+00    0.174717962741852E+00    0.161681368947029E+00
       0.758568197488785E-01    0.145475789904594E+00    0.166909903287888E+00   -0.124917775392532E+00   -0.122907822951674E-01
       0.192585065960884E-01    0.130076631903648E+00   -0.753225088119507E-01   -0.767284855246544E-01    0.296767324209213E+00
      -0.782953798770905E-01   -0.170085981488228E+00
       0.708161666989326E-02   -0.798222124576569E-01   -0.975611619651318E-03    0.192382261157036E-01    0.102867931127548E+00
       0.395789444446564E-01    0.406070619821548E+00    0.424594320356846E-01   -0.193189874291420E+00   -0.375921931117773E-02
       0.214143283665180E-01    0.105309098958969E+00    0.816916376352310E-01    0.155617669224739E+00   -0.279572568833828E-01
       0.177369132637978E+00    0.104125946760178E+00    0.412436528131366E-02    0.210195928812027E+00    0.937069803476334E-01
       0.305994115769863E-01    0.736196488142014E-01   -0.155318930745125E+00    0.387856811285019E-01    0.427287966012955E-01
       0.556949600577354E-01   -0.212036073207855E+00    0.246878385543823E+00   -0.272056728601456E+00   -0.115273714065552E+00
      -0.108038157224655E+00    0.298430398106575E-01    0.862757936120033E-01   -0.748628750443459E-01    0.160629779100418E+00
       0.329523980617523E-01    0.276190936565399E-01    0.169834852218628E+00   -0.786144733428955E-01   -0.557051505893469E-02
      -0.274284929037094E-02    0.686732977628708E-01    0.420996695756912E-01    0.138131529092789E+00    0.136158093810081E-01
       0.536148622632027E-01    0.124851800501347E-02    0.468825399875641E-01    0.705403387546539E-01   -0.381539389491081E-01
       0.762191936373711E-01    0.171129345893860E+00   -0.163464173674583E+00    0.256774313747883E-01    0.103089129552245E-01
      -0.557174533605576E-01    0.108221188187599E+00   -0.604668185114861E-01   -0.465389639139175E-01    0.445174872875214E-01
       0.154567673802376E+00   -0.458481386303902E-01    0.367177091538906E-01   -0.147627800703049E+00   -0.234631411731243E-01
       0.100298607721925E-01    0.200232043862343E+00   -0.792714655399323E-01    0.493343882262707E-01   -0.133410235866904E-01
      -0.469657182693481E-01   -0.163186118006706E+00
       0.402281247079372E-01    0.762599036097527E-01   -0.203502625226974E+00    0.210387572646141E+00    0.144808605313301E+00
       0.129089593887329E+00    0.268705248832703E+00   -0.706918612122536E-01   -0.515707321465015E-01    0.269148766994476E+00
      -0.689476728439331E-01   -0.327465683221817E-02    0.232804659754038E-01    0.838026031851768E-01    0.598551705479622E-01
      -0.452824383974075E-01   -0.641429498791695E-01    0.271523237228394E+00   -0.952213779091835E-01    0.220125779509544E+00
       0.174934774637222E+00    0.164287850260735E+00   -0.178943462669849E-01   -0.151523649692535E+00   -0.131955131888390E+00
      -0.432722866535187E-01   -0.435702130198479E-02    0.172774329781532E+00   -0.188737913966179E+00    0.198284044861794E+00
       0.123147489503026E-01   -0.425339825451374E-01   -0.123960345983505E+00   -0.255848206579685E-01   -0.147736882790923E-01
       0.192977767437696E-01    0.231819469481707E-01    0.550917126238346E-01    0.731926830485463E-02   -0.181253030896187E-01
       0.124270543456078E+00   -0.142940372228622E+00    0.357418581843376E-01    0.314146652817726E-01    0.128687486052513E+00
      -0.222746357321739E+00   -0.236315093934536E-01   -0.868482813239098E-01   -0.128670603036880E+00    0.297025367617607E-01
      -0.541307181119919E-01   -0.153064383193851E-01    0.884848311543465E-01    0.361594697460532E-02    0.763151720166206E-01
      -0.173137202858925E+00   -0.839553698897362E-01    0.139721482992172E+00   -0.643859151750803E-02    0.532955452799797E-01
       0.154034364968538E-01    0.126330405473709E+00    0.114429323002696E-01    0.145961761474609E+00   -0.329525060951710E-01
       0.505908578634262E-01    0.178180232644081E+00    0.152189806103706E+00   -0.522340554744005E-02   -0.177330777049065E+00
       0.919913873076439E-01    0.143205583095551E+00
      -0.325794704258442E-01   -0.611111614853144E-02   -0.897556319832802E-01    0.492792986333370E-01   -0.116000249981880E+00
       0.968613922595978E-01    0.113065995275974E+00    0.175613403320312E+00    0.163808405399323E+00    0.230325907468796E-01
       0.869568809866905E-01   -0.261449366807938E-01   -0.526537653058767E-02    0.867770761251450E-01   -0.201568454504013E-01
      -0.674449373036623E-02    0.137509867548943E+00   -0.645192563533783E-01   -0.634358376264572E-01   -0.927561670541763E-01
       0.157733649015427E+00   -0.194580592215061E-01   -0.200163573026657E-01    0.648086071014404E-01   -0.936661288142204E-01
      -0.118829220533371E+00    0.553866568952799E-02    0.193422481417656E+00   -0.583536475896835E-01   -0.362123176455498E-01
       0.104492306709290E+00    0.356917716562748E-01    0.214822962880135E+00   -0.368015095591545E-01    0.161258831620216E+00
       0.443080067634583E-01   -0.270195417106152E-01   -0.126003444194794E+00   -0.108033590018749E+00    0.111364740878344E-01
       0.974780172109604E-01    0.125511139631271E-01    0.928699895739555E-01   -0.430751256644726E-01    0.642412379384041E-01
       0.431994237005711E-01   -0.292103644460440E-02    0.173387415707111E-01   -0.465675815939903E-02    0.118127577006817E-01
       0.126428619027138E+00   -0.127967745065689E+00   -0.247579053044319E+00    0.205911487340927E+00    0.128363862633705E+00
       0.216805130243301E+00   -0.123590946197510E+00    0.902556031942368E-01   -0.933803021907806E-01    0.187184631824493E+00
       0.256915569305420E+00   -0.297823622822762E-01   -0.632775127887726E-01    0.968006178736687E-01    0.420997850596905E-01
      -0.183220416307449E+00    0.277103371918201E-01    0.384772121906281E-01   -0.224995389580727E-01   -0.117326974868774E+00
       0.257128253579140E-01   -0.258287161588669E+00
       0.146702202036977E-01   -0.211896061897278E+00   -0.134656548500061E+00    0.758438371121883E-03    0.424616694450378E+00
       0.151861876249313E+00   -0.607713535428047E-01    0.350595302879810E-01   -0.233261138200760E-01   -0.592816397547722E-01
       0.129583239555359E+00    0.999801792204380E-03   -0.181983217597008E+00   -0.490320473909378E-01    0.614002346992493E-01
      -0.721685495227575E-02    0.993470847606659E-01   -0.169727563858032E+00    0.356199927628040E-01   -0.446923635900021E-01
       0.626200884580612E-01    0.194688618183136E+00    0.869221761822701E-01    0.202061571180820E-01    0.114287838339806E+00
      -0.122431116178632E-01    0.145197100937366E-01    0.760880559682846E-01   -0.101959198713303E+00    0.940057709813118E-01
       0.124681219458580E+00    0.881080850958824E-01    0.756927356123924E-01    0.749168023467064E-01    0.332424528896809E-01
      -0.196403309702873E+00    0.953674763441086E-01   -0.131404787302017E+00   -0.158444181084633E+00   -0.218779325485229E+00
       0.138036131858826E+00    0.224832221865654E-01   -0.931872576475143E-01   -0.498529300093651E-01   -0.376819074153900E-02
      -0.646691545844078E-01   -0.177966281771660E-01   -0.829334631562233E-01    0.574624305590987E-02    0.900865532457829E-03
       0.967764854431152E-01   -0.170699983835220E+00    0.996642783284187E-01    0.167806111276150E-01    0.399908563122153E-02
       0.222542677074671E-01   -0.249416083097458E-01   -0.321745611727238E-01   -0.153198957443237E+00   -0.975142791867256E-01
       0.207762882113457E+00   -0.110444147139788E-02    0.259280633181334E-01    0.807799920439720E-01    0.196847826242447E+00
       0.118937224149704E+00   -0.194197297096252E-01    0.152307182550430E+00    0.315693691372871E-01    0.934443250298500E-02
       0.112058222293854E+00    0.844235196709633E-01
       0.642634136602283E-02   -0.845507234334946E-01    0.725711956620216E-01   -0.176978573203087E+00    0.732534527778625E-01
       0.498956535011530E-02    0.353453338146210E+00    0.274397701025009E+00   -0.140947878360748E+00    0.730227530002594E-01
       0.504804626107216E-01    0.142750367522240E+00   -0.632575452327728E-01   -0.188158556818962E+00    0.167263269424438E+00
      -0.380697958171368E-01    0.101576901972294E+00    0.198284406214952E-01    0.115656778216362E-01   -0.380176343023777E-01
       0.614892225712538E-02   -0.196985937654972E-01   -0.776080507785082E-02   -0.311128646135330E-01    0.401487909257412E-01
       0.133258894085884E+00    0.210157155990601E+00   -0.150797143578529E+00    0.127126574516296E+00   -0.109611511230469E+00
       0.730410665273666E-01   -0.114459760487080E+00    0.408151932060719E-01   -0.155183166265488E+00   -0.467383004724979E-01
      -0.113189637660980E+00   -0.135463669896126E+00    0.151907252147794E-01    0.182836905121803E+00   -0.473830066621304E-01
       0.203827261924744E+00    0.947207584977150E-01    0.504395402967930E-01   -0.733135789632797E-01    0.585245713591576E-02
       0.249113038182259E+00   -0.436582192778587E-01    0.123583510518074E+00    0.574037879705429E-01    0.290401577949524E+00
      -0.220573782920837E+00    0.558504201471806E-01   -0.248205259442329E+00    0.132097065448761E+00    0.170187596231699E-01
       0.166981704533100E-01   -0.479045286774635E-01   -0.339827574789524E-01   -0.270422995090485E-01    0.546133071184158E-01
      -0.297792442142963E-01    0.531694628298283E-01    0.453727226704359E-02   -0.176815703511238E+00   -0.167417600750923E+00
      -0.120040357112885E+00   -0.339812077581882E-01   -0.127777501940727E+00    0.854755342006683E-01    0.524634160101414E-01
      -0.218488387763500E-01   -0.234343841671944E+00
       0.956474151462317E-02   -0.871261432766914E-01   -0.288508925586939E-02   -0.930764675140381E-01   -0.557560741901398E+00
      -0.369136840105057E+00   -0.230626225471497E+00    0.107637017965317E+00    0.427448377013206E-01    0.181988552212715E+00
       0.979904904961586E-01    0.685508027672768E-01   -0.590750500559807E-01    0.241353921592236E-01    0.101836293935776E+00
      -0.888001546263695E-01    0.114773921668530E+00   -0.374174900352955E-01   -0.231052055954933E+00    0.103134974837303E+00
       0.148837640881538E-01   -0.987013503909111E-01   -0.991144776344299E-01    0.480830073356628E-01   -0.103033468127251E+00
      -0.125183001160622E+00    0.201437935233116E+00    0.227427095174789E+00    0.449663288891315E-01    0.113539583981037E+00
      -0.197182223200798E-01    0.684175640344620E-01    0.256524030119181E-01    0.177776500582695E+00   -0.514345839619637E-01
      -0.669900774955750E-01    0.411572977900505E-01   -0.389204062521458E-01    0.810804888606071E-01    0.422006770968437E-01
       0.113676622509956E+00   -0.118437439203262E+00   -0.562810897827148E-01    0.659031718969345E-01   -0.176002793014050E-01
       0.286126345396042E+00   -0.313029214739799E-01   -0.206927701830864E+00   -0.733376219868660E-01   -0.800526663661003E-01
       0.177760988473892E+00   -0.983685702085495E-01    0.736790746450424E-01    0.503305010497570E-01   -0.203357204794884E+00
       0.123345591127872E+00    0.114855885505676E+00    0.476375408470631E-01   -0.383786857128143E-01   -0.958773344755173E-01
       0.187072470784187E+00    0.128506824374199E+00    0.177821502089500E+00    0.817957241088152E-02   -0.221373870968819E+00
       0.806010439991951E-01    0.216963887214661E+00    0.950968042016029E-01   -0.132847353816032E+00    0.481872027739882E-02
      -0.572561621665955E-01   -0.242379680275917E-01
       0.151171952486038E+00   -0.240842364728451E-01   -0.759953111410141E-01    0.549652986228466E-01    0.382497906684875E+00
       0.115139752626419E+00   -0.127851083874702E+00   -0.143651813268661E+00   -0.342913717031479E-01    0.969210863113403E-01
      -0.131158396601677E+00   -0.123900577425957E+00   -0.757188424468040E-01    0.234400071203709E-01    0.229510977864265E+00
      -0.782045423984528E-01   -0.994480773806572E-01   -0.158105269074440E-01    0.664100497961044E-01    0.701912194490433E-01
      -0.182543359696865E-01   -0.934678390622139E-01   -0.188797414302826E-01    0.189256310462952E+00    0.156793907284737E+00
       0.124402657151222E+00   -0.121776372194290E+00   -0.116880163550377E+00    0.111536178737879E-01   -0.202585101127625E+00
       0.986901745200157E-01   -0.130167350172997E+00    0.498914010822773E-01   -0.605204254388809E-01    0.687939301133156E-02
      -0.239358961582184E+00    0.251738317310810E-01    0.889765173196793E-01    0.565635673701763E-01    0.221520125865936E+00
      -0.922608841210604E-02   -0.670478940010071E-01   -0.105241790413857E+00    0.121732831001282E+00    0.163828209042549E+00
      -0.104437768459320E+00    0.104445040225983E+00    0.110045015811920E+00    0.904314219951630E-06    0.743257999420166E-01
      -0.700436979532242E-01    0.230144858360291E+00   -0.590946450829506E-01    0.961919054389000E-01   -0.258494243025780E-01
       0.142359539866447E+00    0.918900817632675E-01   -0.985880047082901E-01    0.109428837895393E+00   -0.265191137790680E+00
       0.770122464746237E-02   -0.201760753989220E+00    0.114801913499832E+00   -0.431878529489040E-01   -0.489426683634520E-02
      -0.133871376514435E+00   -0.284220762550831E-01   -0.131680117920041E-01    0.130202323198318E+00    0.576996579766273E-01
       0.298944890499115E+00   -0.286977365612984E-01
       0.181112557649612E+00   -0.323116257786751E-01   -0.117976367473602E+00    0.141281694173813E+00    0.290842443704605E+00
       0.216543033719063E+00   -0.221343860030174E+00   -0.298189930617809E-03   -0.753329228609800E-02    0.142955929040909E+00
      -0.845143422484398E-01    0.232363305985928E-02    0.638653784990311E-01    0.485774241387844E-01    0.127768471837044E+00
      -0.456432513892651E-01   -0.527583882212639E-01   -0.447211153805256E-01   -0.473903603851795E-01    0.388943366706371E-01
       0.191777385771275E-01   -0.212135389447212E+00    0.933695062994957E-01   -0.161916255950928E+00   -0.651865378022194E-01
       0.129259943962097E+00    0.272604413330555E-01   -0.785345286130905E-01   -0.455848164856434E-01    0.139330938458443E+00
       0.338369280099869E+00   -0.841713696718216E-01    0.770139247179031E-01   -0.336801633238792E-01    0.924517363309860E-01
      -0.437180288136005E-01   -0.109489805996418E+00    0.150438010692596E+00   -0.131361810490489E-01   -0.145784154534340E+00
      -0.710293930023909E-02    0.115369535982609E+00   -0.125284969806671E+00    0.134465962648392E+00   -0.771535485982895E-01
       0.218617208302021E-01   -0.111029110848904E-02   -0.168837368488312E+00    0.232301950454712E-01    0.214805752038956E+00
      -0.805183053016663E-01   -0.142356589436531E+00    0.265217602252960E+00   -0.440004020929337E-01    0.198564052581787E+00
       0.122558422386646E+00    0.101246230304241E+00    0.152170583605766E-01    0.523866079747677E-01   -0.792160537093878E-02
      -0.117430657148361E+00   -0.579778775572777E-01   -0.167034924030304E+00   -0.259848590940237E-02    0.129045858979225E+00
       0.129108875989914E+00   -0.494626238942146E-01    0.658746957778931E-01   -0.443527251482010E-01    0.149983853101730E+00
       0.413418784737587E-01    0.982672125101089E-01
       0.589959248900414E-01    0.143439956009388E-01    0.121130764484406E+00    0.684206411242485E-01   -0.278326898813248E+00
      -0.105577722191811E+00    0.194453313946724E+00   -0.161831676959991E-01    0.475226016715169E-02    0.723595917224884E-01
      -0.442241840064526E-01   -0.202622145414352E+00    0.347719550132751E+00   -0.175638809800148E+00   -0.722537115216255E-01
      -0.100365109741688E+00    0.113592348992825E+00   -0.887876469641924E-02   -0.560204964131117E-02    0.114308603107929E+00
      -0.995649918913841E-01    0.161497071385384E-01   -0.829325318336487E-01   -0.174186006188393E+00    0.378263089805841E-02
      -0.283228456974030E+00    0.239763393998146E+00   -0.122276470065117E+00   -0.618876218795776E-01    0.618274137377739E-01
      -0.145902916789055E+00    0.992163419723511E-01    0.891931653022766E-01    0.127183541655540E+00   -0.110538840293884E+00
       0.968497470021248E-01    0.136353056877851E-01   -0.823481157422066E-01    0.805208459496498E-01   -0.593616440892220E-01
       0.115290649235249E+00   -0.889046490192413E-01    0.925104394555092E-01    0.282916873693466E+00   -0.101566269993782E+00
       0.122987749055028E-01    0.112279266119003E+00    0.146825909614563E-01    0.233996063470840E-01    0.114788569509983E+00
       0.163273081183434E+00    0.377802066504955E-01   -0.239407584071159E+00   -0.191191256046295E+00   -0.993251204490662E-01
      -0.603596772998571E-02   -0.105917332693934E-01   -0.301718078553677E-01   -0.456769671291113E-02    0.221894547343254E+00
       0.421449095010757E-01    0.343090087175369E+00   -0.467778369784355E-01   -0.976639688014984E-01   -0.140173748135567E+00
       0.127415448427200E+00    0.118493940681219E-02   -0.132593616843224E+00    0.119279198348522E+00   -0.240042075514793E+00
      -0.126350224018097E+00    0.794812291860580E-01
       0.136006280779839E+00    0.454015955328941E-01   -0.237891077995300E-01    0.234431535005569E+00    0.191019386053085E+00
       0.657873079180717E-01    0.198503211140633E+00    0.194454461336136E+00    0.124427028000355E+00    0.125336190685630E-01
      -0.272433944046497E-01   -0.837801173329353E-01   -0.130690792575479E-01    0.178153321146965E+00    0.321934223175049E-01
      -0.100687041878700E+00   -0.325066410005093E-01    0.234960600733757E+00   -0.156366705894470E+00   -0.898127108812332E-01
       0.317909657955170E+00   -0.209108427166939E+00    0.162256717681885E+00    0.187758542597294E-01   -0.911927521228790E-01
       0.771288573741913E-01    0.338618457317352E-01    0.789248198270798E-01   -0.134996265172958E+00    0.828568339347839E-01
       0.151414275169373E+00    0.124134376645088E+00    0.110088981688023E+00   -0.160793125629425E+00   -0.106885647401214E-01
      -0.289568603038788E-01   -0.475752279162407E-01    0.163371816277504E+00    0.305002480745316E-01    0.138747006654739E+00
      -0.895070508122444E-01    0.804159566760063E-01    0.379228368401527E-01    0.134819298982620E+00   -0.132023066282272E+00
       0.244694463908672E-01    0.158305019140244E+00    0.368742495775223E-01    0.134766057133675E+00    0.203185245394707E+00
       0.793127045035362E-01   -0.616513788700104E-01    0.650567039847374E-01   -0.113144561648369E+00   -0.320500768721104E-01
      -0.439406186342239E-01   -0.513167493045330E-01    0.245917350053787E+00    0.171348780393600E+00    0.294326752424240E+00
      -0.560710653662682E-01    0.163272872567177E+00    0.108353361487389E+00   -0.137033918872476E-01    0.169979855418205E+00
      -0.124971881508827E+00    0.340384095907211E-01    0.443065278232098E-01    0.121808415278792E-01   -0.402345694601536E-01
       0.219350550323725E-01    0.321784839034081E-01
      -0.410302169620991E-01   -0.381904579699039E-01   -0.758809372782707E-01    0.824542716145515E-01    0.973473936319351E-01
       0.127035602927208E-01   -0.218057692050934E+00    0.506923981010914E-01   -0.366984233260155E-01   -0.715975835919380E-01
      -0.783311799168587E-01    0.151487410068512E+00    0.301730751991272E+00    0.554908774793148E-01   -0.602616891264915E-01
       0.791395604610443E-01    0.125706940889359E+00   -0.399982817471027E-01   -0.109749816358089E+00    0.103074572980404E+00
      -0.471487864851952E-01   -0.101571686565876E+00    0.136907279491425E+00   -0.484832786023617E-01   -0.752743408083916E-01
       0.114911586046219E+00   -0.112878143787384E+00    0.183476433157921E-01    0.194337218999863E+00    0.134673550724983E+00
       0.187289938330650E+00   -0.998646691441536E-01    0.927064195275307E-01    0.154222339391708E+00   -0.185421660542488E+00
      -0.303094554692507E-02    0.642895922064781E-01   -0.324223749339581E-01   -0.638671740889549E-01    0.584147218614817E-02
       0.719996690750122E-01    0.316069088876247E-02   -0.314948800951242E-02   -0.587527900934219E-01   -0.544817838817835E-02
       0.280894115567207E-01   -0.136378303170204E+00    0.160209953784943E+00    0.252493862062693E-01    0.133003637194633E+00
      -0.183880887925625E-01    0.143575351685286E-01    0.206374153494835E+00    0.214176148176193E+00   -0.258584082126617E+00
       0.152855161577463E-01   -0.865347832441330E-01    0.190549492835999E-01   -0.447814464569092E-01    0.344695523381233E-01
       0.177366539835930E+00    0.130180055275559E-01   -0.160697579383850E+00   -0.208404704928398E+00    0.874899029731750E-01
      -0.189981505274773E+00   -0.316868126392365E-01    0.461064688861370E-01    0.538120642304420E-01   -0.895314738154411E-01
      -0.281654685735703E+00   -0.108698353171349E+00
       0.154349908232689E+00    0.526440069079399E-01    0.101297184824944E+00    0.104624316096306E+00    0.475192768499255E-02
       0.208444774150848E+00   -0.136810183525085E+00   -0.923247188329697E-01   -0.377894286066294E-02    0.232757292687893E-01
      -0.555975083261728E-02    0.928181260824203E-01   -0.164482310414314E+00    0.250217407941818E+00   -0.156028727069497E-01
      -0.135749861598015E+00   -0.194533541798592E+00   -0.627848431468010E-01    0.235677435994148E-01    0.145479366183281E+00
      -0.174338296055794E+00    0.533567778766155E-01    0.103774994611740E+00   -0.849159527570009E-02   -0.762800052762032E-01
       0.137007683515549E+00   -0.161403387784958E+00    0.133947923779488E+00   -0.116681933403015E+00    0.614608451724052E-02
       0.337405577301979E-01   -0.208419531583786E+00    0.491244606673717E-01   -0.134795755147934E+00    0.138901010155678E+00
       0.129988864064217E+00    0.568729341030121E-01   -0.282099470496178E-02    0.605189688503742E-01    0.722258463501930E-01
       0.104195952415466E+00    0.239123869687319E-01    0.249403491616249E-01    0.163961052894592E-01    0.170459046959877E+00
       0.174979016184807E+00    0.465558581054211E-01   -0.125664234161377E+00   -0.138228937983513E+00    0.347063153982162E+00
       0.152177020907402E+00    0.775019451975822E-01    0.401596091687679E-01    0.503372214734554E-01    0.787092670798302E-01
       0.535516999661922E-02   -0.116152346134186E+00    0.891752392053604E-01    0.299814492464066E-01    0.244077779352665E-01
      -0.177680626511574E+00   -0.510466694831848E-01    0.246680170297623E+00   -0.368061363697052E-01    0.112160541117191E+00
       0.232107099145651E-02   -0.977402776479721E-01    0.118357166647911E-01    0.102798871695995E+00    0.838266387581825E-01
       0.583209395408630E-01    0.232744291424751E-01
      -0.399303920567036E-01    0.172463998198509E+00    0.127126052975655E-01    0.173505812883377E+00   -0.183160901069641E+00
       0.457518510520458E-01    0.261470407247543E+00    0.287635885179043E-01   -0.923427566885948E-01    0.257155925035477E+00
       0.138627201318741E+00    0.696774646639824E-01   -0.103292673826218E+00    0.192224904894829E-01    0.105830259621143E+00
       0.390944182872772E-01   -0.856013149023056E-01   -0.137259215116501E+00    0.680373907089233E-01    0.354975402355194E+00
       0.670015439391136E-01    0.101901236921549E-01    0.573657974600792E-01    0.282042287290096E-01    0.546851605176926E-01
      -0.194632858037949E+00    0.854502618312836E-02    0.517917536199093E-01    0.244583338499069E+00   -0.392397269606590E-01
      -0.128981331363320E-01    0.327947884798050E-01   -0.240019753575325E+00    0.849115028977394E-01   -0.309015847742558E-01
      -0.277981013059616E-01    0.785178840160370E-01   -0.822999998927116E-01    0.513602271676064E-01    0.128256663680077E+00
      -0.173133611679077E-02    0.316552594304085E-01    0.748921483755112E-01   -0.239195004105568E-01   -0.550675615668297E-01
      -0.103530287742615E+00    0.613060519099236E-01   -0.160316988825798E+00    0.108691841363907E+00    0.677409097552299E-01
      -0.139900177717209E+00    0.290597900748253E-01   -0.175540857017040E-01    0.203665375709534E+00    0.844426527619362E-01
      -0.122309729456902E+00   -0.901372879743576E-01    0.519309863448143E-01    0.213949292898178E+00    0.125034660100937E+00
       0.430014617741108E-01   -0.133839994668961E+00    0.398775860667229E-01    0.630291476845741E-01   -0.326712757349014E+00
      -0.465147756040096E-01   -0.263226479291916E+00   -0.113487944006920E+00   -0.150510564446449E+00    0.372441709041595E-01
       0.240247137844563E-02   -0.140615046024323E+00
       0.215797405689955E-01   -0.138963339850307E-01    0.892578624188900E-03    0.862980112433434E-01    0.460837082937360E-02
       0.183544605970383E+00    0.144145190715790E+00   -0.151973590254784E+00   -0.624519139528275E-01   -0.159225344657898E+00
       0.153890326619148E+00   -0.101218797266483E+00   -0.762278810143471E-01   -0.931245088577271E-01   -0.934205111116171E-02
       0.242091976106167E-01    0.287893682718277E+00    0.124714083969593E+00    0.928397253155708E-01    0.151210144162178E+00
      -0.970159992575645E-01   -0.683169513940811E-01   -0.221538215875626E+00    0.107609085738659E+00   -0.103595346212387E+00
      -0.324789315462112E+00    0.283218882977962E-01   -0.184712767601013E+00   -0.290284216403961E+00    0.159761920571327E+00
      -0.140276029706001E+00    0.666193142533302E-01   -0.482034273445606E-01   -0.354780908674002E-02    0.108943860977888E-01
       0.676873326301575E-01    0.101311683654785E+00   -0.403817370533943E-01    0.241776049137115E+00   -0.708380937576294E-01
      -0.666227638721466E-01    0.399008132517338E-01   -0.175625681877136E+00    0.111242711544037E+00   -0.353299289941788E+00
      -0.908905267715454E-01   -0.229959748685360E-01    0.193568855524063E+00    0.273132592439651E+00    0.186280265450478E+00
      -0.364505127072334E-01   -0.109566651284695E+00   -0.244676880538464E-01   -0.168660074472427E+00   -0.136584967374802E+00
       0.590114854276180E-01    0.239383913576603E-01    0.605777502059937E-01    0.130543261766434E+00    0.731481313705444E-01
       0.117319434881210E+00    0.258278757333755E+00   -0.133231328800321E-01   -0.424136929214001E-01    0.134242754429579E-01
      -0.202991679310799E+00   -0.381115637719631E-01    0.477831959724426E-01    0.466949902474880E-01    0.564932916313410E-02
      -0.135375365614891E+00   -0.220355466008186E-01
       0.157617717981339E+00   -0.667975693941116E-01    0.506892353296280E-01    0.910734459757805E-01   -0.546017408370972E+00
      -0.148044332861900E+00    0.834254845976830E-01   -0.123220175504684E+00    0.932841151952744E-01   -0.205562412738800E+00
      -0.221947997808456E+00   -0.104116208851337E+00    0.375169999897480E-01   -0.261081546545029E+00   -0.220075130462646E+00
       0.118967175483704E+00    0.173438265919685E+00    0.537059754133224E-01    0.293405652046204E-01   -0.129970148205757E+00
      -0.839570760726929E-01    0.786867737770081E-01    0.183997675776482E-02   -0.886912364512682E-02    0.150149725377560E-01
      -0.148572430014610E+00   -0.525218322873116E-01    0.712484791874886E-01   -0.977782309055328E-01    0.124848350882530E+00
       0.443029366433620E-01    0.366013795137405E-01    0.385118182748556E-02    0.730784609913826E-01    0.213174819946289E-01
       0.380192734301090E-01    0.200302958488464E+00   -0.117471545934677E+00    0.622981637716293E-01   -0.317856445908546E-01
      -0.321808457374573E-01    0.138044208288193E+00    0.140635356307030E+00   -0.262547396123409E-01    0.293610505759716E-01
      -0.122718751430511E+00    0.891065895557404E-01   -0.578100532293320E-01    0.209266051650047E+00    0.428764820098877E-01
       0.181825459003448E-01   -0.128108516335487E+00   -0.569505523890257E-02   -0.669013801962137E-02   -0.347465723752975E-01
      -0.533573105931282E-01   -0.563170537352562E-01   -0.100581973791122E+00    0.110246829688549E+00   -0.120443195104599E+00
      -0.336294174194336E-01    0.484877601265907E-01   -0.168800979852676E+00   -0.660081058740616E-01   -0.248774424195290E+00
       0.240527242422104E+00    0.776386037468910E-01   -0.740745142102242E-01   -0.149460043758154E-02    0.850326791405678E-01
      -0.923674479126930E-01   -0.755758360028267E-01
      -0.613722801208496E-01    0.296242833137512E-01    0.580571917816997E-02    0.278256572782993E-01    0.194076001644135E-01
      -0.396047271788120E-01    0.188315719366074E+00    0.357673726975918E-01   -0.705066025257111E-01   -0.124979063868523E+00
       0.225491493940353E+00   -0.391940958797932E-02   -0.948908179998398E-01   -0.118718147277832E+00   -0.241505697369576E+00
       0.188199535012245E+00   -0.110609726980329E-01   -0.201119929552078E+00    0.481453575193882E-01    0.133571386337280E+00
      -0.146540567278862E+00    0.592815456911922E-02   -0.102604821324348E+00    0.562442615628242E-01   -0.227432101964951E+00
      -0.200559899210930E+00    0.122025631368160E+00   -0.823886226862669E-02    0.148986160755157E+00    0.104898571968079E+00
       0.754405856132507E-01   -0.165699988603592E+00    0.376071557402611E-01    0.107447221875191E+00    0.882488489151001E-01
       0.207167983055115E+00   -0.417994111776352E-01    0.241981923580170E+00    0.354298278689384E-01   -0.354903191328049E-02
      -0.571091920137405E-01    0.595178417861462E-01    0.133491195738316E-01   -0.985395014286041E-01    0.152260912582278E-01
       0.119770221412182E+00   -0.868673920631409E-01   -0.975213944911957E-01    0.160420656204224E+00    0.172920808196068E+00
      -0.136649921536446E+00    0.739639475941658E-01   -0.434241667389870E-01   -0.242055639624596E+00   -0.834567174315453E-01
      -0.284066088497639E-01   -0.128678539767861E-01    0.367983318865299E-01    0.367853082716465E-01   -0.945220738649368E-01
       0.160678654909134E+00    0.492680966854095E-01    0.980749055743217E-01    0.195173591375351E+00    0.251943051815033E+00
       0.133682731539011E-01    0.178001299500465E+00    0.156410306692123E+00    0.862855836749077E-02    0.726309940218925E-01
       0.377424247562885E-01   -0.116784945130348E+00
       0.151494704186916E-01   -0.237544886767864E-01   -0.149716049432755E+00   -0.465581715106964E-01   -0.155489787459373E+00
       0.203622430562973E-01    0.264322310686111E+00    0.121263436973095E+00    0.739658549427986E-01    0.316777564585209E-01
      -0.236556410789490E+00   -0.357714258134365E-01   -0.420602075755596E-01    0.843313038349152E-01    0.182207003235817E-01
       0.827869027853012E-01   -0.197578296065331E-01   -0.378026776015759E-01   -0.277292281389236E-01   -0.261174052953720E+00
      -0.433479845523834E-01   -0.235982351005077E-01    0.432960018515587E-01   -0.176352247595787E+00    0.517216958105564E-01
      -0.411245860159397E-01    0.822258815169334E-01    0.813935548067093E-01   -0.209779828786850E+00    0.111145414412022E+00
      -0.250060968101025E-01    0.196663022041321E+00    0.226855546236038E+00    0.171592593193054E+00   -0.155992478132248E+00
       0.209147319197655E+00   -0.928731709718704E-01   -0.139323277398944E-01   -0.532049015164375E-01   -0.241643622517586E+00
      -0.349315255880356E-01   -0.539972707629204E-01    0.904481559991837E-01    0.126095429062843E+00    0.267310114577413E-02
       0.172951087355614E+00   -0.256405055522919E+00    0.245804376900196E-01    0.684562101960182E-01    0.122949928045273E+00
       0.973951444029808E-01   -0.147860869765282E+00   -0.216712541878223E-01   -0.474170781672001E-01    0.110275223851204E+00
       0.593212619423866E-01   -0.709105879068375E-01   -0.116710543632507E+00    0.305352099239826E-01   -0.286690369248390E-01
      -0.188306868076324E-01    0.995095372200012E-01    0.204413637518883E+00    0.854370072484016E-01    0.124234467744827E+00
      -0.813646614551544E-01   -0.792750641703606E-01    0.267762452363968E+00   -0.106194101274014E+00    0.987731143832207E-01
       0.218903914093971E+00   -0.210335135459900E+00
       0.339707406237721E-02   -0.254184573888779E+00   -0.105461791157722E+00    0.295498594641685E-01    0.541464865207672E+00
       0.415183842182159E+00    0.314260795712471E-01   -0.916165113449097E-01   -0.125158011913300E+00   -0.129829898476601E+00
      -0.199333988130093E-01   -0.147853186354041E-01    0.106196686625481E+00    0.880416929721832E-01    0.629664659500122E-01
      -0.129225417971611E+00   -0.132811814546585E+00    0.446741990745068E-01   -0.123924031853676E+00   -0.455668680369854E-01
      -0.161062434315681E+00   -0.101645335555077E+00   -0.163941644132137E-02   -0.516502372920513E-02    0.214776799082756E+00
       0.683562234044075E-01   -0.135632446035743E-01   -0.136278094723821E-01   -0.905677825212479E-01    0.190662220120430E-01
       0.107220642268658E+00    0.938041955232620E-01   -0.753511115908623E-01   -0.184040516614914E+00    0.245400354266167E+00
      -0.926813706755638E-01    0.104316905140877E+00    0.195087164640427E+00    0.150655746459961E+00    0.101155281066895E+00
      -0.195346325635910E-01   -0.108670908957720E-02    0.978132151067257E-02    0.260472118854523E+00   -0.672432556748390E-01
      -0.130620956420898E+00    0.444889105856419E-01    0.175965562462807E+00   -0.109471194446087E+00    0.251833945512772E+00
       0.187230743467808E-01   -0.156711116433144E+00    0.109275877475739E+00   -0.120510503649712E+00   -0.171439349651337E+00
      -0.438932962715626E-01    0.122898831963539E+00    0.622617080807686E-01    0.603355877101421E-01    0.676787197589874E-01
       0.265724435448647E-01    0.257744163274765E+00   -0.466565303504467E-01    0.660078898072243E-01    0.209935352206230E+00
       0.888761132955551E-01   -0.131851555779576E-01    0.115770939737558E-01   -0.163872882723808E+00    0.200776144862175E+00
       0.207414925098419E+00    0.159667313098907E+00
       0.212893903255463E+00   -0.417361035943031E-02   -0.159199699759483E+00    0.749786421656609E-01   -0.177774518728256E+00
      -0.927749369293451E-02    0.102949529886246E+00    0.194668937474489E-01   -0.497327223420143E-01    0.167343840003014E+00
       0.751594603061676E-01    0.390935223549604E-02    0.141782492399216E+00    0.119983091950417E+00   -0.311068408191204E-01
      -0.220456644892693E-01    0.175967831164598E-01    0.284701213240623E-01    0.872864201664925E-01    0.435520932078362E-01
      -0.303643107414246E+00    0.199537277221680E+00   -0.473833009600639E-01    0.700857164338231E-02    0.317550301551819E-01
       0.104337170720100E+00   -0.960128474980593E-02   -0.306215621531010E-01    0.385358706116676E-01    0.156079739332199E+00
      -0.194572508335114E-01   -0.157589614391327E-01    0.207716628909111E+00   -0.157886892557144E+00    0.156531557440758E+00
      -0.351985245943069E-01    0.324654094874859E-01   -0.874409005045891E-01   -0.274034254252911E-01   -0.146119594573975E+00
      -0.907579958438873E-01    0.123523615300655E+00   -0.956361275166273E-02    0.316048003733158E-01    0.140839949250221E+00
      -0.202739372849464E+00   -0.685390532016754E-01   -0.228246673941612E-01   -0.379496887326241E-01   -0.871436148881912E-01
       0.300146639347076E-01    0.529517270624638E-01   -0.927190855145454E-01   -0.911608710885048E-01   -0.151013791561127E+00
      -0.381918735802174E-01    0.110066011548042E+00    0.103063315153122E+00   -0.343075804412365E-01   -0.139936700463295E+00
       0.159185081720352E+00   -0.129325568675995E+00   -0.716931372880936E-01   -0.764291137456894E-01   -0.113012768328190E+00
      -0.543887540698051E-01    0.159968420863152E+00   -0.578009933233261E-01    0.987611245363951E-02    0.666818544268608E-01
      -0.165931329131126E+00   -0.108822315931320E+00
      -0.111513666808605E+00    0.679441913962364E-01   -0.139932736754417E+00   -0.610710754990578E-01   -0.283904492855072E+00
      -0.222161889076233E+00    0.238236412405968E-01   -0.449710935354233E-01   -0.541955456137657E-01   -0.344365090131760E-01
       0.232218559831381E-01   -0.157530754804611E-01   -0.346147082746029E-01   -0.108882375061512E+00   -0.268155187368393E+00
       0.943795442581177E-01    0.129984943196177E-01   -0.494532175362110E-01   -0.234009325504303E-01    0.158338412642479E+00
      -0.187604129314423E+00   -0.899008288979530E-01   -0.130542283877730E-01   -0.418936982750893E-01    0.412049293518066E-01
       0.225098162889481E+00    0.123248279094696E+00   -0.277841240167618E-01    0.177893862128258E+00    0.544056622311473E-02
      -0.174597963690758E+00    0.395119227468967E-01    0.122241072356701E+00   -0.138395234942436E+00   -0.364305488765240E-01
       0.951266363263130E-01    0.107075795531273E+00    0.441968701779842E-01    0.234767384827137E-01   -0.947608053684235E-01
      -0.116696909070015E+00   -0.107225887477398E+00   -0.402762554585934E-01   -0.510014630854130E-01   -0.150981485843658E+00
       0.107948623597622E+00   -0.258273869752884E+00   -0.760935246944427E-01    0.230308547616005E+00    0.914393886923790E-01
      -0.177027404308319E+00    0.207295298576355E+00   -0.236269757151604E-01   -0.143291130661964E+00    0.904517248272896E-03
       0.982190445065498E-01    0.492836646735668E-01    0.254330113530159E-01    0.161513552069664E+00   -0.811773464083672E-01
       0.480993986129761E-01    0.107822760939598E+00    0.135057821869850E+00    0.318627171218395E-01   -0.697775855660439E-01
      -0.653772726655006E-01   -0.527129322290421E-01   -0.153891161084175E+00   -0.529680401086807E-01   -0.759177803993225E-01
       0.996600836515427E-01   -0.113849326968193E+00
      -0.678459275513887E-02    0.155231848359108E+00   -0.290198892354965E+00    0.166200950741768E+00   -0.317504294216633E-01
       0.259288121014833E-01   -0.344568073749542E+00    0.736257061362267E-01   -0.941485166549683E-03    0.103521265089512E+00
       0.103404842317104E+00   -0.174373760819435E+00   -0.168172299861908E+00    0.255209803581238E-01   -0.934489071369171E-01
      -0.982157215476036E-01   -0.398372083902359E+00   -0.920797139406204E-01   -0.149694839492440E-01   -0.618807822465897E-01
      -0.223521783947945E+00    0.258918367326260E-01    0.238284282386303E-02    0.167105361819267E+00    0.417928844690323E-01
       0.208788946270943E+00   -0.405553169548512E-01   -0.112856626510620E+00   -0.109656816348433E-01   -0.495076142251492E-01
       0.545370765030384E-01    0.117505155503750E+00   -0.742083713412285E-01   -0.450792945921421E-01    0.300837047398090E-01
       0.241565592586994E-01   -0.662529841065407E-01    0.163160338997841E-01   -0.309632532298565E-01    0.203695505857468E+00
       0.152081131935120E+00    0.103863276541233E+00    0.320673361420631E-02   -0.232205331325531E+00    0.236408803611994E-01
      -0.301824882626534E-01   -0.731872245669365E-01   -0.880397930741310E-01    0.168244078755379E+00    0.148283585906029E+00
       0.146366938948631E+00    0.135372608900070E+00    0.346833541989326E-01   -0.753101054579020E-02   -0.136429861187935E+00
      -0.122920826077461E+00   -0.309145599603653E-01   -0.911471545696259E-01    0.816404819488525E-03   -0.161483436822891E-01
      -0.427831672132015E-01   -0.446463637053967E-01    0.103504531085491E+00   -0.183078460395336E-03   -0.176829874515533E+00
      -0.295607149600983E-01    0.106018921360373E-01    0.117577992379665E+00   -0.232851207256317E-01    0.147583380341530E+00
      -0.376991704106331E-01    0.687729641795158E-01
      -0.404929406940937E-01    0.364954620599747E-01   -0.571455806493759E-03   -0.226495675742626E-01   -0.184381067752838E+00
      -0.160725429654121E+00    0.190621584653854E+00    0.150222137570381E+00    0.227712184190750E+00    0.279270023107529E+00
       0.124581873416901E+00   -0.192626751959324E-02    0.250759303569794E+00   -0.813122093677521E-01   -0.216011062264442E+00
      -0.941072627902031E-01    0.261679202318192E+00    0.180595144629478E-01   -0.514903962612152E-01   -0.199993513524532E-01
       0.522374063730240E-01    0.179733410477638E+00   -0.852384883910418E-02    0.139554694294930E+00   -0.853120014071465E-01
      -0.233389467000961E+00    0.948633346706629E-02   -0.797031521797180E-01    0.625062808394432E-01    0.332502881065011E-02
      -0.535308104008436E-02    0.130283990874887E-01    0.913571342825890E-01    0.459311343729496E-01    0.161080330610275E+00
       0.181270971894264E+00   -0.745279993861914E-02    0.396022386848927E-01    0.881742592900991E-02    0.214337483048439E+00
      -0.129292517900467E+00   -0.134841978549957E+00   -0.148540521040559E-01   -0.311952494084835E-01   -0.487891621887684E-01
       0.304640270769596E-01    0.731274411082268E-01   -0.895767956972122E-01    0.154867786914110E-01    0.110439702868462E+00
      -0.185790583491325E+00    0.237299516797066E+00   -0.120917990803719E+00   -0.175274506211281E+00   -0.530519485473633E-01
       0.107360053807497E-01   -0.994432419538498E-01    0.117705464363098E+00   -0.202244333922863E-01    0.269962511956692E-01
       0.170715704560280E+00   -0.895109921693802E-01    0.140795946121216E+00    0.135476335883141E+00    0.180695474147797E+00
      -0.194045394659042E+00    0.175642460584641E+00    0.158415570855141E+00    0.131092756986618E+00   -0.803759247064590E-01
      -0.150870725512505E+00   -0.993491485714912E-01
      -0.646598637104034E-03   -0.105752283707261E-01    0.118723690509796E+00   -0.231950715184212E+00   -0.410309135913849E+00
       0.541192144155502E-01    0.127904340624809E+00    0.114764221012592E+00    0.122240521013737E+00    0.125716626644135E+00
      -0.537505149841309E-01    0.952282696962357E-01   -0.152246758341789E+00   -0.119863003492355E+00   -0.158582925796509E+00
       0.343799917027354E-02   -0.159111335873604E+00    0.194534100592136E-01   -0.149434119462967E+00    0.113120377063751E+00
       0.693648010492325E-01    0.915797278285027E-01    0.827875137329102E-01    0.105143159627914E+00   -0.177081882953644E+00
      -0.136171802878380E+00    0.205962061882019E+00    0.264395177364349E+00    0.172094896435738E+00    0.112414322793484E+00
       0.348864607512951E-01   -0.134888842701912E+00   -0.347787104547024E-01    0.120044335722923E+00   -0.794260054826736E-01
       0.164916545152664E+00   -0.878778006881475E-02    0.166141539812088E-01    0.114162817597389E+00   -0.305830016732216E-01
       0.136102259159088E+00   -0.250636152923107E-01   -0.141468808054924E+00    0.218953229486942E-01   -0.118755370378494E+00
       0.500634759664536E-01   -0.356547832489014E-01    0.177526742219925E+00   -0.155824303627014E+00    0.196184888482094E+00
      -0.174487717449665E-01    0.269483268260956E+00   -0.299069464206696E+00   -0.628164857625961E-01   -0.116496041417122E+00
      -0.403325632214546E-01    0.914041921496391E-01    0.108021542429924E+00   -0.890394970774651E-01    0.633041886612773E-02
       0.623689070343971E-01   -0.985041409730911E-01   -0.143328189849854E+00   -0.330037064850330E-02   -0.129419425502419E-01
      -0.899079740047455E-01   -0.209262251853943E+00   -0.110047146677971E+00   -0.506077073514462E-01   -0.683881118893623E-01
      -0.702056959271431E-01   -0.620544105768204E-01
       0.215309977531433E+00   -0.129821911454201E+00    0.162602141499519E-01   -0.138306096196175E+00    0.503788143396378E-01
      -0.171282552182674E-01   -0.147401494905353E-01    0.299224555492401E+00    0.130510002374649E+00   -0.356185846030712E-01
      -0.899858120828867E-02    0.297458916902542E+00   -0.145580559968948E+00    0.202536314725876E+00    0.156369760632515E+00
      -0.122951701283455E+00    0.112290792167187E-01   -0.230291225016117E-01   -0.201636850833893E-01   -0.716091543436050E-01
      -0.543012190610170E-02    0.102656418457627E-01   -0.637295544147491E-01    0.215914323925972E-01   -0.100419573485851E+00
       0.633255019783974E-01   -0.158893585205078E+00    0.345004126429558E-01   -0.679544284939766E-01    0.586408302187920E-01
      -0.912093967199326E-01   -0.342644378542900E-01   -0.701265484094620E-01    0.160878568887711E+00   -0.124802201986313E+00
       0.646847561001778E-01    0.210984647274017E+00    0.136703059077263E+00    0.119139321148396E+00    0.219957865774632E-01
      -0.762792974710464E-01   -0.601020380854607E-01   -0.428226664662361E-01    0.731317922472954E-01    0.353137217462063E-01
       0.141470655798912E+00    0.210116598755121E-01   -0.881234034895897E-01    0.920138284564018E-01    0.504782460629940E-01
       0.424030236899853E-02   -0.335828922688961E-01   -0.582340266555548E-02   -0.506970807909966E-01    0.166139230132103E-01
       0.259615063667297E+00   -0.461032092571259E-01    0.103474687784910E-02    0.103837028145790E+00   -0.145455420017242E+00
       0.152179926633835E+00    0.403282716870308E-01    0.571139380335808E-01    0.140603436157107E-01   -0.484981387853622E-01
       0.748642720282078E-03   -0.726466998457909E-01   -0.164845027029514E-01   -0.941446423530579E-01    0.104588754475117E-01
       0.811502933502197E-01    0.288469679653645E-01
       0.395148992538452E-02   -0.665635243058205E-01   -0.142787143588066E+00    0.102814428508282E+00    0.160372823476791E+00
      -0.550483260303736E-02    0.438918210566044E-01    0.105132088065147E+00   -0.194651074707508E-03    0.630655959248543E-01
       0.159467950463295E+00   -0.158832997083664E+00    0.233783535659313E-01   -0.185599297285080E+00   -0.111161172389984E+00
       0.724732205271721E-01    0.235795527696609E+00   -0.127302333712578E+00    0.201196491718292E+00    0.258578419685364E+00
      -0.300778374075890E-01    0.642397254705429E-01   -0.103749055415392E-02    0.110022425651550E+00   -0.285839140415192E-01
      -0.151500985026360E+00    0.101918235421181E+00    0.736485980451107E-02    0.187647223472595E+00   -0.175604522228241E+00
      -0.919996798038483E-01   -0.133891120553017E+00    0.131597056984901E+00   -0.790231004357338E-01    0.306446999311447E-01
       0.729081779718399E-01   -0.525743737816811E-01   -0.626168176531792E-01   -0.489303581416607E-01   -0.129801765084267E+00
       0.398327708244324E-01    0.806974470615387E-01   -0.114386960864067E+00    0.779917314648628E-01   -0.142013236880302E+00
       0.150705978274345E+00    0.101339295506477E+00    0.388262197375298E-01    0.145263774320483E-01   -0.162808969616890E-01
       0.128233179450035E+00   -0.549208149313927E-01    0.264037810266018E-01   -0.628127306699753E-01    0.202819630503654E-01
      -0.275963723659515E+00    0.841571167111397E-01    0.310955941677094E-01    0.133252702653408E-01    0.129713583737612E-02
      -0.437394194304943E-01   -0.425934270024300E-01    0.113891512155533E+00   -0.660682022571564E-01    0.153677210211754E+00
       0.131792500615120E+00   -0.639429017901421E-01   -0.134962825104594E-01    0.914633348584175E-01   -0.333456974476576E-02
      -0.793021768331528E-01   -0.618904307484627E-01
      -0.877374783158302E-01    0.717229619622231E-01   -0.603216364979744E-01   -0.287568904459476E-01   -0.292305648326874E-01
      -0.128038572147489E-01    0.136496126651764E+00    0.672568380832672E-01    0.200167037546635E-01    0.244262009859085E+00
       0.142957493662834E-01    0.154583439230919E+00    0.110553868114948E+00    0.203857019543648E+00    0.416727736592293E-01
       0.441301427781582E-01    0.255671255290508E-01    0.102477166801691E-01   -0.121048942208290E+00    0.169852882623672E+00
       0.272631138563156E+00    0.941785797476768E-01    0.345872435718775E-02   -0.201237767934799E+00    0.413766056299210E-01
      -0.137640655040741E+00    0.492876693606377E-01   -0.116032749414444E+00    0.162265487015247E-01   -0.744231883436441E-02
       0.810018032789230E-01   -0.143201664090157E+00    0.793197154998779E-01    0.132408216595650E+00   -0.411095954477787E-01
      -0.143695816397667E+00   -0.102929010987282E+00    0.235531702637672E-01   -0.117760337889194E-02    0.178783163428307E+00
      -0.100380510091782E+00    0.195828780531883E+00    0.300333760678768E-01   -0.382655858993530E-01   -0.171860724687576E+00
       0.289921835064888E-01    0.402175039052963E-01    0.141991347074509E+00    0.577011257410049E-01    0.130782037973404E+00
       0.146297469735146E+00   -0.209645047783852E+00   -0.734652206301689E-01    0.132443204522133E+00   -0.938947647809982E-01
       0.274548828601837E-01   -0.193344317376614E-01   -0.538209453225136E-01   -0.108875788748264E+00    0.295629017055035E-01
       0.217026039958000E+00    0.850039646029472E-01    0.400237776339054E-01   -0.109769187867641E+00    0.632562190294266E-01
      -0.259115081280470E-02    0.126676887273788E+00    0.196309499442577E-01    0.181752163916826E-01    0.659368932247162E-01
       0.256349071860313E-01   -0.101064845919609E+00
      -0.130472704768181E+00   -0.168439507484436E+00    0.755135416984558E-01   -0.550708081573248E-02    0.114935107529163E+00
      -0.608447864651680E-01    0.143352523446083E+00    0.850553512573242E-01   -0.202079400420189E+00    0.154597088694572E+00
       0.183453671634197E-01   -0.932445842772722E-02   -0.174889303743839E-01    0.109333075582981E+00    0.201028853654861E+00
       0.136739432811737E+00   -0.193612605333328E+00   -0.677634105086327E-01   -0.125437572598457E+00    0.658193230628967E-01
       0.301331162452698E+00    0.108650615438819E-01   -0.131024541333318E-01   -0.687237977981567E-01    0.172784030437469E-01
       0.245729118585587E+00    0.111849404871464E+00    0.155077189207077E+00   -0.126256585121155E+00   -0.452954098582268E-01
      -0.725030526518822E-01   -0.857676193118095E-01    0.177586123347282E+00    0.317060239613056E-01    0.780541226267815E-01
       0.178335949778557E+00    0.150311514735222E+00   -0.698763877153397E-01   -0.138694718480110E+00   -0.605878084897995E-01
      -0.737780630588531E-01    0.483769327402115E-01    0.444805212318897E-01   -0.882491990923882E-01   -0.258072353899479E-01
       0.114991560578346E+00   -0.613746326416731E-02    0.226350072771311E-01    0.344564989209175E-01   -0.124630779027939E+00
      -0.827499330043793E-01   -0.650355815887451E-01   -0.750664994120598E-01    0.256554126739502E+00    0.110330738127232E+00
      -0.241984352469444E-01    0.573784224689007E-01    0.301531821489334E+00    0.485141575336456E-01   -0.676535069942474E-01
      -0.939575806260109E-01   -0.930411443114281E-01    0.109192013740540E+00   -0.159667804837227E+00   -0.112866796553135E+00
      -0.196845307946205E+00    0.469578728079796E-01    0.174422279000282E+00    0.209930822253227E+00    0.741877704858780E-01
       0.584030756726861E-02    0.106857463717461E+00
       0.133278205990791E+00   -0.742882397025824E-02   -0.150729134678841E+00    0.104191020131111E+00   -0.764294564723969E-01
      -0.709686800837517E-01    0.274391360580921E-01   -0.674224197864532E-01   -0.267587065696716E+00   -0.151771470904350E+00
      -0.646456554532051E-01    0.590496473014355E-01   -0.120938688516617E+00   -0.619470775127411E-01   -0.822177994996309E-02
      -0.147177681326866E+00   -0.214908242225647E+00   -0.153158009052277E+00    0.370020776987076E+00   -0.114574573934078E+00
      -0.314459018409252E-01    0.918299481272697E-01    0.159298986196518E+00    0.132557854056358E+00    0.267427898943424E-01
      -0.874547585844994E-01   -0.915937405079603E-02   -0.989376753568649E-01   -0.114359974861145E+00    0.650380104780197E-01
      -0.259033828973770E+00    0.394163541495800E-01   -0.151257971301675E-01    0.273695111274719E+00   -0.128778800368309E+00
      -0.512908808887005E-01   -0.365863852202892E-01    0.283458605408669E-01    0.829303637146950E-02    0.326067721471190E-02
      -0.155320569872856E+00   -0.504595600068569E-02   -0.112987123429775E+00   -0.946118235588074E-01    0.186910420656204E+00
      -0.866079702973366E-01    0.161640960723162E-01   -0.272505104541779E+00   -0.225626677274704E+00   -0.222692251205444E+00
      -0.427643135190010E-01   -0.701751187443733E-01   -0.167273730039597E+00   -0.255712509155273E+00   -0.312633551657200E-01
      -0.105236480012536E-01   -0.786864310503006E-01   -0.455091632902622E-01   -0.471507273614407E-01   -0.901106595993042E-01
      -0.773828327655792E-01    0.976276919245720E-01   -0.540671870112419E-01   -0.100797846913338E+00    0.224891141057014E+00
      -0.130560189485550E+00   -0.707484781742096E-01    0.171085119247437E+00   -0.995530784130096E-01   -0.171397790312767E+00
      -0.281122140586376E-02    0.539874844253063E-02
       0.727489739656448E-01    0.609830580651760E-01    0.164151489734650E+00    0.203576162457466E+00   -0.136304005980492E+00
       0.608114786446095E-01    0.200812414288521E+00   -0.482020825147629E-01    0.653712749481201E-01   -0.180877521634102E+00
       0.333112031221390E+00    0.509513802826405E-01    0.453755594789982E-01   -0.105967372655869E-02    0.766763538122177E-01
      -0.133083900436759E-01    0.414588078856468E-01    0.140970543026924E+00   -0.150994649156928E-01   -0.774133279919624E-01
       0.874856188893318E-01    0.558873154222965E-01   -0.106148362159729E+00    0.158234462141991E+00    0.421288721263409E-01
       0.173209175467491E+00    0.784742236137390E-01   -0.793260484933853E-01    0.219394229352474E-01    0.769456848502159E-01
      -0.119095847010612E+00   -0.332143940031528E-01   -0.528917610645294E-01   -0.131464553996921E-01    0.135208427906036E+00
      -0.645307898521423E-01    0.707367882132530E-01    0.290693901479244E-01   -0.299351550638676E-01    0.182635754346848E+00
      -0.161724179983139E+00    0.185657426714897E+00    0.579248815774918E-01    0.340037234127522E-01    0.136312097311020E+00
       0.242717918008566E-01    0.126297816634178E+00    0.116038136184216E-03   -0.417200773954391E-01    0.891635194420815E-01
       0.382500924170017E-01   -0.112581983208656E+00   -0.140355184674263E+00   -0.122757134959102E-01   -0.781986489892006E-01
      -0.524758622050285E-01   -0.148803681135178E+00    0.827583000063896E-01    0.128355666995049E+00   -0.259149461984634E+00
       0.175383850932121E+00    0.572418384253979E-01    0.728889703750610E-01   -0.764563679695129E-01    0.263115614652634E+00
      -0.896156877279282E-01    0.118726920336485E-01    0.202041685581207E+00   -0.100150078535080E+00    0.103733703494072E+00
       0.203278526663780E+00    0.241627916693687E-02
      -0.236691199243069E-01   -0.768332090228796E-02   -0.138128280639648E+00    0.146417319774628E-01   -0.208985924720764E+00
      -0.200079575181007E+00   -0.141756474971771E+00   -0.100371465086937E+00   -0.215638875961304E+00    0.574373230338097E-01
      -0.115262478590012E+00    0.442972732707858E-02    0.243885159492493E+00   -0.551109109073877E-02   -0.121183410286903E+00
      -0.111950792372227E+00   -0.148260504007339E+00   -0.110393583774567E+00   -0.305687859654427E-01   -0.194629848003387E+00
      -0.210159376263618E+00   -0.144845217466354E+00   -0.365961305797100E-01   -0.721174329519272E-01    0.790787562727928E-01
       0.520759411156178E-01    0.793957859277725E-01    0.410933792591095E-02   -0.493246465921402E-01    0.449845613911748E-02
       0.332305096089840E-01    0.153302744030952E+00    0.836244672536850E-01    0.941393077373505E-01   -0.478383339941502E-01
       0.222506105899811E+00   -0.270400196313858E-03   -0.107465378940105E+00    0.695055127143860E-01   -0.197830736637115E+00
       0.175034254789352E+00   -0.224667742848396E+00   -0.210885092616081E+00    0.380843505263329E-01   -0.565031170845032E-01
      -0.760753378272057E-01   -0.132532894611359E+00   -0.216183811426163E+00    0.324109792709351E-01   -0.122695401310921E+00
      -0.382577665150166E-01    0.824303999543190E-01   -0.230949908494949E+00   -0.203607231378555E-01   -0.193232044577599E+00
       0.200008712708950E-01    0.163161650300026E+00    0.211009144783020E+00   -0.249221786856651E+00    0.285516917705536E+00
      -0.338353216648102E+00    0.173158735036850E+00   -0.211932323873043E-02   -0.157112590968609E-01    0.764317736029625E-01
      -0.298782512545586E-01    0.517455898225307E-01    0.388716422021389E-01    0.729032605886459E-01   -0.276897884905338E-01
      -0.113339751958847E+00   -0.381589494645596E-01
      -0.736529845744371E-02   -0.843693837523460E-01   -0.135472208261490E+00   -0.643267706036568E-01    0.251348972320557E+00
       0.806136336177588E-02    0.822887122631073E-01   -0.763639882206917E-01    0.141004934906960E+00   -0.364885702729225E-01
      -0.794333871454000E-02   -0.625933632254601E-01    0.347926169633865E-01    0.631187111139297E-01    0.622601620852947E-01
      -0.785817429423332E-01    0.490450672805309E-01   -0.930080264806747E-01    0.205513998866081E+00   -0.125373676419258E+00
       0.284138381481171E+00    0.102310918271542E+00    0.265226930379868E+00    0.294512994587421E-01   -0.298284441232681E-01
       0.670835301280022E-01   -0.103906663134694E-01   -0.537010580301285E-01    0.232190474867821E+00    0.118968151509762E+00
      -0.617153123021126E-01   -0.140246292576194E-01   -0.361546985805035E-01    0.364255070686340E+00    0.113056167960167E+00
       0.712284818291664E-01    0.510695949196815E-01    0.105022057890892E+00   -0.510008074343204E-02   -0.781866386532784E-01
       0.169977232813835E+00    0.142452239990234E+00   -0.439726561307907E-02    0.801047980785370E-01    0.664209648966789E-01
       0.137013614177704E+00   -0.560476630926132E-01   -0.977541282773018E-01    0.488754622638226E-01    0.570675581693649E-01
       0.251288801431656E+00   -0.123710772022605E-01    0.124099634587765E+00    0.213297337293625E+00    0.569053962826729E-01
      -0.609532520174980E-01    0.722668468952179E-01    0.129826977849007E+00   -0.227036967873573E+00    0.375871770083904E-01
      -0.750071778893471E-01   -0.610938742756844E-01   -0.412074066698551E-01    0.790875777602196E-01    0.654196888208389E-01
      -0.268502086400986E+00    0.814284980297089E-01    0.212736025452614E+00   -0.775550082325935E-01    0.938995033502579E-01
       0.883833393454552E-01   -0.781383290886879E-01
       0.126958429813385E+00    0.953684523701668E-01    0.125958502292633E+00    0.140009328722954E+00   -0.379147708415985E+00
      -0.627655833959579E-01    0.415155440568924E-01    0.151155591011047E+00    0.381568111479282E-01    0.105165734887123E+00
      -0.209314636886120E-01   -0.892401486635208E-01    0.443392209708691E-01   -0.100589163601398E+00    0.756169706583023E-01
       0.423750914633274E-01   -0.154065385460854E+00    0.209798850119114E-01    0.232389327138662E-01    0.881595164537430E-01
      -0.709196645766497E-02   -0.306121706962585E+00   -0.460222437977791E-01   -0.615901350975037E-01    0.129735052585602E+00
       0.139178717508912E-01    0.101481333374977E+00    0.909224823117256E-01    0.611971691250801E-02    0.267038673162460E+00
      -0.489939078688622E-01   -0.910712480545044E-01   -0.477780811488628E-01    0.288802944123745E-01    0.434180535376072E-01
      -0.161119326949120E+00    0.938728004693985E-01    0.206945352256298E-01    0.954500660300255E-01    0.887447744607925E-01
      -0.306926928460598E-01   -0.347067601978779E-01    0.808844640851021E-01   -0.130817860364914E+00    0.132888369262218E-01
       0.774299651384354E-01   -0.572971478104591E-01    0.165515974164009E+00    0.110685722902417E-01   -0.690334141254425E-01
       0.164153218269348E+00    0.703735500574112E-01    0.132458582520485E+00   -0.950805917382240E-01   -0.706482231616974E-01
       0.255190189927816E-01   -0.121614662930369E-01    0.110444441437721E+00   -0.651805102825165E-01   -0.744233056902885E-01
       0.368925370275974E-02   -0.617344230413437E-01    0.223588407039642E+00    0.294393040239811E-01   -0.253659188747406E-01
       0.634829625487328E-01    0.624890550971031E-01    0.649189651012421E-01   -0.112367458641529E+00    0.856267586350441E-01
      -0.112504452466965E+00   -0.333074368536472E-01
      -0.172282345592976E-01    0.235022500157356E+00   -0.977605115622282E-02   -0.177709549665451E+00    0.204068467020988E+00
       0.114958643913269E+00   -0.721921101212502E-01   -0.779597163200378E-01   -0.651773288846016E-01   -0.895579010248184E-01
      -0.248053446412086E-01    0.848593935370445E-01    0.702097341418266E-01    0.166529968380928E+00   -0.660042464733124E-01
      -0.685094445943832E-01   -0.127873972058296E+00    0.913030579686165E-01   -0.341688767075539E-01    0.252241678535938E-01
      -0.746447518467903E-01    0.886786878108978E-01   -0.297332033514977E-01   -0.852857083082199E-01    0.409081242978573E-01
       0.116687882691622E-01    0.128544420003891E+00   -0.463861487805843E-01   -0.228802859783173E-01   -0.360530056059361E-01
      -0.777798891067505E-01    0.714919865131378E-01    0.527951531112194E-01    0.378519222140312E-01   -0.132616162300110E+00
      -0.177274599671364E+00    0.110199069604278E-01    0.773070529103279E-01   -0.150242924690247E+00   -0.641755834221840E-01
      -0.337437063455582E+00   -0.459547899663448E-01    0.213484615087509E-01   -0.499803498387337E-01   -0.212814584374428E+00
       0.794030204415321E-01    0.557266548275948E-01   -0.522792059928179E-02    0.779342129826546E-01    0.105330355465412E+00
       0.107796499505639E-01   -0.126125201582909E+00   -0.194295048713684E-01    0.109951294958591E+00    0.885955467820168E-01
      -0.884578526020050E-01   -0.489037893712521E-01    0.869250204414129E-02   -0.468363128602505E-01    0.145176917314529E+00
       0.118956208229065E+00   -0.200161784887314E+00    0.167832430452108E-01    0.846466049551964E-01    0.731310099363327E-01
      -0.426003150641918E-01   -0.567959770560265E-01    0.515268668532372E-01   -0.144663779065013E-01    0.117274746298790E+00
       0.904646813869476E-01    0.578751116991043E-01
       0.398938357830048E-01    0.102851130068302E+00    0.128383919596672E+00    0.316122509539127E-01    0.377018362283707E+00
      -0.663153380155563E-01   -0.111100099980831E+00   -0.208351418375969E+00    0.293436134234071E-02   -0.283380970358849E-02
       0.964593514800072E-01   -0.964994281530380E-01   -0.202582776546478E-01    0.199309572577477E+00    0.527802854776382E-02
      -0.111715041100979E+00   -0.160647884011269E+00   -0.694841891527176E-01   -0.286854840815067E-01   -0.132920593023300E+00
      -0.141422227025032E+00    0.117692127823830E+00    0.565070472657681E-01    0.522913299500942E-01    0.267872214317322E+00
       0.655111968517303E-01    0.151661664247513E+00   -0.319826379418373E-01    0.257243871688843E+00    0.190650314092636E+00
       0.181460693478584E+00   -0.408112630248070E-01   -0.715465936809778E-02    0.434087403118610E-02   -0.228864513337612E-01
      -0.632081925868988E-01    0.425690133124590E-02    0.677552744746208E-01    0.667297393083572E-01    0.713971303775907E-02
       0.184995219111443E+00   -0.324023924767971E-01   -0.105943366885185E+00    0.661394894123077E-01    0.130720064043999E-01
       0.560413375496864E-01   -0.185023769736290E+00    0.158878698945045E+00   -0.130391448736191E+00    0.317827790975571E+00
       0.566986687481403E-01   -0.732418894767761E-01   -0.482977591454983E-01   -0.619933307170868E-01   -0.247173756361008E-02
       0.243353303521872E-01    0.688660889863968E-01    0.920824930071831E-01   -0.944839864969254E-01   -0.206972137093544E-01
      -0.231200829148293E-01    0.627692490816116E-01    0.285667866468430E+00   -0.152468597516418E-01    0.110992543399334E+00
      -0.464879944920540E-01    0.191930215805769E-02   -0.149310916662216E+00   -0.108506016433239E+00    0.334339775145054E-01
       0.335619777441025E+00    0.334933042526245E+00
      -0.905057862401009E-01   -0.432493500411510E-01   -0.596134886145592E-01   -0.514870621263981E-01    0.313192099332809E+00
      -0.305342189967632E-01    0.464664511382580E-01    0.338984765112400E-01   -0.246526047587395E+00   -0.128330931067467E+00
       0.661754831671715E-01   -0.249265000224113E+00   -0.744817778468132E-01   -0.305909700691700E-01   -0.592689290642738E-01
      -0.105103470385075E+00    0.942274257540703E-01   -0.139012143015862E+00   -0.592306181788445E-01   -0.608551502227783E-01
      -0.610911399126053E-01   -0.393508858978748E-01    0.144406199455261E+00    0.235040709376335E+00    0.175188198685646E+00
       0.214959532022476E+00    0.176257699728012E+00   -0.777237936854362E-01   -0.179116263985634E+00    0.378062613308430E-01
      -0.752748996019363E-01   -0.102561667561531E+00   -0.963506475090981E-01   -0.992436930537224E-01   -0.922133848071098E-01
      -0.161372497677803E-01   -0.220541715621948E+00   -0.449772961437702E-01   -0.318473041057587E+00   -0.181711912155151E+00
      -0.748008936643600E-01    0.325607229024172E-02    0.567402057349682E-01    0.121405377984047E+00   -0.641417056322098E-01
      -0.445250198245049E-01    0.318945832550526E-01    0.282894283533096E+00    0.208573322743177E-02   -0.603015497326851E-01
       0.926702916622162E-01    0.132428715005517E-01   -0.692140236496925E-01   -0.624752044677734E-01   -0.187596827745438E+00
      -0.103642448782921E+00   -0.156381502747536E+00   -0.121203958988190E+00    0.345375053584576E-01    0.571084804832935E-01
       0.761601328849792E-02    0.151558712124825E+00   -0.702316761016846E-01    0.102025859057903E+00   -0.159807518124580E+00
      -0.128896325826645E+00    0.228910222649574E-01    0.710289925336838E-01    0.712120458483696E-01   -0.103251919150352E+00
       0.853987410664558E-01    0.448601990938187E-01
       0.183694716542959E-02    0.328629165887833E+00    0.107404805719852E+00   -0.119736596941948E+00    0.186829313635826E+00
       0.274258792400360E+00   -0.890799909830093E-01   -0.124428838491440E+00    0.738630071282387E-01    0.176461562514305E+00
       0.228296384215355E+00    0.866647735238075E-01   -0.193402804434299E-01   -0.117483124136925E+00   -0.344772748649120E-01
       0.253642965108156E-01    0.729006081819534E-01   -0.622298642992973E-01   -0.178364038467407E+00    0.877461656928062E-01
      -0.348868332803249E-01    0.109772749245167E+00    0.236711964011192E+00    0.160816937685013E+00    0.230519667267799E+00
      -0.788272395730019E-01   -0.862819701433182E-01   -0.128379790112376E-01    0.104942679405212E+00   -0.483186729252338E-01
      -0.443831235170364E-01   -0.321293324232101E-01    0.275341831147671E-01   -0.254292115569115E-01   -0.359890982508659E-01
       0.557907372713089E-01    0.194589450955391E+00   -0.283051542937756E-01   -0.224560379981995E+00   -0.231742020696402E-02
       0.394284017384052E-01    0.238647639751434E+00    0.388792231678963E-01   -0.874167773872614E-02   -0.128087503835559E-01
       0.109598979353905E+00    0.102857246994972E+00    0.853747725486755E-01   -0.871255770325661E-01   -0.429262742400169E-01
       0.105408178642392E-01    0.172877367585897E-01    0.154083698987961E+00    0.184399653226137E-01    0.101479597389698E+00
      -0.601045936346054E-01    0.176370486617088E+00   -0.111241422593594E+00    0.260754466056824E+00   -0.451345369219780E-01
      -0.232174515724182E+00    0.258297592401505E+00    0.889935195446014E-01    0.108132943511009E+00    0.934235006570816E-01
       0.819822996854782E-01    0.496273227035999E-01    0.107903487980366E+00    0.109893836081028E+00   -0.106137925758958E-01
       0.130116179585457E+00    0.864039137959480E-01
      -0.156967669725418E+00    0.172012280672789E-01    0.802936553955078E-01    0.134201973676682E+00   -0.169375762343407E-01
       0.343921892344952E-01    0.194451257586479E+00    0.158555462956429E+00    0.346563011407852E-01    0.990629419684410E-01
      -0.564889460802078E-01    0.312438488006592E+00    0.177746400237083E+00    0.120332546532154E+00    0.102376542985439E+00
       0.200219914317131E+00   -0.762209370732307E-01    0.659835562109947E-01    0.471213608980179E-01    0.221569687128067E+00
       0.133556462824345E-01    0.194888442754745E+00    0.198278129100800E-01   -0.323519147932529E-01   -0.100773856043816E+00
      -0.145582556724548E+00   -0.605942457914352E-01    0.460365675389767E-01   -0.939010307192802E-01   -0.128400027751923E+00
       0.367710776627064E-01   -0.536075606942177E-01   -0.130957830697298E-02   -0.172852575778961E+00   -0.751129686832428E-01
       0.898724570870399E-01   -0.519715547561646E-01   -0.516907274723053E-01   -0.124246543273330E-01   -0.797466412186623E-01
      -0.754004940390587E-01    0.153994392603636E-01    0.202678695321083E+00   -0.374342538416386E-01   -0.102562919259071E+00
       0.284628830850124E-01    0.140838790684938E-01   -0.849375948309898E-01    0.269092954695225E-01    0.121152214705944E+00
      -0.126233603805304E-02    0.908096060156822E-01   -0.148054054006934E-01   -0.112506464123726E+00    0.572001524269581E-01
       0.716874599456787E-01    0.253779515624046E-01    0.108891569077969E+00    0.613554865121841E-01    0.177936166524887E+00
      -0.839687213301659E-01    0.688708424568176E-01    0.354013927280903E-01    0.703556612133980E-01    0.201996825635433E-01
       0.472212433815002E-01   -0.521082095801830E-01    0.552331320941448E-01   -0.119353130459785E+00    0.234762057662010E-01
      -0.349390432238579E-01   -0.633644312620163E-01
      -0.172004252672195E-01    0.105832889676094E+00    0.531789176166058E-01    0.259365230798721E+00    0.586050795391202E-02
       0.132197856903076E+00   -0.251628123223782E-01   -0.235974133014679E+00    0.181504040956497E-01    0.106797683984041E-01
       0.111007364466786E-01    0.871474370360374E-01   -0.378303714096546E-01   -0.104343995451927E+00    0.174574732780457E+00
      -0.912026241421700E-01    0.113015115261078E+00   -0.303556233644485E+00   -0.359133072197437E-02   -0.134077876806259E+00
       0.151552215218544E+00   -0.131670147180557E+00   -0.178298473358154E+00    0.401545464992523E-01    0.201608717441559E+00
       0.355641357600689E-02   -0.914051458239555E-01    0.109539069235325E+00   -0.134604861959815E-01    0.727473422884941E-01
      -0.492512583732605E-01    0.366724096238613E-01   -0.981185436248779E-01   -0.323210004717112E-02    0.632745623588562E-01
      -0.151821494102478E+00   -0.730985552072525E-01   -0.391720794141293E-01    0.625463798642159E-01   -0.797841474413872E-01
       0.300893783569336E-01   -0.168903782963753E+00   -0.293868005275726E+00   -0.580652579665184E-01    0.993498042225838E-01
      -0.464669875800610E-01    0.138874068856239E+00    0.233137965202332E+00   -0.179078072309494E+00   -0.171539485454559E-01
      -0.316152945160866E-01   -0.109683843329549E-01    0.172000661492348E+00    0.197699546813965E+00   -0.393846910446882E-02
       0.170880973339081E+00    0.894057229161263E-01    0.180936291813850E+00    0.173269763588905E+00   -0.990472733974457E-01
      -0.143222376704216E+00    0.502722039818764E-01    0.982249379158020E-01    0.139160886406898E+00    0.103513091802597E+00
      -0.186465866863728E-01    0.338225290179253E-01   -0.588285103440285E-01   -0.808213874697685E-01    0.479212068021297E-01
      -0.596048980951309E-01    0.669331252574921E-01
       0.629000440239906E-01   -0.876881033182144E-01   -0.739665552973747E-01   -0.131635934114456E+00    0.573969602584839E+00
       0.296014130115509E+00   -0.133793622255325E+00   -0.651913806796074E-01   -0.614020377397537E-01    0.229677215218544E+00
       0.632185349240899E-02   -0.114388786256313E+00    0.154945313930511E+00    0.228457272052765E+00    0.127845674753189E+00
       0.102184996008873E+00    0.649423450231552E-01    0.163192898035049E+00   -0.614214465022087E-01   -0.172149240970612E-01
      -0.652778074145317E-01    0.586556419730186E-01    0.447979494929314E-01    0.194881290197372E+00    0.151754483580589E+00
       0.300338566303253E+00    0.131177261471748E+00   -0.103383203968406E-01   -0.113315686583519E+00   -0.140747400000691E-01
      -0.492650009691715E-01   -0.552230626344681E-01   -0.102723380550742E-01    0.684249475598335E-01    0.526378229260445E-01
      -0.102789103984833E+00   -0.634196177124977E-01    0.220910146832466E+00    0.387507379055023E-01    0.127298399806023E+00
       0.770155712962151E-01   -0.522002205252647E-02    0.968245789408684E-01   -0.211932152509689E+00    0.385404378175735E-01
       0.308544971048832E-01    0.794204697012901E-02   -0.211131140589714E+00   -0.154329717159271E+00    0.411207079887390E-01
      -0.204257875680923E+00   -0.152377426624298E+00   -0.682583525776863E-01    0.387422814965248E-01   -0.640434212982655E-03
       0.109343886375427E+00   -0.424464903771877E-01    0.759943202137947E-02    0.149239869788289E-01    0.702911838889122E-01
      -0.743904858827591E-01   -0.330643355846405E-01   -0.190676465630531E+00    0.143092468380928E+00   -0.358937531709671E-01
       0.715986415743828E-01   -0.747277885675430E-01    0.241788513958454E-01    0.173476219177246E+00   -0.185793980956078E+00
       0.239985391497612E+00    0.152561888098717E+00
       0.245105966925621E+00   -0.196289867162704E-01   -0.220189392566681E-01   -0.333008617162704E-01    0.320800065994263E+00
       0.202127099037170E+00   -0.735063925385475E-01    0.616521276533604E-01   -0.209064453840256E+00   -0.202216520905495E+00
       0.331081524491310E-01   -0.402848534286022E-01    0.105180047452450E+00    0.256379544734955E+00    0.326159119606018E+00
      -0.262134462594986E+00    0.103777103126049E+00    0.119368053972721E+00   -0.689684450626373E-01   -0.130257397890091E+00
       0.330300442874432E-01   -0.129736408591270E+00   -0.139450564980507E+00    0.152068674564362E+00    0.179739087820053E+00
       0.153614468872547E-01    0.201724302023649E-01    0.720561370253563E-01    0.479919835925102E-01   -0.174582973122597E-01
      -0.682701840996742E-01    0.164711415767670E+00   -0.137777149677277E+00   -0.936375781893730E-01    0.579405911266804E-01
       0.245926342904568E-02   -0.953883957117796E-02   -0.336367599666119E-01    0.592725425958633E-01    0.715672783553600E-02
       0.202030614018440E+00   -0.509710125625134E-01   -0.268192552030087E-01   -0.279515646398067E-01   -0.509178042411804E-01
      -0.479567088186741E-01   -0.543308109045029E-01   -0.901277363300323E-01    0.109156789258122E-01   -0.207971796393394E+00
      -0.263272896409035E-01   -0.234164111316204E-01    0.241006880998611E+00    0.128241591155529E-01   -0.773707255721092E-01
      -0.712464153766632E-01   -0.578493159264326E-02    0.756961330771446E-01   -0.373144708573818E-01   -0.960146486759186E-01
      -0.638297125697136E-01    0.768927931785583E-01   -0.390095543116331E-02   -0.250735022127628E-01   -0.165980204939842E+00
       0.199662782251835E-01    0.100899592041969E+00    0.135078504681587E+00    0.751627013087273E-01    0.321209430694580E+00
       0.228042006492615E+00    0.146848738193512E+00
      -0.965676754713058E-01    0.437827920541167E-02   -0.159498512744904E+00   -0.425582304596901E-01    0.355676800012589E+00
       0.192594915628433E+00   -0.202213749289513E-01   -0.281938910484314E+00    0.765236243605614E-01    0.168380774557590E-01
      -0.118275314569473E+00    0.911982730031013E-01    0.220400229096413E+00    0.111324578523636E+00   -0.181460529565811E-01
      -0.132856577634811E+00    0.774043351411819E-01    0.944412648677826E-01    0.460915490984917E-01   -0.142428636550903E+00
       0.155288979411125E+00   -0.110629364848137E+00    0.109195478260517E+00   -0.396946147084236E-01    0.130193844437599E+00
       0.852302983403206E-01   -0.194469943642616E+00    0.470609478652477E-01   -0.134007021784782E+00   -0.804040580987930E-01
       0.101369552314281E+00   -0.238719917833805E-01   -0.878027006983757E-01   -0.416450202465057E-02    0.318967640399933E+00
      -0.142344787716866E+00   -0.252466917037964E+00   -0.123312352225184E-01    0.101436004042625E+00    0.193614177405834E-01
       0.589227676391602E-01    0.388920754194260E-01    0.323808863759041E-01   -0.711964350193739E-02   -0.159414932131767E+00
       0.119635336101055E+00    0.147679388523102E+00   -0.483854226768017E-01   -0.536708533763885E-01    0.876402482390404E-01
       0.207426607608795E+00   -0.133031094446778E-01    0.229743942618370E+00    0.131251871585846E+00   -0.148354798555374E+00
       0.174278393387794E-01   -0.385553240776062E-01    0.228065714240074E+00    0.384761430323124E-01    0.186915740370750E+00
      -0.137855475768447E-01   -0.262517631053925E+00   -0.119801208376884E+00   -0.160611391067505E+00    0.691655352711678E-01
      -0.343406386673450E-02    0.187253300100565E-02   -0.318194739520550E-02   -0.130819767713547E+00   -0.806070938706398E-01
       0.911397486925125E-02    0.952819362282753E-01
      -0.147704288363457E+00   -0.164291635155678E+00    0.765229947865009E-02   -0.575762521475554E-02    0.726894736289978E-01
       0.272424489259720E+00    0.590458400547504E-01    0.637228116393089E-01    0.108604095876217E-01    0.100301057100296E+00
       0.253993302583694E+00    0.761076733469963E-01   -0.102185845375061E+00   -0.611173063516617E-01    0.497100837528706E-01
       0.195594742894173E+00    0.721358135342598E-01   -0.559211801737547E-02   -0.242082886397839E-01    0.426980741322041E-01
      -0.195964798331261E-01    0.132381498813629E+00    0.186257764697075E+00   -0.233504518866539E+00   -0.153233915567398E+00
      -0.144359588623047E+00    0.240006521344185E+00    0.685768714174628E-02    0.109743833541870E+00   -0.891719087958336E-01
       0.110039442777634E+00   -0.229012966156006E+00    0.570879317820072E-03    0.123507067561150E+00   -0.775327757000923E-01
       0.929626002907753E-01    0.379942432045937E-01    0.815993770956993E-01   -0.843309387564659E-01   -0.380551218986511E-01
      -0.314835011959076E-01    0.851656794548035E-01   -0.190998949110508E-01   -0.165369182825089E+00   -0.126778692007065E+00
      -0.734943374991417E-01   -0.142207801342010E+00    0.128209635615349E+00    0.422489130869508E-02    0.194998845458031E+00
       0.180390879511833E+00    0.103973589837551E+00   -0.323028475046158E+00    0.100993134081364E+00    0.659722983837128E-01
      -0.102923981845379E+00    0.311617627739906E-01    0.342210792005062E-01    0.391191281378269E-01   -0.820446237921715E-01
      -0.259939014911652E+00    0.202379658818245E+00    0.830373354256153E-02    0.622805655002594E-01   -0.600028857588768E-01
      -0.612217634916306E-01    0.827313289046288E-01   -0.177921399474144E+00   -0.431034639477730E-01    0.889265090227127E-01
      -0.107168070971966E+00   -0.156086022034287E-01
      -0.387637019157410E-01   -0.213024556636810E+00   -0.450670067220926E-02   -0.181860961019993E-01   -0.279819592833519E-01
      -0.947277173399925E-01   -0.138144893571734E-01   -0.129632040858269E+00   -0.219538718461990E+00   -0.924603343009949E-01
      -0.620698276907206E-02   -0.153552040457726E+00   -0.104597374796867E+00    0.475490354001522E-01    0.228275984525681E+00
      -0.120179504156113E+00    0.217421296983957E-01   -0.127136588096619E+00   -0.263439118862152E-01   -0.142180666327477E+00
       0.277027860283852E-01   -0.169461280107498E+00   -0.554207712411880E-01   -0.102219931781292E+00    0.463543348014355E-01
      -0.242093671113253E-02    0.110388882458210E+00    0.258230715990067E-01   -0.112683782353997E-01    0.567413792014122E-01
       0.227373857051134E-01    0.324337333440781E-01   -0.771834477782249E-01   -0.598032400012016E-01    0.437520220875740E-01
      -0.165050834417343E+00   -0.664605200290680E-01    0.119903855025768E+00    0.499653667211533E-01    0.298315733671188E+00
      -0.153942272067070E+00    0.347353182733059E-01   -0.157531365752220E+00   -0.189911231398582E+00   -0.263585299253464E-01
       0.163346841931343E+00   -0.678848177194595E-01   -0.186963573098183E+00    0.161735549569130E+00   -0.274000912904739E+00
      -0.278967350721359E+00   -0.349016524851322E-01   -0.584831312298775E-01    0.210987091064453E+00    0.191562056541443E+00
       0.949314162135124E-01   -0.101401314139366E+00    0.744605883955956E-01   -0.113139681518078E+00   -0.574833601713181E-01
       0.748440548777580E-01   -0.393167175352573E-01    0.991236642003059E-01   -0.642327889800072E-01   -0.830760747194290E-01
      -0.896103829145432E-01   -0.827485416084528E-02   -0.291570909321308E-01   -0.728447958827019E-01   -0.937781184911728E-01
      -0.498373731970787E-01    0.541036240756512E-01
      -0.102802529931068E+00   -0.185762438923120E-02    0.334094688296318E-01   -0.953609570860863E-01    0.337335430085659E-01
       0.803130865097046E-01   -0.439227595925331E-01    0.244744822382927E+00    0.121263183653355E+00    0.183464884757996E-01
       0.311459124088287E+00   -0.682970359921455E-01    0.278389126062393E+00    0.159204825758934E+00   -0.205930188298225E+00
       0.117799207568169E+00    0.963241308927536E-01    0.840466395020485E-01    0.114739216864109E+00   -0.974751114845276E-01
      -0.125830844044685E+00   -0.632245689630508E-01   -0.107715949416161E+00    0.167652428150177E+00   -0.261663854122162E+00
       0.936927348375320E-01   -0.344531178474426E+00    0.824195668101311E-01    0.863997712731361E-01    0.116345040500164E+00
      -0.130856439471245E+00   -0.172433555126190E+00   -0.288091823458672E-01    0.785252004861832E-01    0.733664110302925E-01
       0.587957538664341E-01    0.142126619815826E+00    0.121751613914967E+00    0.226254388689995E+00    0.995975285768509E-01
       0.479648150503635E-01    0.241620332002640E+00    0.135267391800880E+00   -0.655521154403687E-01   -0.868172571063042E-01
       0.317564070224762E+00    0.457412609830499E-02   -0.849441587924957E-01   -0.107279181480408E+00    0.237169116735458E+00
       0.196897402405739E+00   -0.150024503469467E+00   -0.206248313188553E-01    0.497072562575340E-01   -0.638776123523712E-01
      -0.205107539892197E+00   -0.707465857267380E-01   -0.476466827094555E-01   -0.675211474299431E-01    0.147181436419487E+00
       0.208254605531693E+00   -0.277595520019531E-01   -0.259352102875710E-01   -0.782532766461372E-01   -0.872628167271614E-01
      -0.756866112351418E-01   -0.481423623859882E-01    0.191347330808640E+00    0.141798574477434E-01    0.137683033943176E+00
       0.425824150443077E-01   -0.263990797102451E-01
      -0.523973852396011E-01   -0.642719399183989E-02    0.127633094787598E+00    0.181856840848923E+00    0.113205991685390E+00
      -0.668835490942001E-01    0.155162960290909E+00   -0.882289782166481E-01    0.132002040743828E+00    0.277725905179977E-01
      -0.934512838721275E-01    0.336817763745785E-01   -0.865718442946672E-02   -0.121936619281769E+00    0.154520407319069E+00
       0.909774154424667E-01    0.141418576240540E+00   -0.386231169104576E-01    0.351212434470654E-01    0.210274979472160E+00
       0.145356282591820E+00    0.204172641038895E+00   -0.646525770425797E-01    0.657341852784157E-01    0.400427216663957E-02
      -0.263525098562241E-01    0.799728631973267E-01   -0.770163238048553E-01    0.978999286890030E-01   -0.154521778225899E+00
      -0.160151973366737E+00   -0.296828057616949E-02    0.113151855766773E-01    0.215144827961922E+00    0.450939089059830E-01
       0.112878985702991E+00    0.531084798276424E-01   -0.134124174714088E+00   -0.120063960552216E+00    0.348589047789574E-01
      -0.321069508790970E-01    0.144239544868469E+00    0.923650339245796E-01    0.112543210387230E+00    0.158215388655663E+00
       0.596187114715576E-01    0.997181385755539E-01    0.342509783804417E-01    0.126890912652016E+00    0.188630968332291E+00
       0.170367285609245E+00    0.838966146111488E-01    0.102483496069908E+00   -0.108482219278812E+00    0.458070859313011E-01
      -0.111047677695751E+00    0.343110412359238E-01    0.320602580904961E-01    0.754677280783653E-01    0.191834449768066E+00
       0.341229140758514E-01    0.147986963391304E+00   -0.989567935466766E-01    0.201717451214790E+00    0.414648614823818E-01
       0.113159887492657E+00   -0.113724172115326E+00    0.158333569765091E+00    0.634562149643898E-01    0.151184529066086E+00
       0.905623659491539E-01    0.105985701084137E+00
      -0.460539851337671E-02    0.116489619016647E+00    0.447388328611851E-01   -0.834564771503210E-02    0.336866915225983E+00
      -0.889021009206772E-01   -0.105167314410210E+00   -0.521594882011414E-01    0.913571566343307E-01    0.111307241022587E-01
       0.101819157600403E+00    0.104813016951084E+00   -0.129003778100014E+00   -0.199640855193138E+00   -0.672222301363945E-01
      -0.208249196410179E+00   -0.317505151033401E+00   -0.224726609885693E-01   -0.374131500720978E-01   -0.109185479581356E+00
       0.117964588105679E+00    0.477852821350098E-01    0.240404568612576E-01    0.152831882238388E+00    0.221186224371195E-01
       0.102095924317837E+00   -0.360648542642593E+00    0.138231202960014E+00    0.544607080519199E-01    0.135678723454475E+00
      -0.380910225212574E-01    0.289425045251846E+00   -0.145469322800636E+00    0.153714850544930E+00   -0.103517696261406E+00
       0.614038333296776E-01    0.181336835026741E+00   -0.232593305408955E-01    0.170877963304520E+00   -0.548351090401411E-02
      -0.207471817731857E+00    0.138085737824440E+00   -0.148139670491219E+00   -0.158043950796127E+00   -0.421688631176949E-01
       0.170426338911057E+00   -0.115447834134102E+00   -0.117204859852791E+00   -0.103477135300636E+00   -0.114670127630234E+00
      -0.150161227211356E-01    0.103243224322796E+00    0.242354735732079E+00   -0.116152256727219E+00   -0.940909311175346E-01
      -0.227533318102360E-01    0.481713563203812E-01   -0.104780318215489E-01   -0.355992931872606E-02   -0.409982316195965E-01
       0.195468738675117E+00   -0.136545533314347E-01   -0.770450159907341E-01   -0.448533520102501E-01    0.136343225836754E+00
      -0.191129580140114E+00   -0.939245447516441E-01   -0.529439747333527E-01   -0.198523715138435E+00   -0.414918363094330E-01
       0.524473190307617E-01   -0.292029753327370E-01
      -0.103549182415009E+00    0.892195850610733E-01    0.703877806663513E-01    0.158260017633438E+00    0.530900657176971E+00
       0.250510454177856E+00    0.499242097139359E-01   -0.140520660206676E-01    0.706731807440519E-02    0.262538269162178E-01
       0.109754785895348E+00    0.312008112668991E-01    0.244897138327360E-02    0.182764336466789E+00    0.183227777481079E+00
      -0.170747771859169E+00   -0.925266444683075E-01   -0.133317247033119E+00    0.318395674228668E+00   -0.208736732602119E-01
       0.521869622170925E-01   -0.993687193840742E-02    0.672993436455727E-01    0.315144062042236E-01    0.174732971936464E-01
      -0.714148208498955E-01   -0.689187571406364E-01   -0.105170153081417E+00   -0.893955156207085E-01   -0.846163183450699E-01
       0.155083373188972E+00   -0.359710454940796E-01    0.577696673572063E-01   -0.521505028009415E-01   -0.171197354793549E+00
      -0.110847195610404E-01    0.815212652087212E-01   -0.114228017628193E+00    0.521507225930691E-01    0.209956407546997E+00
      -0.684609357267618E-02    0.714449882507324E-01   -0.163155585527420E+00    0.847723856568336E-01    0.557323917746544E-01
      -0.707379207015038E-01    0.986486300826073E-01    0.128633409738541E+00    0.485262088477612E-01   -0.855247229337692E-01
       0.122108116745949E+00    0.567256100475788E-01    0.139866366982460E+00   -0.931147411465645E-01   -0.568013042211533E-01
       0.889642536640167E-01   -0.134755015373230E+00    0.628458037972450E-01    0.117881409823895E-01   -0.429590083658695E-01
       0.533238835632801E-01    0.806964747607708E-02   -0.672051385045052E-01    0.189002171158791E+00    0.756629779934883E-01
       0.105735197663307E+00    0.250824578106403E-01   -0.121292388066649E-01    0.385511256754398E-01   -0.204355180263519E+00
       0.617509819567204E-01    0.259391903877258E+00
       0.117049358785152E+00    0.124408774077892E+00    0.932669416069984E-01   -0.117108911275864E+00   -0.354312896728516E+00
      -0.310739427804947E-01    0.744690448045731E-01    0.731932893395424E-01    0.735165327787399E-01    0.918110907077789E-01
       0.471423417329788E-01   -0.537191778421402E-01    0.378021188080311E-01    0.246535480022430E+00   -0.166665270924568E+00
       0.364068262279034E-01    0.300764054059982E+00   -0.420286096632481E-01    0.662253871560097E-01    0.284509330987930E+00
      -0.151009082794189E+00    0.138855665922165E+00    0.130575984716415E+00   -0.292982995510101E+00   -0.973886027932167E-01
      -0.100741431117058E+00    0.121794082224369E+00    0.279436677694321E+00    0.335111357271671E-01    0.103730201721191E+00
      -0.232770740985870E-01   -0.922236889600754E-01    0.253641325980425E-02   -0.721164941787720E-01    0.133558407425880E+00
      -0.382625386118889E-01    0.533098354935646E-01    0.105331160128117E+00    0.612364932894707E-01   -0.192264363169670E+00
       0.162360116839409E+00   -0.147070316597819E-01   -0.101223317906260E-01   -0.126927882432938E+00   -0.486132577061653E-01
       0.366546437144279E-01   -0.295057184994221E-01    0.433893501758575E-01   -0.706424340605736E-01   -0.653596147894859E-01
      -0.801784098148346E-01   -0.714751705527306E-01   -0.258908420801163E+00   -0.247277066111565E+00    0.307777971029282E-01
       0.213945597410202E+00   -0.100013919174671E+00    0.660807192325592E-01   -0.434299595654011E-01    0.892889648675919E-01
      -0.815789774060249E-01   -0.542765483260155E-01   -0.102328248322010E+00    0.165185704827309E+00    0.174101144075394E-01
      -0.927496403455734E-01   -0.689704865217209E-01    0.123841375112534E+00   -0.158489927649498E+00    0.195694744586945E+00
      -0.546079650521278E-01    0.733117014169693E-01
       0.269943773746490E-01   -0.529727563261986E-01   -0.510507915169001E-02   -0.664604455232620E-01   -0.208681941032410E+00
      -0.192648544907570E+00    0.152587771415710E+00    0.211582869291306E+00    0.250642411410809E-01    0.272605359554291E+00
       0.396920107305050E-01   -0.201608926057816E+00    0.125819802284241E+00   -0.847849696874619E-01    0.877729281783104E-01
       0.124220445752144E+00    0.289694964885712E+00    0.702278912067413E-01   -0.111744642257690E+00    0.597304515540600E-01
       0.115641862154007E+00   -0.271691530942917E-01   -0.847445651888847E-01    0.661332532763481E-01    0.112603656947613E+00
      -0.165699243545532E+00    0.281053841114044E+00    0.215675383806229E-01    0.768258720636368E-01    0.172119047492743E-01
      -0.879093855619431E-01    0.897551886737347E-02   -0.597050487995148E-01    0.287762433290482E+00    0.254829138517380E+00
       0.450706891715527E-01    0.118355467915535E+00   -0.146556481719017E+00   -0.214671064168215E-02    0.206701815128326E+00
      -0.994529481977224E-02   -0.132937235757709E-01   -0.232108198106289E-01    0.102628627792001E-01   -0.160941377282143E+00
       0.964656695723534E-01   -0.567569285631180E-01   -0.234391093254089E-01    0.121307916939259E+00    0.716521888971329E-01
      -0.292814493179321E+00   -0.197015225887299E+00    0.267921276390553E-01   -0.119936659932137E+00    0.705980956554413E-01
       0.256054490804672E+00   -0.358989238739014E-01   -0.938781499862671E-01   -0.288875997066498E-01    0.139050722122192E+00
      -0.112290911376476E+00   -0.102804981172085E+00   -0.181700512766838E-01    0.816559866070747E-01    0.491515062749386E-01
       0.202236741781235E+00    0.132466867566109E+00    0.157706990838051E+00    0.672431290149689E-01   -0.172582477331161E+00
      -0.909657850861549E-01   -0.192877471446991E+00
       0.480525083839893E-01    0.195983082056046E+00    0.403892546892166E-01    0.223091155290604E+00    0.287334203720093E+00
      -0.354678705334663E-01    0.116573579609394E+00   -0.938377454876900E-01    0.134458571672440E+00   -0.409879088401794E-01
       0.953705757856369E-01    0.444324314594269E-01    0.696932002902031E-01   -0.124398857355118E+00    0.612327037379146E-02
      -0.439610779285431E-01    0.915779992938042E-01    0.372681766748428E-01   -0.104481190443039E+00    0.226415827870369E+00
      -0.147752473130822E-01    0.143059641122818E+00    0.115480765700340E+00    0.566741637885571E-01    0.253337353467941E+00
       0.766467377543449E-01    0.219961144030094E-01   -0.692728981375694E-01   -0.140100106596947E+00   -0.261679776012897E-01
       0.904337987303734E-01    0.576812811195850E-01   -0.509454756975174E-01    0.768676772713661E-01   -0.176735334098339E-01
       0.951079800724983E-01   -0.609242171049118E-01    0.636437982320786E-01    0.131734102964401E+00    0.159015148878098E+00
      -0.945882275700569E-01   -0.274381041526794E-01   -0.124207004904747E+00    0.100194469094276E+00    0.111836448311806E+00
       0.127979088574648E-01    0.214917466044426E+00   -0.128979859873652E-01    0.527848042547703E-01   -0.804271269589663E-02
      -0.965536534786224E-01   -0.211743399500847E+00    0.123830161988735E+00    0.995724275708199E-01   -0.178694114089012E+00
       0.127918953076005E-01    0.237319841980934E+00   -0.142883718013763E+00   -0.266461595892906E-01    0.270530432462692E-01
      -0.602949485182762E-01    0.233532004058361E-01   -0.575815886259079E-01    0.177642479538918E+00    0.570985227823257E-01
      -0.288122035562992E-01   -0.287835448980331E-01   -0.225820556282997E+00    0.216406621038914E-01   -0.234650913625956E-02
       0.159897446632385E+00   -0.248219966888428E-01
      -0.246020369231701E-01   -0.571497902274132E-01   -0.149373844265938E+00    0.817327424883842E-01    0.223881602287292E+00
       0.435189872980118E+00    0.827963799238205E-01    0.203546568751335E+00    0.926230847835541E-01    0.152456387877464E+00
      -0.246946513652802E-01   -0.354131236672401E-01   -0.194955274462700E+00   -0.117368251085281E+00    0.317084074020386E+00
       0.182381302118301E+00    0.155765503644943E+00    0.296797156333923E+00    0.464289076626301E-01    0.181991904973984E+00
       0.271839708089828E+00    0.109895639121532E+00    0.782688930630684E-01    0.204143851995468E+00    0.360334552824497E-01
       0.193566292524338E+00   -0.896732881665230E-01    0.445955961942673E+00    0.184999313205481E-01    0.998740345239639E-01
       0.122481942176819E+00   -0.217488467693329E+00   -0.841076746582985E-01   -0.108279287815094E-03    0.169497132301331E+00
       0.428169369697571E-01    0.324607759714127E+00    0.721303652971983E-02   -0.503686964511871E-01    0.152763724327087E+00
       0.211109295487404E+00    0.264808565378189E+00    0.374604433774948E+00    0.242989376187325E+00   -0.210462853312492E+00
      -0.166943520307541E-01    0.371102429926395E-01   -0.114430159330368E+00    0.102376177906990E+00    0.684812013059855E-02
       0.149148581549525E-01    0.981329008936882E-01    0.166723191738129E+00    0.213594973087311E+00   -0.191278994083405E+00
       0.479317903518677E-01    0.281228758394718E-01   -0.270389951765537E-02    0.273760445415974E-01   -0.288713127374649E+00
       0.131616815924644E+00    0.231978625059128E+00    0.153321385383606E+00    0.283499091863632E+00   -0.114900797605515E+00
      -0.240295641124249E-01   -0.170179024338722E+00   -0.200715616345406E+00   -0.381551217287779E-02    0.126423701643944E+00
       0.106823042035103E+00    0.679218536242843E-02
      -0.589931663125753E-02    0.981029421091080E-01   -0.129976188763976E-01    0.216899570077658E-01    0.259324461221695E+00
       0.187475576996803E+00    0.726646482944489E-01    0.912002921104431E-01   -0.365770123898983E-01    0.139761334285140E-01
       0.781418606638908E-01    0.162445660680532E-02   -0.228168815374374E-01   -0.388082675635815E-01    0.824824422597885E-01
      -0.661322847008705E-01    0.199625983834267E+00    0.256381064653397E+00    0.129268869757652E+00   -0.245033130049706E+00
      -0.818361267447472E-01    0.772603088989854E-02    0.205614998936653E+00    0.386636890470982E-01   -0.242226347327232E+00
      -0.201838359236717E+00   -0.178768575191498E+00   -0.475933812558651E-01    0.147810727357864E+00    0.506760925054550E-01
      -0.372456498444080E-01    0.103422626852989E+00   -0.255095399916172E-01    0.224425211548805E+00    0.102749042212963E+00
       0.870558917522430E-01    0.694157034158707E-01    0.474168099462986E-01   -0.146153271198273E+00   -0.664264485239983E-01
       0.150372222065926E+00    0.502238348126411E-01    0.224360540509224E+00    0.395652540028095E-01    0.108561394736171E-01
      -0.307589545845985E-01   -0.843095779418945E-01    0.716275721788406E-01    0.198444828391075E+00   -0.116754397749901E+00
      -0.136982470750809E+00    0.426202006638050E-01   -0.167690932750702E+00    0.696012079715729E-01   -0.140478432178497E+00
      -0.464442856609821E-01    0.100442431867123E+00   -0.549711659550667E-01   -0.523635149002075E-01   -0.320824943482876E-01
       0.964072123169899E-01   -0.122537910938263E+00   -0.406668558716774E-01    0.185235857963562E+00    0.222222991287708E-01
      -0.146541580557823E+00   -0.139243692159653E+00   -0.620363131165504E-01    0.518348552286625E-01    0.190643608570099E+00
      -0.139879705384374E-01   -0.125285401940346E+00
      -0.710456594824791E-01    0.759237632155418E-01   -0.576804392039776E-03    0.155490383505821E+00    0.137794718146324E+00
       0.967254564166069E-01   -0.847553610801697E-01   -0.162661060690880E+00    0.890438705682755E-01    0.133757041767240E-01
       0.148172780871391E+00    0.519314594566822E-01   -0.127395121380687E-01    0.104733772575855E+00    0.918093398213387E-01
      -0.275219492614269E-01    0.138205781579018E+00    0.648165196180344E-01   -0.139139860868454E+00   -0.924446731805801E-01
      -0.589112415909767E-01   -0.629576519131660E-01   -0.566727817058563E-01   -0.212718471884727E-01    0.179851949214935E-01
       0.163093060255051E+00   -0.126848056912422E+00    0.414321832358837E-01   -0.246846541762352E+00   -0.593226775527000E-01
      -0.265182375907898E+00   -0.116218760609627E+00    0.192326605319977E+00   -0.131045253947377E-01    0.272786477580667E-02
       0.177497509866953E-02   -0.476098172366619E-01    0.125344321131706E+00   -0.247357897460461E-01    0.169201828539371E-01
       0.123691946268082E+00   -0.282537043094635E-01   -0.586501732468605E-01    0.882670357823372E-01    0.124249361455441E+00
       0.156837135553360E+00   -0.251278221607208E+00    0.571227772161365E-02   -0.627495571970940E-01   -0.224071368575096E+00
      -0.909983217716217E-01   -0.304402634501457E-01   -0.158280342817307E+00   -0.412884652614594E-01    0.841073617339134E-01
      -0.159074947237968E+00   -0.159856364130974E+00   -0.144613027572632E+00    0.842465609312057E-01   -0.245391353964806E-01
      -0.129529938101768E+00   -0.401515327394009E-01    0.258437637239695E-01    0.510012879967690E-01    0.183606669306755E-01
      -0.121674453839660E-01   -0.221222952008247E+00    0.990366376936436E-02    0.255839359015226E-01   -0.566721800714731E-02
      -0.217347443103790E-01    0.227597102522850E+00
       0.839031115174294E-02    0.554080940783024E-01    0.612159259617329E-01   -0.225042961537838E-01   -0.516877472400665E-01
      -0.497646778821945E-01    0.329972654581070E-01   -0.213818736374378E-01    0.675733461976051E-01   -0.124538585543633E+00
      -0.167953714728355E+00    0.166904479265213E+00    0.302459187805653E-01   -0.103503704071045E+00    0.480576511472464E-02
       0.912046581506729E-01    0.327457115054131E-01   -0.639091730117798E-01    0.574243552982807E-01    0.190973803400993E-01
      -0.329541377723217E-01    0.434528999030590E-01    0.123050354421139E+00    0.765250027179718E-01   -0.105443321168423E+00
      -0.400585159659386E-01    0.613663941621780E-01    0.281383395195007E-01    0.141494557261467E+00    0.130973517894745E+00
       0.114708237349987E+00    0.206266611814499E+00   -0.210868000984192E+00   -0.107657670974731E+00    0.490986481308937E-01
      -0.677561834454536E-01   -0.199293419718742E+00    0.216361075639725E+00   -0.386795662343502E-01    0.143838793039322E+00
      -0.620963424444199E-01   -0.565101429820061E-01   -0.117054238915443E+00   -0.168178349733353E+00    0.934045389294624E-01
      -0.109409980475903E+00   -0.193564638495445E+00    0.134709551930428E+00    0.433002002537251E-01   -0.471108406782150E-01
       0.460505336523056E-01    0.188815504312515E+00   -0.178202651441097E-01    0.129445761442184E+00    0.409940928220749E-01
       0.104138314723969E+00    0.132769763469696E+00    0.426577106118202E-01   -0.205086186528206E+00    0.280993908643723E+00
      -0.238699801266193E-01   -0.175889115780592E-02    0.146584555506706E+00   -0.162544220685959E+00    0.106693796813488E+00
      -0.123508691787720E+00   -0.590552110224962E-02    0.480100922286510E-01    0.265876129269600E-01    0.463641658425331E-01
       0.124936886131763E-01    0.519383288919926E-01
       0.845373645424843E-01   -0.176178961992264E-01   -0.182259559631348E+00   -0.259981781244278E+00   -0.552017893642187E-02
      -0.900487527251244E-01    0.838186591863632E-01    0.129138510674238E-01    0.152153596282005E+00    0.159668058156967E+00
       0.450210087001324E-01    0.116519793868065E+00    0.107042625546455E+00    0.151258325204253E-01    0.126876920461655E+00
       0.160936310887337E+00    0.113303951919079E+00   -0.359288662672043E+00    0.173905119299889E+00   -0.379622615873814E-01
       0.162463843822479E+00   -0.135114341974258E+00   -0.136002451181412E+00   -0.190858244895935E-01   -0.102422736585140E+00
       0.394404195249081E-01   -0.136051982641220E+00   -0.256769776344299E+00    0.199361488223076E+00   -0.128470599651337E+00
      -0.576673150062561E-01    0.974201038479805E-02   -0.388866141438484E-01    0.193224444985390E+00    0.101257637143135E+00
       0.166706740856171E+00   -0.117367520928383E+00   -0.128040879964828E+00   -0.915160477161407E-01    0.924135372042656E-02
       0.171036258339882E+00    0.179239735007286E-02    0.178970813751221E+00    0.443399623036385E-01   -0.644858926534653E-01
      -0.486435461789370E-02   -0.255329489707947E+00   -0.247033573687077E-01    0.272956490516663E-01   -0.124455122277141E-01
       0.329469237476587E-02    0.523049943149090E-01    0.167080804705620E+00   -0.207425616681576E-01    0.802797079086304E-01
       0.816091373562813E-01    0.498372800648212E-01    0.144575774669647E+00   -0.960842370986938E-01    0.475659817457199E-01
       0.762155130505562E-01   -0.582033768296242E-01    0.957473665475845E-01   -0.145383104681969E+00    0.877180844545364E-01
       0.122551873326302E+00   -0.986525118350983E-01    0.954378247261047E-01   -0.147476077079773E+00   -0.106914071366191E-01
      -0.952497497200966E-01    0.155602142214775E+00
       0.482526719570160E-01    0.101283952593803E+00    0.763169210404158E-02    0.147239267826080E+00   -0.998328104615211E-01
       0.550602115690708E-01   -0.285055339336395E+00   -0.431100688874722E-01    0.266472361981869E-01   -0.200688183307648E+00
       0.952989608049393E-01   -0.174971982836723E+00    0.237591996788979E+00    0.956031829118729E-01    0.436134636402130E-01
       0.135744549334049E-02    0.962141677737236E-01    0.226922258734703E+00   -0.291674621403217E-01   -0.153769969940186E+00
       0.172163173556328E-01   -0.206134431064129E-01    0.293918758630753E+00    0.156311467289925E+00    0.132797300815582E+00
       0.176941215991974E+00   -0.175497740507126E+00    0.648128464818001E-01    0.202215731143951E+00   -0.117587417364120E+00
       0.783442482352257E-01    0.420859307050705E-01    0.104638420045376E+00    0.185719579458237E-01    0.958399623632431E-01
      -0.127037495374680E+00   -0.174995526671410E+00   -0.129817649722099E+00    0.789467990398407E-01    0.492211952805519E-01
       0.414910465478897E-01   -0.584231093525887E-01    0.504202656447887E-01   -0.706731677055359E-01   -0.909490063786507E-01
      -0.110320784151554E+00    0.275526233017445E-01   -0.698384046554565E-01   -0.403127521276474E-01   -0.123739615082741E+00
       0.201607793569565E+00    0.755929388105869E-02    0.194098696112633E+00    0.767155289649963E-01    0.256576202809811E-01
       0.920144245028496E-01   -0.780392885208130E-01   -0.480805151164532E-01   -0.187893256545067E+00    0.179199695587158E+00
       0.173475090414286E-01   -0.939003452658653E-01    0.143086135387421E+00    0.149180814623833E+00    0.138603970408440E+00
      -0.182798400521278E+00   -0.407355912029743E-01    0.175038859248161E+00   -0.398737266659737E-01    0.106319911777973E+00
      -0.516914054751396E-01   -0.167479440569878E-01
      -0.385178104043007E-01   -0.714496001601219E-01    0.965093895792961E-01   -0.904999822378159E-01   -0.141176119446754E+00
      -0.834496170282364E-01    0.256732761859894E+00   -0.553078800439835E-01    0.514742452651262E-02    0.790228918194771E-01
       0.547748319804668E-01    0.978795364499092E-01    0.981366559863091E-01    0.110714010894299E+00   -0.264579020440578E-01
       0.476918816566467E-01    0.984186306595802E-03   -0.781056657433510E-01    0.102241657674313E+00   -0.813333764672279E-01
       0.160895869135857E+00   -0.431104078888893E-01    0.518969111144543E-01    0.786446556448936E-01   -0.119759896770120E-01
       0.131087884306908E+00   -0.563438311219215E-01    0.393539853394032E-01    0.669886637479067E-02   -0.254872813820839E-01
      -0.192803695797920E+00   -0.371669493615627E-01   -0.131689324975014E+00    0.224967747926712E+00    0.410556644201279E-01
      -0.304598808288574E-01   -0.154014229774475E+00    0.861927568912506E-01   -0.623142253607512E-02   -0.372442509979010E-02
       0.501495003700256E-01    0.160447120666504E+00   -0.463486909866333E-01    0.162273436784744E+00    0.155680716037750E+00
       0.985127687454224E-01   -0.237443700432777E+00   -0.185625985264778E+00   -0.870088562369347E-01   -0.157624930143356E+00
       0.853271782398224E-01    0.831899493932724E-01   -0.192184403538704E+00    0.234083846211433E+00   -0.927452221512794E-01
      -0.391333773732185E-01   -0.213007889688015E-01    0.339221730828285E-01    0.100996926426888E+00    0.707043334841728E-01
      -0.267227254807949E-01    0.405648611485958E-01    0.100973863154650E-01    0.641098842024803E-01   -0.182183101773262E+00
       0.104296498000622E+00   -0.139352142810822E+00    0.221376791596413E+00   -0.163179636001587E+00   -0.116422653198242E+00
      -0.663706436753273E-01   -0.224859714508057E-01
      -0.728470087051392E-01   -0.630596932023764E-02    0.627435296773911E-01    0.156023383140564E+00    0.406511276960373E+00
       0.128285169601440E+00    0.148320142179728E-01   -0.146857261657715E+00   -0.213627628982067E-01   -0.113327011466026E+00
       0.192126885056496E+00    0.215396970510483E+00   -0.721138417720795E-01    0.473736226558685E-01   -0.113671146333218E+00
      -0.105698004364967E+00    0.596171282231808E-01    0.917400866746902E-01   -0.692621842026711E-01   -0.873154029250145E-01
      -0.205701529979706E+00    0.194600909948349E+00    0.107556022703648E+00    0.756249204277992E-01    0.100513845682144E+00
       0.205568209290504E+00   -0.180185556411743E+00   -0.138243854045868E+00    0.388765409588814E-01   -0.359892435371876E-01
       0.190424248576164E+00    0.610398314893246E-01    0.836015716195107E-01   -0.284292757511139E+00    0.184046588838100E-01
      -0.178307875990868E+00   -0.387843139469624E-01    0.116359636187553E+00    0.181557223200798E+00    0.835560560226440E-01
       0.361008457839489E-01   -0.142176762223244E+00    0.147109106183052E+00   -0.219776518642902E-01   -0.841007381677628E-01
      -0.530487764626741E-02    0.242147266864777E+00   -0.900998935103416E-01    0.168413341045380E+00   -0.163907751441002E+00
       0.207097992300987E+00   -0.562384575605392E-01    0.119331888854504E+00   -0.149784147739410E+00   -0.351622141897678E-01
       0.281491965055466E+00   -0.266594082117081E+00    0.873701870441437E-01    0.119318276643753E+00    0.115419067442417E+00
       0.158027529716492E+00    0.128744676709175E+00    0.896033421158791E-01   -0.466527603566647E-02   -0.669430121779442E-01
       0.108755521476269E+00    0.251928031444550E+00    0.507162921130657E-01    0.389331243932247E-01   -0.997210666537285E-01
      -0.450985729694366E-01    0.698802713304758E-02
      -0.478028394281864E-01    0.115120500326157E+00   -0.209490247070789E-01   -0.151430973783135E-01    0.518573403358459E+00
       0.215880751609802E+00    0.150785312056541E+00   -0.231129229068756E-01    0.286756381392479E-01   -0.105004183948040E+00
      -0.496649630367756E-01   -0.167162448167801E+00    0.228342980146408E+00    0.127603515982628E+00    0.302388489246368E+00
      -0.317168906331062E-01    0.648606643080711E-01    0.127679631114006E-01   -0.370595976710320E-01    0.125634744763374E+00
       0.142662804573774E-01   -0.143071502447128E+00    0.121534533798695E+00   -0.170475900173187E+00    0.913161858916283E-01
       0.914713833481073E-02    0.142968758940697E+00   -0.209244489669800E-01    0.728176161646843E-01    0.116706281900406E+00
       0.924713015556335E-01   -0.874156802892685E-01   -0.612352043390274E-01   -0.199143141508102E+00    0.204747289419174E+00
       0.225817382335663E+00    0.806383714079857E-01    0.111295040696859E-01   -0.803284123539925E-01    0.311955273151398E+00
      -0.215268477797508E+00    0.484676696360111E-01   -0.505759846419096E-02   -0.138110574334860E-02    0.945332869887352E-01
       0.124177940189838E+00    0.303531527519226E+00   -0.182359650731087E+00   -0.141953796148300E+00   -0.706138387322426E-01
       0.533412992954254E-01    0.169794335961342E-01   -0.457097925245762E-01    0.393553823232651E-02   -0.490966290235519E-01
       0.206780791282654E+00   -0.148792818188667E+00   -0.115632846951485E+00    0.776517018675804E-01   -0.217640385031700E+00
       0.995729193091393E-01    0.132230684161186E+00    0.110894352197647E+00   -0.107975132763386E+00   -0.772935897111893E-01
      -0.979772880673409E-01    0.777202025055885E-01   -0.397392138838768E-01   -0.102059720084071E-01    0.126191809773445E+00
       0.297442562878132E-01   -0.191527865827084E-01
       0.196837812662125E+00    0.163966387510300E+00   -0.139715194702148E+00   -0.367441773414612E-02   -0.562976837158203E+00
      -0.197841785848141E-01    0.100928433239460E+00    0.181409746408463E+00    0.112833008170128E+00    0.323438737541437E-02
       0.426438376307487E-01   -0.573912039399147E-01    0.464471653103828E-01   -0.196023538708687E+00   -0.220445513725281E+00
       0.695414841175079E-01   -0.266186967492104E-01   -0.222187824547291E-01   -0.927396491169930E-01    0.157146945595741E+00
      -0.116656303405762E+00   -0.122059255838394E+00    0.108573347330093E+00   -0.950120314955711E-01   -0.991016402840614E-01
      -0.956851243972778E-01    0.144168362021446E+00    0.112416371703148E+00    0.119311310350895E+00    0.548696666955948E-01
      -0.102489748969674E-01    0.157060891389847E+00   -0.230056867003441E+00   -0.144242206588387E-01   -0.158840060234070E+00
      -0.100872553884983E+00   -0.487698391079903E-01    0.998729467391968E-01   -0.115384787321091E+00    0.182081669569016E+00
      -0.174105331301689E+00    0.154008343815804E+00    0.127086117863655E-01    0.554584115743637E-01   -0.814065784215927E-01
      -0.330127738416195E-01   -0.122379332780838E+00    0.836378559470177E-01    0.113584339618683E+00   -0.482326112687588E-01
      -0.936308596283197E-02   -0.110820196568966E+00   -0.902138501405716E-01    0.958042144775391E-01    0.205035433173180E+00
       0.217943012714386E+00    0.385569408535957E-01    0.757092833518982E-01   -0.113096579909325E+00    0.175608292222023E+00
       0.123045153915882E+00    0.907953232526779E-01    0.179723441600800E+00    0.197280030697584E-01   -0.224490128457546E-01
      -0.177477106451988E+00   -0.247131735086441E-01    0.676398351788521E-01   -0.914010405540466E-01   -0.542447045445442E-01
       0.291760340332985E-01   -0.892756879329681E-01
      -0.707251131534576E-01    0.374302379786968E-01    0.687937363982201E-01    0.685541108250618E-01    0.122061446309090E+00
       0.165745183825493E+00   -0.409590341150761E-01    0.189160015434027E-01   -0.980822518467903E-01   -0.456320568919182E-01
       0.157489031553268E-01   -0.704368054866791E-01    0.226367581635714E-01    0.281386494636536E+00   -0.885489303618670E-02
       0.767565611749887E-02    0.242127031087875E-01   -0.948791876435280E-01    0.200910791754723E-01    0.181185126304626E+00
       0.206590205430984E+00    0.938983708620071E-01    0.404112748801708E-01   -0.101686984300613E+00   -0.488660596311092E-01
      -0.496120341122150E-01   -0.877335593104362E-01   -0.330205291509628E+00    0.100980766117573E+00   -0.791806355118752E-01
      -0.187702327966690E-01   -0.459691882133484E-01    0.246028974652290E+00    0.831254757940769E-03   -0.201524235308170E-02
      -0.233911007642746E+00   -0.237082943320274E+00    0.190187022089958E-01   -0.126210197806358E+00    0.137590482831001E+00
      -0.106123415753245E-01   -0.113815672695637E+00    0.102965511381626E+00   -0.659002885222435E-01   -0.210886806249619E+00
       0.174234062433243E-02    0.553207397460938E-01    0.898240879178047E-01   -0.103994965553284E+00   -0.700182616710663E-01
       0.124397598206997E+00    0.201670192182064E-01    0.750289559364319E-01    0.315360352396965E-02   -0.129926279187202E+00
       0.803143307566643E-01   -0.197017788887024E+00    0.103488741442561E-01   -0.159681424498558E+00   -0.205808319151402E-01
      -0.148671820759773E+00    0.696235075592995E-01    0.104942731559277E+00    0.132478013634682E+00    0.144574359059334E+00
       0.677160872146487E-02    0.831839665770531E-01    0.368738174438477E-01    0.311638191342354E-01    0.645933672785759E-01
      -0.340708494186401E-01   -0.201029404997826E-01
       0.117927799001336E-01   -0.117777869105339E+00    0.102000765502453E+00    0.117076776921749E+00   -0.573398992419243E-01
       0.331488661468029E-01    0.808615535497665E-01    0.222446948289871E+00   -0.456194207072258E-02   -0.595453307032585E-01
      -0.134826838970184E+00    0.422732606530190E-01   -0.214303269982338E+00   -0.177830725908279E+00   -0.138553112745285E+00
      -0.348966568708420E-05    0.531914532184601E-01   -0.118212448433042E-01    0.269141644239426E-01    0.204305678606033E+00
      -0.334287993609905E-01    0.363615117967129E-01    0.100973345339298E+00   -0.497984513640404E-01   -0.365119725465775E-01
      -0.207922860980034E+00    0.240997567772865E+00   -0.110946400091052E-01   -0.832549482584000E-01   -0.249580387026072E-02
      -0.466385390609503E-02    0.605573430657387E-01    0.334322974085808E-01   -0.163603454828262E+00    0.467762164771557E-01
       0.199210003018379E+00    0.975277572870255E-01    0.770331695675850E-01    0.255113244056702E-01   -0.127762584015727E-01
      -0.789966061711311E-01   -0.210102312266827E-01   -0.409082174301147E+00   -0.516881141811609E-02    0.320073589682579E-01
      -0.813054591417313E-01   -0.177345961332321E+00    0.698416233062744E-01    0.758293643593788E-01    0.653844848275185E-01
       0.549940392374992E-01    0.133523449301720E+00   -0.986402928829193E-01   -0.337596237659454E+00   -0.138018904253840E-01
      -0.137009873986244E+00    0.832353010773659E-01   -0.317635908722878E-01   -0.268960930407047E-01    0.340202540159225E+00
      -0.274620354175568E+00   -0.171439722180367E+00    0.490330755710602E-01   -0.125356793403625E+00   -0.729835033416748E-01
       0.161812081933022E+00    0.750183686614037E-01    0.100697837769985E+00   -0.229969099164009E-01   -0.486906133592129E-01
      -0.550868641585112E-02   -0.121917068958282E+00
      -0.507334023714066E-01   -0.506629534065723E-01   -0.132658397778869E-01    0.866709798574448E-01    0.966696664690971E-01
      -0.211947470903397E+00    0.727648958563805E-01    0.189549662172794E-02   -0.953997150063515E-01    0.118327736854553E+00
       0.673319622874260E-01   -0.116624355316162E+00    0.114123020321131E-01    0.218956202268600E+00    0.393337756395340E+00
      -0.127533555030823E+00   -0.161462053656578E-01    0.776349082589149E-01    0.857813283801079E-01   -0.256832748651505E+00
      -0.966495554894209E-02    0.334560275077820E+00   -0.532989203929901E-01   -0.203152388334274E+00    0.182439014315605E+00
       0.663587301969528E-01    0.212281644344330E-01    0.126732274889946E+00   -0.107959136366844E+00    0.109421968460083E+00
      -0.453586317598820E-01    0.617131264880300E-02   -0.875463560223579E-01   -0.619003847241402E-01   -0.666220188140869E-01
       0.210762210190296E-01    0.903707370162010E-01    0.149332880973816E+00   -0.103530243039131E+00   -0.105536229908466E+00
       0.165048986673355E+00   -0.821631494909525E-02    0.115209721028805E+00    0.983582958579063E-01   -0.144520699977875E+00
      -0.682717636227608E-01   -0.112261600792408E+00    0.169717557728291E-01    0.275781117379665E-01    0.161329194903374E+00
      -0.124286860227585E+00   -0.325114745646715E-02   -0.198867380619049E+00    0.110323958098888E+00   -0.178705435246229E-02
       0.187909945845604E+00   -0.158619135618210E+00    0.166513044387102E-01   -0.951900705695152E-01   -0.774695649743080E-01
      -0.889880880713463E-01   -0.833342745900154E-01   -0.138283625245094E+00   -0.173878930509090E-01   -0.169429019093513E+00
       0.695904418826103E-01    0.234112478792667E-01    0.639733374118805E-01   -0.446403175592422E-01   -0.330368615686893E-01
       0.522622987627983E-01    0.553082227706909E-01
       0.181477889418602E+00    0.177747666835785E+00    0.228448770940304E-01    0.807706173509359E-02   -0.564366579055786E-01
      -0.157877027988434E+00    0.155946509912610E-01    0.693320110440254E-01    0.161541894078255E+00   -0.148539049550891E-01
      -0.801041126251221E-01   -0.124101236462593E+00    0.122438877820969E+00    0.242220312356949E+00   -0.110696226358414E+00
      -0.183100625872612E+00    0.329026460647583E+00    0.567209646105766E-01    0.989276021718979E-01   -0.219161026179790E-01
      -0.726602673530579E-01   -0.107210390269756E+00    0.147279456257820E+00    0.383651070296764E-01   -0.109665460884571E+00
       0.254266466945410E-01    0.595676004886627E-01   -0.374547541141510E-01    0.103025861084461E+00    0.248293038457632E-01
      -0.864458009600639E-01   -0.122854948043823E+00    0.713483467698097E-01   -0.161489203572273E+00   -0.844651609659195E-01
      -0.146908583119512E-01   -0.867541786283255E-02   -0.235479295253754E+00   -0.133663684129715E+00   -0.375397428870201E-01
       0.778508856892586E-01   -0.407443344593048E-01   -0.756410881876945E-01    0.169028162956238E+00   -0.936722662299871E-02
       0.117377363145351E+00    0.262717068195343E+00   -0.374818183481693E-01   -0.161194518208504E+00    0.494300983846188E-01
       0.341167524456978E-01    0.137341931462288E+00    0.113852396607399E+00   -0.496340468525887E-01   -0.993108749389648E-01
       0.996856242418289E-01    0.106468319892883E+00    0.184193849563599E+00   -0.102879777550697E+00   -0.129977703094482E+00
       0.713595971465111E-01   -0.811678692698479E-01    0.686338469386101E-01   -0.154594793915749E+00   -0.778535008430481E-01
       0.932005122303963E-01   -0.624068155884743E-01   -0.542123336344957E-02    0.962805077433586E-01    0.882836207747459E-01
       0.309400297701359E-01    0.479196663945913E-02
       0.116013519465923E+00    0.493424274027348E-01   -0.155037015676498E+00    0.154879428446293E-01    0.424392551183701E+00
       0.188298583030701E+00   -0.385235249996185E-01   -0.209891766309738E+00   -0.971938073635101E-01    0.565683394670486E-01
      -0.824723392724991E-01   -0.112376160919666E+00   -0.303926169872284E-01    0.262352138757706E+00    0.103615649044514E+00
      -0.117876961827278E+00    0.113931588828564E+00    0.223589137196541E+00   -0.154704349115491E-01   -0.398437827825546E-01
      -0.598021894693375E-01   -0.118869170546532E+00   -0.153899028897285E+00    0.203537531197071E-01   -0.101186379790306E+00
      -0.467118136584759E-01   -0.597831159830093E-01   -0.315454751253128E-01   -0.186489261686802E-01   -0.477434322237968E-01
       0.758379418402910E-02    0.159573465585709E+00    0.330998376011848E-01    0.413584262132645E-01    0.449648164212704E-01
       0.118642384186387E-01   -0.652745142579079E-01   -0.421471484005451E-01   -0.272993035614491E-01   -0.692613143473864E-02
       0.366503559052944E-01    0.234387870877981E-01    0.464363135397434E-01    0.176646560430527E-01   -0.117739722132683E+00
      -0.302992314100266E-01   -0.537946373224258E-01    0.119106426835060E+00    0.202853567898273E-01    0.991707965731621E-01
       0.909579247236252E-01    0.203358530998230E+00    0.819408297538757E-01    0.124680129811168E-01    0.304981581866741E-01
       0.663749054074287E-01    0.157814204692841E+00    0.142470359802246E+00   -0.773329883813858E-01    0.228809788823128E-01
       0.121868439018726E+00   -0.629147887229919E-01    0.195760559290648E-01   -0.717428475618362E-01   -0.723743513226509E-01
       0.118321828544140E+00    0.480043813586235E-01    0.617799833416939E-01    0.993142127990723E-01   -0.105670325458050E+00
      -0.928951129317284E-01    0.994422137737274E-01
       0.714361891150475E-01   -0.111271813511848E+00    0.303621143102646E-01    0.164570838212967E+00   -0.649489536881447E-01
       0.712053179740906E-01    0.116951882839203E+00    0.115595266222954E+00   -0.742764547467232E-01   -0.853096321225166E-01
       0.109597936272621E+00   -0.368675515055656E-01    0.177344426512718E+00   -0.139434197917581E-01   -0.462234206497669E-01
       0.172108903527260E+00    0.398050062358379E-01   -0.100070178508759E+00   -0.142535611987114E+00    0.130195066332817E+00
      -0.855927318334579E-01    0.677241683006287E-01    0.315995998680592E-01   -0.276242256164551E+00    0.278216719627380E+00
      -0.191372469067574E+00    0.984550192952156E-01    0.178418233990669E+00   -0.194913014769554E+00    0.124050155282021E+00
      -0.813666731119156E-01   -0.268431678414345E-01    0.632024109363556E-01    0.157955825328827E+00    0.746033489704132E-01
       0.569238588213921E-01    0.110212393105030E+00    0.401207152754068E-02    0.389288589358330E-01    0.522646382451057E-01
      -0.124313170090318E-01   -0.178162097930908E+00    0.479469001293182E-01   -0.515357591211796E-01    0.136477991938591E+00
       0.575455576181412E-01    0.203298613429070E+00    0.113726601004601E+00   -0.125586375594139E+00   -0.226098336279392E-01
      -0.231445044279099E+00   -0.747194886207581E-01    0.485514402389526E-01   -0.387798994779587E-01    0.687894001603127E-01
      -0.811809152364731E-01    0.424446649849415E-01   -0.145175620913506E+00    0.114602632820606E+00   -0.760199055075645E-01
       0.221970096230507E+00   -0.153408691287041E+00    0.233880355954170E-01    0.246983859688044E-02   -0.549467727541924E-01
       0.872087478637695E-02   -0.219129696488380E-01   -0.152934612706304E-01    0.773172304034233E-01   -0.140075860545039E-01
       0.263415098190308E+00    0.784686058759689E-01
       0.333699164912105E-02   -0.253104239702225E+00    0.245626360177994E+00    0.131943181157112E+00    0.308889061212540E+00
       0.107637964189053E+00    0.156093657016754E+00    0.119383618235588E+00    0.164412055164576E-01    0.535502806305885E-01
       0.282382331788540E-01    0.326874516904354E-01   -0.358655564486980E-01    0.289885066449642E-01    0.150343567132950E+00
       0.821913182735443E-01    0.146137982606888E+00   -0.201866626739502E-01   -0.419298633933067E-01   -0.120897099375725E+00
       0.776866599917412E-01   -0.539528876543045E-01   -0.439937002956867E-01    0.717261619865894E-02    0.165864497423172E+00
       0.492521226406097E-01    0.833413153886795E-01    0.284643322229385E-01   -0.208330243825912E+00   -0.103948153555393E+00
       0.317111402750015E+00   -0.809513106942177E-01   -0.432759597897530E-01    0.149011656641960E+00    0.157220765948296E+00
      -0.663677826523781E-01    0.325716808438301E-01   -0.631970763206482E-01    0.159174397587776E+00    0.105670578777790E+00
      -0.958194732666016E-01    0.158342067152262E-01    0.135559672489762E-01    0.364293642342091E-01   -0.633448362350464E-01
       0.424998477101326E-01    0.507323928177357E-01    0.696158781647682E-01    0.878542512655258E-01   -0.113662555813789E+00
       0.754520967602730E-01    0.165559470653534E+00    0.235463485121727E+00   -0.332190543413162E-01   -0.133867725729942E+00
      -0.327734090387821E-02    0.609141848981380E-01    0.901793092489243E-01    0.129168897867203E+00   -0.141896143555641E+00
       0.221956044435501E+00   -0.378061756491661E-01   -0.302094668149948E-01    0.875566750764847E-01    0.844000875949860E-01
       0.176399499177933E+00   -0.561597105115652E-02    0.611783042550087E-01   -0.135872825980186E+00   -0.232717357575893E-01
       0.239151984453201E+00   -0.763084962964058E-01
       0.812057629227638E-01   -0.174540534615517E+00   -0.368659906089306E-01   -0.865668989717960E-03   -0.477723985910416E+00
      -0.450844883918762E+00    0.337027251720428E+00   -0.338496938347816E-01    0.262762755155563E-01   -0.140587436035275E-01
      -0.261929444968700E-01   -0.121143445372581E+00    0.344527326524258E-02    0.504265837371349E-01   -0.916409641504288E-01
       0.730568617582321E-01    0.176057398319244E+00    0.101142577826977E+00   -0.885862335562706E-01    0.309794303029776E-02
       0.113029241561890E+00   -0.312628895044327E-01   -0.171877592802048E-01   -0.662158522754908E-02   -0.129765093326569E+00
      -0.429302006959915E-01   -0.469875857234001E-01   -0.536187365651131E-01   -0.206495374441147E-01   -0.106744967401028E+00
      -0.992186516523361E-01    0.124834917485714E+00    0.251417253166437E-01   -0.216504856944084E-01    0.144034568220377E-01
       0.122465036809444E+00   -0.141962291672826E-01   -0.238293558359146E-01   -0.720153972506523E-01    0.184117689728737E+00
       0.748856365680695E-01   -0.134616255760193E+00   -0.324581284075975E-02   -0.109350727871060E-01    0.274002850055695E+00
       0.194272056221962E+00    0.171744614839554E+00    0.550701543688774E-01   -0.114276275038719E+00   -0.810563415288925E-01
       0.351204313337803E-01    0.309757515788078E-01   -0.521669387817383E-01   -0.172554612159729E+00    0.816508457064629E-01
       0.155035093426704E+00   -0.662637799978256E-01   -0.284487247467041E+00   -0.102550303563476E-01    0.779310762882233E-01
      -0.263104476034641E-01    0.132180005311966E+00    0.703912973403931E-01    0.109456852078438E+00    0.108158856630325E+00
       0.409808494150639E-01    0.790109485387802E-01    0.288656800985336E-01    0.162547484040260E+00    0.450884923338890E-01
      -0.193292349576950E+00   -0.216909825801849E+00
      -0.340172238647938E-01    0.106490012258291E-01   -0.239614307880402E+00    0.159957259893417E-01    0.219979733228683E+00
       0.438228771090508E-01   -0.723619237542152E-01    0.362322144210339E-01    0.874730795621872E-01   -0.277330905199051E+00
       0.173779539763927E-01    0.168133661150932E+00   -0.261193424463272E+00    0.128258513286710E-01    0.402418673038483E-01
       0.154688842594624E-01   -0.997198224067688E-01   -0.308073237538338E-01   -0.820449590682983E-01   -0.176953990012407E-02
       0.138694465160370E+00   -0.166823253035545E+00    0.150651246309280E+00   -0.655934363603592E-01    0.130205675959587E+00
      -0.930862501263618E-01   -0.294009208679199E+00    0.439810119569302E-01    0.151321999728680E-01   -0.725724622607231E-01
      -0.243989937007427E-01    0.485375076532364E-01    0.194900214672089E+00   -0.275695323944092E+00   -0.565834790468216E-01
      -0.119746714830399E+00   -0.113024555146694E+00    0.497308745980263E-01   -0.468935295939445E-01   -0.109514845535159E-01
      -0.103256314992905E+00   -0.100107982754707E+00    0.297809302806854E+00   -0.108675613999367E+00    0.613435767591000E-01
      -0.311643481254578E-01   -0.128825083374977E+00   -0.128223568201065E+00    0.210869312286377E-01   -0.190533958375454E-01
      -0.336252301931381E-01    0.466787852346897E-01    0.835996866226196E-01   -0.431274361908436E-01   -0.775763615965843E-01
      -0.374598093330860E-01    0.125169456005096E+00   -0.188522398471832E+00   -0.210042759776115E+00   -0.142404586076736E+00
       0.813859328627586E-01    0.107363343238831E+00   -0.561160314828157E-02   -0.507638528943062E-01    0.115340650081635E+00
      -0.606068745255470E-01   -0.116245850920677E+00    0.154337614774704E+00    0.174335520714521E-01    0.344581417739391E-01
       0.160830706357956E+00    0.913186594843864E-01
      -0.929351001977921E-01   -0.139917403459549E+00   -0.214274063706398E+00    0.132941007614136E+00    0.159825086593628E+00
      -0.150460228323936E+00    0.634068343788385E-02   -0.311077684164047E-01   -0.112660340964794E+00    0.214159175753593E+00
       0.690890774130821E-01    0.624860785901546E-01   -0.176012925803661E-01    0.120374001562595E+00    0.246684044599533E+00
       0.841337665915489E-01    0.208841919898987E+00    0.102834179997444E+00    0.285573393106461E+00   -0.281307883560658E-01
      -0.302783362567425E-01    0.892256125807762E-01    0.286096110939980E-01    0.107849881052971E+00    0.937680974602699E-01
       0.122079653665423E-01    0.118267752230167E+00    0.105032332241535E+00   -0.111436685547233E-01   -0.616485476493835E-01
       0.106637164950371E+00   -0.198938846588135E+00   -0.107430471107364E-01    0.183666765689850E+00    0.118952482938766E+00
      -0.811375398188829E-02    0.434677004814148E-01    0.499062016606331E-01   -0.796261206269264E-01    0.735848248004913E-01
      -0.101801447570324E+00   -0.775119066238403E-01   -0.150090800598264E-01    0.518672801554203E-01   -0.382211878895760E-01
      -0.229083195328712E+00   -0.170241389423609E-02   -0.990911852568388E-02    0.140949502587318E+00   -0.146423906087875E+00
      -0.883797630667686E-01    0.106213256716728E+00    0.622809492051601E-01    0.552609339356422E-01    0.858146324753761E-01
      -0.222058087587357E+00   -0.569024011492729E-01   -0.188447460532188E+00    0.626718997955322E-01    0.119667433202267E+00
      -0.854424685239792E-01    0.122584261000156E+00   -0.536645203828812E-01    0.120025925338268E+00   -0.132525756955147E+00
       0.716797336935997E-01    0.728420317173004E-01    0.192952796816826E+00    0.549899712204933E-01    0.509257502853870E-01
       0.168754503130913E+00    0.866433046758175E-02
      -0.358293280005455E-01    0.255219161510468E+00   -0.120194077491760E+00    0.125838005915284E-01   -0.406768321990967E+00
      -0.122573316097260E+00    0.684595666825771E-03    0.359824821352959E-01    0.734565705060959E-01   -0.142372488975525E+00
      -0.540058389306068E-01   -0.731548815965652E-01   -0.644341260194778E-01   -0.738836750388145E-01   -0.198942780494690E+00
      -0.143158823251724E+00   -0.267863981425762E-01   -0.637285560369492E-01    0.152304563671350E-01    0.600701905786991E-01
      -0.165749311447144E+00    0.105870068073273E+00    0.576179102063179E-01    0.166778221726418E+00   -0.136825069785118E+00
      -0.182709962129593E+00    0.779463127255440E-01    0.129861515015364E-01    0.348576039075851E+00   -0.148702422156930E-01
      -0.257755368947983E+00    0.307066403329372E-01    0.203789085149765E+00   -0.680901408195496E-01    0.221845433115959E+00
       0.143271058797836E+00    0.151573747396469E+00   -0.787031054496765E-01   -0.108421975746751E-01   -0.461534820497036E-01
       0.120573602616787E+00   -0.534562319517136E-01    0.154905661940575E+00    0.967534482479095E-01    0.133093774318695E+00
      -0.150210574269295E+00    0.214152969419956E-02   -0.387092791497707E-01    0.807957202196121E-01    0.150840044021606E+00
      -0.106321215629578E+00   -0.144989907741547E+00   -0.344418287277222E+00    0.446053072810173E-01   -0.146192178130150E+00
       0.937014743685722E-01    0.233415942639112E-01   -0.140237674117088E+00   -0.437899902462959E-01    0.683568418025970E-01
      -0.364620387554169E-01   -0.165827833116055E-01   -0.312675237655640E-01    0.302780792117119E-01   -0.190985605120659E+00
       0.705886259675026E-01   -0.673818290233612E-01    0.148447304964066E+00    0.180247008800507E+00   -0.779701098799706E-01
       0.479082278907299E-01   -0.115638554096222E+00
       0.209710821509361E+00    0.983553454279900E-01    0.908718258142471E-01    0.211266607046127E+00    0.668389260768890E+00
       0.618223607540131E+00    0.102355301380157E+00    0.300813373178244E-02    0.706290733069181E-02    0.108448252081871E+00
       0.104425800964236E-01   -0.276773013174534E-01   -0.115828635171056E-01    0.152415528893471E+00    0.229954630136490E+00
       0.302995331585407E-01    0.991480797529221E-02    0.115527197718620E+00   -0.646266862750053E-01   -0.153829166665673E-01
      -0.114601990208030E-01   -0.169159956276417E-01   -0.272078998386860E-01   -0.119640469551086E+00    0.118705600500107E+00
       0.285033077001572E+00   -0.561032295227051E-01   -0.268228322267532E+00   -0.228421494364738E+00   -0.222577434033155E-02
      -0.301864258944988E-01    0.205017909407616E+00    0.116172134876251E+00   -0.128272488713264E+00    0.602431632578373E-01
      -0.198673769831657E+00   -0.155723810195923E+00    0.218965448439121E-01   -0.226080551743507E+00    0.226306051015854E+00
       0.691611617803574E-01    0.541903870180249E-02    0.187418401241302E+00    0.742864534258842E-01    0.243260711431503E+00
       0.145761653780937E+00    0.331077069044113E+00    0.602107960730791E-02    0.807618871331215E-01   -0.159854590892792E+00
       0.132729057222605E-01   -0.607548505067825E-01    0.159763559699059E+00    0.158058583736420E+00    0.125968813896179E+00
       0.597450360655785E-01    0.218254271894693E-01   -0.145060434937477E+00   -0.196920588612556E+00    0.326059274375439E-01
      -0.366215966641903E-01    0.203406009823084E-01    0.695752575993538E-01   -0.153702497482300E+00   -0.145125418901443E+00
       0.232459664344788E+00    0.217145666480064E+00    0.151662200689316E+00    0.619300827383995E-01   -0.876451842486858E-03
       0.229821071028709E+00    0.149386763572693E+00
       0.873654782772064E-01    0.125673254951835E-01    0.390829518437386E-01    0.108015701174736E+00    0.760844945907593E-01
       0.143611803650856E+00   -0.609714835882187E-01   -0.156178995966911E+00   -0.191390961408615E-01   -0.603354722261429E-01
       0.562227927148342E-01    0.389406271278858E-01   -0.268583372235298E-01    0.637927725911140E-01    0.309648998081684E-01
      -0.167838469147682E+00    0.237780883908272E+00    0.369181577116251E-02    0.504639334976673E-01    0.114528611302376E-01
       0.100839860737324E+00   -0.132671281695366E+00    0.965392291545868E-01    0.864196568727493E-01   -0.610765218734741E-01
      -0.115013450384140E+00    0.120058499276638E+00   -0.190923362970352E-01   -0.431308485567570E-01   -0.152184709906578E+00
      -0.638803914189339E-01    0.941191986203194E-01    0.246528342366219E+00   -0.124370440840721E+00    0.197539463639259E+00
      -0.752364005893469E-02   -0.198138713836670E+00    0.602248199284077E-01   -0.518913902342319E-01    0.340368747711182E-01
      -0.477149449288845E-01    0.481983758509159E-01    0.140689671039581E+00   -0.915343090891838E-01    0.948274508118629E-01
       0.792069509625435E-01   -0.292523726820946E-01   -0.131851062178612E+00   -0.170742627233267E-02    0.188605278730392E+00
      -0.198234066367149E+00   -0.133453562855721E+00    0.192836642265320E+00    0.295229852199554E-01    0.766266211867332E-01
      -0.111647687852383E+00    0.218835800886154E+00   -0.383153818547726E-01    0.767377093434334E-01    0.145319938659668E+00
      -0.149374797940254E+00   -0.163830116391182E+00   -0.723887085914612E-01    0.677016898989677E-01    0.247557312250137E+00
      -0.546566620469093E-01    0.142173305153847E+00    0.142161808907986E-01    0.198351055383682E+00    0.140817970037460E+00
      -0.209982395172119E-01    0.130412921309471E+00
      -0.224781438708305E+00   -0.265923030674458E-01    0.385890109464526E-02   -0.173151969909668E+00   -0.753890946507454E-01
       0.487324818968773E-01   -0.358523055911064E-02   -0.195344276726246E-01    0.113255474716425E-01    0.164487704634666E+00
       0.203667916357517E-01   -0.132062375545502E+00   -0.106060691177845E-02   -0.438871607184410E-02   -0.118066325783730E+00
      -0.131881907582283E+00   -0.127052828669548E+00    0.497356243431568E-01    0.208070978522301E+00    0.219573602080345E+00
       0.215562984347343E+00    0.181208938360214E+00   -0.125633433461189E+00   -0.792751237750053E-01    0.739854499697685E-01
       0.337244058027864E-02   -0.143892601132393E+00    0.419405326247215E-01    0.197196349501610E+00    0.597263798117638E-01
       0.997984595596790E-02   -0.451341681182384E-01   -0.431026052683592E-02    0.837541818618774E-01    0.161526739597321E+00
       0.156923562288284E+00    0.184405371546745E+00   -0.272061750292778E-01   -0.620736330747604E-01   -0.519198738038540E-02
       0.110521633177996E-02    0.351376309990883E-01    0.124827072024345E+00    0.562511496245861E-01    0.924045965075493E-01
       0.154060065746307E+00   -0.851006358861923E-01    0.331571698188782E-01   -0.337318032979965E-01    0.103233546018600E+00
       0.196144655346870E-01    0.787219926714897E-01    0.100161321461201E+00    0.928101539611816E-01    0.408866070210934E-01
      -0.996833965182304E-01    0.114250546321273E-01   -0.123527675867081E+00   -0.666723921895027E-01    0.462738052010536E-01
      -0.363421626389027E-02   -0.557784214615822E-01   -0.471710823476315E-01   -0.127823159098625E+00   -0.820905715227127E-01
      -0.314318761229515E-01    0.655464157462120E-01    0.272108227014542E+00    0.201264470815659E+00    0.232668533921242E+00
       0.105195686221123E+00   -0.783190950751305E-01
       0.209006905555725E+00    0.143801067024469E-01    0.336213201284409E+00   -0.102024659514427E+00   -0.349625617265701E+00
      -0.708803087472916E-01    0.228829588741064E-01    0.857881754636765E-01   -0.298985689878464E-01    0.162221807986498E-01
      -0.980152487754822E-01    0.132716102525592E-01    0.169671773910522E+00   -0.695326104760170E-01    0.129689976572990E+00
      -0.869573205709457E-01    0.873560756444931E-01   -0.357072278857231E-01    0.303402245044708E-01    0.119573567062616E-01
       0.691383555531502E-01    0.493906810879707E-01    0.489380769431591E-01   -0.158600628376007E+00    0.605755373835564E-01
       0.156665042042732E+00   -0.184495449066162E-01   -0.810506716370583E-01    0.781360790133476E-01    0.105638563632965E+00
       0.450833924114704E-01   -0.475271679461002E-01   -0.921769961714745E-01    0.181935369968414E+00   -0.272741317749023E-01
      -0.565927401185036E-01    0.746205449104309E-01    0.118964523077011E+00    0.303152687847614E-01    0.318482071161270E-01
       0.403894670307636E-01    0.127638176083565E+00    0.940792858600616E-01    0.222305469214916E-01    0.128690034151077E+00
       0.968686118721962E-01   -0.631385967135429E-01   -0.401943437755108E-01    0.700721070170403E-01   -0.730011835694313E-01
       0.534581132233143E-01   -0.128369867801666E+00   -0.289767272770405E-01    0.240237101912498E+00   -0.276398397982121E-01
      -0.629928931593895E-01   -0.105182090774179E-01    0.211863011121750E+00   -0.691485852003098E-01    0.262933745980263E-01
      -0.137786433100700E+00   -0.201251983642578E+00   -0.131722852587700E+00   -0.148717671632767E+00    0.175671100616455E+00
      -0.305236130952835E-01    0.626985952258110E-01   -0.553679466247559E-01    0.132284760475159E+00   -0.321944691240788E-01
       0.376666747033596E-01   -0.720031931996346E-01
      -0.197271600365639E+00    0.177179768681526E+00   -0.168603926897049E+00   -0.241304054856300E+00   -0.231372520327568E+00
      -0.188025414943695E+00   -0.788897182792425E-02    0.229890570044518E+00    0.225644439458847E+00   -0.766736641526222E-01
       0.251246523112059E-02    0.554663874208927E-02    0.237062089145184E-01   -0.114508755505085E+00   -0.439677163958549E-01
       0.220529094338417E+00    0.396422594785690E-01   -0.600094795227051E-01    0.132478684186935E+00    0.536692561581731E-02
       0.623246319591999E-01   -0.115291969850659E-01   -0.515566729009151E-01    0.319795668125153E+00    0.115248315036297E+00
      -0.982661023736000E-01    0.152143156155944E-01   -0.224630068987608E-02   -0.305277779698372E-01    0.110501736402512E+00
       0.930708199739456E-01    0.285397917032242E+00    0.123211018741131E+00    0.191468775272369E+00    0.252099409699440E-01
       0.742697576060891E-02   -0.125497922301292E+00    0.401672758162022E-01    0.898677632212639E-01    0.994099527597427E-01
      -0.599963217973709E-01    0.243550688028336E-01    0.724790841341019E-01    0.134998783469200E+00   -0.547538399696350E-01
       0.574969593435526E-02   -0.763809308409691E-01   -0.325982831418514E-02   -0.908919200301170E-01    0.811732113361359E-01
       0.134503886103630E+00    0.467590875923634E-01   -0.851372852921486E-01    0.942808464169502E-01    0.307456143200397E-01
      -0.164573267102242E+00    0.124824225902557E+00    0.197622567415237E+00   -0.214124694466591E-01    0.242665261030197E+00
      -0.992461368441582E-01    0.456082262098789E-01    0.753122121095657E-01    0.511369183659554E-01   -0.112732119858265E+00
       0.116502065211535E-01   -0.212835565209389E+00   -0.385733135044575E-01   -0.587049350142479E-01    0.106304794549942E+00
      -0.179137200117111E+00   -0.747151672840118E-01
       0.158039376139641E+00    0.204126715660095E+00   -0.566020235419273E-01   -0.101080378517509E-01   -0.710237920284271E-01
      -0.143047586083412E+00   -0.737748816609383E-01    0.117376543581486E+00    0.131210647523403E-01    0.117815285921097E-01
      -0.147174552083015E+00    0.490068867802620E-01    0.231236755847931E+00   -0.143774405121803E+00   -0.800121203064919E-01
       0.138337612152100E+00    0.105934567749500E+00    0.507470294833183E-01   -0.981573835015297E-01    0.163875341415405E+00
       0.121629489585757E-01   -0.133873909711838E+00   -0.248380899429321E-01   -0.111825622618198E+00    0.673406049609184E-01
      -0.805243402719498E-01    0.157746210694313E+00    0.110628180205822E+00   -0.925111025571823E-01   -0.211315914988518E+00
       0.653158724308014E-01    0.945490822196007E-01   -0.138974621891975E+00    0.898041576147079E-01   -0.234506167471409E-01
      -0.770321935415268E-01    0.911636799573898E-01    0.275363057851791E+00   -0.102583831176162E-01    0.155826136469841E+00
      -0.627310201525688E-01    0.272324234247208E-01   -0.142442166805267E+00   -0.189962476491928E+00    0.960211902856827E-01
       0.127866808325052E-01    0.128618374466896E+00   -0.512910895049572E-01   -0.132902497425675E-01    0.524311065673828E+00
       0.875187143683434E-01    0.367113808169961E-02   -0.441853664815426E-01    0.478238947689533E-01   -0.719493478536606E-01
      -0.132016181945801E+00    0.352799072861671E-01   -0.421136207878590E-01   -0.485462434589863E-01    0.865539312362671E-01
       0.475650504231453E-01    0.180074602365494E+00   -0.311823710799217E-01    0.806014165282249E-01    0.980087071657181E-01
       0.915229022502899E-01    0.100147962570190E+00   -0.130242332816124E+00   -0.183679573237896E-01   -0.257709920406342E-01
       0.252674426883459E-01   -0.154711768031120E+00
   Bias in Layer   3
      -0.143439278006554E+00   -0.103428568691015E-01   -0.937590897083282E-01    0.110335603356361E+00    0.181788757443428E+00
      -0.313566438853741E-01    0.161485582590103E+00   -0.422352962195873E-01    0.827433094382286E-01    0.675869137048721E-01
      -0.127626493573189E+00   -0.530975013971329E-01    0.649447441101074E-01   -0.152698904275894E-02   -0.454995073378086E-01
      -0.484586507081985E-01    0.778336301445961E-01    0.506759136915207E-01   -0.142772287130356E+00    0.114541187882423E+00
      -0.216459512710571E+00   -0.201725423336029E+00    0.397432036697865E-01    0.301729701459408E-01    0.289773195981979E-01
      -0.216031447052956E+00    0.730734467506409E-01   -0.501526296138763E-01   -0.151228442788124E+00   -0.839599892497063E-01
       0.169766061007977E-01   -0.198969356715679E-01    0.251670569181442E+00    0.647489503026009E-01   -0.721637010574341E-01
      -0.104023694992065E+00    0.117532268166542E+00    0.239407107234001E+00   -0.511706620454788E-01   -0.248694926500320E+00
      -0.267396345734596E-01   -0.181164983659983E-01    0.136635407805443E+00   -0.631191432476044E-01   -0.131150424480438E+00
       0.869842898100615E-02    0.428086332976818E-01    0.991571769118309E-01
   Weight in Layer   3
       0.511960722506046E-01    0.344622135162354E+00    0.105235248804092E+00   -0.159680888056755E+00    0.398250669240952E-02
      -0.763158407062292E-02   -0.167163237929344E+00    0.140888944268227E+00    0.624239034950733E-01   -0.107950434088707E+00
       0.558543391525745E-01   -0.155613005161285E+00    0.113874226808548E+00    0.120010882616043E+00   -0.282436758279800E-01
       0.126239597797394E+00    0.107571907341480E+00   -0.361333638429642E-01    0.307572662830353E+00    0.736282467842102E-01
      -0.104074239730835E+00    0.200710788369179E+00    0.206710621714592E+00    0.240544322878122E-01   -0.470939166843891E-01
      -0.131114259362221E+00    0.641771256923676E-01    0.117723681032658E+00   -0.123857915401459E+00    0.195134505629539E+00
       0.132091894745827E+00   -0.213573686778545E-02    0.175614088773727E+00   -0.847705006599426E-01   -0.532154291868210E-01
       0.182597339153290E+00    0.185999013483524E-01    0.774478390812874E-01   -0.148003473877907E+00    0.826471522450447E-01
       0.176968738436699E+00   -0.940740574151278E-02    0.125372350215912E+00   -0.352281510829926E+00   -0.530804917216301E-01
      -0.497116036713123E-01   -0.135506838560104E+00    0.397199802100658E-01   -0.102887593209743E+00   -0.842514634132385E-01
       0.732861384749413E-01    0.160288996994495E-01   -0.276507377624512E+00    0.372360609471798E-01   -0.228545755147934E+00
      -0.281081385910511E-01    0.165520124137402E-01   -0.119107604026794E+00    0.855221413075924E-03    0.624920949339867E-01
      -0.139260217547417E+00   -0.218202471733093E-01    0.748311728239059E-01   -0.778746008872986E-01    0.134132519364357E+00
       0.169942200183868E+00   -0.101189035922289E-02   -0.204881116747856E+00    0.393131464719772E+00   -0.109482370316982E+00
      -0.130672948434949E-01    0.141864985227585E+00   -0.596002191305161E-01    0.915721803903580E-01    0.825872346758842E-01
       0.347073487937450E-01    0.179612234234810E+00   -0.745625123381615E-01   -0.520482473075390E-01   -0.137787833809853E+00
      -0.103666193783283E+00    0.805774554610252E-01   -0.655286107212305E-02    0.400321066379547E+00   -0.369386747479439E-01
      -0.150697333738208E-01   -0.162448212504387E+00    0.136846616864204E+00   -0.156620681285858E+00   -0.510743968188763E-01
       0.595098286867142E-01   -0.152944773435593E+00    0.445958375930786E-01    0.134109318256378E+00   -0.495928004384041E-01
      -0.346238091588020E-01    0.197750665247440E-01    0.160751342773438E+00   -0.543498769402504E-01   -0.107278220355511E+00
      -0.165618002414703E+00   -0.136608943343163E+00   -0.116512686014175E+00    0.663891155272722E-02    0.190850570797920E+00
      -0.172967836260796E-01    0.120769487693906E-01   -0.148181812837720E-01    0.868780538439751E-01   -0.138701841235161E+00
      -0.118651688098907E+00    0.132533714175224E+00    0.661538690328598E-01   -0.284779191017151E+00    0.702049285173416E-01
      -0.773135721683502E-01    0.112108923494816E+00   -0.526263564825058E-01   -0.336006730794907E-01   -0.118060052394867E+00
      -0.131983205676079E+00    0.465271202847362E-02   -0.187210783362389E+00    0.151077970862389E+00    0.836210772395134E-01
      -0.120349982753396E-01   -0.206754207611084E+00    0.717585310339928E-01   -0.138724774122238E+00   -0.140938624739647E+00
       0.158795446157455E+00    0.166745498776436E+00    0.100610591471195E+00    0.187113843858242E-01    0.105964131653309E+00
      -0.449831224977970E-02    0.275113433599472E+00   -0.562747567892075E-01   -0.947255119681358E-01   -0.154939576983452E+00
       0.498791821300983E-01    0.679416060447693E-01   -0.137456744909286E+00   -0.155880570411682E+00    0.485637336969376E-01
      -0.372041687369347E-01   -0.446523278951645E-01    0.119454726576805E+00   -0.151775032281876E+00   -0.138310685753822E+00
       0.579819781705737E-02    0.110493160784245E+00   -0.335347294807434E+00    0.713398084044456E-01    0.136887468397617E-01
      -0.900396257638931E-01   -0.787657424807549E-01   -0.149897364899516E-01   -0.424007605761290E-02    0.202138256281614E-02
       0.147641241550446E+00    0.158726960420609E+00   -0.149128332734108E+00   -0.531897023320198E-01    0.273960456252098E-02
      -0.171647191047668E+00    0.320431776344776E-01   -0.357877537608147E-01    0.360061600804329E-01   -0.105128675699234E+00
      -0.622242316603661E-01   -0.195732116699219E+00   -0.208337545394897E+00    0.548049695789814E-01    0.154097244143486E+00
      -0.125289112329483E+00    0.242546666413546E-01    0.858626887202263E-01   -0.480171926319599E-01    0.137724786996841E+00
       0.143612474203110E+00   -0.774851739406586E-01    0.163712680339813E+00    0.602090451866388E-02    0.494326129555702E-01
       0.305231027305126E-01    0.136436820030212E+00    0.495244264602661E-01    0.885930061340332E-01    0.338186174631119E-01
       0.916240215301514E-01    0.121696993708611E+00   -0.110994866117835E-01   -0.400743521749973E-01   -0.276290848851204E-01
      -0.143774926662445E+00    0.260068535804749E+00    0.941273570060730E-01   -0.219945162534714E-01   -0.799151062965393E-01
       0.380791760981083E-01   -0.124946445226669E+00    0.185522567480803E-01   -0.135720491409302E+00    0.108606688678265E+00
       0.228654310107231E+00    0.851576924324036E-01   -0.135960832238197E+00    0.114133872091770E+00    0.192254766821861E+00
      -0.927852690219879E-01    0.922206714749336E-01   -0.135148391127586E+00   -0.725104510784149E-01    0.992274582386017E-01
      -0.206373184919357E-01   -0.114034265279770E+00    0.355819500982761E-01    0.175316661596298E+00    0.144998118281364E+00
      -0.564707908779383E-02   -0.826682671904564E-01   -0.135426819324493E+00    0.701078549027443E-01    0.910373851656914E-01
       0.255208518356085E-01   -0.116298019886017E+00   -0.200505837798119E+00   -0.587044432759285E-01   -0.190546259284019E+00
      -0.179765149950981E-01    0.180812433362007E+00   -0.242169089615345E-01    0.128321141004562E+00    0.231737047433853E+00
       0.504542626440525E-01   -0.210542157292366E+00    0.403330363333225E-01   -0.184486269950867E+00   -0.161300480365753E+00
      -0.323490016162395E-01   -0.462119467556477E-01   -0.957213789224625E-01    0.316721536219120E-01   -0.145616173744202E+00
      -0.992916598916054E-01    0.238624334335327E+00    0.716317072510719E-02   -0.188403815031052E+00    0.355526432394981E-01
       0.517166927456856E-01   -0.807984694838524E-01    0.236406058073044E+00   -0.160780370235443E+00    0.209510698914528E-02
      -0.117224022746086E+00    0.364585965871811E-01   -0.603010952472687E-01   -0.212151050567627E+00   -0.201403096318245E+00
       0.204299971461296E+00   -0.116787359118462E+00   -0.311882309615612E-01    0.751047581434250E-01   -0.185534387826920E+00
      -0.164994783699512E-01   -0.196353971958160E+00    0.921941176056862E-01    0.347336269915104E-01   -0.448251049965620E-02
      -0.123477235436440E+00    0.960522815585136E-01   -0.915175005793571E-01    0.439816191792488E-01   -0.637507718056440E-02
      -0.533276051282883E-01    0.325865328311920E+00    0.161805480718613E+00   -0.827933624386787E-01   -0.379376374185085E-01
      -0.154514014720917E+00    0.136597082018852E-02    0.137739092111588E+00    0.531660467386246E-01    0.199177294969559E+00
       0.648936256766319E-01    0.217326298356056E+00   -0.185490638017654E+00   -0.168434441089630E+00   -0.886434614658356E-01
       0.513944774866104E-01   -0.245619818568230E+00    0.424123518168926E-01    0.276478737592697E+00    0.281875431537628E-01
      -0.767223984003067E-01    0.938579663634300E-01    0.123218230903149E+00   -0.143884226679802E+00    0.425476804375648E-01
       0.214680761098862E+00   -0.297467783093452E-01   -0.964076071977615E-01    0.149642273783684E+00   -0.128207862377167E+00
      -0.246038064360619E+00   -0.152832910418510E+00    0.160160884261131E+00   -0.171851679682732E+00   -0.255989283323288E-02
      -0.615777745842934E-01    0.181155294179916E+00    0.212831586599350E+00   -0.553825497627258E-01    0.261115819215775E+00
      -0.718082562088966E-01   -0.179600626230240E+00   -0.173958808183670E+00   -0.114601962268353E+00    0.112647674977779E+00
      -0.188159212470055E+00    0.649785809218884E-02    0.125942006707191E+00    0.607926063239574E-01   -0.557663217186928E-01
       0.246093004941940E+00   -0.580114573240280E-01    0.157919496297836E+00   -0.707226153463125E-02    0.208742767572403E-01
       0.103287272155285E+00    0.244736485183239E-02   -0.812451839447021E-01    0.168475527316332E-01   -0.132531642913818E+00
      -0.320966802537441E-01    0.349211871623993E+00    0.441361851990223E-01   -0.161363277584314E-02   -0.165489822626114E+00
      -0.573007017374039E-01    0.194340236485004E-01   -0.882040802389383E-02   -0.213120549917221E+00   -0.341506935656071E-01
       0.163984254002571E+00   -0.102600686252117E+00    0.712382942438126E-01    0.210634306073189E+00   -0.352235771715641E-01
       0.765719711780548E-01   -0.164551623165607E-01    0.957503691315651E-01   -0.212630033493042E+00    0.845424458384514E-01
       0.352500937879086E-01    0.145216524600983E+00    0.535567216575146E-01   -0.723620429635048E-01    0.328793674707413E-01
       0.756916031241417E-01    0.107781589031219E+00    0.109641112387180E+00    0.781341791152954E-01    0.400347739458084E+00
      -0.874618366360664E-01    0.910553783178329E-01    0.277912795543671E+00   -0.251864701509476E+00    0.666019693017006E-01
       0.197161450982094E+00    0.961714237928391E-01    0.459294542670250E-01    0.104747265577316E+00    0.434372685849667E-01
      -0.235721878707409E-01   -0.679699331521988E-01    0.741502344608307E-01   -0.183702126145363E+00    0.667856493964791E-02
      -0.346617922186852E-01   -0.215253755450249E+00    0.195570681244135E-01    0.839719623327255E-01   -0.302755758166313E-01
      -0.293675154447556E+00    0.431545414030552E-01    0.608768351376057E-01   -0.520841591060162E-01    0.440419130027294E-01
      -0.892136618494987E-01    0.173265263438225E+00   -0.181406930088997E+00    0.888965800404549E-01   -0.310924835503101E-01
      -0.155108153820038E+00    0.302314609289169E-01    0.282747119665146E+00    0.300833955407143E-03   -0.308087728917599E-01
       0.460260212421417E-01    0.933004617691040E-01   -0.682086944580078E-01   -0.108491666615009E+00    0.951114892959595E-01
       0.511261858046055E-01    0.317325145006180E+00    0.114719338715076E+00   -0.715258195996284E-01    0.788019597530365E-01
       0.144097143784165E-01   -0.122832581400871E+00    0.924003124237061E-01   -0.386425331234932E-01   -0.489475950598717E-01
      -0.964479967951775E-01    0.517567358911037E-01   -0.138694837689400E+00   -0.157610684633255E+00   -0.128941804170609E+00
       0.410208888351917E-01   -0.321622416377068E-01   -0.779439359903336E-01   -0.131088316440582E+00   -0.103463195264339E+00
      -0.240597561001778E+00   -0.349187068641186E-01    0.135950207710266E+00    0.114019773900509E+00    0.182419568300247E+00
       0.934162437915802E-01   -0.159572422504425E+00   -0.148691594600677E+00    0.494716793298721E+00    0.165165662765503E-01
       0.261007755994797E+00   -0.951154008507729E-01    0.553931295871735E-01    0.138289198279381E+00    0.312607198953629E+00
      -0.101119421422482E+00    0.124911151826382E+00    0.920032039284706E-01   -0.929236877709627E-02    0.944484174251556E-01
       0.136406093835831E+00   -0.112924434244633E+00    0.160629391670227E+00   -0.288538187742233E-01    0.289771348237991E+00
      -0.570633560419083E-01    0.123925723135471E+00    0.158920317888260E+00   -0.891268402338028E-01    0.183904189616442E-01
      -0.644387900829315E-01    0.793557465076447E-01    0.630719289183617E-01   -0.546435937285423E-01    0.233369067311287E+00
       0.107999399304390E+00   -0.269793197512627E-01   -0.222938701510429E+00   -0.132797658443451E+00   -0.165722519159317E-01
      -0.234920643270016E-01   -0.119379326701164E+00    0.149146631360054E+00   -0.408160500228405E-02    0.181323885917664E+00
      -0.129319980740547E+00    0.170641437172890E+00    0.212289705872536E+00   -0.181197211146355E+00    0.116366676986217E+00
      -0.419938750565052E-01    0.128695949912071E+00   -0.464049465954304E-01   -0.108127310872078E+00   -0.173500612378120E+00
      -0.205643013119698E+00   -0.185139194130898E+00    0.703519582748413E-01   -0.135738641023636E+00   -0.719191655516624E-01
       0.409381575882435E-01    0.286357570439577E-02   -0.553494691848755E-01   -0.140548879280686E-01   -0.458092987537384E-01
      -0.167783379554749E+00    0.754709020256996E-01   -0.117728829383850E+00    0.139205217361450E+00    0.771537423133850E-01
       0.342408148571849E-02    0.211590260267258E+00    0.435389652848244E-01    0.266228504478931E-01    0.624528154730797E-01
      -0.376717224717140E-01   -0.125687383115292E-02   -0.817913189530373E-01   -0.624403208494186E-01    0.132356043905020E-01
      -0.126548260450363E+00   -0.714988633990288E-01    0.111916095018387E+00    0.522485449910164E-01   -0.134098157286644E+00
      -0.127300918102264E+00   -0.189082920551300E-01   -0.306418873369694E-01    0.108345687389374E+00   -0.138332873582840E+00
      -0.267041027545929E+00    0.171131536364555E+00   -0.915679801255465E-02   -0.631630569696426E-01   -0.548599287867546E-01
      -0.976617783308029E-01   -0.116418167948723E+00   -0.191229507327080E-01   -0.206746935844421E+00   -0.625260993838310E-01
      -0.210161395370960E-01    0.315899640321732E+00    0.917666926980019E-01   -0.699960663914680E-01   -0.163922801613808E+00
       0.310616344213486E-01    0.367698639631271E+00   -0.390667803585529E-01    0.649181008338928E-01    0.121235735714436E+00
       0.129618719220161E+00   -0.760336890816689E-01    0.153203941881657E-01   -0.162705317139626E+00    0.141664892435074E+00
       0.446049943566322E-01   -0.595061331987381E-01    0.981728173792362E-02   -0.236218385398388E-01    0.887261629104614E-01
      -0.176560655236244E+00   -0.228851102292538E-01    0.112111128866673E+00   -0.657672286033630E-01    0.146088562905788E-02
      -0.193125337362289E+00   -0.122840151190758E+00   -0.879848599433899E-01    0.237263411283493E+00    0.251511614769697E-01
       0.878914669156075E-01    0.224152117967606E+00    0.148479759693146E+00    0.142756268382072E+00    0.147588932886720E-01
       0.211595609784126E+00   -0.136222420260310E-01   -0.250126451253891E+00    0.161272823810577E+00   -0.828196760267019E-02
      -0.438927374780178E-01    0.110060051083565E+00    0.114340312778950E+00   -0.265903808176517E-01   -0.890678539872169E-01
      -0.959858298301697E-01    0.133180260658264E+00    0.555098876357079E-01    0.214457467198372E+00   -0.646567717194557E-01
       0.203888326883316E+00    0.489909537136555E-01    0.400201439857483E+00   -0.133739084005356E+00   -0.124262675642967E+00
       0.152063786983490E+00   -0.193755790591240E+00   -0.124142235144973E-01    0.150085493922234E+00   -0.939061641693115E-01
       0.695923902094364E-02   -0.545550882816315E-01    0.236473649740219E+00    0.296195037662983E-01   -0.593307316303253E-01
      -0.122062876820564E+00   -0.925894528627396E-01   -0.145208463072777E+00   -0.765093266963959E-01    0.111194647848606E+00
       0.475170984864235E-01    0.311861038208008E-01    0.200055241584778E+00    0.137641429901123E+00    0.605802983045578E-01
      -0.770130828022957E-01    0.245955258607864E+00   -0.903321206569672E-01    0.126750007271767E+00   -0.111877091228962E+00
      -0.233771681785583E+00    0.164263486862183E+00    0.124063201248646E+00    0.425759255886078E-01    0.507812313735485E-01
       0.231497764587402E+00   -0.157775446772575E+00    0.989312827587128E-01   -0.777147486805916E-01    0.465944893658161E-01
       0.393095090985298E-01    0.188335120677948E+00   -0.107697084546089E+00   -0.181374326348305E+00   -0.272348485887051E-01
       0.124478563666344E+00    0.469346567988396E-01    0.392517410218716E-01   -0.204363279044628E-01    0.909257307648659E-01
       0.218670666217804E+00    0.125769764184952E+00    0.103292241692543E-02   -0.579517483711243E-01    0.167528484016657E-01
       0.305379748344421E+00    0.103381216526031E+00    0.177019014954567E+00   -0.158752217888832E+00   -0.149705722928047E+00
      -0.268153622746468E-01   -0.156214609742165E+00   -0.135900918394327E-02   -0.473827347159386E-01    0.487034991383553E-01
       0.201551988720894E+00   -0.108205631375313E+00   -0.497687328606844E-02   -0.187387213110924E+00   -0.179989069700241E+00
       0.241426341235638E-01    0.445883944630623E-01   -0.235561802983284E-01    0.110194804146886E-01   -0.144917845726013E+00
      -0.365713573992252E-01    0.301140993833542E+00    0.818136781454086E-01    0.216185167431831E+00   -0.168473973870277E+00
       0.191539034247398E+00    0.736053138971329E-01    0.112677983939648E+00   -0.108338641002774E-01    0.106895655393600E+00
       0.104149237275124E+00   -0.116101741790771E+00   -0.140650838613510E+00   -0.106483124196529E+00    0.104035340249538E+00
       0.990187600255013E-01   -0.166114822030067E+00   -0.998836457729340E-01    0.141756802797318E+00    0.504098050296307E-01
       0.622996166348457E-01    0.320713520050049E-01   -0.317115962505341E+00    0.124708861112595E+00    0.132531508803368E+00
       0.119486927986145E+00   -0.533446744084358E-01    0.277153439819813E-01   -0.219570472836494E+00   -0.126600293442607E-01
      -0.645027011632919E-01   -0.803412795066833E-01   -0.259073138237000E+00    0.233671516180038E-01   -0.916637573391199E-02
       0.640584062784910E-02   -0.684962347149849E-01    0.154084205627441E+00   -0.257730036973953E+00   -0.225702151656151E-01
      -0.121075183153152E+00    0.105959229171276E+00   -0.738341584801674E-01   -0.764574036002159E-01    0.124058954417706E+00
      -0.461242310702801E-01    0.119951717555523E+00    0.178442709147930E-02   -0.280915088951588E-01   -0.513192601501942E-01
      -0.162025511264801E+00    0.113356523215771E+00    0.143268600106239E+00    0.107706926763058E+00   -0.350263230502605E-01
      -0.789764150977135E-01   -0.124406188726425E+00    0.628101900219917E-01    0.756731852889061E-01    0.204353898763657E+00
       0.154913619160652E+00   -0.417743548750877E-01   -0.272359758615494E+00   -0.428239963948727E-01    0.938968732953072E-03
      -0.149665409699082E-01   -0.265164911746979E+00    0.203554444015026E-01   -0.664903968572617E-01    0.177505046129227E+00
       0.751764625310898E-01   -0.631773918867111E-01    0.193925425410271E+00   -0.171619765460491E-01    0.865793749690056E-01
      -0.176825486123562E-01   -0.135734379291534E+00   -0.178521826863289E+00   -0.109813839197159E+00    0.105012707412243E+00
       0.107439696788788E+00   -0.135766357183456E+00   -0.118235230445862E+00    0.567703023552895E-01    0.126692965626717E+00
       0.234733596444130E+00   -0.288789212703705E+00   -0.778768807649612E-01   -0.436363145709038E-01   -0.220674902200699E+00
       0.637671053409576E-01   -0.148585841059685E+00   -0.686784014105797E-01   -0.634136516600847E-02   -0.198507457971573E-01
      -0.978771373629570E-01    0.750095024704933E-02    0.145792201161385E+00    0.342814624309540E-01    0.482878871262074E-01
       0.488501265645027E-01    0.383404344320297E-01   -0.747714415192604E-01   -0.552709400653839E-01    0.179219339042902E-02
      -0.109415255486965E+00    0.165417656302452E+00   -0.113663807511330E+00   -0.807888507843018E-01    0.220261916518211E+00
       0.929965898394585E-01    0.226194456219673E+00    0.224893055856228E-01    0.316567867994308E-01    0.233287408947945E+00
       0.153583567589521E-01    0.373165421187878E-01   -0.630832463502884E-01   -0.390317700803280E-01   -0.402527973055840E-01
      -0.116561755537987E+00    0.710636302828789E-01    0.929836928844452E-01    0.758500024676323E-01   -0.718169063329697E-01
      -0.507300272583961E-01    0.152265027165413E+00    0.980420857667923E-01   -0.970418285578489E-02    0.820239558815956E-01
       0.166142955422401E+00    0.869885310530663E-01   -0.220179125666618E+00    0.968253836035728E-01   -0.248922899365425E+00
      -0.656793341040611E-01    0.333198718726635E-01   -0.503326281905174E-01   -0.863966792821884E-01    0.135397493839264E+00
      -0.143829984590411E-01   -0.273783318698406E-01    0.531374961137772E-01   -0.117426529526711E+00    0.142199769616127E+00
      -0.186116158962250E+00   -0.935445949435234E-01    0.424873903393745E-01    0.313588887453079E+00   -0.205516405403614E-01
       0.220760665833950E-01    0.107854105532169E+00   -0.277785897254944E+00   -0.961980670690536E-01    0.885147228837013E-01
       0.160663992166519E+00    0.786867588758469E-01    0.369758270680904E-01    0.755656585097313E-01    0.132800549268723E+00
       0.334312543272972E-01    0.608899444341660E-01   -0.152741312980652E+00   -0.240939453244209E+00    0.649861767888069E-01
       0.136652365326881E+00   -0.242840871214867E+00   -0.282041430473328E+00    0.524859204888344E-01   -0.132021429017186E-01
       0.118479989469051E+00   -0.250421732664108E+00    0.100560434162617E+00   -0.120753748342395E-01   -0.148126497864723E+00
       0.470970571041107E-01    0.292089059948921E-01   -0.109488680958748E+00    0.545229762792587E-01    0.191685706377029E+00
       0.384204089641571E-01    0.231056697666645E-01   -0.125460833311081E+00   -0.531779602169991E-01    0.123081281781197E+00
       0.312955901026726E-01   -0.367780476808548E-01   -0.430514290928841E-01   -0.106228791177273E+00   -0.258761942386627E+00
      -0.114138601347804E-01    0.149562686681747E+00    0.163473621010780E+00    0.471516735851765E-01   -0.152776077389717E+00
       0.927717685699463E-01   -0.249430939555168E+00   -0.839313399046659E-02    0.576477758586407E-01   -0.705637857317924E-01
      -0.314076337963343E-02    0.593600980937481E-01   -0.127906631678343E-02   -0.266417890787125E+00    0.163582324981689E+00
       0.713554024696350E-01   -0.859895795583725E-01   -0.636798515915871E-01   -0.442854203283787E-01    0.130106553435326E+00
       0.605526193976402E-01   -0.277568288147449E-01   -0.524853244423866E-01   -0.107118701562285E-01   -0.123113602399826E+00
       0.155243918299675E+00   -0.401489026844501E-01    0.280122980475426E-01    0.269443571567535E+00    0.115888446569443E+00
      -0.972947850823402E-01    0.154778346419334E+00   -0.361823253333569E-01   -0.453619472682476E-01    0.259758681058884E+00
       0.439350455999374E-01   -0.174143031239510E+00    0.125183328986168E+00    0.140046969056129E+00   -0.193671494722366E+00
       0.121095530688763E+00    0.332088768482208E-01    0.168792102485895E-01    0.212350904941559E+00   -0.871415212750435E-01
      -0.324446111917496E-01    0.499893650412560E-01   -0.222730338573456E+00   -0.197435729205608E-01    0.110334202647209E+00
       0.164442494511604E+00    0.236880965530872E-01    0.470353476703167E-01    0.142150029540062E+00   -0.764868110418320E-01
      -0.213242009282112E+00    0.158783406019211E+00   -0.195956513285637E+00    0.518524795770645E-01   -0.606705918908119E-01
      -0.164795532822609E+00    0.130523875355721E+00    0.246538259088993E-01    0.880046859383583E-01    0.113376332446933E-01
      -0.205507561564445E+00    0.125791400671005E+00    0.623053424060345E-01    0.111148610711098E+00    0.878044143319130E-01
      -0.310208089649677E-01    0.269290357828140E-01    0.845061913132668E-01    0.118460632860661E+00   -0.304075703024864E-01
      -0.798120647668839E-01   -0.120626419782639E+00    0.278172612190247E+00    0.911312997341156E-01   -0.123874381184578E+00
       0.287880282849073E-02    0.523897670209408E-01   -0.103595614433289E+00    0.119455419480801E+00    0.300903283059597E-01
      -0.840285867452621E-01   -0.773820653557777E-01    0.736491382122040E-02    0.974518507719040E-01    0.563434250652790E-01
       0.108328387141228E+00    0.992707088589668E-01   -0.995144993066788E-01   -0.198669761419296E+00    0.207074150443077E+00
      -0.184798315167427E-01    0.810260921716690E-01   -0.134516149759293E+00    0.931735411286354E-01    0.120545767247677E+00
       0.187342092394829E-01    0.356051713228226E+00    0.118020892143250E+00   -0.104452818632126E+00   -0.131741642951965E+00
       0.119483754038811E+00    0.289325639605522E-01   -0.855216532945633E-01    0.774833038449287E-01    0.112301200628281E+00
      -0.304169803857803E+00    0.989155918359756E-01    0.208019036799669E-01   -0.158362507820129E+00    0.191044360399246E+00
       0.130551889538765E+00    0.216636836528778E+00    0.114604130387306E+00   -0.163200963288546E-02    0.109113141894341E+00
       0.350409522652626E-01   -0.798218026757240E-01    0.143413528800011E+00    0.111277878284454E+00    0.957417562603951E-01
       0.110167805105448E-01   -0.785122513771057E-01   -0.957881361246109E-01    0.268142253160477E+00   -0.290106311440468E-01
      -0.164743289351463E+00   -0.924245268106461E-01   -0.885221734642982E-01   -0.104907378554344E+00    0.920413509011269E-01
       0.856712162494659E-01   -0.163362324237823E+00   -0.158557295799255E-01   -0.118864774703979E+00   -0.151959910988808E+00
       0.424496270716190E-01    0.301350131630898E-01    0.118848435580730E+00    0.150461629033089E+00    0.268517285585403E-01
      -0.125244691967964E+00    0.169353522360325E-01   -0.100370183587074E+00   -0.171644128859043E-01   -0.329380482435226E-01
      -0.829647257924080E-01    0.211577191948891E+00    0.444566234946251E-01   -0.835960730910301E-01    0.817327499389648E-01
      -0.442433319985867E-01   -0.995918884873390E-01   -0.111311286687851E+00   -0.812955647706985E-01    0.133205160498619E+00
       0.753183513879776E-01   -0.214108005166054E+00   -0.163104131817818E+00   -0.222023785114288E+00   -0.760067850351334E-01
       0.239989534020424E-01    0.319827497005463E-01   -0.197195634245872E+00   -0.396862998604774E-01    0.939378961920738E-01
      -0.134774863719940E+00    0.216030836105347E+00   -0.386094227433205E-01    0.118514947593212E+00   -0.338235907256603E-01
      -0.407614074647427E-01    0.712460055947304E-01   -0.815159529447556E-01   -0.164501592516899E-01    0.497036799788475E-01
       0.235217466950417E+00   -0.744419544935226E-01    0.246651291847229E+00   -0.441797934472561E-01    0.128899350762367E+00
       0.360082909464836E-01    0.592551454901695E-01   -0.310373336076736E+00    0.106868535280228E+00   -0.862481668591499E-01
       0.327980399131775E+00   -0.147129222750664E+00   -0.273820161819458E-01    0.883929207921028E-01   -0.872046574950218E-01
      -0.100462228059769E+00   -0.341187715530396E-01    0.994604229927063E-01    0.122026197612286E+00    0.233836099505424E-01
       0.503754615783691E-01    0.755221489816904E-02    0.179990157485008E+00   -0.162152349948883E+00   -0.253502041101456E+00
       0.125427786260843E-01    0.597391761839390E-01   -0.877347439527512E-01    0.339228324592113E-01   -0.281092189252377E-01
       0.336863845586777E-01    0.251380681991577E+00   -0.205761045217514E+00    0.573653206229210E-01    0.101957827806473E+00
      -0.923156291246414E-01    0.755218565464020E-01   -0.336916334927082E-01   -0.943215843290091E-02    0.728181004524231E-01
       0.361126065254211E-01    0.834308937191963E-01   -0.825526639819145E-01    0.124328821897507E+00   -0.711313709616661E-01
      -0.176730796694756E+00    0.148648887872696E+00   -0.187806665897369E+00   -0.965182259678841E-01   -0.457767583429813E-01
      -0.177253969013691E-02   -0.829996541142464E-01    0.496407411992550E-01    0.172291114926338E+00   -0.291937775909901E-01
       0.982556045055389E-01   -0.915985181927681E-01    0.168797954916954E+00    0.114869274199009E+00   -0.143447473645210E+00
      -0.732973963022232E-01   -0.111592307686806E+00    0.115499377250671E+00    0.112338908016682E+00   -0.156665533781052E+00
      -0.257539004087448E-01    0.374663658440113E-01   -0.350638806819916E+00   -0.762897357344627E-01    0.109087023884058E-01
       0.158008441329002E+00   -0.202360227704048E+00    0.267084240913391E-01    0.304854393005371E+00    0.586982816457748E-02
      -0.226684175431728E-01   -0.505417063832283E-01    0.407498441636562E-01    0.163390800356865E+00   -0.237434461712837E+00
      -0.574794933199883E-01   -0.415333248674870E-01    0.186200633645058E+00   -0.164250627160072E+00   -0.175417795777321E+00
       0.693182870745659E-01    0.430873036384583E-01   -0.527693983167410E-02   -0.572325214743614E-01   -0.115182027220726E+00
      -0.216556176543236E+00    0.215176954865456E+00   -0.286355704069138E+00   -0.179632261395454E+00   -0.119061142206192E+00
      -0.114732822403312E-01    0.899473950266838E-01    0.830065086483955E-01   -0.244249448180199E+00    0.405199937522411E-01
      -0.127185732126236E+00    0.181419495493174E-01    0.104857087135315E+00    0.129846468567848E+00   -0.295228511095047E+00
       0.169696480035782E+00   -0.719554573297501E-01   -0.462826788425446E-01    0.241121813654900E+00   -0.384486280381680E-01
      -0.365316867828369E+00    0.740156993269920E-01   -0.197089299559593E+00   -0.983281508088112E-01   -0.143321856856346E+00
       0.186520859599113E+00   -0.119294866919518E+00    0.524024441838264E-01   -0.249218448996544E+00   -0.174046978354454E-01
      -0.254848480224609E+00    0.967088043689728E-01    0.390220656991005E-01   -0.730862841010094E-01    0.162252366542816E+00
      -0.171944126486778E-01    0.100089512765408E+00    0.121721066534519E+00   -0.162558287382126E+00   -0.238834381103516E+00
      -0.158045738935471E+00    0.622894205152988E-01    0.193595647811890E+00   -0.560083389282227E-01    0.162665713578463E-01
       0.101889029145241E+00   -0.219745822250843E-01   -0.641709789633751E-01   -0.248806104063988E-01    0.250651359558105E+00
       0.213058412075043E+00   -0.141911342740059E+00    0.143046770244837E-02   -0.362723022699356E-01    0.426414236426353E-01
      -0.167028218507767E+00    0.132345005869865E+00   -0.160012856125832E+00    0.375493848696351E-02    0.657502636313438E-01
       0.111533217132092E-01    0.315741188824177E-01    0.204211667180061E+00   -0.697175711393356E-01   -0.106906123459339E+00
       0.153691973537207E-01   -0.195830523967743E+00    0.126060679554939E+00   -0.102719314396381E+00    0.189876139163971E+00
       0.244282260537148E-01    0.430509522557259E-01    0.300344675779343E-01   -0.218653455376625E+00   -0.122213467955589E+00
       0.167786300182343E+00    0.886149518191814E-02   -0.211968809366226E+00    0.192001968622208E+00    0.701652318239212E-01
       0.179458260536194E+00    0.167437233030796E-01   -0.832189526408911E-02   -0.171955049037933E+00   -0.642971545457840E-01
       0.103190273046494E+00    0.975574702024460E-01    0.663034841418266E-01    0.256270200014114E+00    0.131068155169487E+00
       0.187117576599121E+00   -0.201383367180824E+00   -0.191083818674088E+00   -0.273038744926453E+00    0.134003221988678E+00
       0.178135603666306E+00    0.459524728357792E-01   -0.219566017389297E+00    0.186600744724274E+00    0.224308520555496E+00
       0.115602463483810E+00    0.166900232434273E-01    0.167983621358871E+00    0.235361516475677E+00   -0.520990192890167E-01
       0.117438897490501E+00   -0.269933253526688E+00   -0.301234871149063E-01    0.146571233868599E+00   -0.828153938055038E-01
      -0.140531748533249E+00   -0.309604872018099E-02   -0.101570300757885E+00   -0.965836737304926E-02    0.101233877241611E+00
      -0.179487407207489E+00   -0.156751453876495E+00   -0.469977967441082E-01    0.772298872470856E-01    0.373030230402946E-01
       0.174848631024361E+00    0.969964712858200E-01    0.269543677568436E-01    0.103367075324059E+00   -0.433088466525078E-01
       0.161353230476379E+00    0.203403174877167E+00    0.780012831091881E-01   -0.124900281429291E+00   -0.465782284736633E-01
       0.690297782421112E-01   -0.807776767760515E-02    0.874926969408989E-01   -0.544320698827505E-02    0.105895221233368E+00
       0.769262015819550E-01    0.271037034690380E-02    0.876501388847828E-02    0.235265403985977E+00    0.115363389253616E+00
      -0.121180145069957E-01   -0.574681833386421E-01    0.305605739355087E+00   -0.632363781332970E-01   -0.799604877829552E-01
       0.120366744697094E+00   -0.681360885500908E-01    0.981652587652206E-01    0.115306815132499E-01   -0.141768634319305E+00
       0.787589699029922E-01    0.628031492233276E-01    0.427127815783024E-01    0.560900457203388E-01    0.566060990095139E-01
      -0.131157279014587E+00   -0.109594032168388E+00    0.112065374851227E+00    0.547814667224884E-01    0.135205924510956E+00
      -0.152449896559119E-01   -0.269879288971424E-01    0.938367545604706E-01   -0.132063180208206E+00    0.150641426444054E+00
      -0.151942551136017E+00    0.168526694178581E+00    0.830713473260403E-02   -0.984671413898468E-01    0.355340205132961E-01
      -0.244951806962490E-01   -0.376125462353230E-01    0.215417072176933E+00   -0.648678466677666E-01   -0.110026784241199E+00
       0.154093742370605E+00   -0.283737555146217E-01   -0.240164808928967E-02   -0.683066435158253E-03    0.747760012745857E-01
      -0.782251507043839E-01    0.156983852386475E+00    0.121274352073669E+00   -0.118010014295578E+00   -0.305555254220963E+00
      -0.243352308869362E+00   -0.108813859522343E+00    0.396250449120998E-01   -0.866439938545227E-01    0.105468153953552E+00
      -0.202518776059151E+00   -0.230484642088413E-02    0.322487391531467E-01   -0.129459619522095E+00    0.441048927605152E-01
       0.209021329879761E+00   -0.911484286189079E-01    0.259623467922211E+00    0.161977455019951E+00    0.250598080456257E-01
      -0.360205620527267E-01    0.548472926020622E-01   -0.124611169099808E+00   -0.318225808441639E-01   -0.495649129152298E-01
      -0.629670452326536E-02   -0.892551522701979E-02   -0.131886839866638E+00   -0.154345706105232E+00   -0.170137621462345E-01
       0.552146695554256E-01    0.146203324198723E+00   -0.126196578145027E+00   -0.275774337351322E-01   -0.558384358882904E-01
       0.243695825338364E-01   -0.167708471417427E+00   -0.833196491003036E-01   -0.220639333128929E+00   -0.527323633432388E-01
      -0.703665688633919E-01    0.214751884341240E+00   -0.973562300205231E-01    0.142025440931320E+00    0.165936306118965E+00
       0.946392789483070E-01    0.226199161261320E-02   -0.159773364663124E+00    0.226979270577431E+00   -0.234508328139782E-02
       0.439133085310459E-01   -0.732814297080040E-01   -0.223871134221554E-01    0.102162100374699E-01    0.886575803160667E-01
       0.494098365306854E-01   -0.207654982805252E+00   -0.370039604604244E-01    0.608034841716290E-01    0.202015906572342E+00
       0.316116273403168E+00    0.354200452566147E-01    0.270332321524620E-01   -0.291694514453411E-02   -0.437668338418007E-01
      -0.946198776364326E-01   -0.403255224227905E-01   -0.175081476569176E+00    0.709044858813286E-01    0.116321906447411E+00
      -0.583551302552223E-01   -0.928160026669502E-01    0.197080731391907E+00    0.147255733609200E+00   -0.783330276608467E-01
       0.250600218772888E+00    0.837090611457825E-01    0.199113443493843E+00   -0.167022377252579E+00   -0.963818281888962E-01
       0.513050816953182E-01   -0.493998676538467E-01   -0.110468134284019E+00    0.480754896998405E-01   -0.234917961061001E-01
       0.459240376949310E-01    0.229226857423782E+00   -0.572285726666451E-01    0.534766204655170E-01    0.909066423773766E-01
       0.532971918582916E-01   -0.407866925001144E+00    0.264848113059998E+00   -0.227855339646339E+00    0.380147295072675E-02
      -0.497644245624542E-01   -0.300698466598988E-01    0.109523221850395E+00    0.628526732325554E-01   -0.630845800042152E-01
      -0.199048236012459E+00    0.136216849088669E+00   -0.105856291949749E+00    0.852838382124901E-01   -0.159730702638626E+00
       0.507414974272251E-01    0.968181267380714E-01   -0.116432994604111E+00    0.715226903557777E-01    0.975311733782291E-03
      -0.339368470013142E-01    0.520869940519333E-01    0.176014959812164E+00    0.115770511329174E+00    0.197290964424610E-01
      -0.478759780526161E-01    0.842879787087440E-01    0.119439195841551E-01    0.111417897045612E+00    0.186176627874374E+00
       0.652519911527634E-01    0.194772019982338E+00    0.142234787344933E+00    0.259103924036026E-01   -0.257124379277229E-01
       0.924109965562820E-01   -0.164725303649902E+00   -0.815473571419716E-01   -0.437795594334602E-01    0.226841479539871E+00
       0.147886320948601E+00    0.413013063371181E-01   -0.156253799796104E+00   -0.543893054127693E-01    0.727192312479019E-01
       0.161901175975800E+00   -0.997645705938339E-01   -0.766984652727842E-02    0.741013363003731E-01   -0.131722269579768E-01
       0.138048678636551E+00   -0.133251458406448E+00    0.224394097924232E+00    0.109846852719784E+00    0.451909340918064E-01
      -0.283211283385754E-01    0.314044594764709E+00   -0.328532885760069E-02   -0.927737131714821E-01    0.634775236248970E-01
       0.480779185891151E-01    0.276563555002213E+00   -0.994224995374680E-01   -0.102327995002270E+00    0.215628787875175E+00
      -0.532672628760338E-01   -0.131496310234070E+00   -0.768121927976608E-01   -0.507484972476959E-01   -0.236383512616158E+00
       0.149418234825134E+00   -0.181266963481903E+00    0.706854742020369E-02    0.180389180779457E+00   -0.123622775077820E+00
       0.111949101090431E+00   -0.210667923092842E+00    0.192596897482872E+00    0.206653788685799E+00    0.678135454654694E-02
      -0.890326723456383E-01    0.598457790911198E-01   -0.125096617266536E-01   -0.786389932036400E-01   -0.784299969673157E-01
      -0.131453692913055E+00    0.190214425325394E+00   -0.262086316943169E-01   -0.785003527998924E-01    0.800201967358589E-01
       0.162867784500122E+00    0.815428569912910E-01    0.113454736769199E+00    0.152230218052864E+00   -0.906554162502289E-01
       0.104225337505341E+00   -0.987619608640671E-01   -0.759592950344086E-01   -0.929934754967690E-01    0.156751051545143E-01
       0.242195412516594E+00   -0.622613355517387E-01    0.980421528220177E-01    0.117190338671207E+00    0.121312648057938E+00
       0.757676512002945E-01    0.209261149168015E+00   -0.120324313640594E+00    0.110479235649109E+00    0.665137777104974E-02
      -0.112045496702194E+00   -0.528471693396568E-01   -0.114817647263408E-01    0.752902030944824E-01    0.389724411070347E-01
       0.288682609796524E+00    0.267320662736893E+00   -0.163135603070259E-01    0.421352833509445E+00   -0.304106771945953E+00
      -0.194239288568497E+00    0.118187079206109E-01   -0.345975905656815E-01   -0.702417641878128E-01   -0.235785290598869E+00
      -0.531904995441437E-01   -0.154556080698967E+00   -0.316091328859329E+00   -0.286671698093414E+00   -0.969044771045446E-02
       0.187624543905258E-01   -0.158754251897335E-01   -0.452588424086571E-01   -0.141664728522301E+00    0.656128302216530E-01
      -0.835807174444199E-01   -0.162468820810318E+00   -0.369709879159927E-01   -0.758960545063019E-01   -0.167441554367542E-01
       0.643199458718300E-01   -0.211636014282703E-01    0.797160789370537E-01    0.114026971161366E+00    0.160353824496269E+00
       0.172124132514000E-01    0.353162847459316E-01    0.171084448695183E+00   -0.223785236477852E+00    0.166760340332985E+00
       0.164677262306213E+00   -0.479011274874210E-01    0.348097801208496E+00    0.204849407076836E+00    0.115851685404778E+00
       0.436376743018627E-01    0.145598173141479E+00   -0.242105312645435E-01   -0.119106814265251E+00   -0.105906680226326E+00
      -0.828324817121029E-03   -0.130939587950706E+00   -0.754344984889030E-01   -0.744922310113907E-01    0.117780163884163E+00
       0.326611436903477E-01    0.190147414803505E+00    0.275345772504807E+00   -0.168494984507561E+00    0.119054734706879E+00
       0.120340339839458E+00    0.266060590744019E+00   -0.217773512005806E+00    0.256263613700867E+00   -0.531932115554810E-01
       0.447207018733025E-01   -0.114752918481827E+00    0.597635321319103E-01    0.216729655861855E+00    0.246989652514458E+00
      -0.193903908133507E+00    0.124620862305164E+00    0.184123799204826E+00    0.168913200497627E+00    0.179328858852386E+00
      -0.128028750419617E+00   -0.707337483763695E-01    0.111801482737064E+00   -0.997450277209282E-01    0.421583140268922E-02
       0.102940112352371E+00    0.422977618873119E-01    0.206590414047241E+00    0.288229137659073E+00    0.353474646806717E+00
      -0.119823589920998E+00   -0.458211340010166E-01    0.305984824895859E+00    0.884753167629242E-01   -0.654884725809097E-01
       0.219514444470406E+00    0.611298680305481E-01    0.175946522504091E-01    0.130411922931671E+00   -0.666209589689970E-02
       0.349508412182331E-01   -0.750902071595192E-01    0.148768827319145E+00   -0.175100103020668E+00    0.516863502562046E-01
      -0.121720656752586E+00   -0.753721594810486E-01    0.791184045374393E-02    0.109589444473386E-01    0.190313443541527E+00
       0.999848246574402E-01    0.289655197411776E-02   -0.254153050482273E-01    0.104531407356262E+00   -0.710168406367302E-01
      -0.125721454620361E+00    0.114804960787296E+00    0.168884266167879E-01   -0.933429747819901E-01    0.408788286149502E-01
      -0.101712808012962E+00    0.231987074017525E+00   -0.208801597356796E+00    0.286542713642120E+00   -0.280204504728317E+00
      -0.201700747013092E+00    0.267145454883575E+00   -0.873801633715630E-01   -0.131232375279069E-01   -0.188310518860817E-01
       0.943544134497643E-01   -0.130278468132019E+00    0.301936477422714E+00   -0.847323015332222E-01    0.275127470493317E+00
      -0.164342254400253E+00    0.166566789150238E+00    0.336358547210693E+00    0.343469940125942E-01    0.190161205828190E-01
      -0.157867893576622E-01    0.123129457235336E+00   -0.151041820645332E+00    0.846813321113586E-01    0.222010701894760E+00
       0.157005339860916E+00   -0.563337001949549E-02    0.540116727352142E-01   -0.143662439659238E-01    0.147351631894708E-01
      -0.103296771645546E+00    0.404601693153381E-01   -0.561481565237045E-01    0.565225519239902E-01    0.342150181531906E-01
      -0.604893416166306E-01   -0.144087165594101E+00    0.114932179450989E+00   -0.278897285461426E+00    0.962703768163919E-02
       0.631424263119698E-01    0.423243120312691E-01   -0.275430470705032E+00    0.123832590878010E+00   -0.266417443752289E+00
       0.238358393311501E+00   -0.879394114017487E-01   -0.203616306185722E+00   -0.649017915129662E-01    0.856953710317612E-01
      -0.110187731683254E+00    0.535624474287033E-01    0.142341665923595E-02   -0.114115394651890E+00   -0.103183008730412E+00
      -0.139758810400963E+00   -0.276336550712585E+00    0.201103389263153E+00   -0.180826932191849E+00   -0.108344806358218E-01
       0.737248435616493E-01    0.874200165271759E-01   -0.904406979680061E-01   -0.555409044027328E-01   -0.130404233932495E+00
       0.274189785122871E-01    0.682999864220619E-01    0.156437978148460E-01    0.328129753470421E-01   -0.162340655922890E+00
      -0.522726401686668E-01    0.510774888098240E-01    0.190354451537132E+00    0.918281376361847E-01    0.559881627559662E-01
       0.144908856600523E-02    0.117624133825302E+00    0.270203165709972E-01   -0.443286336958408E-01    0.225586872547865E-01
       0.576721020042896E-01   -0.700648725032806E-01   -0.429241172969341E-01    0.303334802389145E+00   -0.735392123460770E-01
       0.635039284825325E-01   -0.655618980526924E-01    0.319405674934387E+00    0.807513818144798E-01    0.942818820476532E-01
       0.817613229155540E-01    0.186147671192884E-01    0.317119359970093E+00   -0.609167814254761E-01   -0.319242142140865E-01
      -0.108965061604977E+00   -0.446122027933598E-01   -0.213376924395561E+00   -0.109458416700363E+00    0.234533935785294E+00
       0.173074647784233E+00   -0.590722933411598E-01   -0.810296908020973E-01    0.194721296429634E+00    0.300951212644577E+00
       0.314394861459732E+00    0.305319987237453E-01    0.116561815142632E+00    0.139276057481766E+00    0.173247545957565E+00
      -0.647757574915886E-01   -0.613375082612038E-01   -0.871399417519569E-01    0.309894457459450E-01    0.279231257736683E-01
       0.606682300567627E-01   -0.218116208910942E+00   -0.111259363591671E+00    0.138296455144882E+00   -0.146524533629417E+00
       0.258148521184921E+00   -0.269914120435715E+00    0.131173640489578E+00    0.102247826755047E+00   -0.199258297681808E+00
       0.280881635844707E-01    0.712519586086273E-01    0.189917609095573E+00    0.799703374505043E-01   -0.241415157914162E+00
      -0.103107683360577E+00   -0.176850594580173E-01    0.409576855599880E-01    0.470456406474113E-01    0.194569706916809E+00
      -0.291483849287033E+00   -0.783997680991888E-02    0.900918990373611E-01   -0.116918295621872E+00   -0.148132517933846E+00
       0.691020116209984E-01   -0.879839658737183E-01   -0.690624937415123E-01   -0.204906925559044E+00   -0.275675579905510E-01
       0.223049700260162E+00   -0.148197099566460E+00   -0.469263754785061E-01   -0.153009779751301E-03   -0.256340742111206E+00
       0.785704553127289E-01    0.501575395464897E-01    0.778150558471680E-01    0.234201520681381E+00    0.341540388762951E-01
       0.756987705826759E-01    0.164234980940819E+00    0.115632852539420E-01   -0.129050403833389E+00   -0.415738113224506E-01
       0.232192203402519E-01   -0.171215653419495E+00   -0.350372865796089E-01   -0.230992101132870E-01   -0.229647606611252E-01
       0.140113711357117E+00    0.180528573691845E-01   -0.133894026279449E+00   -0.697426591068506E-02    0.692304670810699E-01
      -0.857663750648499E-01   -0.164940990507603E-01   -0.198265835642815E+00   -0.386215969920158E-01    0.869570672512054E-01
       0.212650224566460E-01    0.260858908295631E-01    0.126728162169456E+00    0.973661541938782E-01    0.157030317932367E-01
      -0.137557327747345E+00    0.126896612346172E-01    0.106226876378059E+00    0.121052011847496E+00    0.127011146396399E-01
      -0.631289631128311E-01    0.124469518661499E+00    0.102811083197594E+00   -0.442048124969006E-01   -0.779219642281532E-01
       0.376921445131302E+00    0.128303349018097E+00    0.253267973661423E+00    0.130300924181938E+00    0.774702951312065E-01
       0.143565073609352E+00   -0.307307690382004E-01    0.681937858462334E-01   -0.612012576311827E-02   -0.740856304764748E-01
      -0.330480411648750E-01    0.491312369704247E-01   -0.124103933572769E+00   -0.243768945336342E+00    0.254889339208603E+00
      -0.178014487028122E+00   -0.252000778913498E+00    0.335374362766743E-01    0.109183721244335E+00    0.261338263750076E+00
       0.792795270681381E-01   -0.158141702413559E+00    0.321094058454037E-01    0.910439193248749E-01   -0.162282213568687E+00
       0.105973117053509E+00   -0.133815094828606E+00   -0.794024541974068E-01   -0.699503421783447E-01   -0.361668057739735E-01
       0.138512417674065E+00   -0.645538121461868E-01    0.258002020418644E-01    0.691078975796700E-01    0.281814962625504E+00
      -0.599663555622101E-01    0.725309699773788E-01    0.203137829899788E+00   -0.832466483116150E-01    0.175090119242668E+00
      -0.955822393298149E-01    0.280317440629005E-01   -0.112682387232780E+00    0.153660640120506E+00    0.151665717363358E+00
      -0.578978955745697E-01   -0.168289914727211E-01    0.168501213192940E-02    0.149451836943626E+00    0.192065924406052E+00
       0.140739068388939E+00   -0.104135788977146E+00    0.713233649730682E-02    0.340753011405468E-01   -0.920222047716379E-02
      -0.200933262705803E+00    0.146426603198051E+00   -0.378133915364742E-02    0.121328979730606E+00    0.224894210696220E+00
       0.521560013294220E-01   -0.149925068020821E+00    0.827247872948647E-01   -0.578731745481491E-01    0.109941385686398E+00
      -0.972028002142906E-01   -0.408154763281345E-01    0.128285184502602E+00    0.161557063460350E+00   -0.551432147622108E-01
      -0.227775573730469E-01    0.158273085951805E+00    0.143829599022865E+00   -0.469718724489212E-01    0.991993695497513E-01
      -0.165322422981262E-01   -0.863171070814133E-01   -0.387566350400448E-01   -0.977578088641167E-01   -0.220874220132828E+00
      -0.570704713463783E-01   -0.459508076310158E-01    0.133596181869507E+00    0.354498289525509E-01    0.493396781384945E-01
       0.122401654720306E+00   -0.223319724202156E+00   -0.203672975301743E+00    0.269873552024364E-01    0.231479257345200E+00
      -0.190815329551697E-01   -0.456677656620741E-02    0.179896727204323E-01    0.179860740900040E+00   -0.899467468261719E-01
       0.179877541959286E-01    0.110184319317341E+00   -0.350759923458099E-01   -0.524460524320602E-01    0.163707882165909E-03
      -0.173438057303429E+00    0.835874304175377E-01    0.597815960645676E-03   -0.334884822368622E-01   -0.854641124606133E-01
      -0.156349353492260E-01    0.300259813666344E-01    0.111959697678685E-01   -0.394263118505478E+00    0.601285882294178E-01
      -0.976060852408409E-01    0.267508700489998E-01   -0.197505950927734E-01    0.192833408713341E+00   -0.469001978635788E-01
       0.156194508075714E+00    0.280886106193066E-01   -0.124983698129654E+00    0.147284224629402E+00    0.175603240728378E+00
      -0.144307807087898E+00   -0.500294715166092E-01    0.128783956170082E-01    0.191257774829865E+00    0.264972388744354E+00
      -0.111254910007119E-01   -0.349682718515396E-01    0.254857223480940E-01   -0.108769483864307E+00   -0.223709940910339E+00
       0.218592081218958E-01    0.374525263905525E-01    0.228924781084061E+00   -0.897347182035446E-01    0.101069837808609E+00
      -0.112446323037148E+00    0.181596815586090E+00   -0.930323228240013E-01   -0.382273979485035E-01   -0.283466875553131E+00
       0.171213805675507E+00    0.262990981340408E+00    0.546439737081528E-01   -0.148206070065498E+00   -0.462858006358147E-01
       0.325545966625214E-01    0.634991675615311E-01   -0.153599858283997E+00   -0.222690224647522E+00    0.778327658772469E-01
      -0.327550508081913E-01   -0.183955319225788E-01    0.171586915850639E+00   -0.794846341013908E-01   -0.917849913239479E-01
       0.124804846942425E+00    0.454037152230740E-01    0.857604295015335E-01    0.636183768510818E-01   -0.119427591562271E+00
       0.281429886817932E-01   -0.103099003434181E+00    0.813929066061974E-01    0.140243276953697E+00    0.535134933888912E-01
      -0.417212322354317E-01   -0.159470230340958E+00   -0.140185371041298E+00   -0.339019358158112E+00    0.190528512001038E+00
       0.160834774374962E+00   -0.919962823390961E-01    0.193868264555931E+00   -0.472225509583950E-01   -0.132008597254753E+00
       0.932433605194092E-01    0.646867603063583E-01    0.197318375110626E+00    0.212714418768883E+00    0.141965597867966E+00
      -0.552970468997955E-01    0.227768003940582E+00   -0.137394443154335E+00    0.913089662790298E-01    0.699301883578300E-01
       0.329981781542301E-01   -0.683571323752403E-01    0.142336979508400E+00    0.938550010323524E-02    0.297810928896070E-02
       0.532285571098328E-01    0.191387236118317E+00    0.180249676108360E+00   -0.186955466866493E+00    0.260868892073631E-01
       0.219703689217567E+00    0.208722688257694E-01    0.984205603599548E-01    0.949543118476868E-01   -0.909854695200920E-01
       0.532771684229374E-01   -0.241445496678352E+00    0.342461876571178E-01   -0.903446320444345E-02    0.167021796107292E+00
       0.475003495812416E-01    0.459458827972412E+00   -0.504386015236378E-01   -0.224423930048943E+00   -0.525836125016212E-01
       0.133408218622208E+00   -0.246459506452084E-01    0.432739630341530E-01    0.181128263473511E+00   -0.106662094593048E+00
      -0.294591933488846E-01   -0.833240449428558E-01   -0.149451553821564E+00    0.168768957257271E+00   -0.314790792763233E-01
      -0.133876040577888E+00    0.215293578803539E-01    0.112730041146278E+00    0.558105520904064E-01    0.342714995145798E+00
      -0.226103991270065E+00   -0.260535217821598E-01    0.244495555758476E+00    0.803172886371613E-01   -0.960387736558914E-01
      -0.115037709474564E+00   -0.661215186119080E-01   -0.619283542037010E-01   -0.608739778399467E-01   -0.431000813841820E-01
       0.289289772510529E+00   -0.448894277215004E-01    0.322764098644257E+00    0.383938550949097E-01   -0.546133443713188E-01
       0.286997444927692E-01   -0.195500805974007E+00    0.181575700640678E+00   -0.172949761152267E+00   -0.153212249279022E-02
       0.951499715447426E-01   -0.187540739774704E+00    0.403823098167777E-02   -0.205210357904434E+00   -0.360830515623093E+00
       0.252366274595261E+00   -0.927219614386559E-01   -0.363594055175781E+00    0.256018400192261E+00   -0.125396624207497E+00
       0.390974208712578E-01    0.199389457702637E-01   -0.198064520955086E+00   -0.356132924556732E+00   -0.286086499691010E-01
       0.217447921633720E+00    0.991892814636230E-01   -0.621736720204353E-01    0.984290391206741E-01   -0.754592046141624E-01
      -0.561688840389252E-01    0.170121379196644E-01    0.149637116119266E-01   -0.276036441326141E+00    0.194057285785675E+00
      -0.100898407399654E+00    0.323835527524352E-02   -0.578409582376480E-01   -0.697619244456291E-01   -0.460344374179840E+00
       0.113622024655342E+00    0.200027376413345E+00   -0.180525198578835E+00   -0.151383265852928E+00   -0.178422212600708E+00
       0.184880301356316E+00    0.529545769095421E-01    0.261976778507233E+00   -0.185749307274818E+00   -0.174068585038185E+00
      -0.202003531157970E-01   -0.516524128615856E-01    0.741290971636772E-01   -0.512413866817951E-01    0.306493900716305E-01
       0.130112186074257E+00   -0.144028574228287E+00    0.533147528767586E-01    0.183986164629459E-01   -0.741803348064423E-01
       0.807900205254555E-01    0.149051681160927E+00    0.258041713386774E-01    0.158811986446381E+00   -0.991103872656822E-01
       0.191808059811592E+00    0.240121856331825E+00   -0.146650955080986E+00   -0.404250063002110E-01   -0.154210627079010E+00
      -0.354108437895775E-01   -0.760613679885864E-01   -0.174220860004425E+00   -0.212004289031029E+00    0.131754845380783E+00
      -0.280298069119453E-01   -0.636825561523438E-01    0.230804197490215E-01    0.172640055418015E+00    0.211969003081322E+00
       0.584578439593315E-01   -0.245476402342319E-01   -0.543167665600777E-01    0.265522561967373E-01    0.378487557172775E+00
      -0.268474258482456E-01   -0.104738347232342E+00    0.256436824798584E+00    0.174023825675249E-01   -0.123695626854897E+00
      -0.107654474675655E+00    0.315700955688953E-01    0.330120846629143E-01   -0.287772119045258E+00    0.237965434789658E-01
       0.180752351880074E+00   -0.783022586256266E-02    0.436491593718529E-01   -0.153887316584587E+00    0.174610689282417E+00
       0.141401335597038E+00    0.161973252892494E+00    0.904542356729507E-01    0.206860855221748E+00    0.775540173053741E-01
       0.128096893429756E+00    0.209355920553207E+00    0.951819568872452E-01   -0.137320324778557E+00    0.353739522397518E-01
      -0.348665446043015E+00    0.159475564956665E+00    0.120428375899792E+00   -0.816860049962997E-01    0.164824634790421E+00
      -0.935071036219597E-01    0.417009219527245E-01    0.661405250430107E-01   -0.194684445858002E+00    0.103854812681675E+00
      -0.693118423223495E-01   -0.101043790578842E+00    0.129829511046410E+00    0.639362037181854E-01    0.145539656281471E+00
       0.111041225492954E+00    0.990404859185219E-01    0.184633404016495E+00    0.102071158587933E+00    0.195684432983398E-01
       0.125955017283559E-01   -0.201135724782944E-01    0.129094785079360E-01   -0.257565557956696E+00   -0.135282278060913E+00
      -0.451850555837154E-01    0.419694520533085E-01   -0.158668875694275E+00   -0.144558817148209E+00   -0.910686478018761E-01
      -0.247121602296829E-02   -0.779700949788094E-01    0.250563696026802E-01   -0.177369475364685E+00   -0.502150468528271E-01
       0.203377872705460E+00   -0.505685154348612E-02   -0.136934369802475E+00   -0.106743521988392E+00   -0.106680281460285E+00
       0.731336697936058E-01   -0.815157815814018E-01    0.237872265279293E-01    0.199939057230949E+00   -0.166399836540222E+00
      -0.180842965841293E+00   -0.712642297148705E-01    0.113273032009602E+00   -0.154233247041702E+00   -0.165256708860397E-01
       0.109888292849064E+00    0.194411948323250E-01    0.537953414022923E-01    0.624272897839546E-01    0.801291540265083E-01
       0.427758917212486E-01    0.330512085929513E-02    0.180918965488672E-01    0.636387169361115E-01    0.169969007372856E+00
      -0.618047267198563E-01    0.250665903091431E+00   -0.225148648023605E-01   -0.462846010923386E-01   -0.167253032326698E+00
       0.498379915952682E-01   -0.212259009480476E+00    0.710717067122459E-01    0.949886143207550E-01    0.187351088970900E-01
      -0.806927960366011E-02   -0.644868835806847E-01    0.136396020650864E+00   -0.117287740111351E+00    0.122445076704025E+00
       0.891582369804382E-01    0.110744498670101E+00   -0.270572975277901E-01    0.712945312261581E-01   -0.233889259397984E-01
       0.416736125946045E+00   -0.279929667711258E+00   -0.820097848773003E-01   -0.525084435939789E-01   -0.212922438979149E+00
      -0.931370779871941E-01    0.116223916411400E+00    0.438969358801842E-01    0.253339380025864E+00    0.809122547507286E-01
       0.216914396733046E-01   -0.361404232680798E-01   -0.317386128008366E-01    0.150214433670044E+00    0.181432887911797E-01
       0.443997196853161E-01    0.103920146822929E+00   -0.756303966045380E-01   -0.173854798078537E+00   -0.732381865382195E-01
      -0.166156396269798E+00    0.117864817380905E+00   -0.261599630117416E+00   -0.192956104874611E-01    0.141045615077019E+00
       0.832030475139618E-01    0.626402273774147E-01   -0.151526167988777E+00    0.325821712613106E-01    0.119114808738232E+00
       0.201083749532700E+00   -0.212431848049164E+00   -0.190671712160110E+00    0.232945129275322E+00    0.168294250965118E+00
       0.899729952216148E-01   -0.177757337689400E+00    0.118721142411232E+00    0.733971968293190E-01   -0.101399585604668E+00
       0.253527946770191E-01    0.121113635599613E+00   -0.271319784224033E-01    0.152708560228348E+00    0.580568760633469E-01
      -0.902578160166740E-01   -0.110185733065009E-01   -0.700188875198364E-01    0.183897957205772E+00    0.316125512123108E+00
       0.309183597564697E-01    0.468924269080162E-01   -0.428164973855019E-01    0.397511199116707E-01    0.198205225169659E-01
       0.213545233011246E+00   -0.200914107263088E-01    0.205984771251678E+00    0.505845323204994E-01    0.189506858587265E+00
       0.346481293439865E+00   -0.151240661740303E+00   -0.421602837741375E-01    0.416318923234940E-01   -0.610837042331696E-01
       0.166318729519844E+00   -0.288380980491638E-01    0.141881376504898E+00    0.264824509620667E+00    0.103272169828415E+00
      -0.106559894979000E+00   -0.139146111905575E-02    0.110016822814941E+00   -0.143550485372543E+00   -0.573111101984978E-01
       0.882929190993309E-01    0.724882036447525E-01    0.101834334433079E+00   -0.640811845660210E-01   -0.177191838622093E+00
       0.132353782653809E+00   -0.583114996552467E-01   -0.201534211635590E+00   -0.944062918424606E-01    0.554917827248573E-01
      -0.137317538261414E+00    0.649563744664192E-01    0.186019152402878E+00   -0.330657809972763E-01   -0.346025340259075E-01
       0.764940902590752E-01   -0.574824865907431E-02   -0.768752545118332E-01   -0.352963209152222E-01    0.100757248699665E+00
      -0.117572292685509E+00    0.138993412256241E+00   -0.795244574546814E-01   -0.289308667182922E+00   -0.381696671247482E-01
      -0.112947836518288E+00   -0.648049265146255E-01    0.983600765466690E-01   -0.782200396060944E-01   -0.146766930818558E+00
       0.113285563886166E+00   -0.255772441625595E+00    0.156165793538094E+00    0.319795012474060E-01    0.166174247860909E-01
       0.940344296395779E-02   -0.931066423654556E-01    0.192988261580467E+00   -0.226845070719719E+00    0.790526717901230E-01
       0.172910280525684E-03   -0.198815494775772E+00   -0.218311809003353E-01    0.176028423011303E-01   -0.152245806530118E-01
      -0.597398281097412E-01    0.702126398682594E-01   -0.187591798603535E-01    0.898690801113844E-02    0.122648440301418E+00
       0.214673466980457E-01   -0.143950328230858E+00   -0.206910863518715E+00    0.212134003639221E+00   -0.482558161020279E-01
       0.210556685924530E+00    0.190198004245758E+00   -0.631328076124191E-01    0.442861057817936E-01    0.296941637992859E+00
      -0.846487656235695E-01   -0.117582872509956E+00   -0.817368030548096E-01   -0.179858297109604E+00   -0.173307225108147E+00
       0.191196963191032E+00   -0.228611692786217E+00   -0.523681566119194E-01   -0.454898066818714E-01   -0.836899429559708E-01
      -0.123587464913726E-01   -0.507333502173424E-01   -0.162945315241814E-01   -0.188990950584412E+00   -0.124650254845619E+00
       0.118187539279461E+00    0.547129064798355E-01   -0.248541340231895E+00   -0.107714207842946E-01    0.548939928412437E-01
       0.536053441464901E-01    0.192321494221687E+00   -0.709886699914932E-01   -0.172255933284760E-01    0.180647060275078E+00
      -0.150275006890297E+00   -0.586124956607819E-01    0.484048388898373E-01   -0.103395700454712E+00   -0.534209888428450E-02
      -0.562693178653717E-01   -0.999901071190834E-01    0.225522834807634E-01    0.129997089505196E+00   -0.128435954451561E+00
       0.741714984178543E-01   -0.799164623022079E-01   -0.771936699748039E-01    0.896759331226349E-01   -0.867562368512154E-01
      -0.214515328407288E-01    0.200919702649117E+00    0.552856698632240E-01    0.516088083386421E-01   -0.629397947341204E-02
      -0.141965255141258E+00   -0.111851826310158E+00    0.130691722035408E+00   -0.141367539763451E+00   -0.111405320465565E+00
       0.118377126753330E+00    0.137050658464432E+00    0.762997269630432E-01    0.157984882593155E+00   -0.144823014736176E+00
       0.133074158802629E-01   -0.893328413367271E-01    0.155760288238525E+00    0.916523635387421E-01   -0.121232867240906E+00
       0.848045721650124E-01   -0.776008367538452E-01   -0.704771503806114E-01    0.135346665978432E+00    0.239551998674870E-01
      -0.373150929808617E-01    0.138401210308075E+00    0.363677404820919E-01   -0.115641951560974E+00    0.101831868290901E+00
       0.100582033395767E+00   -0.302420556545258E-01    0.284958370029926E-01    0.169879868626595E+00    0.141572758555412E+00
      -0.304068252444267E-01    0.848411098122597E-01   -0.232382372021675E+00    0.281282305717468E+00   -0.445017628371716E-01
       0.665012449026108E-01    0.103637322783470E+00    0.468167327344418E-01    0.416970327496529E-01    0.105566062033176E+00
      -0.125529199838638E+00   -0.122677832841873E+00   -0.267242342233658E+00    0.461718291044235E-01   -0.389287732541561E-01
      -0.390540957450867E-01    0.206096284091473E-01   -0.845620259642601E-01   -0.158485546708107E+00    0.145898416638374E+00
      -0.201237022876740E+00    0.286815524101257E+00    0.275757163763046E+00   -0.370518211275339E-02    0.180141136050224E+00
       0.499049425125122E-01   -0.116736263036728E+00    0.909214466810226E-01   -0.114238910377026E+00    0.119750984013081E-01
       0.148410841822624E+00   -0.310349799692631E-01    0.590476766228676E-02    0.245618283748627E+00    0.190574914216995E+00
      -0.528291165828705E-01   -0.848886147141457E-01    0.140402540564537E+00   -0.430034026503563E-01   -0.389926880598068E-01
      -0.635941252112389E-01   -0.146139422431588E-01    0.648973956704140E-01    0.586562789976597E-01   -0.725194588303566E-01
      -0.608191341161728E-01    0.354056842625141E-01   -0.294497013092041E-01    0.144682973623276E+00    0.165738761425018E+00
      -0.875809490680695E-01   -0.431817546486855E-01   -0.247715860605240E-01   -0.201273456215858E+00    0.512982122600079E-01
      -0.165368199348450E+00   -0.175515152513981E-01   -0.372614488005638E-01    0.461062230169773E-01   -0.251773387193680E+00
       0.841775909066200E-01    0.128532266244292E-01   -0.673011243343353E-01    0.157256916165352E+00    0.541451536118984E-01
      -0.159502074122429E+00    0.118538610637188E+00   -0.125301852822304E+00   -0.107866592705250E+00    0.691695436835289E-01
       0.138107523322105E+00    0.170877382159233E+00    0.207645371556282E+00    0.302863359451294E+00    0.223257020115852E+00
      -0.122693121433258E+00   -0.734117552638054E-01   -0.794593896716833E-02   -0.114871129393578E+00    0.693026836961508E-02
      -0.152632340788841E+00    0.884497351944447E-02    0.988671854138374E-01   -0.545513704419136E-01   -0.661773141473532E-02
      -0.700332075357437E-01    0.910956412553787E-01    0.710605755448341E-01    0.164415821433067E+00   -0.131124287843704E+00
      -0.960072875022888E-01    0.965845435857773E-01    0.908190086483955E-01    0.266236573457718E+00   -0.131994700059295E-01
      -0.543859228491783E-01    0.647687241435051E-01    0.174637157469988E-01    0.351588949561119E-01   -0.328083485364914E-01
      -0.175387226045132E-02   -0.878205895423889E-01    0.139298990368843E+00    0.434293970465660E-01   -0.603795126080513E-01
      -0.105364829301834E+00    0.316543690860271E-01   -0.211164966225624E+00   -0.535500347614288E-01   -0.496326871216297E-01
       0.160605728626251E+00   -0.110579915344715E+00   -0.263074934482574E+00    0.998439043760300E-01   -0.157050155103207E-01
      -0.123788997530937E+00    0.202639400959015E+00   -0.381145216524601E-01   -0.186615541577339E+00   -0.158739089965820E+00
      -0.748918727040291E-01    0.162404835224152E+00    0.337636291980743E+00   -0.319136902689934E-01    0.147193104028702E+00
       0.179773747920990E+00    0.172789558768272E+00    0.113909788429737E+00   -0.149049937725067E+00    0.530167715623975E-02
      -0.396070212125778E+00    0.145657602697611E-01    0.462012812495232E-01   -0.153592070564628E-01    0.442521385848522E-01
       0.191828817129135E+00   -0.281643345952034E-01    0.266021043062210E+00   -0.309328466653824E+00    0.884941294789314E-01
       0.209608107805252E+00    0.916099250316620E-01    0.420618683099747E+00   -0.145175561308861E+00    0.330397821962833E-01
      -0.850466713309288E-01    0.578166507184505E-01   -0.162423178553581E-01   -0.253493398427963E+00   -0.167194269597530E-01
       0.395190268754959E+00   -0.741450563073158E-01    0.409993529319763E-01    0.486807823181152E-01   -0.182891041040421E+00
      -0.122472971677780E+00    0.850609242916107E-01   -0.184200242161751E+00    0.869204550981522E-01   -0.533367991447449E-01
      -0.200442597270012E+00    0.284841507673264E-01   -0.841816216707230E-01   -0.147738650441170E+00   -0.133251368999481E+00
       0.151066973805428E+00    0.154052637517452E-01    0.100699767470360E+00    0.406385883688927E-01   -0.851726625114679E-02
       0.215845182538033E-01    0.190509155392647E+00   -0.197446271777153E-01    0.129387304186821E+00   -0.584475472569466E-01
      -0.265069872140884E+00   -0.837227404117584E-01    0.299326591193676E-01    0.133083775639534E+00    0.963587611913681E-01
      -0.144722476601601E+00   -0.318477377295494E-01    0.153918027877808E+00    0.148512870073318E+00   -0.730878487229347E-01
      -0.119288787245750E+00    0.117054425179958E+00   -0.213661283254623E+00   -0.383582487702370E-01   -0.225835427641869E+00
       0.476861223578453E-01    0.170795813202858E+00   -0.251887775957584E-01    0.158482462167740E+00    0.800790712237358E-01
       0.172051250934601E+00   -0.135732814669609E+00    0.113218706101179E-01   -0.260351985692978E+00    0.144005671143532E+00
      -0.109188102185726E+00   -0.127744063735008E+00   -0.335858464241028E+00   -0.207721307873726E+00    0.227337986230850E+00
      -0.871961470693350E-02   -0.147099539637566E+00    0.345819778740406E-01    0.747034279629588E-02    0.513610281050205E-01
       0.963302776217461E-01    0.180205032229424E-01    0.419856309890747E-01    0.125235557556152E+00    0.161059319972992E+00
       0.635992735624313E-01    0.100550882518291E+00   -0.112099021673203E+00   -0.379900038242340E-01    0.709112957119942E-01
       0.669860020279884E-01   -0.805356353521347E-01    0.855616778135300E-01    0.252899676561356E-01    0.601448491215706E-01
      -0.583423003554344E-01    0.159796461462975E+00   -0.916971489787102E-01    0.283309698104858E+00   -0.101725652813911E+00
       0.795177742838860E-01    0.425453530624509E-02    0.232927910983562E-01    0.171463340520859E+00   -0.137366959825158E-01
      -0.559661686420441E-01    0.383025296032429E-01   -0.228149108588696E-01   -0.174362249672413E-01    0.154696255922318E+00
      -0.368700809776783E-01   -0.105868384242058E+00   -0.289345979690552E+00   -0.187346637248993E+00   -0.213426232337952E+00
      -0.177706971764565E+00    0.143742766231298E-01    0.864433869719505E-01    0.108176805078983E+00    0.140727944672108E-01
       0.657162293791771E-01    0.144319653511047E+00    0.146947890520096E+00    0.820662081241608E-01    0.648506730794907E-02
       0.681571587920189E-01   -0.941654574126005E-02    0.934485066682100E-02   -0.269481390714645E+00    0.205438822507858E+00
      -0.190250538289547E-01   -0.122792363166809E+00    0.823654010891914E-01   -0.967039763927460E-01    0.941156372427940E-01
       0.112044647336006E+00    0.265807695686817E-01   -0.122116312384605E+00   -0.250790446996689E+00   -0.786605477333069E-01
       0.216271251440048E+00    0.308617353439331E+00    0.248728189617395E-01    0.508763641119003E-01    0.110595367848873E+00
      -0.281676799058914E+00   -0.274081304669380E-01   -0.633636713027954E-01    0.916796997189522E-01    0.164219319820404E+00
      -0.650653764605522E-01    0.136042222380638E+00   -0.140812443569303E-01    0.448411740362644E-01    0.188500791788101E+00
       0.228184729814529E+00   -0.671423375606537E-01   -0.322002947330475E+00    0.169117197394371E+00    0.304799787700176E-01
       0.120357416570187E+00   -0.135218963027000E+00   -0.222929939627647E-01   -0.349275115877390E-02    0.113034015521407E-01
      -0.254358425736427E-01    0.377016246318817E+00   -0.289710238575935E-01    0.191186562180519E+00   -0.234227612614632E+00
      -0.530731603503227E-01    0.221238937228918E-02   -0.771389827132225E-01    0.774212479591370E-01    0.207626700401306E+00
       0.145133942365646E+00    0.216883271932602E-01    0.121581498533487E-01    0.195158086717129E-01   -0.907625537365675E-02
       0.399791337549686E-01    0.196180894970894E+00    0.155615046620369E+00    0.141468510031700E+00    0.220915433019400E-01
       0.113835774362087E+00    0.103616025298834E-01   -0.147651746869087E+00   -0.974748581647873E-01   -0.792219042778015E-01
      -0.623017698526382E-01    0.884688347578049E-01    0.203456729650497E+00   -0.136498019099236E+00   -0.127571463584900E+00
       0.250180840492249E+00    0.525513179600239E-01    0.925272107124329E-01    0.962259769439697E-01    0.907529219985008E-01
       0.594705156981945E-01   -0.287866085767746E+00   -0.690149739384651E-01   -0.449726842343807E-01    0.103650456294417E-01
       0.317695558071136E+00   -0.210931003093719E-01    0.919412150979042E-01    0.200718179345131E+00   -0.136177539825439E+00
       0.391789041459560E-01    0.717195570468903E-01   -0.196824759244919E+00   -0.214593872427940E+00   -0.167767703533173E-02
       0.181774139404297E+00    0.442586503922939E-01   -0.246806129813194E+00    0.555932372808456E-01   -0.152523547410965E+00
       0.218422979116440E+00   -0.582389831542969E-01    0.864129438996315E-01   -0.132072225213051E+00    0.208800256252289E+00
      -0.110529787838459E+00    0.151702165603638E+00   -0.229372113943100E+00   -0.257071971893311E+00   -0.227685317397118E+00
       0.819940790534019E-01   -0.161038860678673E-01   -0.126815259456635E+00    0.237682640552521E+00   -0.187405332922935E+00
       0.361681506037712E-01    0.721666365861893E-01    0.758430138230324E-01    0.497488863766193E-01   -0.100605666637421E+00
       0.106991417706013E+00    0.155567917972803E-01    0.132635578513145E+00    0.138708710670471E+00   -0.152108505368233E+00
      -0.225099697709084E-01    0.574520789086819E-03   -0.816290155053139E-01    0.116022773087025E+00    0.293661430478096E-01
       0.163640394806862E+00   -0.407893210649490E-01   -0.629723295569420E-01   -0.153438746929169E+00   -0.602711290121078E-01
      -0.385015606880188E+00   -0.150984942913055E+00    0.199716258794069E-02   -0.218132674694061E+00   -0.690713077783585E-01
       0.272757075726986E-01    0.193878576159477E+00   -0.135161638259888E+00    0.500502772629261E-01    0.330200716853142E-01
      -0.943790003657341E-01    0.115419462323189E+00   -0.104787528514862E+00   -0.328754037618637E+00    0.193632856011391E+00
       0.182704135775566E+00   -0.208611935377121E-01    0.356072872877121E+00   -0.218868598341942E+00   -0.111391833052039E-01
       0.252405375242233E+00    0.857097208499908E-01    0.128191597759724E-01   -0.195436120033264E+00   -0.105720572173595E+00
      -0.644646733999252E-01    0.135110974311829E+00    0.141232177615166E+00    0.176359459757805E+00    0.341068096458912E-01
       0.142114460468292E+00   -0.282129377126694E+00    0.121428258717060E-02    0.113262623548508E+00    0.167387098073959E+00
      -0.315088368952274E-01   -0.159570164978504E-01    0.471378527581692E-01   -0.118156284093857E+00   -0.166514456272125E+00
      -0.121281996369362E+00    0.179799884557724E+00   -0.708777830004692E-01    0.142890587449074E-01   -0.656353160738945E-01
       0.137672588229179E+00    0.181146971881390E-01   -0.636801961809397E-02    0.999491587281227E-01    0.113668754696846E+00
       0.338318832218647E-01    0.157264135777950E-01   -0.880011841654778E-01    0.185666397213936E+00   -0.925466641783714E-01
      -0.993003398180008E-01    0.126339361071587E+00    0.458676777780056E-01    0.405894918367267E-02   -0.116739841178060E-01
       0.710465535521507E-01   -0.171572327613831E+00    0.171395540237427E-01   -0.241660758852959E+00   -0.298477977514267E+00
       0.715670436620712E-01   -0.904505923390388E-01    0.224313601851463E+00    0.925134122371674E-01    0.300449460744858E+00
       0.204643294215202E+00   -0.818677172064781E-01    0.187818199396133E+00    0.126708939671516E+00   -0.145711684599519E-01
      -0.902661681175232E-01    0.213216140866280E+00   -0.122443541884422E+00    0.188877433538437E+00   -0.589468795806170E-02
       0.469810590147972E-01   -0.103915937244892E+00    0.807942748069763E-01    0.750995948910713E-01    0.215293858200312E-01
      -0.195138856768608E+00    0.166806966066360E+00   -0.807188898324966E-01    0.199055358767509E+00    0.279449187219143E-01
      -0.570965036749840E-01   -0.413115415722132E-02    0.211334392428398E+00    0.104102522134781E+00    0.164620861411095E+00
      -0.121332118287683E-01   -0.114475384354591E+00    0.391169637441635E-01    0.749543607234955E-01    0.195406395941973E-01
       0.432709529995918E-01    0.283201783895493E-01    0.802528709173203E-01    0.691784098744392E-01    0.193725973367691E+00
      -0.651603937149048E-01   -0.178320288658142E+00   -0.252271682024002E+00   -0.105730034410954E+00    0.176803007721901E+00
      -0.124843986704946E-01    0.231276109814644E+00   -0.996429566293955E-02   -0.244194462895393E+00   -0.137199744582176E+00
       0.130061537027359E+00   -0.179994665086269E-01    0.704988166689873E-01   -0.130904927849770E+00    0.253544777631760E+00
      -0.754554793238640E-01    0.944801196455956E-01    0.621152631938457E-01   -0.471197068691254E-03    0.107344664633274E+00
       0.105844708159566E-01   -0.165336549282074E+00    0.247574582695961E+00    0.338740423321724E-01    0.673893690109253E-01
       0.776916891336441E-01   -0.173159241676331E+00   -0.128241822123528E+00   -0.786897391080856E-01   -0.484322533011436E-01
       0.100614331662655E+00   -0.414548162370920E-02    0.100489370524883E-01   -0.886415168642998E-01   -0.175432369112968E+00
      -0.170025721192360E+00   -0.175067469477654E+00    0.166317299008369E+00    0.485153570771217E-01   -0.895870700478554E-01
      -0.529482662677765E-01   -0.105662971735001E+00    0.222634136676788E+00    0.154689833521843E+00    0.303552523255348E-01
       0.766741335391998E-01   -0.369248211383820E+00   -0.248931162059307E-02    0.215659782290459E+00   -0.163375049829483E+00
       0.273802764713764E-01    0.286094069480896E+00    0.102151401340961E+00    0.266983002424240E+00    0.189237311482430E+00
       0.196195378899574E+00    0.153489187359810E+00    0.987879857420921E-01    0.336214840412140E+00    0.190883412957191E+00
       0.572831854224205E-01    0.745475366711617E-01   -0.733368247747421E-01    0.220700100064278E+00    0.223359107971191E+00
       0.162029527127743E-01    0.298068560659885E-01    0.412415303289890E-01    0.118790343403816E+00   -0.243808366358280E-01
      -0.239598885178566E+00    0.876209959387779E-01    0.930002108216286E-01    0.137424506247044E-01   -0.985199883580208E-01
      -0.553285926580429E-01   -0.203627899289131E+00    0.516346050426364E-02    0.360566638410091E-01    0.168528184294701E+00
      -0.788085255771875E-02   -0.595446154475212E-01   -0.441165901720524E-01   -0.220480710268021E-01    0.254841178655624E+00
      -0.880838409066200E-01    0.133973985910416E+00    0.435274839401245E-01    0.275121033191681E-01    0.773765146732330E-01
      -0.150556161999702E+00    0.113534048199654E+00   -0.775620490312576E-01   -0.110203018411994E-01    0.151655808091164E+00
      -0.227699577808380E+00   -0.222942344844341E-01   -0.212346374988556E+00    0.133163914084435E+00    0.128863975405693E+00
       0.205852344632149E+00    0.159595962613821E-01    0.105187714099884E+00   -0.890111848711967E-01    0.337845653295517E+00
      -0.531965121626854E-01    0.221406891942024E+00   -0.512499138712883E-01    0.913214236497879E-01    0.169787891209126E-01
       0.207215026021004E+00   -0.134555518627167E+00    0.175089210271835E+00    0.110636532306671E+00    0.883493945002556E-01
       0.183057546615601E+00    0.579666979610920E-01   -0.494483001530170E-01   -0.275138057768345E-01   -0.120627567172050E+00
      -0.153504580259323E+00    0.306749820709229E+00   -0.460114553570747E-01    0.699121654033661E-01    0.303749561309814E+00
       0.163233801722527E+00   -0.113039940595627E+00    0.107082232832909E+00    0.990161374211311E-01   -0.925451666116714E-01
      -0.177442565560341E+00    0.329413451254368E-01   -0.236870646476746E-01   -0.211997359991074E+00   -0.702984035015106E-01
       0.103353343904018E+00    0.238438528031111E-01    0.154380053281784E+00   -0.617104321718216E-01    0.105009190738201E+00
      -0.126614451408386E+00    0.365910790860653E-01    0.192417532205582E+00    0.448254495859146E-01   -0.877336785197258E-01
      -0.100558055564761E-01   -0.174668617546558E-01    0.141166225075722E+00    0.356356501579285E+00    0.583545975387096E-01
       0.157463535666466E+00   -0.162168636918068E+00   -0.151565924286842E+00    0.324271261692047E+00   -0.286125063896179E+00
      -0.108072876930237E+00   -0.230095595121384E+00    0.233924031257629E+00   -0.127199262380600E+00    0.111386328935623E+00
       0.109378285706043E+00   -0.138559430837631E+00    0.289947837591171E+00   -0.211668580770493E+00   -0.927500426769257E-01
      -0.715308934450150E-01    0.177068367600441E+00   -0.725481007248163E-02    0.606002584099770E-01   -0.105321690440178E+00
      -0.966325029730797E-01   -0.509273782372475E-01   -0.898190885782242E-01    0.185020655393600E+00   -0.615338087081909E-01
      -0.373601242899895E-01    0.187238812446594E+00    0.118259061127901E-01   -0.348697640001774E-01    0.112443096935749E+00
      -0.114910721778870E+00   -0.600039288401604E-01   -0.984707921743393E-01    0.171353116631508E+00   -0.960240736603737E-01
      -0.846667140722275E-01   -0.603270977735519E-01   -0.180574059486389E+00   -0.190388768911362E+00    0.652158856391907E-01
       0.733089745044708E-01    0.118223346769810E+00    0.124831788241863E+00    0.310964733362198E+00   -0.941260233521461E-01
      -0.149741917848587E+00    0.843732729554176E-01   -0.501962341368198E-01    0.382941998541355E-01   -0.468134991824627E-01
       0.188536450266838E+00    0.120800241827965E+00   -0.210990697145462E+00   -0.301000848412514E-01    0.634659752249718E-01
       0.101026006042957E+00   -0.764296576380730E-01   -0.105422779917717E+00    0.335958898067474E+00    0.197430610656738E+00
       0.117671713232994E+00   -0.269843518733978E+00   -0.127471551299095E+00    0.190784223377705E-01   -0.163325574249029E-02
       0.155626699328423E+00   -0.217098236083984E+00   -0.178704738616943E+00    0.561245828866959E-01   -0.231263507157564E-02
       0.107840321958065E+00   -0.149976490065455E-01   -0.399666391313076E-01    0.116628855466843E+00   -0.579301565885544E-01
      -0.771100223064423E-01    0.165051341056824E+00    0.211744308471680E-01    0.106719695031643E-01    0.233913198113441E+00
       0.957732349634171E-01    0.167020171880722E+00    0.170688062906265E+00   -0.770284608006477E-01   -0.138928905129433E+00
       0.588404871523380E-01    0.288912840187550E-01   -0.586210843175650E-02    0.136409625411034E+00   -0.999970510601997E-01
       0.847989767789841E-01    0.831476002931595E-01    0.137192830443382E+00    0.151007976382971E-01   -0.803867056965828E-01
       0.750088319182396E-01   -0.519739799201488E-01   -0.178955569863319E-01    0.486390739679337E-01    0.621539447456598E-02
      -0.101685754954815E+00   -0.859448760747910E-01    0.714479535818100E-01   -0.289982438087463E+00    0.100236520171165E+00
      -0.116422101855278E+00   -0.870610121637583E-02   -0.240680620074272E+00    0.338856875896454E+00    0.201482996344566E+00
       0.168069437146187E+00    0.106368727982044E+00   -0.196795314550400E+00    0.968476086854935E-01    0.359019683673978E-02
      -0.613815635442734E-01    0.898600295186043E-01    0.692450031638145E-01    0.744303241372108E-01   -0.856999903917313E-01
       0.783747211098671E-01    0.255154557526112E-01    0.315738804638386E-01   -0.148169964551926E+00    0.189712077379227E+00
       0.964143201708794E-01   -0.111657783389091E+00   -0.167109653353691E+00   -0.912668257951736E-01    0.200618669390678E+00
      -0.140856489539146E+00   -0.600889399647713E-01    0.380736887454987E-01   -0.236308611929417E-01   -0.203115604817867E-01
       0.264997154474258E+00    0.141507789492607E+00   -0.225520506501198E-01   -0.249375864863396E+00    0.363457724452019E-01
      -0.853380858898163E-01   -0.189635425806046E+00    0.210062369704247E+00   -0.120681315660477E+00   -0.154162496328354E+00
      -0.114665508270264E+00   -0.386301539838314E-01    0.516620613634586E-01    0.108917862176895E+00   -0.189585104584694E+00
       0.618988648056984E-01    0.103163070976734E+00    0.164159625768661E+00    0.827784761786461E-01    0.109728328883648E+00
      -0.145888356491923E-01   -0.102230086922646E+00   -0.509343557059765E-01    0.112679980695248E+00    0.608341488987207E-02
       0.152381598949432E+00   -0.118604972958565E+00   -0.151850925758481E-01    0.510723292827606E-01   -0.438552908599377E-02
      -0.109139032661915E+00   -0.588595420122147E-01   -0.104655340313911E+00   -0.214234083890915E+00    0.371557213366032E-01
       0.118447594344616E+00   -0.223097912967205E-01   -0.119405359029770E+00   -0.484191887080669E-01    0.366682410240173E-01
       0.244384855031967E-01    0.584794627502561E-02   -0.415973365306854E-03   -0.100980550050735E+00    0.172254964709282E+00
       0.269837915897369E+00    0.694870874285698E-01   -0.196528792381287E+00    0.191499680280685E+00    0.139363437891006E+00
      -0.748027637600899E-01   -0.202661931514740E+00   -0.295742116868496E-01   -0.664573535323143E-01    0.457609146833420E-01
       0.324994996190071E-01   -0.209734156727791E+00    0.893024206161499E-01   -0.595321431756020E-01    0.231509953737259E-01
       0.843982677906752E-02    0.218285724520683E+00    0.700074210762978E-01    0.117022981867194E-01    0.969190150499344E-02
       0.298421494662762E-01   -0.513284467160702E-03   -0.164768472313881E-02   -0.111349606886506E-01    0.505124479532242E-01
      -0.316200584173203E+00    0.479591041803360E-01   -0.125535726547241E+00    0.236387386918068E+00   -0.197638213634491E+00
       0.819055959582329E-01    0.692066252231598E-01    0.148966521024704E+00    0.119174726307392E+00   -0.681679695844650E-01
      -0.167784765362740E+00    0.147803187370300E+00   -0.128342553973198E+00   -0.857206881046295E-01    0.211416572332382E+00
      -0.374476239085197E-01   -0.187226787209511E+00    0.177456382662058E-01    0.308724977076054E-01   -0.789555236697197E-01
      -0.202198624610901E-01   -0.112561382353306E+00    0.239877030253410E-01   -0.803114920854568E-01    0.619350746273994E-02
       0.176783248782158E+00   -0.404316298663616E-01    0.662522995844483E-02   -0.745188910514116E-02   -0.742826610803604E-01
      -0.161267966032028E+00   -0.885678976774216E-01   -0.975262820720673E-01    0.778198391199112E-01   -0.271563082933426E+00
      -0.238742202520370E+00   -0.177738294005394E+00    0.279227793216705E-01    0.663519427180290E-01    0.512661300599575E-01
       0.231705978512764E-01    0.309504896402359E+00    0.100539922714233E+00    0.227569900453091E-01   -0.701607167720795E-01
       0.943835154175758E-01    0.283503562211990E+00    0.238127484917641E+00    0.824013259261847E-02    0.638239756226540E-01
      -0.869976133108139E-01   -0.241299942135811E-01   -0.543834865093231E-01    0.797559395432472E-01    0.192082852125168E+00
       0.529851950705051E-01    0.165931701660156E+00    0.447237417101860E-01   -0.888975244015455E-02   -0.962447896599770E-01
       0.116804994642735E+00    0.193610593676567E+00    0.301280051469803E+00   -0.110813016071916E-01    0.965439528226852E-01
       0.170463427901268E+00    0.107861749827862E+00   -0.604302510619164E-01   -0.120663672685623E+00    0.891185253858566E-01
       0.201703175902367E+00   -0.110648043453693E+00    0.165810644626617E+00   -0.388820208609104E-01    0.180489465594292E+00
      -0.257528364658356E+00   -0.250024683773518E-01    0.115596741437912E+00   -0.210523884743452E-02    0.331016667187214E-01
       0.187368735671043E+00    0.812940392643213E-02    0.825867429375648E-01    0.596546232700348E-01   -0.909691005945206E-01
       0.556425154209137E-01   -0.773602202534676E-01   -0.476147513836622E-02   -0.223722085356712E-01    0.339850112795830E-01
      -0.106854975223541E+00    0.118950136005878E+00   -0.134238898754120E+00   -0.108270220458508E+00    0.329156070947647E+00
       0.209016855806112E-01   -0.685920715332031E-01    0.381566211581230E-01    0.886066183447838E-01    0.255028754472733E+00
       0.896746143698692E-01   -0.198879092931747E-01   -0.237047672271729E-02   -0.196211606264114E+00    0.103272497653961E-03
      -0.693675130605698E-03   -0.338438786566257E-01   -0.107266433537006E+00   -0.713488608598709E-01   -0.181320086121559E-01
       0.244061462581158E-01   -0.486645549535751E-01    0.669367015361786E-01    0.229614116251469E-01    0.164489261806011E-02
      -0.138448819518089E+00   -0.719913244247437E-01   -0.384355723857880E+00   -0.160484462976456E-01    0.174051031470299E+00
       0.987460687756538E-01   -0.235689394176006E-01    0.106984347105026E+00   -0.351537093520164E-01   -0.516436025500298E-01
       0.158867374062538E+00    0.775777688249946E-02    0.492311082780361E-01   -0.110605731606483E+00   -0.109505496919155E+00
       0.372919142246246E-01    0.749125778675079E-01    0.145387023687363E+00    0.193780183792114E+00    0.583267025649548E-01
      -0.257129490375519E+00    0.156777389347553E-01    0.971998572349548E-01    0.131320059299469E+00    0.132491409778595E+00
       0.308304190635681E+00    0.186793386936188E+00   -0.194913707673550E-01    0.149170681834221E+00   -0.231924094259739E-01
       0.141027361154556E+00    0.724073499441147E-01    0.301208831369877E-01    0.108217321336269E+00   -0.112716369330883E+00
      -0.574933961033821E-01   -0.102365789934993E-01    0.320069998502731E+00   -0.120273381471634E+00   -0.223584875464439E+00
      -0.144313782453537E+00   -0.842238739132881E-01    0.550474897027016E-01    0.196792408823967E+00    0.256129115819931E+00
       0.242554824799299E-01   -0.489457584917545E-01   -0.173229157924652E+00    0.861660987138748E-01    0.113659717142582E+00
      -0.144921764731407E+00    0.327429145574570E+00   -0.298695892095566E+00    0.876662880182266E-01    0.215027764439583E+00
       0.201280247420073E-01    0.143814340233803E+00    0.154919344931841E-01   -0.119599819183350E+00   -0.432130768895149E-01
      -0.167536824941635E+00   -0.751709863543510E-01   -0.736093595623970E-01    0.230965577065945E-01   -0.154121071100235E+00
      -0.476833023130894E-01   -0.157803222537041E+00    0.382329560816288E-01    0.586581863462925E-01   -0.872291699051857E-01
       0.159962952136993E+00    0.230506479740143E+00   -0.102176435291767E+00   -0.108160965144634E+00   -0.464551150798798E-01
       0.753907933831215E-01    0.375810861587524E+00    0.609255395829678E-01    0.311580710113049E-01    0.256783723831177E+00
       0.269744880497456E-01   -0.318659767508507E-01   -0.429903063923120E-02    0.184180617332458E+00    0.710194706916809E-01
      -0.423898212611675E-01    0.314942687749863E+00    0.636521056294441E-01    0.200984224677086E+00   -0.255619287490845E-01
       0.912626385688782E-01   -0.358823388814926E-01    0.108156472444534E+00    0.468029752373695E-01   -0.352211557328701E-01
       0.997481495141983E-01   -0.698274597525597E-01   -0.129882842302322E+00    0.387176796793938E-01    0.315270990133286E+00
      -0.139197945594788E+00    0.244040459394455E+00    0.915109291672707E-01   -0.156127870082855E+00    0.130468204617500E+00
      -0.319374278187752E-01   -0.977392960339785E-02    0.962350443005562E-01   -0.508150085806847E-01    0.163967907428741E-02
       0.399743281304836E-01   -0.384011007845402E-01   -0.545948371291161E-01    0.777059793472290E-01   -0.144079089164734E+00
       0.196803793311119E+00   -0.719522312283516E-01    0.183440987020731E-01    0.501723624765873E-01    0.155207335948944E+00
       0.104140698909760E+00   -0.117525875568390E+00    0.232206657528877E+00   -0.202478229999542E+00   -0.776152163743973E-01
       0.820850580930710E-01    0.675437226891518E-01    0.136831417679787E+00   -0.820693597197533E-01   -0.165387734770775E+00
       0.939486697316170E-01    0.583615340292454E-01    0.516105964779854E-01   -0.520917512476444E-01    0.212641850113869E+00
      -0.173589527606964E+00    0.544984973967075E-01   -0.100903222337365E-01   -0.127287402749062E+00    0.415892988443375E+00
      -0.227265894412994E+00   -0.103178612887859E+00   -0.103787733241916E-01   -0.874109845608473E-02   -0.107117136940360E-01
      -0.177319899201393E+00    0.116806849837303E-01    0.842319130897522E-01   -0.353594906628132E-01    0.145495876669884E+00
       0.159382000565529E+00   -0.159230530261993E-01   -0.153422534465790E+00   -0.154709070920944E+00   -0.454622581601143E-01
      -0.143358170986176E+00   -0.998963862657547E-01   -0.420346669852734E-01   -0.433059073984623E-01   -0.143401354551315E+00
       0.744445994496346E-02   -0.129707023501396E+00    0.161656886339188E+00   -0.102099061012268E+00   -0.202932320535183E-01
       0.214143902063370E+00    0.236376076936722E-01    0.651821121573448E-01    0.231917008757591E+00   -0.684509053826332E-01
      -0.714376661926508E-02    0.121684662997723E+00   -0.359071567654610E-01   -0.635218899697065E-02   -0.816987231373787E-01
       0.211297124624252E+00    0.170193582773209E+00   -0.107428766787052E+00   -0.204138413071632E+00    0.607372336089611E-01
      -0.112493649125099E+00   -0.818365216255188E-01    0.125258043408394E-01    0.778255760669708E-01   -0.270797848701477E+00
       0.178376883268356E+00   -0.296929776668549E+00    0.649444386363029E-01    0.103557765483856E+00    0.221507966518402E+00
       0.450459197163582E-01   -0.123392269015312E+00    0.140880718827248E+00    0.375326015055180E-01    0.191931128501892E+00
       0.644215568900108E-01    0.380267761647701E-02    0.258052395656705E-02   -0.932817012071609E-01    0.237626671791077E+00
      -0.536196008324623E-01    0.783050581812859E-01    0.430570766329765E-01   -0.227172836661339E+00    0.312183946371078E+00
      -0.556993950158358E-02   -0.974235162138939E-01    0.638425648212433E-01   -0.215840153396130E-02    0.156785443425179E+00
      -0.129743730649352E-01   -0.108649484813213E+00    0.219470366835594E+00    0.436648130416870E-01    0.211973860859871E+00
      -0.416944883763790E-01    0.224237795919180E-02   -0.500958152115345E-01   -0.310626998543739E-01    0.104161456227303E+00
      -0.553295165300369E-01    0.947004780173302E-01    0.180578380823135E+00   -0.161608457565308E+00   -0.434257928282022E-02
       0.352808117866516E+00   -0.120695337653160E+00   -0.176801592111588E+00   -0.482720229774714E-02    0.607760697603226E-01
      -0.284337460994720E+00    0.102165780961514E+00    0.532984584569931E-01   -0.188707292079926E+00    0.785936862230301E-01
       0.269878298044205E+00    0.947813503444195E-02   -0.113520668819547E-01    0.166663564741611E-01    0.175312578678131E+00
      -0.740316212177277E-01    0.381493382155895E-01    0.394388623535633E-01    0.251857072114944E+00    0.419014878571033E-01
       0.791294574737549E-01   -0.211458563804626E+00   -0.300081878900528E+00   -0.221752211451530E+00   -0.178237497806549E+00
      -0.938285440206528E-01    0.136791029945016E-01   -0.936250835657120E-01   -0.722133219242096E-01    0.231730118393898E+00
       0.365769909694791E-02    0.611851066350937E-01    0.144697710871696E+00   -0.639459118247032E-01   -0.300620682537556E-01
       0.597474165260792E-01   -0.297872349619865E-01    0.116973761469126E-01   -0.740954801440239E-01    0.238348729908466E-01
      -0.536784976720810E-01    0.136783227324486E+00    0.888866558670998E-01    0.254161190241575E-01   -0.127469161525369E-01
      -0.319031886756420E-01    0.226971298456192E+00    0.294434756040573E+00   -0.177597537636757E+00    0.409105300903320E+00
      -0.107427462935448E+00    0.220454074442387E-01   -0.113670289516449E+00   -0.427963472902775E-01   -0.615769550204277E-01
      -0.127094343304634E+00    0.174047008156776E+00    0.142541319131851E+00   -0.251206941902637E-02    0.148741796612740E+00
      -0.516045838594437E-01    0.154213592410088E+00   -0.210795216262341E-01   -0.747520029544830E-01    0.666613355278969E-01
      -0.879626646637917E-01   -0.125081330537796E+00   -0.116263508796692E+00    0.210434600710869E+00   -0.562055483460426E-01
       0.211907863616943E+00   -0.942459776997566E-01    0.502532683312893E-01   -0.262357026338577E+00   -0.367519818246365E-01
       0.113027669489384E+00    0.147564694285393E+00   -0.747234653681517E-02   -0.889296531677246E-01    0.389921441674232E-01
      -0.838719829916954E-01    0.216517373919487E+00    0.498671941459179E-01   -0.819919705390930E-01   -0.270195826888084E-01
      -0.151546746492386E+00    0.111225418746471E+00    0.636667832732201E-01   -0.476411096751690E-01    0.135329142212868E+00
       0.148274734616280E+00    0.101981513202190E+00    0.426178038120270E+00    0.307290218770504E-01   -0.531487166881561E-01
       0.378883928060532E-01    0.119527548551559E+00    0.462676733732224E-01   -0.220330208539963E-01    0.109535343945026E+00
       0.468782708048820E-01    0.531833944842219E-02    0.655818134546280E-01    0.137886870652437E-01    0.874484702944756E-01
      -0.892219990491867E-01   -0.550878643989563E-01    0.130161404609680E+00    0.106983594596386E+00   -0.195138417184353E-01
      -0.957694873213768E-01   -0.575734898447990E-01    0.151492673903704E-01   -0.532835945487022E-01    0.732377767562866E-01
      -0.124103575944901E+00   -0.158972859382629E+00   -0.169999346137047E+00   -0.310313031077385E-01   -0.376843921840191E-01
      -0.177298150956631E-01    0.173073098063469E+00    0.128926694393158E+00    0.170288369059563E+00    0.134143590927124E+00
       0.181935504078865E+00   -0.822193920612335E-01    0.127731263637543E+00   -0.658761933445930E-01    0.123476505279541E+00
       0.842751003801823E-02   -0.809952467679977E-01    0.842894837260246E-01    0.441409274935722E-01   -0.998147651553154E-01
      -0.713903233408928E-01   -0.258991450071335E+00   -0.260046683251858E-01    0.437540970742702E-01    0.168374240398407E+00
       0.229546979069710E+00   -0.132927577942610E-02   -0.150783702731133E+00   -0.121000379323959E+00   -0.741323828697205E-01
      -0.859818700700998E-02    0.688924314454198E-02   -0.176528289914131E+00    0.627009347081184E-01   -0.118659650906920E-01
       0.169348925352097E+00   -0.101356841623783E+00   -0.245278373360634E+00   -0.759667903184891E-01    0.325146585702896E+00
      -0.101738594472408E+00    0.159926414489746E+00    0.156265258789062E+00    0.502944998443127E-01    0.184891689568758E-01
       0.600887574255466E-01    0.178102195262909E+00    0.393825396895409E-01   -0.161001339554787E+00   -0.911974627524614E-02
       0.225800111889839E+00    0.207032367587090E+00   -0.965148434042931E-01   -0.364666581153870E-01    0.275710923597217E-02
      -0.110130593180656E+00    0.165972337126732E+00   -0.164349287748337E+00    0.252794623374939E+00    0.139892607927322E+00
      -0.146272674202919E+00   -0.937241837382317E-01    0.917864516377449E-01   -0.667258948087692E-01   -0.175303772091866E+00
      -0.491689592599869E-01    0.255910217761993E+00   -0.107734985649586E+00    0.262879580259323E-01    0.107961304485798E+00
      -0.151063486933708E+00    0.238067507743835E-01    0.406035482883453E+00    0.206267908215523E+00    0.274535953998566E+00
      -0.149137780070305E+00    0.488218944519758E-02   -0.170147702097893E+00   -0.789477527141571E-01   -0.259567350149155E-01
      -0.186931014060974E+00   -0.173629224300385E+00   -0.170498155057430E-01    0.148279130458832E+00    0.218023553490639E+00
      -0.175125375390053E+00   -0.145947128534317E+00   -0.144265694543719E-01   -0.107051797211170E+00   -0.943428725004196E-01
      -0.965964421629906E-01   -0.586132239550352E-02    0.786905959248543E-01   -0.247298911213875E+00    0.344666726887226E-01
      -0.108112223446369E+00    0.593737661838531E-01    0.201082825660706E+00   -0.131495252251625E+00   -0.731438621878624E-01
      -0.190751731395721E+00    0.166773632168770E+00   -0.113729253411293E+00   -0.136288935318589E-01    0.240449830889702E+00
      -0.379634387791157E-01   -0.180853292346001E+00   -0.735094547271729E-01    0.142931997776031E+00   -0.131863668560982E+00
   Bias in Layer   4
      -0.340885818004608E+00
   Weight in Layer   4
      -0.385404080152512E+00   -0.279340565204620E+00   -0.105950906872749E+00    0.217843472957611E+00   -0.673039495944977E+00
       0.529189944267273E+00    0.232014022767544E-01   -0.238148532807827E-01   -0.673288345336914E+00    0.235182091593742E+00
       0.609439373016357E+00    0.258032202720642E+00   -0.121753978729248E+01    0.291674792766571E+00   -0.555642843246460E+00
       0.259922593832016E+00   -0.345202535390854E+00   -0.410052508115768E+00    0.398875534534454E+00    0.430393338203430E+00
      -0.601336061954498E+00   -0.861582577228546E+00    0.630673825740814E+00   -0.364160805940628E+00   -0.630002081394196E+00
      -0.548344135284424E+00   -0.665805637836456E+00    0.811078011989594E+00    0.472035229206085E+00   -0.780507802963257E+00
      -0.402673602104187E+00    0.593575000762939E+00    0.453623503446579E+00    0.482668638229370E+00   -0.316509485244751E+00
       0.680348157882690E+00   -0.182159990072250E+00   -0.105838096141815E+01   -0.629970312118530E+00    0.426012039184570E+00
      -0.285642355680466E+00    0.833895564079285E+00    0.362324059009552E+00    0.541576981544495E+00    0.361622214317322E+00
      -0.552721440792084E+00    0.153129950165749E+00    0.153488174080849E+00
