
Global Neural Network Potential For LASP
Reference    : www.lasphub.com
Note         : 
Species      : 
Version      : 20260522141005
Dataset size : 1037

Fitting Accuracy
 ------------------------------------------------------------------
              Energy/(meV/atom)    Force/(eV/A)    Stress/(GPa)
 ------------------------------------------------------------------
     RMS            2.671             0.116           0.014
     MAX           13.241             2.605           0.135
 ------------------------------------------------------------------

Element   Au
Neural Network Architecture
 # Note : fully connected layer is typically required for the first/final layer
 %block   Au_netarch
 # fully layer -> full, size, active_type, float/fixed, newrun/reuse-filename
   #  1 input      72     2
      2 full        1    80     2  float  newrun                                  
      3 full        2    48    24  float  newrun                                  
      4 full        3     1     0  float  newrun                                  
 %endblock   Au_netarch
 
 %block postfunc
    line    1.00
 %endblock postfunc
 
 %block     Au_net
  72  80  48   1
   0   2  24   0
 %endblock     Au_net
 
Power-Type Structure Descriptors(PTSD)
 *: PTSD type summary, two-body, three-body and four-body .
 --------------------------------------------------------------------
      KS1   KS2   S1    S2    S3     S4    S5     S6    S24    S25
 --------------------------------------------------------------------
PTSD  two   two  two    two  three  three  three  four  three  three
   Number    22    17     7      8      8      6      4      0      0      0      0      0
   Number     0
 -----------------------------------------------------

   Au_Erange   0.00000000E+00  0.10000000E+01
   Au_ESrange   0.00000000E+00  0.20000000E+01
   Au_Srange   0.00000000E+00  0.10000000E+01
   Au_ScaleFactor   0.00000000E+00  0.50000000E+00
 
 ***********************************************************
 * Guide for parameters in PTSD                            *
 * radial part n,m,p :                                     *
 *             -1       -> short range /close to atom core *
 *              0,1,2,4 -> flat in short/medium            *
 *              6,8,12  -> medium                          *
 *              16, 24  -> large  /close to cut radius     *
 *                                                         *
 * angular part zeta, ksi :                                *
 *              0/180  : zeta =  ~, ksi = 0                *
 *             30/150  : zeta = 12, ksi = 1                *
 *             45/135  : zeta =  5, ksi = 1                *
 *                 90  : zeta =  0, ksi = ~                *
 *             60/120  : zeta =  4, ksi = 2                *
 *                                                         *
 *          !! zeta 8 = and ksi = 4 is moderate            *
 ***********************************************************
 
 ######################################################
 # Following is geometry based structural descriptors #
 ######################################################
 
   Au_shiftElement  0  1  79  

    Au_Pottype    1
 S1 : sum(rij**n * fc(rij))
    : radical distribution, large n means considering more long-distance neigb
 %block  Au_S1
 #-----------------------------------------------------------------------------------#
 # cutoff   neigb_atom     n                 Gmin                      Gmax          #
 #-----------------------------------------------------------------------------------#
   1.20        79          2        0.000000000000000e+00      1.136363636363636e+00 #  1   1
   1.60        79          2        0.000000000000000e+00      1.136363636363636e+00 #  2   2
   2.20        79          2        0.000000000000000e+00      1.136363636363636e+00 #  3   3
   2.60        79          2        0.000000000000000e+00      2.420933874831958e-03 #  4   4
   3.00        79          2        0.000000000000000e+00      1.919147304513238e-01 #  5   5
   3.40        79          2        0.000000000000000e+00      7.377285171638835e-01 #  6   6
   4.40        79          2        0.000000000000000e+00      4.280217669226906e+00 #  7   7
   5.40        79          2        0.000000000000000e+00      1.259333653883501e+01 #  8   8
   6.40        79          2        0.000000000000000e+00      2.633882869373668e+01 #  9   9
   7.40        79          2        0.000000000000000e+00      4.853269403631037e+01 # 10  10
   1.30        79          8        0.000000000000000e+00      1.136363636363636e+00 # 11  11
   1.70        79          8        0.000000000000000e+00      1.136363636363636e+00 # 12  12
   2.30        79          8        0.000000000000000e+00      1.136363636363636e+00 # 13  13
   2.70        79          8        0.000000000000000e+00      4.205397855151784e+00 # 14  14
   3.10        79          8        0.000000000000000e+00      7.268229831348766e+01 # 15  15
   3.50        79          8        0.000000000000000e+00      3.646160472523082e+02 # 16  16
   4.50        79          8        0.000000000000000e+00      3.948507967862216e+03 # 17  17
   5.50        79          8        0.000000000000000e+00      2.601178533380682e+04 # 18  18
   6.50        79          8        0.000000000000000e+00      1.603473721590909e+05 # 19  19
   7.50        79          8        0.000000000000000e+00      6.220294034090909e+05 # 20  20
   3.00        79         16        0.000000000000000e+00      7.195923295454546e+04 # 21  21
   4.00        79         16        0.000000000000000e+00      1.363146818181818e+07 # 22  22
 #-----------------------------------------------------------------------------------#
 %endblock  Au_S1

 S2 : Q-value based two-body structural descriptors
 %block  Au_S2
 #-----------------------------------------------------------------------------------#
 # cut    neigb     Qn     Rn               Gmin                      Gmax           #
 #-----------------------------------------------------------------------------------#
   1.40     79       2      4       0.000000000000000e+00      1.136363636363636e+00 #  1  38
   1.80     79       2      4       0.000000000000000e+00      1.136363636363636e+00 #  2  39
   2.80     79       2      4       0.000000000000000e+00      9.947430173104460e-02 #  3  40
   3.80     79       2      4       0.000000000000000e+00      4.142064668915489e+00 #  4  41
   4.80     79       2      4       0.000000000000000e+00      1.659654270518910e+01 #  5  42
   5.80     79       2      4       0.000000000000000e+00      4.999393549832430e+01 #  6  43
   6.80     79       2      4       0.000000000000000e+00      1.703612067482688e+02 #  7  44
   1.40     79       6      4       0.000000000000000e+00      1.136363636363636e+00 #  8  45
   1.80     79       6      4       0.000000000000000e+00      1.136363636363636e+00 #  9  46
   2.80     79       6      4       0.000000000000000e+00      2.911319448189302e-01 # 10  47
   3.80     79       6      4       0.000000000000000e+00      2.442327412691983e+01 # 11  48
   4.80     79       6      4       0.000000000000000e+00      1.000837759538130e+02 # 12  49
   5.80     79       6      4       0.000000000000000e+00      1.638378490101207e+02 # 13  50
   6.80     79       6      4       0.000000000000000e+00      1.825676657936790e+02 # 14  51
   1.80     79       4      4       0.000000000000000e+00      1.136363636363636e+00 # 15  52
   2.80     79       4      4       0.000000000000000e+00      5.232995883984999e-01 # 16  53
   3.80     79       4      4       0.000000000000000e+00      1.506246436725963e+01 # 17  54
 #-----------------------------------------------------------------------------------#
 %endblock  Au_S2

 S3 : sum{ [rij**n * fc(rij)] * [rik**n * fc(rik)] * (1+lambda*cos(ijk))**zeta } lambda: 1-> acute more, -1-> obtuse more
 %block  Au_S3
 #---------------------------------------------------------------------------------------------------#
 # cut    nb1   nb2    n     m    zeta  lambda               Gmin                      Gmax          #
 #---------------------------------------------------------------------------------------------------#
   1.80   79    79     2     2      4     1.0       0.000000000000000e+00      1.136363636363636e+00 #  1  23
   1.80   79    79     2     2      4    -1.0       0.000000000000000e+00      1.136363636363636e+00 #  2  24
   3.20   79    79     2     2      4     1.0       0.000000000000000e+00      1.327337231487036e-02 #  3  25
   3.20   79    79     2     2      4    -1.0       0.000000000000000e+00      6.636683405800299e-02 #  4  26
   4.20   79    79     2     2      4     1.0       0.000000000000000e+00      2.269351211461154e+00 #  5  27
   4.20   79    79     2     2      4    -1.0       0.000000000000000e+00      3.855749964714050e+00 #  6  28
   6.50   79    79     2     2      4     1.0       0.000000000000000e+00      2.306024724786932e+02 #  7  29
 #---------------------------------------------------------------------------------------------------#
 %endblock  Au_S3

 S4 : sum{ [rij**n*fc(rij)]*[rik**n*fc(rik)]*[rjk**n*fc(rjk)]*(1+lambda*cos(ijk))**zeta }
    : ignore third-edge with large value
 %block  Au_S4
 #--------------------------------------------------------------------------------------------------------#
 # cut    nb1   nb2     n     m    p  zeta   lambda               Gmin                      Gmax          #
 #--------------------------------------------------------------------------------------------------------#
   2.40   79    79      2     4    4    4      1.0       0.000000000000000e+00      1.136363636363636e+00 #  1  30
   2.40   79    79      2     4    4    4     -1.0       0.000000000000000e+00      1.136363636363636e+00 #  2  31
   3.40   79    79      2     4    4    4      1.0       0.000000000000000e+00      5.589000965383920e-02 #  3  32
   3.40   79    79      2     4    4    4     -1.0       0.000000000000000e+00      9.175376776097851e-04 #  4  33
   5.40   79    79      2     4    4    4      1.0       0.000000000000000e+00      2.174090160023082e+03 #  5  34
   5.40   79    79      2     4    4    4     -1.0       0.000000000000000e+00      1.463432138616388e+02 #  6  35
   6.40   79    79      2     4    4    4      1.0       0.000000000000000e+00      2.169029430042614e+04 #  7  36
   6.40   79    79      2     4    4    4     -1.0       0.000000000000000e+00      3.109367509321733e+03 #  8  37
 #--------------------------------------------------------------------------------------------------------#
 %endblock  Au_S4

 S5 : Q-value based three-body structural descriptors
 %block  Au_S5
 #-----------------------------------------------------------------------------------------------#
 # cut    nb1   nb2    Qn     n    m    p               Gmin                       Gmax          #
 #-----------------------------------------------------------------------------------------------#
   2.20   79    79      2     2    2    2       0.000000000000000e+00      1.136363636363636e+00 #  1  55
   2.20   79    79      6     2    2    2       0.000000000000000e+00      1.136363636363636e+00 #  2  56
   3.20   79    79      2     2    2    2       0.000000000000000e+00      5.611693412984923e-06 #  3  57
   3.20   79    79      6     2    2    2       0.000000000000000e+00      3.700677304798526e-05 #  4  58
   4.60   79    79      2     2    2    2       0.000000000000000e+00      4.115625199946490e-01 #  5  59
   4.60   79    79      6     2    2    2       0.000000000000000e+00      4.497105154124173e+00 #  6  60
   3.20   79    79      4     2    2    2       0.000000000000000e+00      6.402716094684862e-06 #  7  61
   3.60   79    79      4     2    2    2       0.000000000000000e+00      2.985884202644229e-03 #  8  62
 #-----------------------------------------------------------------------------------------------#
 %endblock  Au_S5

 S6 : Slater-type dihedral angle
 %block  Au_S6
 #---------------------------------------------------------------------------------------------------------#
 # cut   nb1 nb2 nb3     n    m    p   zeta   lambda              Gmin                        Gmax         #
 #---------------------------------------------------------------------------------------------------------#
   2.20    0   0   0     2    2    8     4      1.0       0.000000000000000e+00      1.136363636363636e+00 #  1  63
   2.20    0   0   0     2    2    8     4     -1.0       0.000000000000000e+00      1.136363636363636e+00 #  2  64
   2.60    0   0  79     2    2    8     4      1.0       0.000000000000000e+00      2.235491791680033e-07 #  3  65
   2.60    0   0  79     2    2    8     4     -1.0       0.000000000000000e+00      1.100169749241269e-06 #  4  66
   3.80    0   0  79     2    2    2     8      1.0       0.000000000000000e+00      7.146016440608285e-01 #  5  67
   3.80    0   0  79     2    2    2     8     -1.0       0.000000000000000e+00      1.355287026275288e+00 #  6  68
 #---------------------------------------------------------------------------------------------------------#
 %endblock  Au_S6

 S24 : sum{ [rij**n*fc(rij)]*[rik**n*fc(rik)] * (sin(ijk)**2)**ksi * (1+lambda*cos(ijk))**zeta }
     : ignore third-edge with large value
 %block  Au_S24
 #---------------------------------------------------------------------------------------------------#
 # cut   nb1  nb2   n   m   zeta   ksi  lambda              Gmin                        Gmax         #
 #---------------------------------------------------------------------------------------------------#
   2.20  79   79    8   8     5     1     1.0       0.000000000000000e+00      1.000000000000000e+00 #  1  69
   2.20  79   79    8   8     5     1    -1.0       0.000000000000000e+00      1.000000000000000e+00 #  2  70
   2.80  79   79    8   8     5     1     1.0       0.000000000000000e+00      5.163743495941162e+00 #  3  71
   2.80  79   79    8   8     5     1    -1.0       0.000000000000000e+00      5.163751602172852e+00 #  4  72
 #---------------------------------------------------------------------------------------------------#
 %endblock  Au_S24



 Network Parameters of     Au
   Bias in Layer   2
      -0.121223583817482E+00   -0.224713042378426E+00    0.510558187961578E-01    0.664983242750168E-01    0.416131131350994E-01
       0.765849873423576E-01   -0.780006870627403E-01    0.624023303389549E-01   -0.187954038381577E+00    0.110123701393604E+00
      -0.155123230069876E-01    0.724106654524803E-01    0.129122510552406E+00    0.705186929553747E-02    0.870619267225266E-01
       0.571385025978088E-04    0.581681281328201E-01   -0.816998258233070E-01   -0.181648924946785E+00    0.426433384418488E-01
       0.128436639904976E+00   -0.234541036188602E-01   -0.139214694499969E+00    0.166349820792675E-01   -0.811701416969299E-01
      -0.438660681247711E-01   -0.178313255310059E-01    0.141932265833020E-01    0.637998357415199E-01   -0.965731143951416E-01
      -0.353091716766357E+00    0.114256486296654E+00   -0.295736491680145E+00    0.502672754228115E-01   -0.131880730390549E+00
      -0.774340406060219E-01    0.291346944868565E-01    0.798923224210739E-01    0.380749553442001E-01    0.289666987955570E-01
      -0.100110404193401E+00    0.204066410660744E-01   -0.758145973086357E-01    0.150267824530602E+00    0.895322263240814E-01
      -0.168449550867081E+00    0.192350566387177E+00    0.191856071352959E+00   -0.172544509172440E+00   -0.269732400774956E-01
      -0.127419918775558E+00   -0.345582589507103E-01    0.352869741618633E-01    0.220545276999474E+00    0.748622119426727E-01
      -0.118719778954983E+00    0.262926295399666E-01    0.535649880766869E-01   -0.790037065744400E-01   -0.120558850467205E+00
       0.767632871866226E-01    0.558571983128786E-02   -0.244787000119686E-01   -0.291018187999725E-01   -0.197350382804871E+00
       0.440457351505756E-01   -0.252815168350935E-01    0.107275739312172E+00   -0.995100364089012E-01    0.481096319854259E-01
      -0.240315869450569E-01   -0.100264340639114E+00   -0.484316125512123E-01   -0.659902691841125E-01    0.366902768611908E+00
       0.325650833547115E-01   -0.451581319794059E-02   -0.225627329200506E-02    0.462650209665298E-01   -0.231822784990072E-01
   Weight in Layer   2
       0.216497361660004E+00    0.480230636894703E-01   -0.540814399719238E-01    0.916987508535385E-01   -0.594467595219612E-01
       0.187577351927757E+00   -0.870878919959068E-01   -0.888060554862022E-01   -0.340995818376541E+00   -0.139203593134880E+00
      -0.144455388188362E+00    0.303702354431152E-01    0.941724888980389E-02    0.101491473615170E+00    0.971895083785057E-02
      -0.172659635543823E+00    0.751240849494934E-01   -0.491662621498108E-01    0.968968402594328E-02    0.131191626191139E+00
      -0.149725481867790E+00    0.517060235142708E-01    0.175580263137817E+00   -0.283058285713196E+00    0.169401794672012E+00
       0.150806754827499E+00   -0.183976404368877E-01   -0.567029565572739E-01   -0.737013760954142E-02   -0.168718799948692E+00
      -0.208357684314251E-01   -0.970049500465393E-01    0.105332285165787E+00   -0.298323407769203E-01    0.200942888855934E+00
       0.970430150628090E-01    0.592728778719902E-01   -0.270934849977493E-01   -0.983836352825165E-01   -0.204244069755077E-02
      -0.475847497582436E-01   -0.243663623929024E+00    0.196080375462770E-02   -0.226143710315228E-01   -0.745857413858175E-02
       0.358674973249435E-01    0.128213733434677E+00    0.364812985062599E-01    0.124015398323536E-01    0.187454875558615E-01
      -0.592143610119820E-01   -0.100308306515217E+00   -0.667300354689360E-02    0.179101433604956E-02   -0.385040231049061E-01
      -0.728756189346313E-01   -0.491031967103481E-01    0.197494819760323E+00   -0.114855421707034E-01   -0.166160717606544E+00
       0.873820781707764E-01   -0.201772838830948E+00    0.258284285664558E-01   -0.562568455934525E-01    0.264198444783688E-01
       0.938326865434647E-01   -0.654515698552132E-01    0.710484664887190E-02    0.197300277650356E-01   -0.609047058969736E-02
       0.110971048474312E+00   -0.651450548321009E-02
       0.177101761102676E+00   -0.388933718204498E-01   -0.116844058036804E+00   -0.423663146793842E-01   -0.421555899083614E-02
       0.991626456379890E-01   -0.186578527092934E+00   -0.176866218447685E+00   -0.913865584880114E-02   -0.100334540009499E+00
       0.201339423656464E-01    0.620319619774818E-01    0.320112966001034E-01    0.452465005218983E-01    0.475629642605782E-01
      -0.820026993751526E-01   -0.476307235658169E-01    0.522407004609704E-02   -0.255285233259201E+00   -0.128982765600085E-01
      -0.378191992640495E-01    0.128361374139786E+00    0.210737735033035E+00    0.153570353984833E+00   -0.208631798624992E+00
       0.278168283402920E-01   -0.142409637570381E+00   -0.714982151985168E-01   -0.828866437077522E-01   -0.108216822147369E+00
       0.718118846416473E-01    0.193844661116600E+00    0.410513989627361E-01   -0.293442517518997E+00   -0.927364602684975E-01
      -0.185708507895470E+00   -0.160312116146088E+00   -0.154029175639153E+00    0.286269523203373E-01   -0.994969829916954E-01
      -0.269164979457855E+00   -0.357112102210522E-01   -0.303772240877151E-01    0.109416969120502E+00    0.305444672703743E-01
      -0.123269975185394E+00   -0.108120761811733E+00   -0.345583349466324E+00   -0.120510056614876E+00    0.403899140655994E-01
      -0.214876711368561E+00    0.887989550828934E-01   -0.159680932760239E+00   -0.909676179289818E-01    0.187464237213135E+00
      -0.420978665351868E-01   -0.122023954987526E+00   -0.134307950735092E+00   -0.496689863502979E-01    0.753331258893013E-01
      -0.968275144696236E-01   -0.119242221117020E+00    0.125114917755127E+00    0.171204820275307E+00    0.143229573965073E+00
      -0.106331378221512E+00   -0.429366342723370E-01    0.870092064142227E-01    0.243471950292587E+00    0.799610242247581E-01
       0.357725881040096E-01    0.114333204925060E+00
       0.274487026035786E-01    0.161719784140587E+00    0.251112550497055E+00   -0.175726920366287E+00   -0.313645809888840E+00
       0.135587323457003E-01    0.160250797867775E+00    0.821625962853432E-01    0.120429046452045E+00    0.846572518348694E-01
       0.195498988032341E+00   -0.136309014633298E-01    0.246696081012487E-02   -0.136507421731949E+00   -0.239544212818146E+00
      -0.410995446145535E-03    0.760821551084518E-01   -0.437807012349367E-02   -0.342590454965830E-02    0.206695824861526E+00
       0.276943087577820E+00    0.388430617749691E-01    0.116715200245380E+00    0.874563530087471E-01   -0.827547684311867E-01
       0.972530469298363E-01    0.893712863326073E-01   -0.431953892111778E-01    0.784634277224541E-01    0.102340430021286E+00
       0.106189437210560E+00    0.468125827610493E-01   -0.854432880878448E-01    0.799395069479942E-01   -0.154742687940598E+00
      -0.615646690130234E-01   -0.528438240289688E-01    0.114006683230400E+00   -0.500623919069767E-01   -0.693505033850670E-01
       0.720740705728531E-01    0.596699714660645E-01    0.448111779987812E-01   -0.167090073227882E+00   -0.167496651411057E+00
       0.536452047526836E-01    0.436764694750309E-01    0.930735692381859E-01    0.342392265796661E+00    0.150911971926689E+00
       0.532330907881260E-01   -0.103483527898788E+00   -0.251389503479004E+00   -0.374686494469643E-01   -0.506349951028824E-01
      -0.255745440721512E+00   -0.833964422345161E-01   -0.130846366286278E+00    0.179012641310692E+00    0.173083767294884E+00
       0.722277984023094E-01    0.156786307692528E+00    0.166909903287888E+00   -0.124917775392532E+00   -0.121505530551076E-01
       0.361949056386948E-01    0.132130637764931E+00   -0.535743534564972E-01   -0.767284855246544E-01    0.296767324209213E+00
      -0.766027048230171E-01   -0.165688961744308E+00
       0.708161666989326E-02   -0.798222124576569E-01   -0.975611619651318E-03    0.244131162762642E-01    0.975655168294907E-01
       0.400857739150524E-01    0.399589389562607E+00    0.431621894240379E-01   -0.190051317214966E+00    0.145768839865923E-02
       0.214143283665180E-01    0.105309098958969E+00    0.816916376352310E-01    0.154977068305016E+00   -0.308023057878017E-01
       0.179359376430511E+00    0.109001651406288E+00    0.101190423592925E-01    0.214799284934998E+00    0.106477104127407E+00
       0.319385118782520E-01    0.598488561809063E-01   -0.155318930745125E+00    0.387856811285019E-01    0.413119457662106E-01
       0.591144897043705E-01   -0.215571403503418E+00    0.248374775052071E+00   -0.263532608747482E+00   -0.115273714065552E+00
      -0.108038157224655E+00    0.274203792214394E-01    0.851783528923988E-01   -0.649520903825760E-01    0.163495823740959E+00
       0.421527177095413E-01    0.278418883681297E-01    0.169834852218628E+00   -0.786144733428955E-01   -0.254050567746162E-01
       0.271386280655861E-02    0.775176584720612E-01    0.641942396759987E-01    0.159265220165253E+00    0.136158093810081E-01
       0.536148622632027E-01   -0.120979929342866E-01    0.553286895155907E-01    0.787763670086861E-01   -0.195401832461357E-01
       0.766855254769325E-01    0.171129345893860E+00   -0.170243963599205E+00    0.293245054781437E-01    0.103089129552245E-01
      -0.557174533605576E-01    0.101956114172935E+00   -0.650961399078369E-01   -0.559425950050354E-01    0.437486469745636E-01
       0.147009417414665E+00   -0.516868531703949E-01    0.367177091538906E-01   -0.147627800703049E+00   -0.273241177201271E-01
       0.124276923015714E-01    0.196296349167824E+00   -0.757394284009933E-01    0.493343882262707E-01   -0.133410235866904E-01
      -0.476131625473499E-01   -0.163523599505424E+00
       0.402281247079372E-01    0.762599036097527E-01   -0.203502625226974E+00    0.219809159636497E+00    0.126497417688370E+00
       0.122306086122990E+00    0.266085267066956E+00   -0.734885632991791E-01   -0.502856187522411E-01    0.272122859954834E+00
      -0.689476728439331E-01   -0.327465683221817E-02    0.232804659754038E-01    0.846213698387146E-01    0.665143579244614E-01
      -0.516485273838043E-01   -0.664113536477089E-01    0.285627394914627E+00   -0.907242149114609E-01    0.222964122891426E+00
       0.181990697979927E+00    0.157962948083878E+00   -0.178943462669849E-01   -0.151523649692535E+00   -0.122758090496063E+00
      -0.434147790074348E-01   -0.165885649621487E-01    0.166163221001625E+00   -0.187635138630867E+00    0.198284044861794E+00
       0.123147489503026E-01   -0.408673435449600E-01   -0.123153969645500E+00   -0.330145731568336E-01   -0.160756781697273E-01
       0.234636142849922E-01    0.192972403019667E-01    0.550917126238346E-01    0.731926830485463E-02   -0.546562206000090E-02
       0.126090928912163E+00   -0.154711663722992E+00    0.243191681802273E-01    0.240279305726290E-01    0.128687486052513E+00
      -0.222746357321739E+00   -0.113757019862533E-01   -0.967077240347862E-01   -0.137308388948441E+00    0.337208025157452E-01
      -0.593102127313614E-01   -0.153064383193851E-01    0.899482965469360E-01   -0.775760039687157E-03    0.763151720166206E-01
      -0.173137202858925E+00   -0.809637457132339E-01    0.141833961009979E+00   -0.140634505078197E-01    0.422256924211979E-01
       0.134368855506182E-01    0.126996874809265E+00    0.114429323002696E-01    0.145961761474609E+00   -0.269312001764774E-01
       0.533261187374592E-01    0.176522374153137E+00    0.145655408501625E+00   -0.522340554744005E-02   -0.177330777049065E+00
       0.903984159231186E-01    0.141652643680573E+00
      -0.325794704258442E-01   -0.611111614853144E-02   -0.897556319832802E-01    0.534250847995281E-01   -0.830929502844810E-01
       0.102012448012829E+00    0.711303576827049E-01    0.158217877149582E+00    0.149480462074280E+00    0.881918147206306E-02
       0.869568809866905E-01   -0.261449366807938E-01   -0.526537653058767E-02    0.835249722003937E-01   -0.447530671954155E-01
      -0.236406251788139E-01    0.136526018381119E+00   -0.787112861871719E-01   -0.763006880879402E-01   -0.979189872741699E-01
       0.145616725087166E+00   -0.497345067560673E-01   -0.200163573026657E-01    0.648086071014404E-01   -0.106032118201256E+00
      -0.110238462686539E+00   -0.440125539898872E-02    0.176102936267853E+00   -0.616151466965675E-01   -0.362123176455498E-01
       0.104492306709290E+00    0.357456840574741E-01    0.221072569489479E+00   -0.268514044582844E-01    0.145766392350197E+00
       0.365939587354660E-01   -0.460215732455254E-01   -0.126003444194794E+00   -0.108033590018749E+00   -0.569299887865782E-02
       0.831625163555145E-01    0.956438016146421E-02    0.962521359324455E-01   -0.413950011134148E-01    0.642412379384041E-01
       0.431994237005711E-01   -0.282189771533012E-01    0.270216464996338E-01   -0.176092702895403E-02    0.164074823260307E-01
       0.109232723712921E+00   -0.127967745065689E+00   -0.255936533212662E+00    0.196665897965431E+00    0.128363862633705E+00
       0.216805130243301E+00   -0.130256310105324E+00    0.853627845644951E-01   -0.114798277616501E+00    0.193186223506927E+00
       0.252941638231277E+00   -0.258056372404099E-01   -0.632775127887726E-01    0.968006178736687E-01    0.344325266778469E-01
      -0.181582912802696E+00    0.209702756255865E-01    0.458430945873260E-01   -0.224995389580727E-01   -0.117326974868774E+00
       0.261331610381603E-01   -0.256504446268082E+00
       0.146702202036977E-01   -0.211896061897278E+00   -0.134656548500061E+00    0.538295833393931E-02    0.385482579469681E+00
       0.146234333515167E+00   -0.433122999966145E-01    0.299876481294632E-01   -0.283629521727562E-01   -0.619709342718124E-01
       0.129583239555359E+00    0.999801792204380E-03   -0.181983217597008E+00   -0.340595282614231E-01    0.828880518674850E-01
      -0.542241986840963E-02    0.912756696343422E-01   -0.167536288499832E+00    0.392945259809494E-01   -0.506135225296021E-01
       0.732423290610313E-01    0.196278288960457E+00    0.869221761822701E-01    0.202061571180820E-01    0.140358507633209E+00
      -0.172145068645477E-01    0.528858508914709E-02    0.752533450722694E-01   -0.110093705356121E+00    0.940057709813118E-01
       0.124681219458580E+00    0.847529396414757E-01    0.759957134723663E-01    0.491799376904964E-01    0.339863747358322E-01
      -0.200972497463226E+00    0.100190177559853E+00   -0.131404787302017E+00   -0.158444181084633E+00   -0.202892139554024E+00
       0.145418122410774E+00   -0.714583043009043E-02   -0.143887117505074E+00   -0.741679295897484E-01   -0.376819074153900E-02
      -0.646691545844078E-01    0.176989324390888E-01   -0.110158406198025E+00   -0.172123648226261E-01   -0.155177796259522E-01
       0.773918256163597E-01   -0.170699983835220E+00    0.115488268435001E+00    0.816537253558636E-02    0.399908563122153E-02
       0.222542677074671E-01   -0.139744495972991E-01   -0.305124334990978E-01   -0.143713235855103E+00   -0.118326634168625E+00
       0.216393023729324E+00   -0.160622708499432E-01    0.259280633181334E-01    0.807799920439720E-01    0.209392994642258E+00
       0.119605839252472E+00   -0.148004824295640E-01    0.141567379236221E+00    0.315693691372871E-01    0.934443250298500E-02
       0.119332805275917E+00    0.893801301717758E-01
       0.642634136602283E-02   -0.845507234334946E-01    0.725711956620216E-01   -0.179583415389061E+00    0.707921460270882E-01
       0.466976361349225E-02    0.343648582696915E+00    0.271100282669067E+00   -0.142203688621521E+00    0.747587382793427E-01
       0.504804626107216E-01    0.142750367522240E+00   -0.632575452327728E-01   -0.187987491488457E+00    0.160795211791992E+00
      -0.400373786687851E-01    0.106239169836044E+00    0.158805940300226E-01    0.163898076862097E-01   -0.269991718232632E-01
       0.425797095522285E-02   -0.209001936018467E-01   -0.776080507785082E-02   -0.311128646135330E-01    0.380274578928947E-01
       0.136289224028587E+00    0.208212718367577E+00   -0.161338523030281E+00    0.131229594349861E+00   -0.109611511230469E+00
       0.730410665273666E-01   -0.114100515842438E+00    0.403512902557850E-01   -0.148815631866455E+00   -0.550917387008667E-01
      -0.109184026718140E+00   -0.146657556295395E+00    0.151907252147794E-01    0.182836905121803E+00   -0.408756136894226E-01
       0.211695700883865E+00    0.113862328231335E+00    0.615972168743610E-01   -0.553461164236069E-01    0.585245713591576E-02
       0.249113038182259E+00   -0.521466955542564E-01    0.133974581956863E+00    0.743141695857048E-01    0.302191048860550E+00
      -0.222639918327332E+00    0.558504201471806E-01   -0.250594139099121E+00    0.131843596696854E+00    0.170187596231699E-01
       0.166981704533100E-01   -0.577064901590347E-01   -0.399379469454288E-01   -0.218087136745453E-01    0.582966357469559E-01
      -0.418318435549736E-01    0.574647523462772E-01    0.453727226704359E-02   -0.176815703511238E+00   -0.185041040182114E+00
      -0.129606306552887E+00   -0.418019481003284E-01   -0.130857989192009E+00    0.854755342006683E-01    0.524634160101414E-01
      -0.253419615328312E-01   -0.237140402197838E+00
       0.956474151462317E-02   -0.871261432766914E-01   -0.288508925586939E-02   -0.917738303542137E-01   -0.438668340444565E+00
      -0.342719346284866E+00   -0.250697642564774E+00    0.120323412120342E+00    0.474989190697670E-01    0.176206529140472E+00
       0.979904904961586E-01    0.685508027672768E-01   -0.590750500559807E-01    0.125679261982441E-01    0.650559514760971E-01
      -0.959284305572510E-01    0.133957415819168E+00   -0.603055059909821E-01   -0.249614372849464E+00    0.861719474196434E-01
      -0.153943793848157E-01   -0.838152617216110E-01   -0.991144776344299E-01    0.480830073356628E-01   -0.153523787856102E+00
      -0.123449534177780E+00    0.222535595297813E+00    0.230414241552353E+00    0.425823628902435E-01    0.113539583981037E+00
      -0.197182223200798E-01    0.712392181158066E-01    0.318580381572247E-01    0.209602683782578E+00   -0.570570155978203E-01
      -0.800602585077286E-01    0.423723645508289E-01   -0.389204062521458E-01    0.810804888606071E-01   -0.313356891274452E-02
       0.107069671154022E+00   -0.117069467902184E+00   -0.487108603119850E-01    0.734175816178322E-01   -0.176002793014050E-01
       0.286126345396042E+00   -0.648589804768562E-01   -0.198914915323257E+00   -0.796872302889824E-01   -0.962621718645096E-01
       0.205455645918846E+00   -0.983685702085495E-01    0.634372904896736E-01    0.597713515162468E-01   -0.203357204794884E+00
       0.123345591127872E+00    0.111056901514530E+00    0.592300146818161E-01   -0.248509980738163E-01   -0.735986083745956E-01
       0.194287896156311E+00    0.136261954903603E+00    0.177821502089500E+00    0.817957241088152E-02   -0.224049791693687E+00
       0.793870091438293E-01    0.225862473249435E+00    0.118241615593433E+00   -0.132847353816032E+00    0.481872027739882E-02
      -0.617057457566261E-01   -0.279400199651718E-01
       0.151171952486038E+00   -0.240842364728451E-01   -0.759953111410141E-01    0.541351251304150E-01    0.308139473199844E+00
       0.864636451005936E-01   -0.114658057689667E+00   -0.148719266057014E+00   -0.398920252919197E-01    0.967158526182175E-01
      -0.131158396601677E+00   -0.123900577425957E+00   -0.757188424468040E-01    0.297831706702709E-01    0.241343379020691E+00
      -0.777662396430969E-01   -0.110353276133537E+00   -0.161666125059128E-01    0.698414072394371E-01    0.800478532910347E-01
      -0.461322814226151E-02   -0.894049480557442E-01   -0.188797414302826E-01    0.189256310462952E+00    0.173143848776817E+00
       0.116882264614105E+00   -0.130042269825935E+00   -0.109981998801231E+00    0.123358303681016E-01   -0.202585101127625E+00
       0.986901745200157E-01   -0.135881021618843E+00    0.373676568269730E-01   -0.690831914544106E-01    0.841387640684843E-02
      -0.233635410666466E+00    0.275718718767166E-01    0.889765173196793E-01    0.565635673701763E-01    0.248763412237167E+00
       0.100635187700391E-01   -0.618075057864189E-01   -0.126530349254608E+00    0.111192882061005E+00    0.163828209042549E+00
      -0.104437768459320E+00    0.120997577905655E+00    0.959588289260864E-01   -0.946689397096634E-05    0.760549604892731E-01
      -0.891520157456398E-01    0.230144858360291E+00   -0.563910678029060E-01    0.908783525228500E-01   -0.258494243025780E-01
       0.142359539866447E+00    0.876600369811058E-01   -0.101839661598206E+00    0.105843991041183E+00   -0.282326370477676E+00
       0.135747343301773E-02   -0.223966836929321E+00    0.114801913499832E+00   -0.431878529489040E-01   -0.104496525600553E-01
      -0.142215371131897E+00   -0.355971306562424E-01   -0.266079828143120E-01    0.130202323198318E+00    0.576996579766273E-01
       0.298328578472137E+00   -0.309985987842083E-01
       0.181112557649612E+00   -0.323116257786751E-01   -0.117976367473602E+00    0.136671349406242E+00    0.235928311944008E+00
       0.201238572597504E+00   -0.192703574895859E+00    0.519862677901983E-02   -0.391215085983276E-03    0.154174923896790E+00
      -0.845143422484398E-01    0.232363305985928E-02    0.638653784990311E-01    0.490407682955265E-01    0.148588255047798E+00
      -0.410585664212704E-01   -0.530687943100929E-01   -0.317084267735481E-01   -0.304055400192738E-01    0.482316017150879E-01
       0.274570509791374E-01   -0.186777770519257E+00    0.933695062994957E-01   -0.161916255950928E+00   -0.408918894827366E-01
       0.124923542141914E+00    0.258659049868584E-01   -0.739232897758484E-01   -0.423844382166862E-01    0.139330938458443E+00
       0.338369280099869E+00   -0.894961878657341E-01    0.703502446413040E-01   -0.499729141592979E-01    0.986786931753159E-01
      -0.346140339970589E-01   -0.997876822948456E-01    0.150438010692596E+00   -0.131361810490489E-01   -0.135514557361603E+00
      -0.154654653742909E-01    0.129584416747093E+00   -0.112602286040783E+00    0.148222938179970E+00   -0.771535485982895E-01
       0.218617208302021E-01    0.138895642012358E-01   -0.178668633103371E+00    0.300826132297516E-01    0.218985795974731E+00
      -0.844866782426834E-01   -0.142356589436531E+00    0.269508391618729E+00   -0.479903519153595E-01    0.198564052581787E+00
       0.122558422386646E+00    0.113527707755566E+00    0.193968396633863E-01    0.496154576539993E-01   -0.177026093006134E-01
      -0.109141930937767E+00   -0.635132044553757E-01   -0.167034924030304E+00   -0.259848590940237E-02    0.133318677544594E+00
       0.127285107970238E+00   -0.511228851974010E-01    0.520112812519073E-01   -0.443527251482010E-01    0.149983853101730E+00
       0.434279032051563E-01    0.985719263553619E-01
       0.589959248900414E-01    0.143439956009388E-01    0.121130764484406E+00    0.696187764406204E-01   -0.266909956932068E+00
      -0.101274587213993E+00    0.192655473947525E+00   -0.155043946579099E-01    0.637314375489950E-02    0.738393962383270E-01
      -0.442241840064526E-01   -0.202622145414352E+00    0.347719550132751E+00   -0.168661743402481E+00   -0.736159682273865E-01
      -0.999672114849091E-01    0.112928956747055E+00   -0.700361747294664E-02   -0.317402742803097E-02    0.114489808678627E+00
      -0.103764809668064E+00    0.161204040050507E-01   -0.829325318336487E-01   -0.174186006188393E+00    0.917743518948555E-02
      -0.264166116714478E+00    0.247437790036201E+00   -0.110370106995106E+00   -0.559867173433304E-01    0.618274137377739E-01
      -0.145902916789055E+00    0.106752119958401E+00    0.948472395539284E-01    0.132964551448822E+00   -0.101456783711910E+00
       0.102752074599266E+00    0.228780154138803E-01   -0.823481157422066E-01    0.805208459496498E-01   -0.535485669970512E-01
       0.127526134252548E+00   -0.730047598481178E-01    0.118845053017139E+00    0.298527210950851E+00   -0.101566269993782E+00
       0.122987749055028E-01    0.110431417822838E+00    0.227094404399395E-01    0.330825634300709E-01    0.128208339214325E+00
       0.188088074326515E+00    0.377802066504955E-01   -0.238144695758820E+00   -0.193922683596611E+00   -0.993251204490662E-01
      -0.603596772998571E-02   -0.106729650869966E-01   -0.300562903285027E-01    0.505255954340100E-02    0.226643338799477E+00
       0.423039458692074E-01    0.351221472024918E+00   -0.467778369784355E-01   -0.976639688014984E-01   -0.144746884703636E+00
       0.138449385762215E+00    0.289986981078982E-02   -0.116304025053978E+00    0.119279198348522E+00   -0.240042075514793E+00
      -0.119393303990364E+00    0.890826806426048E-01
       0.136006280779839E+00    0.454015955328941E-01   -0.237891077995300E-01    0.231479108333588E+00    0.179923161864281E+00
       0.503276251256466E-01    0.188637539744377E+00    0.191248640418053E+00    0.120808817446232E+00    0.101183019578457E-01
      -0.272433944046497E-01   -0.837801173329353E-01   -0.130690792575479E-01    0.174548983573914E+00    0.204891692847013E-01
      -0.112122580409050E+00   -0.306870378553867E-01    0.227330863475800E+00   -0.158747240900993E+00   -0.869504511356354E-01
       0.316865891218185E+00   -0.196555033326149E+00    0.162256717681885E+00    0.187758542597294E-01   -0.963072106242180E-01
       0.772970393300056E-01    0.367802456021309E-01    0.806150212883949E-01   -0.129859134554863E+00    0.828568339347839E-01
       0.151414275169373E+00    0.123129680752754E+00    0.107575953006744E+00   -0.148426190018654E+00   -0.173801556229591E-01
      -0.248897410929203E-01   -0.476436764001846E-01    0.163371816277504E+00    0.305002480745316E-01    0.144360885024071E+00
      -0.905120223760605E-01    0.727460980415344E-01    0.158731751143932E-01    0.127858176827431E+00   -0.132023066282272E+00
       0.244694463908672E-01    0.150553733110428E+00    0.357482358813286E-01    0.140664994716644E+00    0.193716689944267E+00
       0.526865310966969E-01   -0.616513788700104E-01    0.603966005146503E-01   -0.126413136720657E+00   -0.320500768721104E-01
      -0.439406186342239E-01   -0.541312098503113E-01    0.245167315006256E+00    0.171377256512642E+00    0.296955525875092E+00
      -0.581555962562561E-01    0.170690357685089E+00    0.108353361487389E+00   -0.137033918872476E-01    0.168194264173508E+00
      -0.124247401952744E+00    0.289694964885712E-01    0.470053330063820E-01    0.121808415278792E-01   -0.402345694601536E-01
       0.191227085888386E-01    0.296423695981503E-01
      -0.410302169620991E-01   -0.381904579699039E-01   -0.758809372782707E-01    0.838447660207748E-01    0.875659510493279E-01
       0.102462703362107E-01   -0.197584867477417E+00    0.587092339992523E-01   -0.278061814606190E-01   -0.622805655002594E-01
      -0.783311799168587E-01    0.151487410068512E+00    0.301730751991272E+00    0.578390136361122E-01   -0.580713227391243E-01
       0.840212479233742E-01    0.133784189820290E+00   -0.303243584930897E-01   -0.966533496975899E-01    0.103656567633152E+00
      -0.594547539949417E-01   -0.842515304684639E-01    0.136907279491425E+00   -0.484832786023617E-01   -0.680947378277779E-01
       0.115100756287575E+00   -0.107163935899734E+00    0.303864069283009E-01    0.197366341948509E+00    0.134673550724983E+00
       0.187289938330650E+00   -0.103739239275455E+00    0.937506407499313E-01    0.143849983811378E+00   -0.174881994724274E+00
       0.325419055297971E-02    0.833091065287590E-01   -0.324223749339581E-01   -0.638671740889549E-01   -0.489695370197296E-02
       0.646322369575500E-01    0.189676508307457E-01    0.725176697596908E-02   -0.526205524802208E-01   -0.544817838817835E-02
       0.280894115567207E-01   -0.132273659110069E+00    0.154066309332848E+00    0.291278995573521E-01    0.146266311407089E+00
       0.117546254768968E-01    0.143575351685286E-01    0.206629350781441E+00    0.209130346775055E+00   -0.258584082126617E+00
       0.152855161577463E-01   -0.771414861083031E-01    0.239764750003815E-01   -0.420880503952503E-01    0.331897735595703E-01
       0.186411499977112E+00    0.192853622138500E-02   -0.160697579383850E+00   -0.208404704928398E+00    0.848800539970398E-01
      -0.187444478273392E+00   -0.242302082479000E-01    0.476396046578884E-01    0.538120642304420E-01   -0.895314738154411E-01
      -0.281166970729828E+00   -0.106892369687557E+00
       0.154349908232689E+00    0.526440069079399E-01    0.101297184824944E+00    0.110957548022270E+00   -0.507779698818922E-02
       0.207239165902138E+00   -0.122816249728203E+00   -0.834207832813263E-01    0.476155057549477E-02    0.324544720351696E-01
      -0.555975083261728E-02    0.928181260824203E-01   -0.164482310414314E+00    0.245027258992195E+00   -0.633603986352682E-02
      -0.128933548927307E+00   -0.193497568368912E+00   -0.536864548921585E-01    0.312223881483078E-01    0.153807342052460E+00
      -0.171747341752052E+00    0.663584619760513E-01    0.103774994611740E+00   -0.849159527570009E-02   -0.740113034844398E-01
       0.132750615477562E+00   -0.158450916409492E+00    0.142353594303131E+00   -0.111565113067627E+00    0.614608451724052E-02
       0.337405577301979E-01   -0.213758617639542E+00    0.419065691530704E-01   -0.132313624024391E+00    0.144793823361397E+00
       0.136395305395126E+00    0.641876384615898E-01   -0.282099470496178E-02    0.605189688503742E-01    0.789778605103493E-01
       0.106829591095448E+00    0.304277464747429E-01    0.529709942638874E-01    0.360036455094814E-01    0.170459046959877E+00
       0.174979016184807E+00    0.478030517697334E-01   -0.124846294522285E+00   -0.138633623719215E+00    0.341282248497009E+00
       0.162842586636543E+00    0.775019451975822E-01    0.410789847373962E-01    0.594506002962589E-01    0.787092670798302E-01
       0.535516999661922E-02   -0.109682008624077E+00    0.933298245072365E-01    0.292239412665367E-01    0.228931009769440E-01
      -0.171465277671814E+00   -0.611228197813034E-01    0.246680170297623E+00   -0.368061363697052E-01    0.121378831565380E+00
       0.406243512406945E-02   -0.960080772638321E-01    0.103546092286706E-01    0.102798871695995E+00    0.838266387581825E-01
       0.571361817419529E-01    0.212221592664719E-01
      -0.399303920567036E-01    0.172463998198509E+00    0.127126052975655E-01    0.176088213920593E+00   -0.152735263109207E+00
       0.493967980146408E-01    0.245244264602661E+00    0.307710804045200E-01   -0.909093543887138E-01    0.258081495761871E+00
       0.138627201318741E+00    0.696774646639824E-01   -0.103292673826218E+00    0.164459869265556E-01    0.864866599440575E-01
       0.345324911177158E-01   -0.766327232122421E-01   -0.142119139432907E+00    0.642226338386536E-01    0.362706363201141E+00
       0.502749793231487E-01    0.956974457949400E-02    0.573657974600792E-01    0.282042287290096E-01    0.436656810343266E-01
      -0.182230025529861E+00    0.180783625692129E-01    0.549311041831970E-01    0.254014939069748E+00   -0.392397269606590E-01
      -0.128981331363320E-01    0.337509326636791E-01   -0.241440489888191E+00    0.109403885900974E+00   -0.311703421175480E-01
      -0.230797156691551E-01    0.780554488301277E-01   -0.822999998927116E-01    0.513602271676064E-01    0.107682883739471E+00
       0.195485819131136E-02    0.477350354194641E-01    0.991462171077728E-01    0.402967492118478E-02   -0.550675615668297E-01
      -0.103530287742615E+00    0.429010987281799E-01   -0.144030764698982E+00    0.127761900424957E+00    0.789514034986496E-01
      -0.141715526580811E+00    0.290597900748253E-01   -0.218491889536381E-01    0.193358153104782E+00    0.844426527619362E-01
      -0.122309729456902E+00   -0.112431928515434E+00    0.415046289563179E-01    0.227957665920258E+00    0.137127935886383E+00
       0.187521353363991E-01   -0.137999534606934E+00    0.398775860667229E-01    0.630291476845741E-01   -0.316557645797729E+00
      -0.285990238189697E-01   -0.265344113111496E+00   -0.980704799294472E-01   -0.150510564446449E+00    0.372441709041595E-01
       0.847560353577137E-02   -0.133029550313950E+00
       0.215797405689955E-01   -0.138963339850307E-01    0.892578624188900E-03    0.731105282902718E-01   -0.286284759640694E-01
       0.174613907933235E+00    0.165660679340363E+00   -0.147108405828476E+00   -0.550874471664429E-01   -0.149778068065643E+00
       0.153890326619148E+00   -0.101218797266483E+00   -0.762278810143471E-01   -0.933725461363792E-01    0.437712576240301E-02
       0.262491106987000E-01    0.292200773954391E+00    0.137950792908669E+00    0.107404604554176E+00    0.154986068606377E+00
      -0.925981104373932E-01   -0.457492060959339E-01   -0.221538215875626E+00    0.107609085738659E+00   -0.821668133139610E-01
      -0.311118990182877E+00    0.279071927070618E-01   -0.163966089487076E+00   -0.284407317638397E+00    0.159761920571327E+00
      -0.140276029706001E+00    0.579973496496677E-01   -0.552414432168007E-01   -0.150719834491611E-01    0.278435982763767E-01
       0.791218802332878E-01    0.125874042510986E+00   -0.403817370533943E-01    0.241776049137115E+00   -0.711377412080765E-01
      -0.589034259319305E-01    0.546893551945686E-01   -0.152982562780380E+00    0.145732328295708E+00   -0.353299289941788E+00
      -0.908905267715454E-01   -0.178603306412697E-01    0.187000095844269E+00    0.285632461309433E+00    0.210911840200424E+00
      -0.541658792644739E-02   -0.109566651284695E+00   -0.252287201583385E-01   -0.167029291391373E+00   -0.136584967374802E+00
       0.590114854276180E-01    0.273719802498817E-01    0.621057525277138E-01    0.144489243626595E+00    0.621945820748806E-01
       0.116034530103207E+00    0.252353578805923E+00   -0.133231328800321E-01   -0.424136929214001E-01   -0.625066366046667E-02
      -0.211305126547813E+00   -0.421170406043530E-01    0.503732562065125E-01    0.466949902474880E-01    0.564932916313410E-02
      -0.134620830416679E+00   -0.198111422359943E-01
       0.157617717981339E+00   -0.667975693941116E-01    0.506892353296280E-01    0.969297960400581E-01   -0.456499963998795E+00
      -0.123750910162926E+00    0.776148065924644E-01   -0.111789435148239E+00    0.985247939825058E-01   -0.207968205213547E+00
      -0.221947997808456E+00   -0.104116208851337E+00    0.375169999897480E-01   -0.253978759050369E+00   -0.238520413637161E+00
       0.115106515586376E+00    0.188721805810928E+00    0.371725931763649E-01    0.190111510455608E-01   -0.142318442463875E+00
      -0.114678829908371E+00    0.968328714370728E-01    0.183997675776482E-02   -0.886912364512682E-02   -0.190704576671124E-01
      -0.145929768681526E+00   -0.364791452884674E-01    0.729644969105721E-01   -0.987874865531921E-01    0.124848350882530E+00
       0.443029366433620E-01    0.255799330770969E-01   -0.123292300850153E-02    0.909614562988281E-01    0.209809318184853E-01
       0.296285562217236E-01    0.204258188605309E+00   -0.117471545934677E+00    0.622981637716293E-01   -0.575382784008980E-01
      -0.300626382231712E-01    0.142786368727684E+00    0.123005852103233E+00   -0.411407537758350E-01    0.293610505759716E-01
      -0.122718751430511E+00    0.754474624991417E-01   -0.532925277948380E-01    0.206169962882996E+00    0.263138860464096E-01
       0.247706994414330E-01   -0.128108516335487E+00   -0.483818072825670E-02   -0.385497789829969E-02   -0.347465723752975E-01
      -0.533573105931282E-01   -0.646901950240135E-01   -0.973508432507515E-01    0.126681864261627E+00   -0.108235612511635E+00
      -0.434033125638962E-01    0.394276641309261E-01   -0.168800979852676E+00   -0.660081058740616E-01   -0.254973798990250E+00
       0.239724025130272E+00    0.793635994195938E-01   -0.642749965190887E-01   -0.149460043758154E-02    0.850326791405678E-01
      -0.893328338861465E-01   -0.710064098238945E-01
      -0.613722801208496E-01    0.296242833137512E-01    0.580571917816997E-02    0.348938107490540E-01    0.300296507775784E-01
      -0.335099548101425E-01    0.191958710551262E+00    0.381457135081291E-01   -0.648166388273239E-01   -0.119295775890350E+00
       0.225491493940353E+00   -0.391940958797932E-02   -0.948908179998398E-01   -0.112631827592850E+00   -0.237940728664398E+00
       0.185643434524536E+00   -0.656751263886690E-02   -0.189808920025826E+00    0.560965016484261E-01    0.134107604622841E+00
      -0.154474437236786E+00    0.907341204583645E-02   -0.102604821324348E+00    0.562442615628242E-01   -0.216065540909767E+00
      -0.194796949625015E+00    0.119129128754139E+00   -0.203233398497105E-01    0.146427661180496E+00    0.104898571968079E+00
       0.754405856132507E-01   -0.154270663857460E+00    0.539066754281521E-01    0.953794345259666E-01    0.897453799843788E-01
       0.206515282392502E+00   -0.462592951953411E-01    0.241981923580170E+00    0.354298278689384E-01   -0.385413225740194E-02
      -0.747432261705399E-01    0.651574507355690E-01    0.357511043548584E-01   -0.738103017210960E-01    0.152260912582278E-01
       0.119770221412182E+00   -0.796207711100578E-01   -0.974048897624016E-01    0.166305229067802E+00    0.189111486077309E+00
      -0.116256043314934E+00    0.739639475941658E-01   -0.382725112140179E-01   -0.250940591096878E+00   -0.834567174315453E-01
      -0.284066088497639E-01   -0.891585182398558E-02    0.404936783015728E-01    0.388707369565964E-01   -0.945094600319862E-01
       0.160649955272675E+00    0.587723664939404E-01    0.980749055743217E-01    0.195173591375351E+00    0.262375026941299E+00
       0.250281840562820E-01    0.182894751429558E+00    0.155282199382782E+00    0.862855836749077E-02    0.726309940218925E-01
       0.448752902448177E-01   -0.109831385314465E+00
       0.151494704186916E-01   -0.237544886767864E-01   -0.149716049432755E+00   -0.412764623761177E-01   -0.146135926246643E+00
       0.897846370935440E-02    0.260074079036713E+00    0.109557025134563E+00    0.563042052090168E-01    0.965644046664238E-02
      -0.236556410789490E+00   -0.357714258134365E-01   -0.420602075755596E-01    0.898443385958672E-01    0.514303240925074E-02
       0.726252496242523E-01   -0.397272221744061E-01   -0.637388601899147E-01   -0.488675497472286E-01   -0.291627079248428E+00
      -0.606029182672501E-01   -0.230352431535721E-01    0.432960018515587E-01   -0.176352247595787E+00    0.438014082610607E-01
      -0.466313064098358E-01    0.827566236257553E-01    0.706983283162117E-01   -0.233986929059029E+00    0.111145414412022E+00
      -0.250060968101025E-01    0.207318529486656E+00    0.234430491924286E+00    0.150992318987846E+00   -0.166758507490158E+00
       0.182568475604057E+00   -0.105750501155853E+00   -0.139323277398944E-01   -0.532049015164375E-01   -0.261226445436478E+00
      -0.368499010801315E-01   -0.629519075155258E-01    0.770468935370445E-01    0.115495167672634E+00    0.267310114577413E-02
       0.172951087355614E+00   -0.258922070264816E+00    0.867958460003138E-02    0.536268018186092E-01    0.104671105742455E+00
       0.102577805519104E+00   -0.147860869765282E+00   -0.232549719512463E-01   -0.695839449763298E-01    0.110275223851204E+00
       0.593212619423866E-01   -0.682876929640770E-01   -0.109587945044041E+00    0.481713153421879E-01   -0.309601239860058E-01
      -0.152436597272754E-01    0.104865573346615E+00    0.204413637518883E+00    0.854370072484016E-01    0.132212147116661E+00
      -0.745683833956718E-01   -0.770407617092133E-01    0.263474762439728E+00   -0.106194101274014E+00    0.987731143832207E-01
       0.221623361110687E+00   -0.207457333803177E+00
       0.339707406237721E-02   -0.254184573888779E+00   -0.105461791157722E+00    0.309495069086552E-01    0.441585093736649E+00
       0.387577891349792E+00    0.627536997199059E-01   -0.882840082049370E-01   -0.119718551635742E+00   -0.118470996618271E+00
      -0.199333988130093E-01   -0.147853186354041E-01    0.106196686625481E+00    0.926189869642258E-01    0.944408029317856E-01
      -0.119602888822556E+00   -0.141901925206184E+00    0.652017742395401E-01   -0.109253160655499E+00   -0.292733982205391E-01
      -0.132550060749054E+00   -0.930093079805374E-01   -0.163941644132137E-02   -0.516502372920513E-02    0.246723532676697E+00
       0.608477517962456E-01   -0.285699442028999E-01   -0.135913817211986E-01   -0.900272876024246E-01    0.190662220120430E-01
       0.107220642268658E+00    0.858002305030823E-01   -0.928103700280190E-01   -0.205618813633919E+00    0.252293437719345E+00
      -0.828691571950912E-01    0.103415995836258E+00    0.195087164640427E+00    0.150655746459961E+00    0.127031236886978E+00
      -0.856918375939131E-02    0.157538764178753E-01    0.276125706732273E-01    0.279415458440781E+00   -0.672432556748390E-01
      -0.130620956420898E+00    0.719307661056519E-01    0.162822961807251E+00   -0.111445091664791E+00    0.261419028043747E+00
       0.196598935872316E-02   -0.156711116433144E+00    0.115596100687981E+00   -0.107508927583694E+00   -0.171439349651337E+00
      -0.438932962715626E-01    0.139301672577858E+00    0.631667450070381E-01    0.702613890171051E-01    0.478977784514427E-01
       0.398699231445789E-01    0.264821052551270E+00   -0.466565303504467E-01    0.660078898072243E-01    0.220987275242805E+00
       0.953618288040161E-01   -0.225466303527355E-01   -0.118822092190385E-01   -0.163872882723808E+00    0.200776144862175E+00
       0.208046391606331E+00    0.160027757287025E+00
       0.212893903255463E+00   -0.417361035943031E-02   -0.159199699759483E+00    0.761224105954170E-01   -0.156513020396233E+00
      -0.255108810961246E-03    0.105736434459686E+00    0.209330506622791E-01   -0.501139722764492E-01    0.163559988141060E+00
       0.751594603061676E-01    0.390935223549604E-02    0.141782492399216E+00    0.121390998363495E+00   -0.312105268239975E-01
      -0.188086293637753E-01    0.134781915694475E-01    0.267388150095940E-01    0.814625248312950E-01    0.323963537812233E-01
      -0.311088651418686E+00    0.193831026554108E+00   -0.473833009600639E-01    0.700857164338231E-02    0.241901464760303E-01
       0.100604370236397E+00   -0.109737152233720E-01   -0.325091928243637E-01    0.298942327499390E-01    0.156079739332199E+00
      -0.194572508335114E-01   -0.157974399626255E-01    0.209839060902596E+00   -0.165415704250336E+00    0.159744948148727E+00
      -0.445798374712467E-01    0.314122326672077E-01   -0.874409005045891E-01   -0.274034254252911E-01   -0.166455850005150E+00
      -0.940204784274101E-01    0.120563983917236E+00   -0.825223978608847E-02    0.374751016497612E-01    0.140839949250221E+00
      -0.202739372849464E+00   -0.710052028298378E-01   -0.268858596682549E-01   -0.480306260287762E-01   -0.890595763921738E-01
       0.468841008841991E-01    0.529517270624638E-01   -0.934585183858871E-01   -0.845375731587410E-01   -0.151013791561127E+00
      -0.381918735802174E-01    0.109493173658848E+00    0.105067282915115E+00   -0.349203497171402E-01   -0.143806815147400E+00
       0.157998129725456E+00   -0.127670586109161E+00   -0.716931372880936E-01   -0.764291137456894E-01   -0.113931939005852E+00
      -0.563320368528366E-01    0.162204787135124E+00   -0.592561885714531E-01    0.987611245363951E-02    0.666818544268608E-01
      -0.165856435894966E+00   -0.108601875603199E+00
      -0.111513666808605E+00    0.679441913962364E-01   -0.139932736754417E+00   -0.571627691388130E-01   -0.262650251388550E+00
      -0.211409524083138E+00    0.249381959438324E-01   -0.448754504323006E-01   -0.554673895239830E-01   -0.378455072641373E-01
       0.232218559831381E-01   -0.157530754804611E-01   -0.346147082746029E-01   -0.109391465783119E+00   -0.269186258316040E+00
       0.101211026310921E+00    0.101216835901141E-01   -0.537871122360229E-01   -0.268915481865406E-01    0.150214955210686E+00
      -0.187604933977127E+00   -0.101293958723545E+00   -0.130542283877730E-01   -0.418936982750893E-01    0.386454798281193E-01
       0.226737201213837E+00    0.128327056765556E+00   -0.293338112533092E-01    0.172057658433914E+00    0.544056622311473E-02
      -0.174597963690758E+00    0.517722591757774E-01    0.134408906102180E+00   -0.143463775515556E+00   -0.375073701143265E-01
       0.882032960653305E-01    0.104857034981251E+00    0.441968701779842E-01    0.234767384827137E-01   -0.952210128307343E-01
      -0.111080832779408E+00   -0.105125129222870E+00   -0.250764675438404E-01   -0.412768013775349E-01   -0.150981485843658E+00
       0.107948623597622E+00   -0.258040428161621E+00   -0.704855918884277E-01    0.229246214032173E+00    0.967949926853180E-01
      -0.162287220358849E+00    0.207295298576355E+00   -0.235901288688183E-01   -0.145859941840172E+00    0.904517248272896E-03
       0.982190445065498E-01    0.508971810340881E-01    0.296144224703312E-01    0.169779241085052E+00   -0.737119838595390E-01
       0.498866774141788E-01    0.123211085796356E+00    0.135057821869850E+00    0.318627171218395E-01   -0.673102512955666E-01
      -0.645650923252106E-01   -0.448756515979767E-01   -0.148986190557480E+00   -0.529680401086807E-01   -0.759177803993225E-01
       0.100297316908836E+00   -0.113252237439156E+00
      -0.678459275513887E-02    0.155231848359108E+00   -0.290198892354965E+00    0.173200756311417E+00   -0.502919889986515E-01
       0.187754221260548E-01   -0.327874034643173E+00    0.818614885210991E-01    0.592643488198519E-02    0.109334312379360E+00
       0.103404842317104E+00   -0.174373760819435E+00   -0.168172299861908E+00    0.187924019992352E-01   -0.900981053709984E-01
      -0.858905687928200E-01   -0.401763528585434E+00   -0.839335322380066E-01   -0.114637268707156E-01   -0.612643584609032E-01
      -0.211630165576935E+00    0.247522965073586E-01    0.238284282386303E-02    0.167105361819267E+00    0.380047149956226E-01
       0.194297567009926E+00   -0.397856645286083E-01   -0.109945982694626E+00   -0.116097861900926E-01   -0.495076142251492E-01
       0.545370765030384E-01    0.113054208457470E+00   -0.811501443386078E-01   -0.488735251128674E-01    0.349824763834476E-01
       0.258751697838306E-01   -0.649958550930023E-01    0.163160338997841E-01   -0.309632532298565E-01    0.168151721358299E+00
       0.135330080986023E+00    0.102028943598270E+00    0.152864437550306E-01   -0.233482018113136E+00    0.236408803611994E-01
      -0.301824882626534E-01   -0.828190445899963E-01   -0.890481993556023E-01    0.157771661877632E+00    0.137876272201538E+00
       0.144595518708229E+00    0.135372608900070E+00    0.276900678873062E-01    0.102383466437459E-01   -0.136429861187935E+00
      -0.122920826077461E+00   -0.261200964450836E-01   -0.874690189957619E-01   -0.325590297579765E-01   -0.191175490617752E-01
      -0.371931456029415E-01   -0.499342046678066E-01    0.103504531085491E+00   -0.183078460395336E-03   -0.158772066235542E+00
      -0.263135582208633E-01    0.121313221752644E-01    0.109660267829895E+00   -0.232851207256317E-01    0.147583380341530E+00
      -0.423994958400726E-01    0.641014054417610E-01
      -0.404929406940937E-01    0.364954620599747E-01   -0.571455806493759E-03   -0.189138762652874E-01   -0.124219968914986E+00
      -0.134731084108353E+00    0.179650455713272E+00    0.156422704458237E+00    0.232671216130257E+00    0.279262363910675E+00
       0.124581873416901E+00   -0.192626751959324E-02    0.250759303569794E+00   -0.836196467280388E-01   -0.224099159240723E+00
      -0.908817276358604E-01    0.272245675325394E+00    0.167495589703321E-01   -0.577955171465874E-01   -0.256681814789772E-01
       0.465068481862545E-01    0.179923415184021E+00   -0.852384883910418E-02    0.139554694294930E+00   -0.963941216468811E-01
      -0.220149636268616E+00    0.230583250522614E-01   -0.679174512624741E-01    0.669814199209213E-01    0.332502881065011E-02
      -0.535308104008436E-02    0.194506328552961E-01    0.102893419563770E+00    0.648885071277618E-01    0.168356865644455E+00
       0.180868968367577E+00    0.322779081761837E-02    0.396022386848927E-01    0.881742592900991E-02    0.211549758911133E+00
      -0.135811969637871E+00   -0.132869049906731E+00    0.421778298914433E-03   -0.245765224099159E-01   -0.487891621887684E-01
       0.304640270769596E-01    0.611385367810726E-01   -0.711884349584579E-01    0.252776965498924E-01    0.117964163422585E+00
      -0.166110336780548E+00    0.237299516797066E+00   -0.120114207267761E+00   -0.163330957293510E+00   -0.530519485473633E-01
       0.107360053807497E-01   -0.908462330698967E-01    0.122429557144642E+00   -0.119275739416480E-01    0.449039265513420E-01
       0.188357427716255E+00   -0.665440186858177E-01    0.140795946121216E+00    0.135476335883141E+00    0.179358437657356E+00
      -0.187490627169609E+00    0.182086348533630E+00    0.181118741631508E+00    0.131092756986618E+00   -0.803759247064590E-01
      -0.148460000753403E+00   -0.953360199928284E-01
      -0.646598637104034E-03   -0.105752283707261E-01    0.118723690509796E+00   -0.238235205411911E+00   -0.360569924116135E+00
       0.638160705566406E-01    0.994207859039307E-01    0.111061438918114E+00    0.119602128863335E+00    0.122733756899834E+00
      -0.537505149841309E-01    0.952282696962357E-01   -0.152246758341789E+00   -0.120691746473312E+00   -0.184177458286285E+00
      -0.730390381067991E-02   -0.151641607284546E+00    0.108328424394131E-01   -0.154832452535629E+00    0.118758045136929E+00
       0.470716916024685E-01    0.816562846302986E-01    0.827875137329102E-01    0.105143159627914E+00   -0.200426146388054E+00
      -0.136153325438499E+00    0.206106454133987E+00    0.253128975629807E+00    0.175205707550049E+00    0.112414322793484E+00
       0.348864607512951E-01   -0.134825259447098E+00   -0.293930806219578E-01    0.139111652970314E+00   -0.908108428120613E-01
       0.163095653057098E+00   -0.217831991612911E-01    0.166141539812088E-01    0.114162817597389E+00   -0.659621879458427E-01
       0.146762803196907E+00   -0.116012068465352E-01   -0.128187179565430E+00    0.328146107494831E-01   -0.118755370378494E+00
       0.500634759664536E-01   -0.649107769131660E-01    0.191510632634163E+00   -0.145100921392441E+00    0.200775295495987E+00
      -0.154507318511605E-01    0.269483268260956E+00   -0.305633634328842E+00   -0.689175650477409E-01   -0.116496041417122E+00
      -0.403325632214546E-01    0.790306478738785E-01    0.102933034300804E+00   -0.104752808809280E+00    0.130910687148571E-01
       0.489101186394691E-01   -0.109808519482613E+00   -0.143328189849854E+00   -0.330037064850330E-02   -0.283350683748722E-01
      -0.992405563592911E-01   -0.215186238288879E+00   -0.105645477771759E+00   -0.506077073514462E-01   -0.683881118893623E-01
      -0.718154534697533E-01   -0.636788234114647E-01
       0.215309977531433E+00   -0.129821911454201E+00    0.162602141499519E-01   -0.139948904514313E+00    0.432983823120594E-01
      -0.212025120854378E-01   -0.122956084087491E-01    0.299765139818192E+00    0.130816295742989E+00   -0.359453819692135E-01
      -0.899858120828867E-02    0.297458916902542E+00   -0.145580559968948E+00    0.200982064008713E+00    0.152818113565445E+00
      -0.121197938919067E+00    0.106286760419607E-01   -0.204885490238667E-01   -0.218118168413639E-01   -0.727937445044518E-01
      -0.682702567428350E-02    0.123436097055674E-02   -0.637295544147491E-01    0.215914323925972E-01   -0.110070474445820E+00
       0.482739657163620E-01   -0.168007463216782E+00    0.219651702791452E-01   -0.752818062901497E-01    0.586408302187920E-01
      -0.912093967199326E-01   -0.403495244681835E-01   -0.753789991140366E-01    0.151734068989754E+00   -0.129173517227173E+00
       0.582732707262039E-01    0.200023412704468E+00    0.136703059077263E+00    0.119139321148396E+00    0.345356436446309E-02
      -0.745745301246643E-01   -0.608565360307693E-01   -0.609152019023895E-01    0.649610310792923E-01    0.353137217462063E-01
       0.141470655798912E+00    0.164479501545429E-01   -0.918522328138351E-01    0.851975828409195E-01    0.529291070997715E-01
      -0.187897216528654E-02   -0.335828922688961E-01   -0.113509437069297E-01   -0.443602167069912E-01    0.166139230132103E-01
       0.259615063667297E+00   -0.509450174868107E-01   -0.369009189307690E-02    0.103419631719589E+00   -0.151723578572273E+00
       0.145955294370651E+00    0.398336090147495E-01    0.571139380335808E-01    0.140603436157107E-01   -0.495297499001026E-01
      -0.623114127665758E-02   -0.774911195039749E-01   -0.323704518377781E-01   -0.941446423530579E-01    0.104588754475117E-01
       0.759164839982986E-01    0.226113963872194E-01
       0.395148992538452E-02   -0.665635243058205E-01   -0.142787143588066E+00    0.950152724981308E-01    0.136279240250587E+00
      -0.361817702651024E-02    0.470949783921242E-01    0.100849062204361E+00    0.166662968695164E-03    0.670093446969986E-01
       0.159467950463295E+00   -0.158832997083664E+00    0.233783535659313E-01   -0.187410801649094E+00   -0.101757861673832E+00
       0.768909081816673E-01    0.234975770115852E+00   -0.117266327142715E+00    0.211806774139404E+00    0.264167875051498E+00
      -0.304297134280205E-01    0.515081249177456E-01   -0.103749055415392E-02    0.110022425651550E+00   -0.157508365809917E-01
      -0.153662994503975E+00    0.977306962013245E-01    0.111189736053348E-01    0.192079931497574E+00   -0.175604522228241E+00
      -0.919996798038483E-01   -0.129931837320328E+00    0.139967441558838E+00   -0.886757969856262E-01    0.351706221699715E-01
       0.805718377232552E-01   -0.434336364269257E-01   -0.626168176531792E-01   -0.489303581416607E-01   -0.137590005993843E+00
       0.379471592605114E-01    0.746830478310585E-01   -0.106806635856628E+00    0.807670503854752E-01   -0.142013236880302E+00
       0.150705978274345E+00    0.977669507265091E-01    0.374169610440731E-01    0.164144728332758E-01   -0.474768504500389E-02
       0.137234583497047E+00   -0.549208149313927E-01    0.217685066163540E-01   -0.722832009196281E-01    0.202819630503654E-01
      -0.275963723659515E+00    0.886593312025070E-01    0.320848524570465E-01   -0.348721258342266E-02   -0.296707917004824E-02
      -0.421995557844639E-01   -0.502260662615299E-01    0.113891512155533E+00   -0.660682022571564E-01    0.148333355784416E+00
       0.128494143486023E+00   -0.562661290168762E-01   -0.112126665189862E-01    0.914633348584175E-01   -0.333456974476576E-02
      -0.811300054192543E-01   -0.632105469703674E-01
      -0.877374783158302E-01    0.717229619622231E-01   -0.603216364979744E-01   -0.283899568021297E-01   -0.323671288788319E-01
      -0.257716625928879E-01    0.119710139930248E+00    0.585248805582523E-01    0.114424275234342E-01    0.236265793442726E+00
       0.142957493662834E-01    0.154583439230919E+00    0.110553868114948E+00    0.201914444565773E+00    0.282897129654884E-01
       0.278180204331875E-01    0.235902294516563E-01   -0.916440039873123E-03   -0.127407521009445E+00    0.165543749928474E+00
       0.262286514043808E+00    0.996406674385071E-01    0.345872435718775E-02   -0.201237767934799E+00    0.384309440851212E-01
      -0.133288323879242E+00    0.464375503361225E-01   -0.125754117965698E+00    0.139046665281057E-01   -0.744231883436441E-02
       0.810018032789230E-01   -0.140646085143089E+00    0.798857957124710E-01    0.135499060153961E+00   -0.543505325913429E-01
      -0.147080034017563E+00   -0.112655512988567E+00    0.235531702637672E-01   -0.117760337889194E-02    0.173687204718590E+00
      -0.988975539803505E-01    0.192300364375114E+00    0.180580504238605E-01   -0.346902832388878E-01   -0.171860724687576E+00
       0.289921835064888E-01    0.293473340570927E-01    0.138086631894112E+00    0.634178593754768E-01    0.132009759545326E+00
       0.135042905807495E+00   -0.209645047783852E+00   -0.791630521416664E-01    0.112055309116840E+00   -0.938947647809982E-01
       0.274548828601837E-01   -0.157045535743237E-01   -0.517902448773384E-01   -0.105493254959583E+00    0.293826907873154E-01
       0.223480463027954E+00    0.934972539544106E-01    0.400237776339054E-01   -0.109769187867641E+00    0.608122721314430E-01
       0.303623732179403E-02    0.120501406490803E+00    0.205162316560745E-01    0.181752163916826E-01    0.659368932247162E-01
       0.241730492562056E-01   -0.101297773420811E+00
      -0.130472704768181E+00   -0.168439507484436E+00    0.755135416984558E-01    0.220960006117821E-02    0.130332797765732E+00
      -0.561155974864960E-01    0.139943122863770E+00    0.836485028266907E-01   -0.203244686126709E+00    0.152729630470276E+00
       0.183453671634197E-01   -0.932445842772722E-02   -0.174889303743839E-01    0.112468190491199E+00    0.203659400343895E+00
       0.131230637431145E+00   -0.196839049458504E+00   -0.675940439105034E-01   -0.126698777079582E+00    0.609267726540565E-01
       0.296448588371277E+00    0.126432133838534E-01   -0.131024541333318E-01   -0.687237977981567E-01    0.146992085501552E-01
       0.244082674384117E+00    0.113325625658035E+00    0.154681399464607E+00   -0.126714631915092E+00   -0.452954098582268E-01
      -0.725030526518822E-01   -0.802270993590355E-01    0.183432862162590E+00    0.311248116195202E-01    0.771014541387558E-01
       0.176802754402161E+00    0.152395844459534E+00   -0.698763877153397E-01   -0.138694718480110E+00   -0.500640794634819E-01
      -0.720366165041924E-01    0.223205182701349E-01    0.126985749229789E-01   -0.100708708167076E+00   -0.258072353899479E-01
       0.114991560578346E+00    0.212965160608292E-02    0.149334883317351E-01    0.226087234914303E-01   -0.142278045415878E+00
      -0.911363810300827E-01   -0.650355815887451E-01   -0.715665146708488E-01    0.244245365262032E+00    0.110330738127232E+00
      -0.241984352469444E-01    0.623666457831860E-01    0.304270416498184E+00    0.539179369807243E-01   -0.708377957344055E-01
      -0.897633731365204E-01   -0.892323479056358E-01    0.109192013740540E+00   -0.159667804837227E+00   -0.109547659754753E+00
      -0.196805521845818E+00    0.537787489593029E-01    0.177643954753876E+00    0.209930822253227E+00    0.741877704858780E-01
       0.472140684723854E-02    0.105964913964272E+00
       0.133278205990791E+00   -0.742882397025824E-02   -0.150729134678841E+00    0.106112763285637E+00   -0.532708615064621E-01
      -0.546807199716568E-01    0.391690544784069E-01   -0.456676892936230E-01   -0.242910310626030E+00   -0.127011537551880E+00
      -0.646456554532051E-01    0.590496473014355E-01   -0.120938688516617E+00   -0.598634555935860E-01   -0.122482357546687E-01
      -0.135693937540054E+00   -0.184495598077774E+00   -0.130521729588509E+00    0.391176730394363E+00   -0.926637053489685E-01
      -0.455570667982101E-01    0.112108632922173E+00    0.159298986196518E+00    0.132557854056358E+00    0.264464952051640E-01
      -0.850465297698975E-01    0.155734643340111E-02   -0.104192383587360E+00   -0.997667610645294E-01    0.650380104780197E-01
      -0.259033828973770E+00    0.500575490295887E-01   -0.347679387778044E-02    0.288727521896362E+00   -0.127628102898598E+00
      -0.364184118807316E-01   -0.336155630648136E-01    0.283458605408669E-01    0.829303637146950E-02    0.482691871002316E-02
      -0.151327937841415E+00    0.897896103560925E-02   -0.108410142362118E+00   -0.863287895917892E-01    0.186910420656204E+00
      -0.866079702973366E-01    0.168379656970501E-01   -0.253210276365280E+00   -0.202041804790497E+00   -0.201084002852440E+00
      -0.240312702953815E-01   -0.701751187443733E-01   -0.163195133209229E+00   -0.252719640731812E+00   -0.312633551657200E-01
      -0.105236480012536E-01   -0.782160088419914E-01   -0.461110547184944E-01   -0.245012268424034E-01   -0.754201412200928E-01
      -0.770944580435753E-01    0.111418850719929E+00   -0.540671870112419E-01   -0.100797846913338E+00    0.225333258509636E+00
      -0.130088821053505E+00   -0.636909455060959E-01    0.174911484122276E+00   -0.995530784130096E-01   -0.171397790312767E+00
       0.138883478939533E-03    0.799262896180153E-02
       0.727489739656448E-01    0.609830580651760E-01    0.164151489734650E+00    0.203029781579971E+00   -0.106760583817959E+00
       0.574878677725792E-01    0.176934763789177E+00   -0.542905107140541E-01    0.557168275117874E-01   -0.193588137626648E+00
       0.333112031221390E+00    0.509513802826405E-01    0.453755594789982E-01   -0.109292892739177E-01    0.541986525058746E-01
      -0.207831598818302E-01    0.333484932780266E-01    0.120533168315887E+00   -0.326926074922085E-01   -0.860981866717339E-01
       0.832485705614090E-01    0.444688610732555E-01   -0.106148362159729E+00    0.158234462141991E+00    0.195715092122555E-01
       0.174330934882164E+00    0.828184410929680E-01   -0.823666676878929E-01    0.178207848221064E-01    0.769456848502159E-01
      -0.119095847010612E+00   -0.322652012109756E-01   -0.550465062260628E-01    0.476939883083105E-02    0.125269860029221E+00
      -0.738655403256416E-01    0.581816397607327E-01    0.290693901479244E-01   -0.299351550638676E-01    0.172249943017960E+00
      -0.175542175769806E+00    0.178920984268188E+00    0.733088478446007E-01    0.422175414860249E-01    0.136312097311020E+00
       0.242717918008566E-01    0.106357760727406E+00    0.672644283622503E-02   -0.453738719224930E-01    0.739933103322983E-01
       0.286266654729843E-01   -0.112581983208656E+00   -0.147781714797020E+00   -0.986865442246199E-02   -0.781986489892006E-01
      -0.524758622050285E-01   -0.153630390763283E+00    0.819077342748642E-01    0.111049108207226E+00   -0.248743966221809E+00
       0.181811094284058E+00    0.555443130433559E-01    0.728889703750610E-01   -0.764563679695129E-01    0.262559950351715E+00
      -0.903569161891937E-01    0.100307725369930E-01    0.213261455297470E+00   -0.100150078535080E+00    0.103733703494072E+00
       0.200734972953796E+00   -0.189659185707569E-03
      -0.236691199243069E-01   -0.768332090228796E-02   -0.138128280639648E+00    0.169666297733784E-01   -0.162461698055267E+00
      -0.173559099435806E+00   -0.127836152911186E+00   -0.803664922714233E-01   -0.195038363337517E+00    0.754671841859818E-01
      -0.115262478590012E+00    0.442972732707858E-02    0.243885159492493E+00   -0.469000823795795E-02   -0.124041154980659E+00
      -0.946116074919701E-01   -0.125199198722839E+00   -0.949555039405823E-01   -0.167731717228889E-01   -0.184114098548889E+00
      -0.220602676272392E+00   -0.138861209154129E+00   -0.365961305797100E-01   -0.721174329519272E-01    0.700962096452713E-01
       0.538987778127193E-01    0.952893346548080E-01    0.692053698003292E-02   -0.377582535147667E-01    0.449845613911748E-02
       0.332305096089840E-01    0.160149335861206E+00    0.949266105890274E-01    0.107005275785923E+00   -0.365252345800400E-01
       0.232393100857735E+00    0.956687331199646E-02   -0.107465378940105E+00    0.695055127143860E-01   -0.201487630605698E+00
       0.166728109121323E+00   -0.210157454013824E+00   -0.199283927679062E+00    0.425352379679680E-01   -0.565031170845032E-01
      -0.760753378272057E-01   -0.131196722388268E+00   -0.197684660553932E+00    0.443959832191467E-01   -0.112975411117077E+00
      -0.168115422129631E-01    0.824303999543190E-01   -0.227814048528671E+00   -0.832162145525217E-02   -0.193232044577599E+00
       0.200008712708950E-01    0.157365232706070E+00    0.217215210199356E+00   -0.242491260170937E+00    0.303308337926865E+00
      -0.348242074251175E+00    0.186513617634773E+00   -0.211932323873043E-02   -0.157112590968609E-01    0.776574090123177E-01
      -0.292072221636772E-01    0.627481192350388E-01    0.453059487044811E-01    0.729032605886459E-01   -0.276897884905338E-01
      -0.111812733113766E+00   -0.365651138126850E-01
      -0.736529845744371E-02   -0.843693837523460E-01   -0.135472208261490E+00   -0.662563815712929E-01    0.245171859860420E+00
       0.440586498007178E-02    0.749931856989861E-01   -0.813868716359138E-01    0.137345582246780E+00   -0.398597680032253E-01
      -0.794333871454000E-02   -0.625933632254601E-01    0.347926169633865E-01    0.629104897379875E-01    0.537054166197777E-01
      -0.864769816398621E-01    0.546778179705143E-01   -0.966450646519661E-01    0.205899745225906E+00   -0.131600290536880E+00
       0.267652928829193E+00    0.108513906598091E+00    0.265226930379868E+00    0.294512994587421E-01   -0.263151451945305E-01
       0.672882273793221E-01   -0.140881435945630E-01   -0.571032911539078E-01    0.231427773833275E+00    0.118968151509762E+00
      -0.617153123021126E-01   -0.202372372150421E-01   -0.381710827350616E-01    0.361896753311157E+00    0.106582053005695E+00
       0.703075975179672E-01    0.538599304854870E-01    0.105022057890892E+00   -0.510008074343204E-02   -0.774939358234406E-01
       0.153423860669136E+00    0.120200626552105E+00   -0.361909307539463E-01    0.653584599494934E-01    0.664209648966789E-01
       0.137013614177704E+00   -0.540705695748329E-01   -0.111104622483253E+00    0.437321513891220E-01    0.505913011729717E-01
       0.240817487239838E+00   -0.123710772022605E-01    0.123895794153214E+00    0.200850829482079E+00    0.569053962826729E-01
      -0.609532520174980E-01    0.718524381518364E-01    0.128458529710770E+00   -0.228146597743034E+00    0.314774625003338E-01
      -0.768913403153419E-01   -0.726545974612236E-01   -0.412074066698551E-01    0.790875777602196E-01    0.667247027158737E-01
      -0.265209376811981E+00    0.831645801663399E-01    0.214940086007118E+00   -0.775550082325935E-01    0.938995033502579E-01
       0.879376009106636E-01   -0.783908516168594E-01
       0.126958429813385E+00    0.953684523701668E-01    0.125958502292633E+00    0.139129430055618E+00   -0.344559550285339E+00
      -0.594666302204132E-01    0.278670080006123E-01    0.144817128777504E+00    0.265867672860622E-01    0.889152660965919E-01
      -0.209314636886120E-01   -0.892401486635208E-01    0.443392209708691E-01   -0.104136079549789E+00    0.668421685695648E-01
       0.328563340008259E-01   -0.167875453829765E+00   -0.266472809016705E-03    0.213399343192577E-02    0.699103027582169E-01
      -0.239243619143963E-01   -0.299385100603104E+00   -0.460222437977791E-01   -0.615901350975037E-01    0.118455134332180E+00
       0.227440111339092E-01    0.109306372702122E+00    0.959096327424049E-01   -0.485203973948956E-02    0.267038673162460E+00
      -0.489939078688622E-01   -0.860790908336639E-01   -0.460876338183880E-01    0.335686653852463E-01    0.418523401021957E-01
      -0.177624896168709E+00    0.917701348662376E-01    0.206945352256298E-01    0.954500660300255E-01    0.954082533717155E-01
      -0.276889763772488E-01   -0.416267849504948E-01    0.684217885136604E-01   -0.137354895472527E+00    0.132888369262218E-01
       0.774299651384354E-01   -0.588783770799637E-01    0.165685951709747E+00    0.832090526819229E-02   -0.854798704385757E-01
       0.171725779771805E+00    0.703735500574112E-01    0.135653287172318E+00   -0.104915574193001E+00   -0.706482231616974E-01
       0.255190189927816E-01   -0.208596885204315E-01    0.106430239975452E+00   -0.376219935715199E-01   -0.668662339448929E-01
       0.928489491343498E-03   -0.663858354091644E-01    0.223588407039642E+00    0.294393040239811E-01   -0.207058861851692E-01
       0.702870115637779E-01    0.660663917660713E-01    0.793069154024124E-01   -0.112367458641529E+00    0.856267586350441E-01
      -0.109652325510979E+00   -0.301427617669106E-01
      -0.172282345592976E-01    0.235022500157356E+00   -0.977605115622282E-02   -0.183857232332230E+00    0.170855179429054E+00
       0.102451458573341E+00   -0.630690380930901E-01   -0.848724991083145E-01   -0.711887553334236E-01   -0.931232869625092E-01
      -0.248053446412086E-01    0.848593935370445E-01    0.702097341418266E-01    0.167896464467049E+00   -0.577486157417297E-01
      -0.711355581879616E-01   -0.139612570405006E+00    0.911554619669914E-01   -0.315946005284786E-01    0.211382508277893E-01
      -0.746201872825623E-01    0.951571688055992E-01   -0.297332033514977E-01   -0.852857083082199E-01    0.531225576996803E-01
       0.386654213070869E-02    0.123654589056969E+00   -0.487965941429138E-01   -0.311367437243462E-01   -0.360530056059361E-01
      -0.777798891067505E-01    0.734927356243134E-01    0.526397675275803E-01    0.170348938554525E-01   -0.134831026196480E+00
      -0.182546466588974E+00    0.968679413199425E-02    0.773070529103279E-01   -0.150242924690247E+00   -0.520634315907955E-01
      -0.347097605466843E+00   -0.358679853379726E-01    0.135752847418189E-01   -0.602085515856743E-01   -0.212814584374428E+00
       0.794030204415321E-01    0.701005086302757E-01   -0.163261927664280E-01    0.771283283829689E-01    0.105753526091576E+00
       0.241374541074038E-01   -0.126125201582909E+00   -0.156295634806156E-01    0.103506922721863E+00    0.885955467820168E-01
      -0.884578526020050E-01   -0.329365432262421E-01    0.190719049423933E-01   -0.513317771255970E-01    0.140117242932320E+00
       0.140577077865601E+00   -0.206867650151253E+00    0.167832430452108E-01    0.846466049551964E-01    0.700454264879227E-01
      -0.484673194587231E-01   -0.552190542221069E-01    0.400141887366772E-01   -0.144663779065013E-01    0.117274746298790E+00
       0.897097736597061E-01    0.562582463026047E-01
       0.398938357830048E-01    0.102851130068302E+00    0.128383919596672E+00    0.208144858479500E-01    0.313915640115738E+00
      -0.820208042860031E-01   -0.709283500909805E-01   -0.199526160955429E+00    0.973617751151323E-02    0.648699514567852E-02
       0.964593514800072E-01   -0.964994281530380E-01   -0.202582776546478E-01    0.200263500213623E+00    0.227389633655548E-01
      -0.955400168895721E-01   -0.161960825324059E+00   -0.616791993379593E-01   -0.158916302025318E-01   -0.127077743411064E+00
      -0.143146857619286E+00    0.133720874786377E+00    0.565070472657681E-01    0.522913299500942E-01    0.282469898462296E+00
       0.489544905722141E-01    0.154527023434639E+00   -0.223785825073719E-01    0.254943668842316E+00    0.190650314092636E+00
       0.181460693478584E+00   -0.487896651029587E-01   -0.162917785346508E-01   -0.177246481180191E-01   -0.141740432009101E-01
      -0.596802979707718E-01    0.176876503974199E-01    0.677552744746208E-01    0.667297393083572E-01   -0.500326696783304E-02
       0.198467820882797E+00   -0.180515497922897E-01   -0.107623055577278E+00    0.599196627736092E-01    0.130720064043999E-01
       0.560413375496864E-01   -0.173499241471291E+00    0.148615613579750E+00   -0.129491537809372E+00    0.320388495922089E+00
       0.474020838737488E-01   -0.732418894767761E-01   -0.485823117196560E-01   -0.670387968420982E-01   -0.247173756361008E-02
       0.243353303521872E-01    0.809881687164307E-01    0.965128988027573E-01   -0.871629863977432E-01   -0.280579961836338E-01
      -0.150294667109847E-01    0.518472753465176E-01    0.285667866468430E+00   -0.152468597516418E-01    0.106177866458893E+00
      -0.602835714817047E-01    0.698769558221102E-02   -0.166414394974709E+00   -0.108506016433239E+00    0.334339775145054E-01
       0.334261834621429E+00    0.331422865390778E+00
      -0.905057862401009E-01   -0.432493500411510E-01   -0.596134886145592E-01   -0.620095580816269E-01    0.268375426530838E+00
      -0.441854223608971E-01    0.699873864650726E-01    0.333742685616016E-01   -0.245548650622368E+00   -0.124089837074280E+00
       0.661754831671715E-01   -0.249265000224113E+00   -0.744817778468132E-01   -0.290721952915192E-01   -0.430558510124683E-01
      -0.103582859039307E+00    0.890881642699242E-01   -0.130447477102280E+00   -0.476718917489052E-01   -0.604918822646141E-01
      -0.576613619923592E-01   -0.284039713442326E-01    0.144406199455261E+00    0.235040709376335E+00    0.191430553793907E+00
       0.205543830990791E+00    0.163085550069809E+00   -0.867424532771111E-01   -0.186047464609146E+00    0.378062613308430E-01
      -0.752748996019363E-01   -0.112162604928017E+00   -0.105093047022820E+00   -0.129184454679489E+00   -0.916721075773239E-01
      -0.169813521206379E-01   -0.223664641380310E+00   -0.449772961437702E-01   -0.318473041057587E+00   -0.199179202318192E+00
      -0.636573806405067E-01    0.298719257116318E-01    0.800054222345352E-01    0.124113149940968E+00   -0.641417056322098E-01
      -0.445250198245049E-01    0.397162064909935E-01    0.263668775558472E+00   -0.729189347475767E-02   -0.567317828536034E-01
       0.108579121530056E+00    0.132428715005517E-01   -0.696201026439667E-01   -0.587213709950447E-01   -0.187596827745438E+00
      -0.103642448782921E+00   -0.144823193550110E+00   -0.110622152686119E+00    0.286660157144070E-01    0.378739722073078E-01
       0.143778733909130E-01    0.133111774921417E+00   -0.702316761016846E-01    0.102025859057903E+00   -0.162187635898590E+00
      -0.133390411734581E+00    0.159440338611603E-01    0.475700125098228E-01    0.712120458483696E-01   -0.103251919150352E+00
       0.840672254562378E-01    0.433256067335606E-01
       0.183694716542959E-02    0.328629165887833E+00    0.107404805719852E+00   -0.115103349089622E+00    0.139683827757835E+00
       0.261070579290390E+00   -0.535245463252068E-01   -0.119196236133575E+00    0.783024206757545E-01    0.180842041969299E+00
       0.228296384215355E+00    0.866647735238075E-01   -0.193402804434299E-01   -0.109324172139168E+00   -0.157783180475235E-01
       0.335774570703506E-01    0.644039139151573E-01   -0.507182367146015E-01   -0.170034468173981E+00    0.798489823937416E-01
      -0.403703041374683E-01    0.131382182240486E+00    0.236711964011192E+00    0.160816937685013E+00    0.245745033025742E+00
      -0.912840068340302E-01   -0.893366858363152E-01   -0.401540379971266E-02    0.961515903472900E-01   -0.483186729252338E-01
      -0.443831235170364E-01   -0.414325222373009E-01    0.170238595455885E-01   -0.565491840243340E-01   -0.242433696985245E-01
       0.529336892068386E-01    0.208599597215652E+00   -0.283051542937756E-01   -0.224560379981995E+00    0.103704705834389E-01
       0.332483649253845E-01    0.242585539817810E+00    0.620335619896650E-02   -0.405238866806030E-01   -0.128087503835559E-01
       0.109598979353905E+00    0.129764288663864E+00    0.657077506184578E-01   -0.988095626235008E-01   -0.546717420220375E-01
       0.127744562923908E-01    0.172877367585897E-01    0.160888507962227E+00    0.236599408090115E-01    0.101479597389698E+00
      -0.601045936346054E-01    0.195071309804916E+00   -0.102969288825989E+00    0.267309278249741E+00   -0.594583153724670E-01
      -0.214288339018822E+00    0.254948437213898E+00    0.889935195446014E-01    0.108132943511009E+00    0.105043619871140E+00
       0.847783535718918E-01    0.528141148388386E-01    0.905146151781082E-01    0.109893836081028E+00   -0.106137925758958E-01
       0.130216300487518E+00    0.861210972070694E-01
      -0.156967669725418E+00    0.172012280672789E-01    0.802936553955078E-01    0.135934233665466E+00   -0.222712159156799E-01
       0.394896380603313E-01    0.195538669824600E+00    0.160118550062180E+00    0.374792963266373E-01    0.102636232972145E+00
      -0.564889460802078E-01    0.312438488006592E+00    0.177746400237083E+00    0.115776851773262E+00    0.108606152236462E+00
       0.204293593764305E+00   -0.734214410185814E-01    0.713227018713951E-01    0.509221553802490E-01    0.226249635219574E+00
       0.144689753651619E-01    0.192567855119705E+00    0.198278129100800E-01   -0.323519147932529E-01   -0.983866974711418E-01
      -0.144246354699135E+00   -0.599192306399345E-01    0.507331490516663E-01   -0.884642899036407E-01   -0.128400027751923E+00
       0.367710776627064E-01   -0.563454777002335E-01   -0.442452263087034E-02   -0.169465854763985E+00   -0.688577070832253E-01
       0.955450609326363E-01   -0.465286187827587E-01   -0.516907274723053E-01   -0.124246543273330E-01   -0.104404471814632E+00
      -0.840169787406921E-01    0.188081488013268E-01    0.205764487385750E+00   -0.403456985950470E-01   -0.102562919259071E+00
       0.284628830850124E-01    0.423641921952367E-02   -0.831364691257477E-01    0.269341655075550E-01    0.123610399663448E+00
       0.409011496230960E-02    0.908096060156822E-01   -0.194889977574348E-01   -0.106435805559158E+00    0.572001524269581E-01
       0.716874599456787E-01    0.251369997859001E-01    0.107419401407242E+00    0.587662197649479E-01    0.177290320396423E+00
      -0.842026695609093E-01    0.673014968633652E-01    0.354013927280903E-01    0.703556612133980E-01    0.210760664194822E-01
       0.498322024941444E-01   -0.497223585844040E-01    0.604256540536880E-01   -0.119353130459785E+00    0.234762057662010E-01
      -0.368118025362492E-01   -0.633940100669861E-01
      -0.172004252672195E-01    0.105832889676094E+00    0.531789176166058E-01    0.260380297899246E+00    0.121347531676292E-01
       0.128480941057205E+00   -0.328455828130245E-01   -0.238634333014488E+00    0.146734435111284E-01    0.696900673210621E-02
       0.111007364466786E-01    0.871474370360374E-01   -0.378303714096546E-01   -0.106934435665607E+00    0.160674855113029E+00
      -0.924002602696419E-01    0.110724680125713E+00   -0.310611873865128E+00   -0.826264824718237E-02   -0.133880481123924E+00
       0.138953253626823E+00   -0.139460384845734E+00   -0.178298473358154E+00    0.401545464992523E-01    0.184682995080948E+00
      -0.118991332128644E-01   -0.965728089213371E-01    0.900852903723717E-01   -0.203527063131332E-01    0.727473422884941E-01
      -0.492512583732605E-01    0.334003530442715E-01   -0.102464944124222E+00   -0.494492799043655E-02    0.491518452763557E-01
      -0.159983396530151E+00   -0.930952653288841E-01   -0.391720794141293E-01    0.625463798642159E-01   -0.992997139692307E-01
       0.285240225493908E-01   -0.166991934180260E+00   -0.297458201646805E+00   -0.645555555820465E-01    0.993498042225838E-01
      -0.464669875800610E-01    0.127445176243782E+00    0.237896621227264E+00   -0.178550258278847E+00   -0.193805396556854E-01
      -0.345484204590321E-01   -0.109683843329549E-01    0.167516618967056E+00    0.199100494384766E+00   -0.393846910446882E-02
       0.170880973339081E+00    0.863405689597130E-01    0.179846554994583E+00    0.166465669870377E+00   -0.959559455513954E-01
      -0.145766764879227E+00    0.453134179115295E-01    0.982249379158020E-01    0.139160886406898E+00    0.977477282285690E-01
      -0.302039496600628E-01    0.280360393226147E-01   -0.739579200744629E-01   -0.808213874697685E-01    0.479212068021297E-01
      -0.652315169572830E-01    0.611832141876221E-01
       0.629000440239906E-01   -0.876881033182144E-01   -0.739665552973747E-01   -0.123464897274971E+00    0.478898465633392E+00
       0.282909601926804E+00   -0.901278108358383E-01   -0.603265389800072E-01   -0.503591820597649E-01    0.248361125588417E+00
       0.632185349240899E-02   -0.114388786256313E+00    0.154945313930511E+00    0.241863191127777E+00    0.170478850603104E+00
       0.116005174815655E+00    0.672669559717178E-01    0.195004835724831E+00   -0.325636938214302E-01    0.272366218268871E-03
      -0.431420132517815E-01    0.721669346094131E-01    0.447979494929314E-01    0.194881290197372E+00    0.198009401559830E+00
       0.294551283121109E+00    0.124068491160870E+00   -0.242563337087631E-02   -0.107494011521339E+00   -0.140747400000691E-01
      -0.492650009691715E-01   -0.560843273997307E-01   -0.100234868004918E-01    0.344484522938728E-01    0.670033097267151E-01
      -0.857082605361938E-01   -0.446719303727150E-01    0.220910146832466E+00    0.387507379055023E-01    0.163899287581444E+00
       0.961893573403358E-01    0.109596680849791E-01    0.841238349676132E-01   -0.221608266234398E+00    0.385404378175735E-01
       0.308544971048832E-01    0.508150421082973E-01   -0.217406913638115E+00   -0.140150919556618E+00    0.757950916886330E-01
      -0.204897373914719E+00   -0.152377426624298E+00   -0.557561293244362E-01    0.266390480101109E-01   -0.640434212982655E-03
       0.109343886375427E+00   -0.285605490207672E-01    0.802943855524063E-02    0.356174446642399E-01    0.591475293040276E-01
      -0.733409523963928E-01   -0.217287503182888E-01   -0.190676465630531E+00    0.143092468380928E+00   -0.251296125352383E-01
       0.745860636234283E-01   -0.723652839660645E-01    0.125748291611671E-02    0.173476219177246E+00   -0.185793980956078E+00
       0.243167236447334E+00    0.155528858304024E+00
       0.245105966925621E+00   -0.196289867162704E-01   -0.220189392566681E-01   -0.396858379244804E-01    0.271503001451492E+00
       0.194772511720657E+00   -0.474520809948444E-01    0.635603740811348E-01   -0.210453942418098E+00   -0.205511122941971E+00
       0.331081524491310E-01   -0.402848534286022E-01    0.105180047452450E+00    0.251108139753342E+00    0.346405565738678E+00
      -0.252520531415939E+00    0.992974340915680E-01    0.119917675852776E+00   -0.718050375580788E-01   -0.144878223538399E+00
       0.391967743635178E-01   -0.124089300632477E+00   -0.139450564980507E+00    0.152068674564362E+00    0.190757647156715E+00
      -0.224199797958136E-02    0.173949897289276E-01    0.769777372479439E-01    0.364887267351151E-01   -0.174582973122597E-01
      -0.682701840996742E-01    0.163393601775169E+00   -0.137381672859192E+00   -0.117186307907104E+00    0.623166933655739E-01
      -0.554919335991144E-02    0.207148119807243E-02   -0.336367599666119E-01    0.592725425958633E-01    0.136509304866195E-01
       0.197568893432617E+00   -0.977079421281815E-01   -0.760324299335480E-01   -0.392681919038296E-01   -0.509178042411804E-01
      -0.479567088186741E-01   -0.398234501481056E-01   -0.107795879244804E+00   -0.146323721855879E-02   -0.215785220265388E+00
      -0.579930841922760E-01   -0.234164111316204E-01    0.237706422805786E+00    0.191081315279007E-03   -0.773707255721092E-01
      -0.712464153766632E-01    0.395730324089527E-02    0.786348506808281E-01   -0.193449072539806E-01   -0.105134323239326E+00
      -0.613294765353203E-01    0.930766984820366E-01   -0.390095543116331E-02   -0.250735022127628E-01   -0.168133705854416E+00
       0.625615986064076E-02    0.110974922776222E+00    0.124529890716076E+00    0.751627013087273E-01    0.321209430694580E+00
       0.220664396882057E+00    0.137185677886009E+00
      -0.965676754713058E-01    0.437827920541167E-02   -0.159498512744904E+00   -0.324355959892273E-01    0.299536973237991E+00
       0.178114935755730E+00    0.843260530382395E-02   -0.276591360569000E+00    0.808693990111351E-01    0.236339010298252E-01
      -0.118275314569473E+00    0.911982730031013E-01    0.220400229096413E+00    0.122040890157223E+00    0.459772581234574E-02
      -0.126715779304504E+00    0.759444534778595E-01    0.103790529072285E+00    0.547108389437199E-01   -0.137491986155510E+00
       0.170958474278450E+00   -0.887172967195511E-01    0.109195478260517E+00   -0.396946147084236E-01    0.150072187185287E+00
       0.787598267197609E-01   -0.202779084444046E+00    0.500711277127266E-01   -0.135259583592415E+00   -0.804040580987930E-01
       0.101369552314281E+00   -0.443334504961967E-01   -0.108420990407467E+00   -0.197483077645302E-01    0.327141523361206E+00
      -0.138415962457657E+00   -0.247531667351723E+00   -0.123312352225184E-01    0.101436004042625E+00    0.404684767127037E-01
       0.530703514814377E-01    0.505111590027809E-01    0.264286994934082E-01   -0.159967131912708E-01   -0.159414932131767E+00
       0.119635336101055E+00    0.170308858156204E+00   -0.638780891895294E-01   -0.596397370100021E-01    0.810536146163940E-01
       0.201515883207321E+00   -0.133031094446778E-01    0.239128336310387E+00    0.149605706334114E+00   -0.148354798555374E+00
       0.174278393387794E-01   -0.330806933343410E-01    0.226628869771957E+00    0.299798324704170E-01    0.167496010661125E+00
      -0.118066417053342E-01   -0.279823541641235E+00   -0.119801208376884E+00   -0.160611391067505E+00    0.750140473246574E-01
      -0.552746187895536E-02   -0.120725510641932E-01   -0.268323644995689E-01   -0.130819767713547E+00   -0.806070938706398E-01
       0.121270725503564E-01    0.980707779526711E-01
      -0.147704288363457E+00   -0.164291635155678E+00    0.765229947865009E-02    0.201363116502762E-02    0.637887865304947E-01
       0.274320095777512E+00    0.571001395583153E-01    0.580812506377697E-01    0.727765820920467E-02    0.984145849943161E-01
       0.253993302583694E+00    0.761076733469963E-01   -0.102185845375061E+00   -0.568959563970566E-01    0.545729286968708E-01
       0.196136593818665E+00    0.686575025320053E-01   -0.548084918409586E-02   -0.219166800379753E-01    0.427433438599110E-01
      -0.177177712321281E-01    0.124213516712189E+00    0.186257764697075E+00   -0.233504518866539E+00   -0.137321755290031E+00
      -0.122194275259972E+00    0.242747098207474E+00    0.266103558242321E-01    0.114758893847466E+00   -0.891719087958336E-01
       0.110039442777634E+00   -0.227200955152512E+00    0.447344034910202E-02    0.122651420533657E+00   -0.639175623655319E-01
       0.995933413505554E-01    0.556888692080975E-01    0.815993770956993E-01   -0.843309387564659E-01   -0.293089859187603E-01
      -0.304461345076561E-01    0.101828724145889E+00    0.232710056006908E-01   -0.134024724364281E+00   -0.126778692007065E+00
      -0.734943374991417E-01   -0.141796082258224E+00    0.132172480225563E+00    0.141983879730105E-01    0.221294477581978E+00
       0.206477627158165E+00    0.103973589837551E+00   -0.323866009712219E+00    0.984241738915443E-01    0.659722983837128E-01
      -0.102923981845379E+00    0.339897833764553E-01    0.348751097917557E-01    0.407741032540798E-01   -0.809720456600189E-01
      -0.257207393646240E+00    0.208963781595230E+00    0.830373354256153E-02    0.622805655002594E-01   -0.627238526940346E-01
      -0.466329492628574E-01    0.840122699737549E-01   -0.159451127052307E+00   -0.431034639477730E-01    0.889265090227127E-01
      -0.100606791675091E+00   -0.677230115979910E-02
      -0.387637019157410E-01   -0.213024556636810E+00   -0.450670067220926E-02   -0.119326012209058E-01   -0.218418501317501E-01
      -0.898890569806099E-01   -0.768945831805468E-02   -0.123250722885132E+00   -0.213414072990417E+00   -0.866666212677956E-01
      -0.620698276907206E-02   -0.153552040457726E+00   -0.104597374796867E+00    0.528753846883774E-01    0.234314292669296E+00
      -0.118382945656776E+00    0.284838862717152E-01   -0.121694430708885E+00   -0.222181342542171E-01   -0.138365745544434E+00
       0.319548510015011E-01   -0.159113451838493E+00   -0.554207712411880E-01   -0.102219931781292E+00    0.495992116630077E-01
       0.743707641959190E-04    0.113357283174992E+00    0.278612375259399E-01   -0.733887869864702E-02    0.567413792014122E-01
       0.227373857051134E-01    0.320986472070217E-01   -0.776739791035652E-01   -0.556409135460854E-01    0.466605424880981E-01
      -0.161069571971893E+00   -0.631055384874344E-01    0.119903855025768E+00    0.499653667211533E-01    0.312191873788834E+00
      -0.153046667575836E+00    0.301207453012466E-01   -0.168438598513603E+00   -0.195574939250946E+00   -0.263585299253464E-01
       0.163346841931343E+00   -0.566988810896873E-01   -0.187620863318443E+00    0.163115113973618E+00   -0.275920838117599E+00
      -0.279605507850647E+00   -0.349016524851322E-01   -0.514815710484982E-01    0.214558631181717E+00    0.191562056541443E+00
       0.949314162135124E-01   -0.100823663175106E+00    0.746938511729240E-01   -0.109882302582264E+00   -0.577216595411301E-01
       0.754655897617340E-01   -0.412403605878353E-01    0.991236642003059E-01   -0.642327889800072E-01   -0.775809064507484E-01
      -0.863588005304337E-01   -0.691536534577608E-02   -0.275391414761543E-01   -0.728447958827019E-01   -0.937781184911728E-01
      -0.469918362796307E-01    0.570961274206638E-01
      -0.102802529931068E+00   -0.185762438923120E-02    0.334094688296318E-01   -0.100776575505733E+00    0.320221930742264E-01
       0.818720757961273E-01   -0.535430014133453E-01    0.235408425331116E+00    0.114273108541965E+00    0.125376246869564E-01
       0.311459124088287E+00   -0.682970359921455E-01    0.278389126062393E+00    0.153291434049606E+00   -0.209131464362144E+00
       0.118026271462440E+00    0.885769650340080E-01    0.818272978067398E-01    0.112961821258068E+00   -0.101166091859341E+00
      -0.126571968197823E+00   -0.862772539258003E-01   -0.107715949416161E+00    0.167652428150177E+00   -0.258450001478195E+00
       0.985642001032829E-01   -0.347016662359238E+00    0.864956527948380E-01    0.868410021066666E-01    0.116345040500164E+00
      -0.130856439471245E+00   -0.172453045845032E+00   -0.248417407274246E-01    0.753683447837830E-01    0.754022300243378E-01
       0.593156442046165E-01    0.145954817533493E+00    0.121751613914967E+00    0.226254388689995E+00    0.951703786849976E-01
       0.419255942106247E-01    0.236944437026978E+00    0.161622330546379E+00   -0.501954145729542E-01   -0.868172571063042E-01
       0.317564070224762E+00   -0.361130572855473E-02   -0.826706141233444E-01   -0.110306836664677E+00    0.242693006992340E+00
       0.199862271547318E+00   -0.150024503469467E+00   -0.259465947747231E-01    0.436697304248810E-01   -0.638776123523712E-01
      -0.205107539892197E+00   -0.684352070093155E-01   -0.468132719397545E-01   -0.872538983821869E-01    0.148192614316940E+00
       0.208486124873161E+00   -0.308939814567566E-01   -0.259352102875710E-01   -0.782532766461372E-01   -0.906519368290901E-01
      -0.715760141611099E-01   -0.448172651231289E-01    0.198115840554237E+00    0.141798574477434E-01    0.137683033943176E+00
       0.416560657322407E-01   -0.272780619561672E-01
      -0.523973852396011E-01   -0.642719399183989E-02    0.127633094787598E+00    0.176377564668655E+00    0.974706634879112E-01
      -0.808042511343956E-01    0.148029878735542E+00   -0.993930399417877E-01    0.120055720210075E+00    0.171045400202274E-01
      -0.934512838721275E-01    0.336817763745785E-01   -0.865718442946672E-02   -0.121903404593468E+00    0.149291262030602E+00
       0.801983997225761E-01    0.130386352539062E+00   -0.524597689509392E-01    0.288465805351734E-01    0.202397078275681E+00
       0.138634324073792E+00    0.207837417721748E+00   -0.646525770425797E-01    0.657341852784157E-01    0.527149299159646E-02
      -0.267304368317127E-01    0.777806863188744E-01   -0.752203762531281E-01    0.926663428544998E-01   -0.154521778225899E+00
      -0.160151973366737E+00   -0.680648814886808E-02    0.731923710554838E-02    0.209311872720718E+00    0.405228212475777E-01
       0.107406377792358E+00    0.528225079178810E-01   -0.134124174714088E+00   -0.120063960552216E+00    0.433837994933128E-01
      -0.367658995091915E-01    0.138332650065422E+00    0.789332613348961E-01    0.108897939324379E+00    0.158215388655663E+00
       0.596187114715576E-01    0.994084030389786E-01    0.246499292552471E-01    0.124784074723721E+00    0.178021341562271E+00
       0.159420371055603E+00    0.838966146111488E-01    0.100858449935913E+00   -0.123948991298676E+00    0.458070859313011E-01
      -0.111047677695751E+00    0.353805944323540E-01    0.337901748716831E-01    0.696302652359009E-01    0.186734154820442E+00
       0.349004901945591E-01    0.137523144483566E+00   -0.989567935466766E-01    0.201717451214790E+00    0.362453870475292E-01
       0.110296517610550E+00   -0.115428179502487E+00    0.158332571387291E+00    0.634562149643898E-01    0.151184529066086E+00
       0.895701721310616E-01    0.104790806770325E+00
      -0.460539851337671E-02    0.116489619016647E+00    0.447388328611851E-01    0.759642571210861E-02    0.358842849731445E+00
      -0.701757445931435E-01   -0.875192657113075E-01   -0.352306179702282E-01    0.106229603290558E+00    0.235727466642857E-01
       0.101819157600403E+00    0.104813016951084E+00   -0.129003778100014E+00   -0.189999431371689E+00   -0.583344623446465E-01
      -0.193417906761169E+00   -0.300399124622345E+00   -0.119811380282044E-01   -0.305000431835651E-01   -0.103403456509113E+00
       0.122125744819641E+00    0.576804466545582E-01    0.240404568612576E-01    0.152831882238388E+00    0.190507173538208E-01
       0.944503173232079E-01   -0.353930711746216E+00    0.139805421233177E+00    0.591818317770958E-01    0.135678723454475E+00
      -0.380910225212574E-01    0.282904833555222E+00   -0.148688182234764E+00    0.160144388675690E+00   -0.982203930616379E-01
       0.652859881520271E-01    0.186919435858727E+00   -0.232593305408955E-01    0.170877963304520E+00   -0.234657339751720E-02
      -0.208227574825287E+00    0.136743903160095E+00   -0.163920596241951E+00   -0.170673042535782E+00   -0.421688631176949E-01
       0.170426338911057E+00   -0.101277500391006E+00   -0.113392978906631E+00   -0.105428256094456E+00   -0.120400995016098E+00
      -0.220160409808159E-01    0.103243224322796E+00    0.253544390201569E+00   -0.980602800846100E-01   -0.940909311175346E-01
      -0.227533318102360E-01    0.447840578854084E-01   -0.126200942322612E-01    0.359748117625713E-02   -0.374337695538998E-01
       0.189595863223076E+00   -0.187976397573948E-01   -0.770450159907341E-01   -0.448533520102501E-01    0.146403655409813E+00
      -0.193478077650070E+00   -0.895023122429848E-01   -0.564911440014839E-01   -0.198523715138435E+00   -0.414918363094330E-01
       0.562584102153778E-01   -0.253505520522594E-01
      -0.103549182415009E+00    0.892195850610733E-01    0.703877806663513E-01    0.153578698635101E+00    0.420958757400513E+00
       0.220254480838776E+00    0.661322325468063E-01   -0.227641388773918E-01    0.594115210697055E-02    0.337782651185989E-01
       0.109754785895348E+00    0.312008112668991E-01    0.244897138327360E-02    0.180951401591301E+00    0.208126619458199E+00
      -0.169752016663551E+00   -0.104851253330708E+00   -0.108368664979935E+00    0.335351914167404E+00   -0.493965856730938E-02
       0.669750794768333E-01   -0.173717886209488E-01    0.672993436455727E-01    0.315144062042236E-01    0.572007633745670E-01
      -0.747357979416847E-01   -0.921643450856209E-01   -0.112283512949944E+00   -0.901815742254257E-01   -0.846163183450699E-01
       0.155083373188972E+00   -0.324993208050728E-01    0.550693534314632E-01   -0.827162563800812E-01   -0.166738361120224E+00
      -0.138371810317039E-02    0.787697806954384E-01   -0.114228017628193E+00    0.521507225930691E-01    0.226687729358673E+00
      -0.638696085661650E-02    0.767169743776321E-01   -0.166898876428604E+00    0.961152464151382E-01    0.557323917746544E-01
      -0.707379207015038E-01    0.121150322258472E+00    0.114556014537811E+00    0.548218041658401E-01   -0.520583726465702E-01
       0.125050544738770E+00    0.567256100475788E-01    0.140289723873138E+00   -0.100433014333248E+00   -0.568013042211533E-01
       0.889642536640167E-01   -0.129876956343651E+00    0.533557645976543E-01    0.179673787206411E-01   -0.640803277492523E-01
       0.550745427608490E-01    0.174469240009785E-01   -0.672051385045052E-01    0.189002171158791E+00    0.775126963853836E-01
       0.107714034616947E+00    0.210317261517048E-01   -0.313842259347439E-01    0.385511256754398E-01   -0.204355180263519E+00
       0.608428269624710E-01    0.257511645555496E+00
       0.117049358785152E+00    0.124408774077892E+00    0.932669416069984E-01   -0.115210279822350E+00   -0.306314468383789E+00
      -0.209217444062233E-01    0.698844939470291E-01    0.742278695106506E-01    0.729771852493286E-01    0.878105536103249E-01
       0.471423417329788E-01   -0.537191778421402E-01    0.378021188080311E-01    0.248101696372032E+00   -0.180691137909889E+00
       0.287598520517349E-01    0.306548088788986E+00   -0.530526414513588E-01    0.620951168239117E-01    0.273897290229797E+00
      -0.175162002444267E+00    0.154510110616684E+00    0.130575984716415E+00   -0.292982995510101E+00   -0.111213378608227E+00
      -0.960062518715858E-01    0.130765721201897E+00    0.276728510856628E+00    0.292060039937496E-01    0.103730201721191E+00
      -0.232770740985870E-01   -0.970541536808014E-01    0.514746177941561E-02   -0.717268884181976E-01    0.129715129733086E+00
      -0.459709502756596E-01    0.554229952394962E-01    0.105331160128117E+00    0.612364932894707E-01   -0.204266741871834E+00
       0.160971909761429E+00   -0.186196640133858E-01   -0.294423885643482E-01   -0.136439397931099E+00   -0.486132577061653E-01
       0.366546437144279E-01   -0.363827273249626E-01    0.489516369998455E-01   -0.632986798882484E-01   -0.709976106882095E-01
      -0.753299593925476E-01   -0.714751705527306E-01   -0.260135293006897E+00   -0.260560333728790E+00    0.307777971029282E-01
       0.213945597410202E+00   -0.106705047190189E+00    0.672192275524139E-01   -0.269143059849739E-01    0.997897610068321E-01
      -0.918958857655525E-01   -0.503687858581543E-01   -0.102328248322010E+00    0.165185704827309E+00    0.134114371612668E-01
      -0.959307327866554E-01   -0.712019130587578E-01    0.124448709189892E+00   -0.158489927649498E+00    0.195694744586945E+00
      -0.528383478522301E-01    0.750587359070778E-01
       0.269943773746490E-01   -0.529727563261986E-01   -0.510507915169001E-02   -0.781223326921463E-01   -0.190065771341324E+00
      -0.187294423580170E+00    0.123912788927555E+00    0.209015980362892E+00    0.248984601348639E-01    0.273109406232834E+00
       0.396920107305050E-01   -0.201608926057816E+00    0.125819802284241E+00   -0.931959077715874E-01    0.705185085535049E-01
       0.117130398750305E+00    0.303920775651932E+00    0.704683214426041E-01   -0.115769162774086E+00    0.706678479909897E-01
       0.113420024514198E+00   -0.433292351663113E-01   -0.847445651888847E-01    0.661332532763481E-01    0.107279770076275E+00
      -0.150416880846024E+00    0.280766606330872E+00    0.225032754242420E-01    0.894368961453438E-01    0.172119047492743E-01
      -0.879093855619431E-01    0.178821310400963E-01   -0.495278611779213E-01    0.315713882446289E+00    0.250549584627151E+00
       0.541981831192970E-01    0.116781741380692E+00   -0.146556481719017E+00   -0.214671064168215E-02    0.221246466040611E+00
       0.671585137024522E-02   -0.200148820877075E-01   -0.275782719254494E-01    0.187112111598253E-01   -0.160941377282143E+00
       0.964656695723534E-01   -0.667851865291595E-01   -0.117301000282168E-01    0.131130069494247E+00    0.881905779242516E-01
      -0.312163561582565E+00   -0.197015225887299E+00    0.218300037086010E-01   -0.128572881221771E+00    0.705980956554413E-01
       0.256054490804672E+00   -0.456508435308933E-01   -0.101669326424599E+00   -0.767867546528578E-02    0.148574262857437E+00
      -0.120393112301826E+00   -0.965244919061661E-01   -0.181700512766838E-01    0.816559866070747E-01    0.363026931881905E-01
       0.206660985946655E+00    0.132141351699829E+00    0.178599700331688E+00    0.672431290149689E-01   -0.172582477331161E+00
      -0.934067890048027E-01   -0.193659916520119E+00
       0.480525083839893E-01    0.195983082056046E+00    0.403892546892166E-01    0.222691357135773E+00    0.237716794013977E+00
      -0.411409363150597E-01    0.135453715920448E+00   -0.905114710330963E-01    0.140697404742241E+00   -0.309809148311615E-01
       0.953705757856369E-01    0.444324314594269E-01    0.696932002902031E-01   -0.122585415840149E+00    0.295394025743008E-01
      -0.370569899678230E-01    0.912948995828629E-01    0.554203651845455E-01   -0.918595194816589E-01    0.238309755921364E+00
      -0.390950776636600E-02    0.152185782790184E+00    0.115480765700340E+00    0.566741637885571E-01    0.272795915603638E+00
       0.749793052673340E-01    0.158185530453920E-01   -0.580050498247147E-01   -0.132792472839355E+00   -0.261679776012897E-01
       0.904337987303734E-01    0.429512709379196E-01   -0.658835023641586E-01    0.690106973052025E-01   -0.367118511348963E-02
       0.107162795960903E+00   -0.472927913069725E-01    0.636437982320786E-01    0.131734102964401E+00    0.172435492277145E+00
      -0.996412560343742E-01   -0.182883515954018E-01   -0.136020094156265E+00    0.858350992202759E-01    0.111836448311806E+00
       0.127979088574648E-01    0.230338007211685E+00   -0.171937718987465E-01    0.556314438581467E-01   -0.194621365517378E-02
      -0.101123698055744E+00   -0.211743399500847E+00    0.128263056278229E+00    0.113228209316730E+00   -0.178694114089012E+00
       0.127918953076005E-01    0.237475663423538E+00   -0.151484712958336E+00   -0.329750888049603E-01    0.151884676888585E-01
      -0.636839866638184E-01    0.195778459310532E-01   -0.575815886259079E-01    0.177642479538918E+00    0.572097748517990E-01
      -0.322911441326141E-01   -0.331446416676044E-01   -0.235132470726967E+00    0.216406621038914E-01   -0.234650913625956E-02
       0.160359159111977E+00   -0.246063955128193E-01
      -0.246020369231701E-01   -0.571497902274132E-01   -0.149373844265938E+00    0.774309411644936E-01    0.219034358859062E+00
       0.428580701351166E+00    0.752183571457863E-01    0.195768103003502E+00    0.844374448060989E-01    0.144728049635887E+00
      -0.246946513652802E-01   -0.354131236672401E-01   -0.194955274462700E+00   -0.121324658393860E+00    0.311599522829056E+00
       0.177070617675781E+00    0.148245021700859E+00    0.287026613950729E+00    0.409950055181980E-01    0.176428630948067E+00
       0.267899841070175E+00    0.103729024529457E+00    0.782688930630684E-01    0.204143851995468E+00    0.328881777822971E-01
       0.191768765449524E+00   -0.897039547562599E-01    0.444806605577469E+00    0.158092286437750E-01    0.998740345239639E-01
       0.122481942176819E+00   -0.218696221709251E+00   -0.856478288769722E-01   -0.168792810291052E-02    0.165209695696831E+00
       0.391955934464931E-01    0.322413623332977E+00    0.721303652971983E-02   -0.503686964511871E-01    0.146380349993706E+00
       0.203848972916603E+00    0.255309730768204E+00    0.363182514905930E+00    0.233303859829903E+00   -0.210462853312492E+00
      -0.166943520307541E-01    0.310855433344841E-01   -0.117174386978149E+00    0.997820645570755E-01   -0.191375985741615E-02
      -0.186272244900465E-02    0.981329008936882E-01    0.162493586540222E+00    0.200115531682968E+00   -0.191278994083405E+00
       0.479317903518677E-01    0.276706255972385E-01   -0.300211552530527E-02    0.222026947885752E-01   -0.287763357162476E+00
       0.130672648549080E+00    0.229142278432846E+00    0.153321385383606E+00    0.283499091863632E+00   -0.116565793752670E+00
      -0.248511247336864E-01   -0.169770658016205E+00   -0.200640738010406E+00   -0.381551217287779E-02    0.126423701643944E+00
       0.104950308799744E+00    0.471062818542123E-02
      -0.589931663125753E-02    0.981029421091080E-01   -0.129976188763976E-01    0.209035947918892E-01    0.237895473837852E+00
       0.183608949184418E+00    0.765806287527084E-01    0.875067114830017E-01   -0.373406819999218E-01    0.167461819946766E-01
       0.781418606638908E-01    0.162445660680532E-02   -0.228168815374374E-01   -0.367417372763157E-01    0.918761789798737E-01
      -0.651823058724403E-01    0.195874750614166E+00    0.262734234333038E+00    0.137222528457642E+00   -0.238993883132935E+00
      -0.708793178200722E-01    0.230011995881796E-02    0.205614998936653E+00    0.386636890470982E-01   -0.223852291703224E+00
      -0.193042382597923E+00   -0.179644867777824E+00   -0.412930138409138E-01    0.151421070098877E+00    0.506760925054550E-01
      -0.372456498444080E-01    0.115183867514133E+00   -0.128431534394622E-01    0.217692613601685E+00    0.105601727962494E+00
       0.938094481825829E-01    0.762122571468353E-01    0.474168099462986E-01   -0.146153271198273E+00   -0.670319572091103E-01
       0.176847323775291E+00    0.680315047502518E-01    0.267580687999725E+00    0.737087875604630E-01    0.108561394736171E-01
      -0.307589545845985E-01   -0.827695131301880E-01    0.761283561587334E-01    0.208861365914345E+00   -0.938382968306541E-01
      -0.116817608475685E+00    0.426202006638050E-01   -0.168094068765640E+00    0.566045083105564E-01   -0.140478432178497E+00
      -0.464442856609821E-01    0.114924408495426E+00   -0.463614165782928E-01   -0.467850342392921E-01   -0.317352935671806E-01
       0.113183580338955E+00   -0.110494047403336E+00   -0.406668558716774E-01    0.185235857963562E+00    0.290042087435722E-01
      -0.133153647184372E+00   -0.136940672993660E+00   -0.567430779337883E-01    0.518348552286625E-01    0.190643608570099E+00
      -0.907759089022875E-02   -0.119519501924515E+00
      -0.710456594824791E-01    0.759237632155418E-01   -0.576804392039776E-03    0.155818477272987E+00    0.122332394123077E+00
       0.880661904811859E-01   -0.797323361039162E-01   -0.166786715388298E+00    0.835199728608131E-01    0.863192230463028E-02
       0.148172780871391E+00    0.519314594566822E-01   -0.127395121380687E-01    0.107901170849800E+00    0.966687873005867E-01
      -0.318040028214455E-01    0.131955772638321E+00    0.592171214520931E-01   -0.142169326543808E+00   -0.964628458023071E-01
      -0.561155751347542E-01   -0.589526519179344E-01   -0.566727817058563E-01   -0.212718471884727E-01    0.213345326483250E-01
       0.156655475497246E+00   -0.133285805583000E+00    0.380052253603935E-01   -0.255238622426987E+00   -0.593226775527000E-01
      -0.265182375907898E+00   -0.119652047753334E+00    0.188225939869881E+00   -0.259417034685612E-01   -0.143053103238344E-02
      -0.549815502017736E-02   -0.512270703911781E-01    0.125344321131706E+00   -0.247357897460461E-01    0.222352202981710E-01
       0.141330882906914E+00   -0.271075032651424E-01   -0.636717081069946E-01    0.881503894925117E-01    0.124249361455441E+00
       0.156837135553360E+00   -0.242676123976707E+00   -0.553804542869329E-02   -0.689820721745491E-01   -0.229057759046555E+00
      -0.956271290779114E-01   -0.304402634501457E-01   -0.154927328228951E+00   -0.455439463257790E-01    0.841073617339134E-01
      -0.159074947237968E+00   -0.160989269614220E+00   -0.143444240093231E+00    0.944461449980736E-01   -0.330168269574642E-01
      -0.133422046899796E+00   -0.461377575993538E-01    0.258437637239695E-01    0.510012879967690E-01    0.221677292138338E-01
      -0.155778648331761E-01   -0.223269715905190E+00    0.384086742997169E-04    0.255839359015226E-01   -0.566721800714731E-02
      -0.207445994019508E-01    0.227558717131615E+00
       0.839031115174294E-02    0.554080940783024E-01    0.612159259617329E-01   -0.280321538448334E-01   -0.381772108376026E-01
      -0.407143235206604E-01    0.281418226659298E-01   -0.184028707444668E-01    0.731783732771873E-01   -0.116921946406364E+00
      -0.167953714728355E+00    0.166904479265213E+00    0.302459187805653E-01   -0.101419888436794E+00    0.754959229379892E-02
       0.916393846273422E-01    0.429814308881760E-01   -0.573655366897583E-01    0.653284937143326E-01    0.322416573762894E-01
      -0.213110633194447E-01    0.406606979668140E-01    0.123050354421139E+00    0.765250027179718E-01   -0.105898804962635E+00
      -0.370479896664619E-01    0.629321709275246E-01    0.292810536921024E-01    0.152184709906578E+00    0.130973517894745E+00
       0.114708237349987E+00    0.211177378892899E+00   -0.203606218099594E+00   -0.968837216496468E-01    0.469523295760155E-01
      -0.567345321178436E-01   -0.196997359395027E+00    0.216361075639725E+00   -0.386795662343502E-01    0.138266161084175E+00
      -0.365249104797840E-01   -0.490069724619389E-01   -0.107468143105507E+00   -0.160137519240379E+00    0.934045389294624E-01
      -0.109409980475903E+00   -0.198438420891762E+00    0.147073224186897E+00    0.539137646555901E-01   -0.303921438753605E-01
       0.459325686097145E-01    0.188815504312515E+00   -0.184798799455166E-01    0.129760429263115E+00    0.409940928220749E-01
       0.104138314723969E+00    0.136151745915413E+00    0.464940629899502E-01   -0.202973842620850E+00    0.287359893321991E+00
      -0.215705744922161E-01    0.332317315042019E-02    0.146584555506706E+00   -0.162544220685959E+00    0.993256270885468E-01
      -0.126928657293320E+00   -0.754457619041204E-02    0.513219945132732E-01    0.265876129269600E-01    0.463641658425331E-01
       0.114507507532835E-01    0.518852397799492E-01
       0.845373645424843E-01   -0.176178961992264E-01   -0.182259559631348E+00   -0.253944337368011E+00   -0.652547460049391E-02
      -0.886862277984619E-01    0.877030417323112E-01    0.129500431939960E-01    0.152114227414131E+00    0.159852325916290E+00
       0.450210087001324E-01    0.116519793868065E+00    0.107042625546455E+00    0.214724615216255E-01    0.129992276430130E+00
       0.158727973699570E+00    0.116761527955532E+00   -0.359639495611191E+00    0.175263106822968E+00   -0.388448871672153E-01
       0.157569438219070E+00   -0.129797548055649E+00   -0.136002451181412E+00   -0.190858244895935E-01   -0.978884473443031E-01
       0.393338613212109E-01   -0.136130467057228E+00   -0.257361918687820E+00    0.197053402662277E+00   -0.128470599651337E+00
      -0.576673150062561E-01    0.938922259956598E-02   -0.359960757195950E-01    0.187120065093040E+00    0.101167298853397E+00
       0.164823025465012E+00   -0.113849192857742E+00   -0.128040879964828E+00   -0.915160477161407E-01    0.131405740976334E-01
       0.173021525144577E+00   -0.413212645798922E-02    0.172826260328293E+00    0.404874831438065E-01   -0.644858926534653E-01
      -0.486435461789370E-02   -0.247654572129250E+00   -0.301930010318756E-01    0.278894640505314E-01   -0.909154769033194E-02
       0.632617529481649E-02    0.523049943149090E-01    0.170675814151764E+00   -0.301028452813625E-01    0.802797079086304E-01
       0.816091373562813E-01    0.485772229731083E-01    0.144598752260208E+00   -0.859664976596832E-01    0.467021092772484E-01
       0.737362429499626E-01   -0.594336241483688E-01    0.957473665475845E-01   -0.145383104681969E+00    0.907966494560242E-01
       0.127095535397530E+00   -0.960310623049736E-01    0.935716778039932E-01   -0.147476077079773E+00   -0.106914071366191E-01
      -0.917867273092270E-01    0.159016251564026E+00
       0.482526719570160E-01    0.101283952593803E+00    0.763169210404158E-02    0.146023511886597E+00   -0.102342702448368E+00
       0.526448562741280E-01   -0.280213713645935E+00   -0.396353974938393E-01    0.285069420933723E-01   -0.199985563755035E+00
       0.952989608049393E-01   -0.174971982836723E+00    0.237591996788979E+00    0.980006083846092E-01    0.426254197955132E-01
       0.410392647609115E-02    0.962419584393501E-01    0.227740600705147E+00   -0.305713489651680E-01   -0.156102031469345E+00
       0.166252814233303E-01   -0.160256549715996E-01    0.293918758630753E+00    0.156311467289925E+00    0.131471857428551E+00
       0.170430794358253E+00   -0.172482430934906E+00    0.656219646334648E-01    0.201123550534248E+00   -0.117587417364120E+00
       0.783442482352257E-01    0.431641153991222E-01    0.104050546884537E+00    0.198123175650835E-01    0.964310169219971E-01
      -0.128573685884476E+00   -0.174605041742325E+00   -0.129817649722099E+00    0.789467990398407E-01    0.441024973988533E-01
       0.305242799222469E-01   -0.665578544139862E-01    0.355170294642448E-01   -0.865073129534721E-01   -0.909490063786507E-01
      -0.110320784151554E+00    0.325588434934616E-01   -0.736293718218803E-01   -0.442903079092503E-01   -0.132294580340385E+00
       0.197647362947464E+00    0.755929388105869E-02    0.197680220007896E+00    0.768554732203484E-01    0.256576202809811E-01
       0.920144245028496E-01   -0.779888257384300E-01   -0.481359884142876E-01   -0.198050543665886E+00    0.178767442703247E+00
       0.185453705489635E-01   -0.102567747235298E+00    0.143086135387421E+00    0.149180814623833E+00    0.142864614725113E+00
      -0.183241009712219E+00   -0.369312725961208E-01    0.174491703510284E+00   -0.398737266659737E-01    0.106319911777973E+00
      -0.509657375514507E-01   -0.166462026536465E-01
      -0.385178104043007E-01   -0.714496001601219E-01    0.965093895792961E-01   -0.911721438169479E-01   -0.766063034534454E-01
      -0.577602162957191E-01    0.238536432385445E+00   -0.487963892519474E-01    0.957618094980717E-02    0.784437507390976E-01
       0.547748319804668E-01    0.978795364499092E-01    0.981366559863091E-01    0.105207994580269E+00   -0.445097498595715E-01
       0.458269044756889E-01    0.251596011221409E-01   -0.857354924082756E-01    0.943701565265656E-01   -0.855515077710152E-01
       0.149275094270706E+00   -0.398277379572392E-01    0.518969111144543E-01    0.786446556448936E-01   -0.327818505465984E-01
       0.134663209319115E+00   -0.488396584987640E-01    0.382164008915424E-01    0.108745023608208E-01   -0.254872813820839E-01
      -0.192803695797920E+00   -0.383528806269169E-01   -0.124405652284622E+00    0.249344080686569E+00    0.383525490760803E-01
      -0.328786410391331E-01   -0.151314020156860E+00    0.861927568912506E-01   -0.623142253607512E-02   -0.301998928189278E-01
       0.367317982017994E-01    0.152757614850998E+00   -0.598807558417320E-01    0.158578380942345E+00    0.155680716037750E+00
       0.985127687454224E-01   -0.262503772974014E+00   -0.176885381340981E+00   -0.848944410681725E-01   -0.162630602717400E+00
       0.832369998097420E-01    0.831899493932724E-01   -0.197873234748840E+00    0.247870996594429E+00   -0.927452221512794E-01
      -0.391333773732185E-01   -0.305836498737335E-01    0.331844761967659E-01    0.112248785793781E+00    0.831433013081551E-01
      -0.307336449623108E-01    0.506179928779602E-01    0.100973863154650E-01    0.641098842024803E-01   -0.181810617446899E+00
       0.108226552605629E+00   -0.136499628424644E+00    0.238003969192505E+00   -0.163179636001587E+00   -0.116422653198242E+00
      -0.676828920841217E-01   -0.227838605642319E-01
      -0.728470087051392E-01   -0.630596932023764E-02    0.627435296773911E-01    0.151062637567520E+00    0.329587280750275E+00
       0.121154546737671E+00    0.420273207128048E-01   -0.144123807549477E+00   -0.144087010994554E-01   -0.101227819919586E+00
       0.192126885056496E+00    0.215396970510483E+00   -0.721138417720795E-01    0.450792349874973E-01   -0.786565840244293E-01
      -0.853154435753822E-01    0.523399822413921E-01    0.117557436227798E+00   -0.528903454542160E-01   -0.734675228595734E-01
      -0.170087352395058E+00    0.181582570075989E+00    0.107556022703648E+00    0.756249204277992E-01    0.137391462922096E+00
       0.200845494866371E+00   -0.187761321663857E+00   -0.125952482223511E+00    0.443198196589947E-01   -0.359892435371876E-01
       0.190424248576164E+00    0.655823573470116E-01    0.856203436851501E-01   -0.301846653223038E+00    0.316121727228165E-01
      -0.165139317512512E+00   -0.269419886171818E-01    0.116359636187553E+00    0.181557223200798E+00    0.941447690129280E-01
       0.395529977977276E-01   -0.135615423321724E+00    0.191314995288849E+00   -0.431982893496752E-02   -0.841007381677628E-01
      -0.530487764626741E-02    0.262894064188004E+00   -0.919221788644791E-01    0.164850905537605E+00   -0.146496236324310E+00
       0.211584821343422E+00   -0.562384575605392E-01    0.125330939888954E+00   -0.134415015578270E+00   -0.351622141897678E-01
       0.281491965055466E+00   -0.254555255174637E+00    0.879736989736557E-01    0.107866570353508E+00    0.107212841510773E+00
       0.169682279229164E+00    0.133111298084259E+00    0.896033421158791E-01   -0.466527603566647E-02   -0.591823980212212E-01
       0.105370439589024E+00    0.259985387325287E+00    0.464557372033596E-01    0.389331243932247E-01   -0.997210666537285E-01
      -0.420269891619682E-01    0.835144985467196E-02
      -0.478028394281864E-01    0.115120500326157E+00   -0.209490247070789E-01   -0.199798978865147E-01    0.456006824970245E+00
       0.197360903024673E+00    0.147650569677353E+00   -0.326163247227669E-01    0.266362465918064E-01   -0.995552763342857E-01
      -0.496649630367756E-01   -0.167162448167801E+00    0.228342980146408E+00    0.129170343279839E+00    0.316667407751083E+00
      -0.401103831827641E-01    0.589918270707130E-01    0.301076136529446E-01   -0.253023505210876E-01    0.144002676010132E+00
       0.254313237965107E-01   -0.149783179163933E+00    0.121534533798695E+00   -0.170475900173187E+00    0.113377280533314E+00
       0.850010383874178E-02    0.122555740177631E+00   -0.305154845118523E-01    0.783164873719215E-01    0.116706281900406E+00
       0.924713015556335E-01   -0.936549752950668E-01   -0.671882331371307E-01   -0.209097549319267E+00    0.202369987964630E+00
       0.237240374088287E+00    0.726862251758575E-01    0.111295040696859E-01   -0.803284123539925E-01    0.332103848457336E+00
      -0.207636654376984E+00    0.533754527568817E-01   -0.203012861311436E-02    0.125178098678589E-01    0.945332869887352E-01
       0.124177940189838E+00    0.310429811477661E+00   -0.182254627346992E+00   -0.128198087215424E+00   -0.458418428897858E-01
       0.442548803985119E-01    0.169794335961342E-01   -0.463537275791168E-01   -0.211403425782919E-02   -0.490966290235519E-01
       0.206780791282654E+00   -0.147518321871758E+00   -0.121763274073601E+00    0.642128586769104E-01   -0.232622697949409E+00
       0.947001427412033E-01    0.133399277925491E+00    0.110894352197647E+00   -0.107975132763386E+00   -0.781593024730682E-01
      -0.964455828070641E-01    0.620945170521736E-01   -0.581568926572800E-01   -0.102059720084071E-01    0.126191809773445E+00
       0.291623137891293E-01   -0.203227922320366E-01
       0.196837812662125E+00    0.163966387510300E+00   -0.139715194702148E+00   -0.156418792903423E-01   -0.485297560691833E+00
      -0.100023532286286E-01    0.649103745818138E-01    0.180737555027008E+00    0.112237937748432E+00   -0.188043341040611E-04
       0.426438376307487E-01   -0.573912039399147E-01    0.464471653103828E-01   -0.205799862742424E+00   -0.256554722785950E+00
       0.537439212203026E-01   -0.142378257587552E-01   -0.364324264228344E-01   -0.100859798491001E+00    0.160004600882530E+00
      -0.130919262766838E+00   -0.130836948752403E+00    0.108573347330093E+00   -0.950120314955711E-01   -0.134350493550301E+00
      -0.888167470693588E-01    0.150435060262680E+00    0.109831817448139E+00    0.124153003096581E+00    0.548696666955948E-01
      -0.102489748969674E-01    0.163804486393929E+00   -0.219282835721970E+00    0.153716765344143E-01   -0.172309249639511E+00
      -0.101952716708183E+00   -0.566519722342491E-01    0.998729467391968E-01   -0.115384787321091E+00    0.154965326189995E+00
      -0.166561111807823E+00    0.164588943123817E+00    0.429992228746414E-01    0.780476257205009E-01   -0.814065784215927E-01
      -0.330127738416195E-01   -0.159780338406563E+00    0.104303002357483E+00    0.126789763569832E+00   -0.321725048124790E-01
       0.549513008445501E-02   -0.110820196568966E+00   -0.102882623672485E+00    0.939611196517944E-01    0.205035433173180E+00
       0.217943012714386E+00    0.426058992743492E-01    0.845323279500008E-01   -0.125548228621483E+00    0.197274118661880E+00
       0.141498655080795E+00    0.982142239809036E-01    0.179723441600800E+00    0.197280030697584E-01   -0.410347357392311E-01
      -0.183515176177025E+00   -0.247883796691895E-01    0.876109823584557E-01   -0.914010405540466E-01   -0.542447045445442E-01
       0.257819741964340E-01   -0.921753719449043E-01
      -0.707251131534576E-01    0.374302379786968E-01    0.687937363982201E-01    0.564772598445415E-01    0.951182767748833E-01
       0.166212007403374E+00   -0.263628438115120E-01    0.266946479678154E-01   -0.878505185246468E-01   -0.322780199348927E-01
       0.157489031553268E-01   -0.704368054866791E-01    0.226367581635714E-01    0.279585421085358E+00    0.101414136588573E-02
       0.215806867927313E-01    0.341813527047634E-01   -0.805633440613747E-01    0.351556651294231E-01    0.197098746895790E+00
       0.221589609980583E+00    0.888539999723434E-01    0.404112748801708E-01   -0.101686984300613E+00   -0.406440682709217E-01
      -0.550863817334175E-01   -0.898556187748909E-01   -0.328663468360901E+00    0.110167115926743E+00   -0.791806355118752E-01
      -0.187702327966690E-01   -0.491754785180092E-01    0.244688540697098E+00    0.958924181759357E-03    0.451998785138130E-04
      -0.221107974648476E+00   -0.233056396245956E+00    0.190187022089958E-01   -0.126210197806358E+00    0.155629277229309E+00
       0.638217385858297E-02   -0.987124219536781E-01    0.130492731928825E+00   -0.543187260627747E-01   -0.210886806249619E+00
       0.174234062433243E-02    0.632205531001091E-01    0.970899164676666E-01   -0.969254150986671E-01   -0.541136935353279E-01
       0.121934667229652E+00    0.201670192182064E-01    0.760872066020966E-01    0.131090320646763E-01   -0.129926279187202E+00
       0.803143307566643E-01   -0.193454310297966E+00    0.117238452658057E-01   -0.172254785895348E+00   -0.209110789000988E-01
      -0.151617527008057E+00    0.645462200045586E-01    0.104942731559277E+00    0.132478013634682E+00    0.131355226039886E+00
      -0.762880872935057E-02    0.828857123851776E-01    0.286662876605988E-01    0.311638191342354E-01    0.645933672785759E-01
      -0.386843197047710E-01   -0.261663235723972E-01
       0.117927799001336E-01   -0.117777869105339E+00    0.102000765502453E+00    0.104547150433064E+00   -0.561292693018913E-01
       0.322034545242786E-01    0.641101673245430E-01    0.216859027743340E+00   -0.578740518540144E-02   -0.595958679914474E-01
      -0.134826838970184E+00    0.422732606530190E-01   -0.214303269982338E+00   -0.187885701656342E+00   -0.142993003129959E+00
      -0.807533692568541E-02    0.545861124992371E-01   -0.479191355407238E-02    0.275544337928295E-01    0.207771629095078E+00
      -0.269953981041908E-01    0.240874737501144E-01    0.100973345339298E+00   -0.497984513640404E-01   -0.305568091571331E-01
      -0.198142558336258E+00    0.237977907061577E+00   -0.129300830885768E-01   -0.789333060383797E-01   -0.249580387026072E-02
      -0.466385390609503E-02    0.765129923820496E-01    0.487133301794529E-01   -0.158194780349731E+00    0.457159951329231E-01
       0.203836202621460E+00    0.955994352698326E-01    0.770331695675850E-01    0.255113244056702E-01   -0.312391817569733E-01
      -0.829215496778488E-01   -0.217660814523697E-01   -0.404161900281906E+00    0.876876618713140E-02    0.320073589682579E-01
      -0.813054591417313E-01   -0.190566956996918E+00    0.759107097983360E-01    0.865676924586296E-01    0.904795825481415E-01
       0.621718280017376E-01    0.133523449301720E+00   -0.106185980141163E+00   -0.349288344383240E+00   -0.138018904253840E-01
      -0.137009873986244E+00    0.748729631304741E-01   -0.369119606912136E-01   -0.222214460372925E-01    0.344135642051697E+00
      -0.283186048269272E+00   -0.152898550033569E+00    0.490330755710602E-01   -0.125356793403625E+00   -0.774345919489861E-01
       0.163937807083130E+00    0.768099874258041E-01    0.111226961016655E+00   -0.229969099164009E-01   -0.486906133592129E-01
      -0.698076654225588E-02   -0.124115929007530E+00
      -0.507334023714066E-01   -0.506629534065723E-01   -0.132658397778869E-01    0.901286974549294E-01    0.121295660734177E+00
      -0.208147346973419E+00    0.830892473459244E-01    0.120794689282775E-01   -0.923775807023048E-01    0.116107888519764E+00
       0.673319622874260E-01   -0.116624355316162E+00    0.114123020321131E-01    0.220361873507500E+00    0.382210463285446E+00
      -0.124165609478951E+00   -0.561850611120462E-02    0.646124407649040E-01    0.772217735648155E-01   -0.267487108707428E+00
      -0.282763838768005E-01    0.351180642843246E+00   -0.532989203929901E-01   -0.203152388334274E+00    0.162501960992813E+00
       0.545475147664547E-01    0.295292623341084E-01    0.127807542681694E+00   -0.116515994071960E+00    0.109421968460083E+00
      -0.453586317598820E-01   -0.878354255110025E-02   -0.992557778954506E-01   -0.597718581557274E-01   -0.668984651565552E-01
       0.910464208573103E-02    0.921894460916519E-01    0.149332880973816E+00   -0.103530243039131E+00   -0.150595903396606E+00
       0.151651829481125E+00   -0.252983439713717E-02    0.868606492877007E-01    0.707702115178108E-01   -0.144520699977875E+00
      -0.682717636227608E-01   -0.122808784246445E+00    0.113217737525702E-01    0.245089512318373E-01    0.151521250605583E+00
      -0.139176353812218E+00   -0.325114745646715E-02   -0.202176257967949E+00    0.115640774369240E+00   -0.178705435246229E-02
       0.187909945845604E+00   -0.163020849227905E+00    0.177949741482735E-01   -0.884362459182739E-01   -0.736422613263130E-01
      -0.923640355467796E-01   -0.941236019134521E-01   -0.138283625245094E+00   -0.173878930509090E-01   -0.158363714814186E+00
       0.741778090596199E-01    0.259583350270987E-01    0.629561021924019E-01   -0.446403175592422E-01   -0.330368615686893E-01
       0.531070269644260E-01    0.555578619241714E-01
       0.181477889418602E+00    0.177747666835785E+00    0.228448770940304E-01    0.672745518386364E-02   -0.471548810601234E-01
      -0.152516096830368E+00    0.202362537384033E-01    0.713213756680489E-01    0.162676513195038E+00   -0.159163810312748E-01
      -0.801041126251221E-01   -0.124101236462593E+00    0.122438877820969E+00    0.236391156911850E+00   -0.110015265643597E+00
      -0.176557376980782E+00    0.326672285795212E+00    0.576411299407482E-01    0.970621854066849E-01   -0.294702425599098E-01
      -0.717222765088081E-01   -0.113601446151733E+00    0.147279456257820E+00    0.383651070296764E-01   -0.110480152070522E+00
       0.276975557208061E-01    0.618613101541996E-01   -0.323775671422482E-01    0.100640960037708E+00    0.248293038457632E-01
      -0.864458009600639E-01   -0.121942266821861E+00    0.734838992357254E-01   -0.165308713912964E+00   -0.780849233269691E-01
      -0.172474533319473E-01   -0.323372520506382E-02   -0.235479295253754E+00   -0.133663684129715E+00   -0.420207306742668E-01
       0.651892498135567E-01   -0.387290529906750E-01   -0.557110831141472E-01    0.176701650023460E+00   -0.936722662299871E-02
       0.117377363145351E+00    0.261629819869995E+00   -0.371499322354794E-01   -0.166921570897102E+00    0.517568923532963E-01
       0.481690987944603E-01    0.137341931462288E+00    0.111196018755436E+00   -0.440116561949253E-01   -0.993108749389648E-01
       0.996856242418289E-01    0.107429549098015E+00    0.185339108109474E+00   -0.108273051679134E+00   -0.128843754529953E+00
       0.722400024533272E-01   -0.863199383020401E-01    0.686338469386101E-01   -0.154594793915749E+00   -0.743723064661026E-01
       0.969638377428055E-01   -0.581544488668442E-01   -0.680425204336643E-03    0.962805077433586E-01    0.882836207747459E-01
       0.302661284804344E-01    0.427065370604396E-02
       0.116013519465923E+00    0.493424274027348E-01   -0.155037015676498E+00    0.106687294319272E-01    0.337785571813583E+00
       0.161128923296928E+00   -0.836812984198332E-02   -0.212602972984314E+00   -0.975763797760010E-01    0.641456991434097E-01
      -0.824723392724991E-01   -0.112376160919666E+00   -0.303926169872284E-01    0.274382531642914E+00    0.126166537404060E+00
      -0.115340173244476E+00    0.104883261024952E+00    0.233056262135506E+00    0.274401158094406E-02   -0.269775204360485E-01
      -0.597041845321655E-01   -0.966334789991379E-01   -0.153899028897285E+00    0.203537531197071E-01   -0.676596537232399E-01
      -0.522907376289368E-01   -0.650279670953751E-01   -0.259708464145660E-01   -0.155771402642131E-01   -0.477434322237968E-01
       0.758379418402910E-02    0.155113250017166E+00    0.242363102734089E-01    0.169554855674505E-01    0.483065173029900E-01
       0.225003138184547E-01   -0.551412999629974E-01   -0.421471484005451E-01   -0.272993035614491E-01    0.214319843798876E-01
       0.737670734524727E-01    0.345362387597561E-01    0.394176021218300E-01    0.262212865054607E-01   -0.117739722132683E+00
      -0.302992314100266E-01   -0.254521369934082E-01    0.102515444159508E+00    0.273165851831436E-01    0.103384435176849E+00
       0.870964452624321E-01    0.203358530998230E+00    0.918769985437393E-01   -0.104264272376895E-01    0.304981581866741E-01
       0.663749054074287E-01    0.169614791870117E+00    0.147307246923447E+00   -0.527140423655510E-01    0.450550531968474E-02
       0.124896183609962E+00   -0.854920297861099E-01    0.195760559290648E-01   -0.717428475618362E-01   -0.748259723186493E-01
       0.114055767655373E+00    0.434929803013802E-01    0.420182906091213E-01    0.993142127990723E-01   -0.105670325458050E+00
      -0.887114107608795E-01    0.102871105074883E+00
       0.714361891150475E-01   -0.111271813511848E+00    0.303621143102646E-01    0.172108918428421E+00   -0.712916776537895E-01
       0.666450932621956E-01    0.110759846866131E+00    0.110098466277122E+00   -0.821756273508072E-01   -0.953683704137802E-01
       0.109597936272621E+00   -0.368675515055656E-01    0.177344426512718E+00   -0.154762240126729E-01   -0.487303137779236E-01
       0.172932580113411E+00    0.258874706923962E-01   -0.108046352863312E+00   -0.155751600861549E+00    0.119856499135494E+00
      -0.855671390891075E-01    0.550527945160866E-01    0.315995998680592E-01   -0.276242256164551E+00    0.279894948005676E+00
      -0.191241726279259E+00    0.992815643548965E-01    0.171425208449364E+00   -0.204672843217850E+00    0.124050155282021E+00
      -0.813666731119156E-01   -0.949354935437441E-02    0.732094943523407E-01    0.155157014727592E+00    0.732114166021347E-01
       0.452942103147507E-01    0.976409539580345E-01    0.401207152754068E-02    0.389288589358330E-01    0.470631793141365E-01
      -0.384466610848904E-01   -0.195621684193611E+00    0.379212982952595E-01   -0.576667487621307E-01    0.136477991938591E+00
       0.575455576181412E-01    0.202178582549095E+00    0.113692961633205E+00   -0.130788624286652E+00   -0.321076475083828E-01
      -0.233663409948349E+00   -0.747194886207581E-01    0.480354428291321E-01   -0.440727509558201E-01    0.687894001603127E-01
      -0.811809152364731E-01    0.346119813621044E-01   -0.149541482329369E+00    0.118712015450001E+00   -0.732944384217262E-01
       0.221296355128288E+00   -0.147485613822937E+00    0.233880355954170E-01    0.246983859688044E-02   -0.396438650786877E-01
       0.156339276582003E-01   -0.155887687578797E-01   -0.950328726321459E-02    0.773172304034233E-01   -0.140075860545039E-01
       0.266774356365204E+00    0.810929685831070E-01
       0.333699164912105E-02   -0.253104239702225E+00    0.245626360177994E+00    0.129261374473572E+00    0.258040010929108E+00
       0.969884768128395E-01    0.176248356699944E+00    0.121656775474548E+00    0.237139426171780E-01    0.664739385247231E-01
       0.282382331788540E-01    0.326874516904354E-01   -0.358655564486980E-01    0.341778695583344E-01    0.169603973627090E+00
       0.826678201556206E-01    0.151862680912018E+00   -0.219712778925896E-02   -0.213345438241959E-01   -0.106096915900707E+00
       0.843845754861832E-01   -0.405045039951801E-01   -0.439937002956867E-01    0.717261619865894E-02    0.184909954667091E+00
       0.443896241486073E-01    0.757769718766212E-01    0.252532903105021E-01   -0.203056067228317E+00   -0.103948153555393E+00
       0.317111402750015E+00   -0.896363928914070E-01   -0.507517792284489E-01    0.131414920091629E+00    0.160718187689781E+00
      -0.544045269489288E-01    0.382229499518871E-01   -0.631970763206482E-01    0.159174397587776E+00    0.111905671656132E+00
      -0.922872200608253E-01    0.312371850013733E-01    0.594838289543986E-02    0.351689420640469E-01   -0.633448362350464E-01
       0.424998477101326E-01    0.629230812191963E-01    0.646528005599976E-01    0.100828818976879E+00   -0.941847264766693E-01
       0.760904476046562E-01    0.165559470653534E+00    0.235669806599617E+00   -0.395518876612186E-01   -0.133867725729942E+00
      -0.327734090387821E-02    0.674149990081787E-01    0.907057449221611E-01    0.137745156884193E+00   -0.149331495165825E+00
       0.220767050981522E+00   -0.299401916563511E-01   -0.302094668149948E-01    0.875566750764847E-01    0.836109742522240E-01
       0.176229670643806E+00   -0.990894902497530E-02    0.436392612755299E-01   -0.135872825980186E+00   -0.232717357575893E-01
       0.238982394337654E+00   -0.762210786342621E-01
       0.812057629227638E-01   -0.174540534615517E+00   -0.368659906089306E-01   -0.655214209109545E-02   -0.369977921247482E+00
      -0.414479970932007E+00    0.304063200950623E+00   -0.210537724196911E-01    0.358105823397636E-01   -0.117114940658212E-01
      -0.261929444968700E-01   -0.121143445372581E+00    0.344527326524258E-02    0.389990471303463E-01   -0.115524262189865E+00
       0.750692412257195E-01    0.197270497679710E+00    0.935250222682953E-01   -0.101404219865799E+00    0.734473392367363E-02
       0.117974683642387E+00   -0.447064228355885E-01   -0.171877592802048E-01   -0.662158522754908E-02   -0.170464381575584E+00
      -0.294405184686184E-01   -0.311257354915142E-01   -0.497940890491009E-01   -0.850174296647310E-02   -0.106744967401028E+00
      -0.992186516523361E-01    0.134999066591263E+00    0.344925820827484E-01    0.292901583015919E-01    0.143090821802616E-01
       0.124784983694553E+00   -0.190469324588776E-01   -0.238293558359146E-01   -0.720153972506523E-01    0.151724442839622E+00
       0.801551342010498E-01   -0.126302450895309E+00    0.218776501715183E-01   -0.289320852607489E-02    0.274002850055695E+00
       0.194272056221962E+00    0.135782390832901E+00    0.825092270970345E-01   -0.113452419638634E+00   -0.861572623252869E-01
       0.475919209420681E-01    0.309757515788078E-01   -0.602340772747993E-01   -0.141890108585358E+00    0.816508457064629E-01
       0.155035093426704E+00   -0.916618704795837E-01   -0.295385211706161E+00   -0.655638147145510E-02    0.102445207536221E+00
      -0.421713925898075E-01    0.152078703045845E+00    0.703912973403931E-01    0.109456852078438E+00    0.966736674308777E-01
       0.390214845538139E-01    0.842323526740074E-01    0.633993372321129E-01    0.162547484040260E+00    0.450884923338890E-01
      -0.196981266140938E+00   -0.218827411532402E+00
      -0.340172238647938E-01    0.106490012258291E-01   -0.239614307880402E+00    0.181107930839062E-01    0.200930953025818E+00
       0.334648042917252E-01   -0.686631873250008E-01    0.275314450263977E-01    0.796532407402992E-01   -0.285232514142990E+00
       0.173779539763927E-01    0.168133661150932E+00   -0.261193424463272E+00    0.160045567899942E-01    0.439728014171124E-01
       0.103619629517198E-01   -0.113054245710373E+00   -0.347930826246738E-01   -0.837716534733772E-01   -0.163450762629509E-01
       0.141649022698402E+00   -0.168338149785995E+00    0.150651246309280E+00   -0.655934363603592E-01    0.134979993104935E+00
      -0.985947921872139E-01   -0.298211216926575E+00    0.471888221800327E-01    0.596648268401623E-02   -0.725724622607231E-01
      -0.243989937007427E-01    0.499097108840942E-01    0.197304293513298E+00   -0.295431137084961E+00   -0.569719746708870E-01
      -0.126017138361931E+00   -0.108239918947220E+00    0.497308745980263E-01   -0.468935295939445E-01   -0.208409782499075E-02
      -0.119005754590034E+00   -0.121288388967514E+00    0.281884074211121E+00   -0.124321147799492E+00    0.613435767591000E-01
      -0.311643481254578E-01   -0.122125923633575E+00   -0.141368135809898E+00    0.101983565837145E-01   -0.277667827904224E-01
      -0.293332338333130E-01    0.466787852346897E-01    0.812950357794762E-01   -0.508415922522545E-01   -0.775763615965843E-01
      -0.374598093330860E-01    0.137658938765526E+00   -0.179370716214180E+00   -0.230345189571381E+00   -0.148897185921669E+00
       0.952824056148529E-01    0.107015371322632E+00   -0.561160314828157E-02   -0.507638528943062E-01    0.110988028347492E+00
      -0.681295469403267E-01   -0.113488085567951E+00    0.148997664451599E+00    0.174335520714521E-01    0.344581417739391E-01
       0.158079892396927E+00    0.880182608962059E-01
      -0.929351001977921E-01   -0.139917403459549E+00   -0.214274063706398E+00    0.136418566107750E+00    0.110878728330135E+00
      -0.160895660519600E+00    0.210794061422348E-01   -0.423635914921761E-01   -0.123090788722038E+00    0.204457610845566E+00
       0.690890774130821E-01    0.624860785901546E-01   -0.176012925803661E-01    0.119183816015720E+00    0.264764517545700E+00
       0.853314846754074E-01    0.187421903014183E+00    0.103613272309303E+00    0.283298522233963E+00   -0.456812307238579E-01
      -0.399315096437931E-01    0.846720635890961E-01    0.286096110939980E-01    0.107849881052971E+00    0.112005226314068E+00
       0.392508599907160E-02    0.110033765435219E+00    0.105090469121933E+00   -0.263707041740417E-01   -0.616485476493835E-01
       0.106637164950371E+00   -0.196243107318878E+00   -0.815858226269484E-02    0.147593870759010E+00    0.123031355440617E+00
      -0.187780782580376E-01    0.488346703350544E-01    0.499062016606331E-01   -0.796261206269264E-01    0.780742689967155E-01
      -0.121058404445648E+00   -0.930219814181328E-01   -0.236155092716217E-01    0.449634492397308E-01   -0.382211878895760E-01
      -0.229083195328712E+00    0.132995601743460E-01   -0.284114740788937E-01    0.132175341248512E+00   -0.140696302056313E+00
      -0.692205056548119E-01    0.106213256716728E+00    0.605542287230492E-01    0.370412319898605E-01    0.858146324753761E-01
      -0.222058087587357E+00   -0.522330552339554E-01   -0.188936099410057E+00    0.546600706875324E-01    0.106955476105213E+00
      -0.838455557823181E-01    0.119264483451843E+00   -0.536645203828812E-01    0.120025925338268E+00   -0.124368861317635E+00
       0.750563144683838E-01    0.804831832647324E-01    0.182942345738411E+00    0.549899712204933E-01    0.509257502853870E-01
       0.166294053196907E+00    0.609969021752477E-02
      -0.358293280005455E-01    0.255219161510468E+00   -0.120194077491760E+00    0.126812309026718E-01   -0.365817815065384E+00
      -0.102903872728348E+00   -0.703748408704996E-02    0.439918972551823E-01    0.822792053222656E-01   -0.133614182472229E+00
      -0.540058389306068E-01   -0.731548815965652E-01   -0.644341260194778E-01   -0.767473131418228E-01   -0.202639102935791E+00
      -0.136348426342010E+00   -0.146049046888947E-01   -0.591845288872719E-01    0.202880334109068E-01    0.734561160206795E-01
      -0.164795234799385E+00    0.967066213488579E-01    0.576179102063179E-01    0.166778221726418E+00   -0.145070314407349E+00
      -0.173377230763435E+00    0.857214555144310E-01    0.153200346976519E-01    0.361510485410690E+00   -0.148702422156930E-01
      -0.257755368947983E+00    0.403003171086311E-01    0.213892966508865E+00   -0.464916788041592E-01    0.223999053239822E+00
       0.153645128011703E+00    0.151883810758591E+00   -0.787031054496765E-01   -0.108421975746751E-01   -0.611478835344315E-01
       0.142290428280830E+00   -0.373474396765232E-01    0.199616774916649E+00    0.124137029051781E+00    0.133093774318695E+00
      -0.150210574269295E+00   -0.154413571581244E-01   -0.195248052477837E-01    0.907667279243469E-01    0.160425201058388E+00
      -0.989228859543800E-01   -0.144989907741547E+00   -0.347673207521439E+00    0.507967583835125E-01   -0.146192178130150E+00
       0.937014743685722E-01    0.181055627763271E-01   -0.137387663125992E+00   -0.484174937009811E-01    0.780703872442245E-01
      -0.448637716472149E-01   -0.194289535284042E-01   -0.312675237655640E-01    0.302780792117119E-01   -0.196502372622490E+00
       0.706478580832481E-01   -0.641843900084496E-01    0.163144454360008E+00    0.180247008800507E+00   -0.779701098799706E-01
       0.481413342058659E-01   -0.113963924348354E+00
       0.209710821509361E+00    0.983553454279900E-01    0.908718258142471E-01    0.217057123780251E+00    0.526982784271240E+00
       0.577770590782166E+00    0.120393067598343E+00   -0.207220166921616E-01   -0.104422187432647E-01    0.104367457330227E+00
       0.104425800964236E-01   -0.276773013174534E-01   -0.115828635171056E-01    0.156504422426224E+00    0.263244062662125E+00
       0.434439554810524E-01   -0.379043743014336E-01    0.125406891107559E+00   -0.514050535857677E-01    0.621163286268711E-03
       0.174734834581614E-01   -0.531234443187714E-01   -0.272078998386860E-01   -0.119640469551086E+00    0.159862503409386E+00
       0.281128942966461E+00   -0.755541175603867E-01   -0.263198375701904E+00   -0.224570140242577E+00   -0.222577434033155E-02
      -0.301864258944988E-01    0.204896271228790E+00    0.980615988373756E-01   -0.160215228796005E+00    0.720613896846771E-01
      -0.184052810072899E+00   -0.160112529993057E+00    0.218965448439121E-01   -0.226080551743507E+00    0.290602356195450E+00
       0.910760462284088E-01    0.313438288867474E-01    0.235716462135315E+00    0.971064493060112E-01    0.243260711431503E+00
       0.145761653780937E+00    0.360201001167297E+00   -0.680757779628038E-02    0.681289583444595E-01   -0.169321551918983E+00
       0.133696012198925E-03   -0.607548505067825E-01    0.162108361721039E+00    0.157505154609680E+00    0.125968813896179E+00
       0.597450360655785E-01    0.201461911201477E-01   -0.146416723728180E+00   -0.238326817750931E+00    0.158018991351128E-02
      -0.506965294480324E-01   -0.115042002871633E-01    0.695752575993538E-01   -0.153702497482300E+00   -0.143084630370140E+00
       0.232875868678093E+00    0.205000445246696E+00    0.124514035880566E+00    0.619300827383995E-01   -0.876451842486858E-03
       0.225765496492386E+00    0.146083503961563E+00
       0.873654782772064E-01    0.125673254951835E-01    0.390829518437386E-01    0.956681370735168E-01    0.393741056323051E-01
       0.126498028635979E+00   -0.453991554677486E-01   -0.157659187912941E+00   -0.242662727832794E-01   -0.674467757344246E-01
       0.562227927148342E-01    0.389406271278858E-01   -0.268583372235298E-01    0.563987866044044E-01    0.348690338432789E-01
      -0.168628826737404E+00    0.231704652309418E+00   -0.265798158943653E-02    0.434786565601826E-01   -0.405962858349085E-02
       0.102383114397526E+00   -0.121283859014511E+00    0.965392291545868E-01    0.864196568727493E-01   -0.593045800924301E-01
      -0.129312798380852E+00    0.113612912595272E+00   -0.188971012830734E-01   -0.572914108633995E-01   -0.152184709906578E+00
      -0.638803914189339E-01    0.861950591206551E-01    0.239577129483223E+00   -0.145264551043510E+00    0.197443753480911E+00
      -0.194609351456165E-01   -0.195642679929733E+00    0.602248199284077E-01   -0.518913902342319E-01    0.158658120781183E-01
      -0.585018396377563E-01    0.416026413440704E-01    0.126757353544235E+00   -0.941865444183350E-01    0.948274508118629E-01
       0.792069509625435E-01   -0.302471406757832E-01   -0.150161489844322E+00   -0.133124152198434E-01    0.182198524475098E+00
      -0.212579548358917E+00   -0.133453562855721E+00    0.185164228081703E+00    0.294470377266407E-01    0.766266211867332E-01
      -0.111647687852383E+00    0.219819948077202E+00   -0.379272773861885E-01    0.882323980331421E-01    0.134626373648643E+00
      -0.150912970304489E+00   -0.167252480983734E+00   -0.723887085914612E-01    0.677016898989677E-01    0.254565060138702E+00
      -0.553339496254921E-01    0.139419138431549E+00    0.117586087435484E-02    0.198351055383682E+00    0.140817970037460E+00
      -0.260116681456566E-01    0.124156743288040E+00
      -0.224781438708305E+00   -0.265923030674458E-01    0.385890109464526E-02   -0.171317264437675E+00   -0.619758740067482E-01
       0.490457452833652E-01   -0.913473125547171E-02   -0.213209204375744E-01    0.844268966466188E-02    0.158493623137474E+00
       0.203667916357517E-01   -0.132062375545502E+00   -0.106060691177845E-02   -0.128235565498471E-01   -0.134281009435654E+00
      -0.133379474282265E+00   -0.125688076019287E+00    0.429584197700024E-01    0.201422050595284E+00    0.206704825162888E+00
       0.197269201278687E+00    0.182412698864937E+00   -0.125633433461189E+00   -0.792751237750053E-01    0.656907185912132E-01
       0.373608432710171E-03   -0.142756313085556E+00    0.368369072675705E-01    0.188789322972298E+00    0.597263798117638E-01
       0.997984595596790E-02   -0.425741225481033E-01    0.276398845016956E-03    0.803890526294708E-01    0.155633017420769E+00
       0.146781668066978E+00    0.181944355368614E+00   -0.272061750292778E-01   -0.620736330747604E-01   -0.209702774882317E-01
      -0.162368267774582E-01    0.208798814564943E-01    0.113908894360065E+00    0.548875108361244E-01    0.924045965075493E-01
       0.154060065746307E+00   -0.945443660020828E-01    0.326711647212505E-01   -0.337002985179424E-01    0.973998680710793E-01
       0.177658852189779E-01    0.787219926714897E-01    0.945416241884232E-01    0.870668515563011E-01    0.408866070210934E-01
      -0.996833965182304E-01    0.687581952661276E-02   -0.126243263483047E+00   -0.596636608242989E-01    0.513486005365849E-01
      -0.803069863468409E-02   -0.443801954388618E-01   -0.471710823476315E-01   -0.127823159098625E+00   -0.750094056129456E-01
      -0.275251157581806E-01    0.685468092560768E-01    0.274356633424759E+00    0.201264470815659E+00    0.232668533921242E+00
       0.102518007159233E+00   -0.803516209125519E-01
       0.209006905555725E+00    0.143801067024469E-01    0.336213201284409E+00   -0.991963222622871E-01   -0.293857663869858E+00
      -0.614950954914093E-01    0.194618813693523E-01    0.940516889095306E-01   -0.289539471268654E-01    0.970820989459753E-02
      -0.980152487754822E-01    0.132716102525592E-01    0.169671773910522E+00   -0.763782262802124E-01    0.105791866779327E+00
      -0.878572911024094E-01    0.100443847477436E+00   -0.570237338542938E-01    0.165123492479324E-01   -0.460670609027147E-02
       0.492707341909409E-01    0.638207346200943E-01    0.489380769431591E-01   -0.158600628376007E+00    0.302024260163307E-01
       0.159022435545921E+00   -0.368979759514332E-02   -0.736689642071724E-01    0.718583092093468E-01    0.105638563632965E+00
       0.450833924114704E-01   -0.582143291831017E-01   -0.985261648893356E-01    0.195237040519714E+00   -0.297838412225246E-01
      -0.686323717236519E-01    0.802677124738693E-01    0.118964523077011E+00    0.303152687847614E-01    0.238331891596317E-01
       0.342668183147907E-01    0.134835124015808E+00    0.789398774504662E-01    0.253342464566231E-02    0.128690034151077E+00
       0.968686118721962E-01   -0.756438225507736E-01   -0.348036624491215E-01    0.716823861002922E-01   -0.774754136800766E-01
       0.529637075960636E-01   -0.128369867801666E+00   -0.365610569715500E-01    0.243200510740280E+00   -0.276398397982121E-01
      -0.629928931593895E-01   -0.154901491478086E-01    0.213635623455048E+00   -0.545837432146072E-01    0.427852533757687E-01
      -0.137232467532158E+00   -0.202663108706474E+00   -0.131722852587700E+00   -0.148717671632767E+00    0.169701099395752E+00
      -0.327886827290058E-01    0.652536079287529E-01   -0.438366308808327E-01    0.132284760475159E+00   -0.321944691240788E-01
       0.325229838490486E-01   -0.761763453483582E-01
      -0.197271600365639E+00    0.177179768681526E+00   -0.168603926897049E+00   -0.240079924464226E+00   -0.195399746298790E+00
      -0.180066496133804E+00   -0.258639827370644E-01    0.229172021150589E+00    0.225218743085861E+00   -0.776892229914665E-01
       0.251246523112059E-02    0.554663874208927E-02    0.237062089145184E-01   -0.119046941399574E+00   -0.563013181090355E-01
       0.212952420115471E+00    0.459615513682365E-01   -0.646903589367867E-01    0.128598570823669E+00    0.992609933018684E-02
       0.556556470692158E-01   -0.170256793498993E-01   -0.515566729009151E-01    0.319795668125153E+00    0.980797111988068E-01
      -0.923758596181870E-01    0.155407190322876E-01   -0.666990410536528E-02   -0.278817750513554E-01    0.110501736402512E+00
       0.930708199739456E-01    0.285368621349335E+00    0.125214636325836E+00    0.204916045069695E+00    0.190673489123583E-01
       0.736901815980673E-02   -0.132215678691864E+00    0.401672758162022E-01    0.898677632212639E-01    0.100539408624172E+00
      -0.474123805761337E-01    0.400527901947498E-01    0.928586944937706E-01    0.137290313839912E+00   -0.547538399696350E-01
       0.574969593435526E-02   -0.966837778687477E-01    0.106691373512149E-01   -0.813805162906647E-01    0.952253043651581E-01
       0.153386667370796E+00    0.467590875923634E-01   -0.932358577847481E-01    0.979485735297203E-01    0.307456143200397E-01
      -0.164573267102242E+00    0.124943822622299E+00    0.197043702006340E+00   -0.251146480441093E-01    0.252658396959305E+00
      -0.947477668523788E-01    0.544133819639683E-01    0.753122121095657E-01    0.511369183659554E-01   -0.118853434920311E+00
       0.163735337555408E-01   -0.217131257057190E+00   -0.323974862694740E-01   -0.587049350142479E-01    0.106304794549942E+00
      -0.182147756218910E+00   -0.767267942428589E-01
       0.158039376139641E+00    0.204126715660095E+00   -0.566020235419273E-01   -0.187792219221592E-01   -0.549071133136749E-01
      -0.138689175248146E+00   -0.848227813839912E-01    0.111366689205170E+00    0.831559672951698E-02    0.801918655633926E-02
      -0.147174552083015E+00    0.490068867802620E-01    0.231236755847931E+00   -0.141115114092827E+00   -0.792336687445641E-01
       0.133008047938347E+00    0.984304398298264E-01    0.481199920177460E-01   -0.100762337446213E+00    0.165360569953918E+00
       0.158215686678886E-01   -0.143008038401604E+00   -0.248380899429321E-01   -0.111825622618198E+00    0.644147396087646E-01
      -0.774142071604729E-01    0.154684960842133E+00    0.106743305921555E+00   -0.939994603395462E-01   -0.211315914988518E+00
       0.653158724308014E-01    0.996629372239113E-01   -0.133804559707642E+00    0.900021269917488E-01   -0.276348777115345E-01
      -0.792109668254852E-01    0.836567133665085E-01    0.275363057851791E+00   -0.102583831176162E-01    0.169549405574799E+00
      -0.442464388906956E-01    0.392353944480419E-01   -0.125137582421303E+00   -0.186431705951691E+00    0.960211902856827E-01
       0.127866808325052E-01    0.126648962497711E+00   -0.455724783241749E-01   -0.117502296343446E-01    0.530752539634705E+00
       0.109938710927963E+00    0.367113808169961E-02   -0.422860682010651E-01    0.503692328929901E-01   -0.719493478536606E-01
      -0.132016181945801E+00    0.396290197968483E-01   -0.390155427157879E-01   -0.576294288039207E-01    0.875779986381531E-01
       0.560484267771244E-01    0.181626468896866E+00   -0.311823710799217E-01    0.806014165282249E-01    0.846417918801308E-01
       0.844945237040520E-01    0.966897308826447E-01   -0.130881115794182E+00   -0.183679573237896E-01   -0.257709920406342E-01
       0.259545501321554E-01   -0.154214799404144E+00
   Bias in Layer   3
      -0.124469608068466E+00   -0.137470886111259E-01   -0.897203907370567E-01    0.681274533271790E-01    0.152390599250793E+00
      -0.713189318776131E-01    0.162842571735382E+00   -0.433539040386677E-01    0.756477192044258E-01    0.524351596832275E-01
      -0.130246475338936E+00   -0.583313331007957E-01    0.872627720236778E-01   -0.659178663045168E-02   -0.480113998055458E-01
      -0.632337629795074E-01    0.611959025263786E-01    0.431307330727577E-01   -0.136833280324936E+00    0.112236179411411E+00
      -0.177145361900330E+00   -0.164932548999786E+00    0.357217863202095E-01    0.357753410935402E-01    0.332021564245224E-01
      -0.208193808794022E+00    0.641589239239693E-01   -0.628992393612862E-01   -0.146119460463524E+00   -0.384175777435303E-01
       0.133507000282407E-01   -0.493744909763336E-01    0.226539760828018E+00    0.464295893907547E-01   -0.592302866280079E-01
      -0.105858787894249E+00    0.112414076924324E+00    0.231562167406082E+00   -0.299289040267467E-01   -0.248155936598778E+00
      -0.194063447415829E-01   -0.429202131927013E-01    0.864806622266769E-01   -0.554402023553848E-01   -0.135624110698700E+00
      -0.207870602607727E-01    0.399894043803215E-01    0.706045255064964E-01
   Weight in Layer   3
       0.413629226386547E-01    0.329912811517715E+00    0.110510498285294E+00   -0.149328589439392E+00    0.111408382654190E-01
       0.132985506206751E-02   -0.168775647878647E+00    0.139416292309761E+00    0.585614070296288E-01   -0.115371719002724E+00
       0.498399361968040E-01   -0.152332484722137E+00    0.120203770697117E+00    0.118731893599033E+00   -0.334774963557720E-01
       0.129745453596115E+00    0.109184503555298E+00   -0.341115854680538E-01    0.316898554563522E+00    0.884821489453316E-01
      -0.104648500680923E+00    0.207904919981956E+00    0.203387841582298E+00    0.169842578470707E-01   -0.392208285629749E-01
      -0.132941544055939E+00    0.609667263925076E-01    0.126007780432701E+00   -0.123095169663429E+00    0.203260138630867E+00
       0.116584450006485E+00    0.625072978436947E-03    0.166320890188217E+00   -0.756091028451920E-01   -0.537023544311523E-01
       0.182553097605705E+00    0.965966004878283E-02    0.771930962800980E-01   -0.142889395356178E+00    0.894271358847618E-01
       0.166203752160072E+00   -0.970770698040724E-02    0.116120710968971E+00   -0.353535830974579E+00   -0.417921021580696E-01
      -0.639318227767944E-01   -0.124688327312469E+00    0.527425706386566E-01   -0.114024892449379E+00   -0.879585370421410E-01
       0.821130499243736E-01    0.265397876501083E-01   -0.283451735973358E+00    0.518072620034218E-01   -0.224031686782837E+00
      -0.378559902310371E-01    0.185830965638161E-01   -0.117840960621834E+00   -0.401695258915424E-02    0.614244714379311E-01
      -0.141143396496773E+00   -0.185237862169743E-01    0.786203593015671E-01   -0.847305804491043E-01    0.142990887165070E+00
       0.168673157691956E+00   -0.544379185885191E-02   -0.203641578555107E+00    0.395802140235901E+00   -0.103254526853561E+00
      -0.147466575726867E-01    0.128950074315071E+00   -0.481666773557663E-01    0.938000380992889E-01    0.959912389516830E-01
       0.351193398237228E-01    0.186885967850685E+00   -0.738666504621506E-01   -0.465331077575684E-01   -0.140335753560066E+00
      -0.101520717144012E+00    0.862656533718109E-01   -0.790774542838335E-02    0.398816674947739E+00   -0.424328967928886E-01
      -0.140752224251628E-01   -0.164578258991241E+00    0.131844595074654E+00   -0.154877170920372E+00   -0.537397041916847E-01
       0.598308518528938E-01   -0.152412146329880E+00    0.405196100473404E-01    0.137747973203659E+00   -0.488357581198215E-01
      -0.352094173431396E-01    0.176270790398121E-01    0.160972610116005E+00   -0.472098998725414E-01   -0.105614058673382E+00
      -0.171204060316086E+00   -0.134304821491241E+00   -0.109544433653355E+00    0.123516265302896E-01    0.188639700412750E+00
      -0.147234620526433E-01    0.101236216723919E-01   -0.150959650054574E-01    0.826942846179008E-01   -0.139813438057899E+00
      -0.114155098795891E+00    0.127516075968742E+00    0.743502005934715E-01   -0.286834239959717E+00    0.710749551653862E-01
      -0.745521709322929E-01    0.116675652563572E+00   -0.487573929131031E-01   -0.385901145637035E-01   -0.119928255677223E+00
      -0.135832458734512E+00   -0.960621982812881E-04   -0.189119905233383E+00    0.147225961089134E+00    0.828982815146446E-01
      -0.116668054834008E-01   -0.205282658338547E+00    0.694021061062813E-01   -0.136207088828087E+00   -0.138395577669144E+00
       0.162782430648804E+00    0.167220398783684E+00    0.937816649675369E-01    0.962283741682768E-02    0.106720827519894E+00
      -0.280249118804932E-02    0.275737613439560E+00   -0.558616295456886E-01   -0.924100428819656E-01   -0.151774138212204E+00
       0.499631538987160E-01    0.610506385564804E-01   -0.130844935774803E+00   -0.154219418764114E+00    0.557960756123066E-01
      -0.386258922517300E-01   -0.435605607926846E-01    0.120719119906425E+00   -0.153924822807312E+00   -0.145569622516632E+00
       0.254315789788961E-02    0.111292280256748E+00   -0.338277190923691E+00    0.758005678653717E-01    0.324010010808706E-02
      -0.911942645907402E-01   -0.775000602006912E-01   -0.149520216509700E-01   -0.449453853070736E-02   -0.288016628473997E-02
       0.146219655871391E+00    0.156307667493820E+00   -0.147728979587555E+00   -0.515242852270603E-01    0.284000812098384E-02
      -0.170631080865860E+00    0.311729572713375E-01   -0.352875664830208E-01    0.350789539515972E-01   -0.105713322758675E+00
      -0.615269914269447E-01   -0.193888857960701E+00   -0.207214191555977E+00    0.547925904393196E-01    0.155482679605484E+00
      -0.125138148665428E+00    0.249198246747255E-01    0.858693048357964E-01   -0.487492084503174E-01    0.137868881225586E+00
       0.144203558564186E+00   -0.777684003114700E-01    0.162305086851120E+00    0.536167062819004E-02    0.493181720376015E-01
       0.309778936207294E-01    0.136095613241196E+00    0.510928854346275E-01    0.892194733023643E-01    0.328454822301865E-01
       0.894910469651222E-01    0.122726149857044E+00   -0.128152715042233E-01   -0.390786342322826E-01   -0.283305048942566E-01
      -0.145416527986526E+00    0.260574489831924E+00    0.937257334589958E-01   -0.213960260152817E-01   -0.786383002996445E-01
       0.354991368949413E-01   -0.124823689460754E+00    0.170755032449961E-01   -0.134824857115746E+00    0.110504657030106E+00
       0.225423097610474E+00    0.872565507888794E-01   -0.134226545691490E+00    0.111822284758091E+00    0.192666903138161E+00
      -0.939079970121384E-01    0.936145260930061E-01   -0.134593963623047E+00   -0.699045956134796E-01    0.100912190973759E+00
      -0.222540311515331E-01   -0.114898741245270E+00    0.371259264647961E-01    0.174312457442284E+00    0.146172389388084E+00
      -0.405907630920410E-02   -0.835135281085968E-01   -0.134672164916992E+00    0.704479217529297E-01    0.899254679679871E-01
       0.260669030249119E-01   -0.116214707493782E+00   -0.199532523751259E+00   -0.596239566802979E-01   -0.190068930387497E+00
      -0.180267244577408E-01    0.178665354847908E+00   -0.244269184768200E-01    0.129349738359451E+00    0.232100710272789E+00
       0.500539839267731E-01   -0.209558606147766E+00    0.408673547208309E-01   -0.183213591575623E+00   -0.160935118794441E+00
      -0.251511149108410E-01   -0.329802967607975E-01   -0.108117185533047E+00    0.340909585356712E-01   -0.138229519128799E+00
      -0.102092169225216E+00    0.224244713783264E+00    0.500144204124808E-02   -0.173654735088348E+00    0.316552408039570E-01
       0.428299307823181E-01   -0.887762531638145E-01    0.224433735013008E+00   -0.163088038563728E+00    0.259064277634025E-02
      -0.100583985447884E+00    0.192983131855726E-01   -0.576657056808472E-01   -0.211414217948914E+00   -0.208577319979668E+00
       0.191093102097511E+00   -0.115734234452248E+00   -0.305039249360561E-01    0.699451416730881E-01   -0.184025242924690E+00
      -0.779403094202280E-02   -0.202913612127304E+00    0.855688452720642E-01    0.325851626694202E-01    0.137564130127430E-01
      -0.115765675902367E+00    0.955457687377930E-01   -0.864183679223061E-01    0.528397224843502E-01    0.945482961833477E-02
      -0.615544989705086E-01    0.306904256343842E+00    0.141863808035851E+00   -0.962258800864220E-01   -0.370886586606503E-01
      -0.148040875792503E+00   -0.909288879483938E-02    0.140133231878281E+00    0.442934632301331E-01    0.182873561978340E+00
       0.840087905526161E-01    0.213108479976654E+00   -0.195539712905884E+00   -0.169414699077606E+00   -0.109497457742691E+00
       0.617941878736019E-01   -0.243422940373421E+00    0.375106409192085E-01    0.268627554178238E+00    0.295870527625084E-01
      -0.741824507713318E-01    0.914587602019310E-01    0.133234873414040E+00   -0.135472610592842E+00    0.374011024832726E-01
       0.191417738795280E+00   -0.259497389197350E-01   -0.904004871845245E-01    0.139834344387054E+00   -0.133514165878296E+00
      -0.242904201149940E+00   -0.146765738725662E+00    0.148834183812141E+00   -0.152486041188240E+00   -0.619230698794127E-02
      -0.500586293637753E-01    0.196118265390396E+00    0.221220329403877E+00   -0.435551032423973E-01    0.267959713935852E+00
      -0.723053216934204E-01   -0.160166963934898E+00   -0.161650329828262E+00   -0.121365040540695E+00    0.103221632540226E+00
      -0.184997662901878E+00    0.258361361920834E-01    0.126080200076103E+00    0.592780783772469E-01   -0.686060935258865E-01
       0.248510226607323E+00   -0.721382424235344E-01    0.162984803318977E+00    0.638023624196649E-02    0.177259128540754E-01
       0.962072387337685E-01    0.878383498638868E-02   -0.946008414030075E-01    0.260180756449699E-01   -0.128752708435059E+00
      -0.303562097251415E-01    0.351968795061111E+00    0.539375394582748E-01    0.453061331063509E-02   -0.166644662618637E+00
      -0.701078325510025E-01    0.252539440989494E-01    0.100157167762518E-01   -0.197402209043503E+00   -0.359305813908577E-01
       0.175170525908470E+00   -0.105483934283257E+00    0.605795457959175E-01    0.202789992094040E+00   -0.303774885833263E-01
       0.916846394538879E-01   -0.249974988400936E-01    0.117714390158653E+00   -0.217536151409149E+00    0.966291651129723E-01
       0.325547046959400E-01    0.144824564456940E+00    0.606592297554016E-01   -0.799690112471581E-01    0.249450616538525E-01
       0.658135116100311E-01    0.998089686036110E-01    0.109780661761761E+00    0.674553811550140E-01    0.397953748703003E+00
      -0.745935589075089E-01    0.100133851170540E+00    0.261980503797531E+00   -0.247029975056648E+00    0.576786696910858E-01
       0.207595095038414E+00    0.961184352636337E-01    0.330706574022770E-01    0.781492814421654E-01    0.406129695475101E-01
      -0.204272344708443E-01   -0.678373426198959E-01    0.711134672164917E-01   -0.177223473787308E+00    0.125521272420883E-01
      -0.356818921864033E-01   -0.223832502961159E+00    0.316751673817635E-01    0.770979374647141E-01   -0.226450189948082E-01
      -0.294273316860199E+00    0.429138168692589E-01    0.581714473664761E-01   -0.561905130743980E-01    0.265568643808365E-01
      -0.853487253189087E-01    0.178481832146645E+00   -0.190907210111618E+00    0.102019920945168E+00   -0.545465648174286E-01
      -0.163418576121330E+00    0.384727530181408E-01    0.281954377889633E+00    0.468006264418364E-02   -0.294152610003948E-01
       0.638480186462402E-01    0.107074357569218E+00   -0.729372426867485E-01   -0.115419834852219E+00    0.102327093482018E+00
       0.228724088519812E-01    0.312910944223404E+00    0.102788105607033E+00   -0.501072704792023E-01    0.907440260052681E-01
      -0.744462665170431E-02   -0.119637146592140E+00    0.924872756004333E-01   -0.681625306606293E-01   -0.537794381380081E-01
      -0.829491764307022E-01    0.588556677103043E-01   -0.125154361128807E+00   -0.167756631970406E+00   -0.132689878344536E+00
       0.282192155718803E-01   -0.248582996428013E-01   -0.559784248471260E-01   -0.133175104856491E+00   -0.823933482170105E-01
      -0.249997094273567E+00   -0.273436605930328E-01    0.132295906543732E+00    0.122560761868954E+00    0.188840940594673E+00
       0.112693183124065E+00   -0.148977547883987E+00   -0.148273155093193E+00    0.488076984882355E+00    0.384173616766930E-01
       0.257518082857132E+00   -0.117381632328033E+00    0.148487742990255E-01    0.151071920990944E+00    0.308076530694962E+00
      -0.783125907182693E-01    0.111555315554142E+00    0.105303689837456E+00   -0.314788371324539E-01    0.779981762170792E-01
       0.159770116209984E+00   -0.143944427371025E+00    0.154648870229721E+00   -0.227328687906265E-01    0.309103339910507E+00
      -0.456363186240196E-01    0.121980771422386E+00    0.180632740259171E+00   -0.102120026946068E+00   -0.177846997976303E-01
      -0.638109147548676E-01    0.734368264675140E-01    0.368499569594860E-01   -0.464225448668003E-01    0.211984440684319E+00
       0.982623323798180E-01    0.667536025866866E-02   -0.242790266871452E+00   -0.158043846487999E+00    0.143091157078743E-01
      -0.357817448675632E-01   -0.116286173462868E+00    0.124678812921047E+00    0.212935823947191E-01    0.182140201330185E+00
      -0.101499333977699E+00    0.172672852873802E+00    0.241409301757812E+00   -0.197917684912682E+00    0.102646738290787E+00
      -0.521495714783669E-01    0.135242491960526E+00   -0.476296208798885E-01   -0.122081324458122E+00   -0.159673660993576E+00
      -0.205849707126617E+00   -0.185993134975433E+00    0.702737867832184E-01   -0.135667994618416E+00   -0.714742317795753E-01
       0.407562628388405E-01    0.277467723935843E-02   -0.552176907658577E-01   -0.151421809569001E-01   -0.445524491369724E-01
      -0.167767345905304E+00    0.756755471229553E-01   -0.116848692297935E+00    0.139120161533356E+00    0.768572613596916E-01
       0.346706062555313E-02    0.212314903736115E+00    0.431074090301991E-01    0.258957296609879E-01    0.616692081093788E-01
      -0.370709449052811E-01   -0.153133925050497E-02   -0.826339945197105E-01   -0.626960024237633E-01    0.135017391294241E-01
      -0.126460552215576E+00   -0.714790597558022E-01    0.112422443926334E+00    0.526782199740410E-01   -0.134660124778748E+00
      -0.127977073192596E+00   -0.190330483019352E-01   -0.319633223116398E-01    0.108541361987591E+00   -0.138306304812431E+00
      -0.267285913228989E+00    0.171560525894165E+00   -0.922380294650793E-02   -0.630806013941765E-01   -0.548489913344383E-01
      -0.978984013199806E-01   -0.115933120250702E+00   -0.189006328582764E-01   -0.206062555313110E+00   -0.618445128202438E-01
      -0.217344611883163E-01    0.315577864646912E+00    0.927266180515289E-01   -0.706382244825363E-01   -0.163298934698105E+00
       0.308984182775021E-01    0.367661327123642E+00   -0.377703905105591E-01    0.659508928656578E-01    0.121606044471264E+00
       0.129396349191666E+00   -0.755979493260384E-01    0.157894473522902E-01   -0.163058996200562E+00    0.141168773174286E+00
       0.448441989719868E-01   -0.593808665871620E-01    0.952529348433018E-02   -0.223871581256390E-01    0.881680101156235E-01
      -0.177064731717110E+00   -0.229730084538460E-01    0.113071054220200E+00   -0.660977587103844E-01    0.246900413185358E-02
      -0.193202301859856E+00   -0.123480021953583E+00   -0.875302702188492E-01    0.236940234899521E+00    0.265193432569504E-01
       0.877285599708557E-01    0.223140105605125E+00    0.147900909185410E+00    0.143089652061462E+00    0.154235688969493E-01
       0.211165651679039E+00   -0.144363353028893E-01   -0.249783411622047E+00    0.161577224731445E+00   -0.771426316350698E-02
      -0.434960275888443E-01    0.108638435602188E+00    0.114553675055504E+00   -0.252879932522774E-01   -0.889021903276443E-01
      -0.980591773986816E-01    0.133395180106163E+00    0.553860031068325E-01    0.215312808752060E+00   -0.655171424150467E-01
       0.205318912863731E+00    0.491086728870869E-01    0.401440739631653E+00   -0.133180990815163E+00   -0.124875769019127E+00
       0.150779545307159E+00   -0.193037226796150E+00   -0.122096417471766E-01    0.150440201163292E+00   -0.920947790145874E-01
       0.822942890226841E-02   -0.542539954185486E-01    0.236312448978424E+00    0.312982536852360E-01   -0.580476000905037E-01
      -0.123035296797752E+00   -0.921244472265244E-01   -0.146577134728432E+00   -0.760181546211243E-01    0.112207248806953E+00
       0.471237264573574E-01    0.291541032493114E-01    0.198029652237892E+00    0.136740490794182E+00    0.606385022401810E-01
      -0.769369453191757E-01    0.245030418038368E+00   -0.908348783850670E-01    0.125881075859070E+00   -0.112371131777763E+00
      -0.232596129179001E+00    0.165055170655251E+00    0.124267801642418E+00    0.426943190395832E-01    0.481381788849831E-01
       0.232097283005714E+00   -0.156479701399803E+00    0.994974896311760E-01   -0.768106654286385E-01    0.467169135808945E-01
       0.384606979787350E-01    0.189887449145317E+00   -0.108269400894642E+00   -0.181284263730049E+00   -0.282092168927193E-01
       0.121489919722080E+00    0.470539666712284E-01    0.408364981412888E-01   -0.225543826818466E-01    0.914189070463181E-01
       0.217630282044411E+00    0.125728085637093E+00    0.441633164882660E-03   -0.560059398412704E-01    0.177542828023434E-01
       0.306799262762070E+00    0.103070437908173E+00    0.177504360675812E+00   -0.158001333475113E+00   -0.150298684835434E+00
      -0.275054648518562E-01   -0.155722036957741E+00   -0.890222378075123E-03   -0.470501743257046E-01    0.498574152588844E-01
       0.207788050174713E+00   -0.990733504295349E-01   -0.722808856517076E-02   -0.192023113369942E+00   -0.189918354153633E+00
       0.164750963449478E-01    0.465557649731636E-01   -0.349933542311192E-01    0.165231116116047E-01   -0.142177790403366E+00
      -0.292712822556496E-01    0.300672173500061E+00    0.742441788315773E-01    0.217074438929558E+00   -0.159444257616997E+00
       0.184477999806404E+00    0.630468204617500E-01    0.106836140155792E+00   -0.824233237653971E-02    0.101301029324532E+00
       0.986761376261711E-01   -0.117608994245529E+00   -0.128540411591530E+00   -0.936517566442490E-01    0.938096344470978E-01
       0.101957775652409E+00   -0.164151087403297E+00   -0.101865418255329E+00    0.141100361943245E+00    0.464560650289059E-01
       0.700203925371170E-01    0.250485241413116E-01   -0.305154591798782E+00    0.125700891017914E+00    0.127747386693954E+00
       0.122050538659096E+00   -0.337489359080791E-01    0.318456031382084E-01   -0.222763478755951E+00   -0.158778540790081E-01
      -0.762320309877396E-01   -0.788217410445213E-01   -0.251175135374069E+00    0.248277559876442E-01   -0.145105002447963E-01
       0.358593976125121E-02   -0.612594187259674E-01    0.149894818663597E+00   -0.255213022232056E+00   -0.120429797098041E-01
      -0.122002497315407E+00    0.109261512756348E+00   -0.753426402807236E-01   -0.934364050626755E-01    0.119092367589474E+00
      -0.470191799104214E-01    0.113112382590771E+00    0.587389757856727E-02   -0.238821096718311E-01   -0.478686951100826E-01
      -0.149077489972115E+00    0.103108301758766E+00    0.144359394907951E+00    0.113777495920658E+00   -0.309294424951077E-01
      -0.776962414383888E-01   -0.116141095757484E+00    0.748355612158775E-01    0.718828290700912E-01    0.194382697343826E+00
       0.149259001016617E+00   -0.463840477168560E-01   -0.280400156974792E+00   -0.429929718375206E-01   -0.224238112568855E-01
      -0.163124315440655E-01   -0.255978465080261E+00    0.169347673654556E-01   -0.688900351524353E-01    0.173068478703499E+00
       0.766482055187225E-01   -0.608067959547043E-01    0.198059439659119E+00   -0.152095677331090E-01    0.850890502333641E-01
      -0.196123905479908E-01   -0.145558968186378E+00   -0.173720970749855E+00   -0.109158918261528E+00    0.100408338010311E+00
       0.100739344954491E+00   -0.134584292769432E+00   -0.116141498088837E+00    0.560515932738781E-01    0.123449631035328E+00
       0.242274761199951E+00   -0.284891128540039E+00   -0.774828195571899E-01   -0.453441664576530E-01   -0.234531253576279E+00
       0.575371161103249E-01   -0.150839552283287E+00   -0.661738887429237E-01   -0.840252917259932E-02   -0.132268285378814E-01
      -0.894225984811783E-01    0.216798484325409E-02    0.145682945847511E+00    0.438280589878559E-01    0.510685890913010E-01
       0.533443987369537E-01    0.398506484925747E-01   -0.763436704874039E-01   -0.555576607584953E-01    0.130054987967014E-01
      -0.113093048334122E+00    0.162222042679787E+00   -0.131244719028473E+00   -0.820657983422279E-01    0.225211620330811E+00
       0.918032303452492E-01    0.225198134779930E+00    0.225114282220602E-01    0.254045110195875E-01    0.233320832252502E+00
       0.210620202124119E-01    0.339061431586742E-01   -0.648636445403099E-01   -0.384406447410583E-01   -0.418669618666172E-01
      -0.114307276904583E+00    0.754884257912636E-01    0.101254798471928E+00    0.734320729970932E-01   -0.703408122062683E-01
      -0.565740540623665E-01    0.157416492700577E+00    0.100329637527466E+00   -0.908623356372118E-02    0.711250528693199E-01
       0.159354314208031E+00    0.910696908831596E-01   -0.212550759315491E+00    0.939964205026627E-01   -0.243506327271461E+00
      -0.718986764550209E-01    0.301024317741394E-01   -0.491213016211987E-01   -0.843341499567032E-01    0.136659726500511E+00
      -0.864788983017206E-02   -0.241585448384285E-01    0.554216802120209E-01   -0.113485470414162E+00    0.139000087976456E+00
      -0.187969192862511E+00   -0.863640680909157E-01    0.430139377713203E-01    0.316540837287903E+00   -0.706544239073992E-02
       0.241060145199299E-01    0.110425800085068E+00   -0.277765154838562E+00   -0.106300845742226E+00    0.875667333602905E-01
       0.158764243125916E+00    0.778607204556465E-01    0.443377196788788E-01    0.784477740526199E-01    0.134517520666122E+00
       0.282947644591331E-01    0.584410578012466E-01   -0.153800636529922E+00   -0.241048797965050E+00    0.566595718264580E-01
       0.135345116257668E+00   -0.240455672144890E+00   -0.278485566377640E+00    0.596213415265083E-01   -0.122690377756953E-01
       0.119776017963886E+00   -0.248313173651695E+00    0.102605484426022E+00   -0.658529903739691E-02   -0.142338320612907E+00
       0.432934127748013E-01    0.298004299402237E-01   -0.115415200591087E+00    0.536108464002609E-01    0.183600559830666E+00
       0.440435223281384E-01    0.213925614953041E-01   -0.123404309153557E+00   -0.622639954090118E-01    0.124028280377388E+00
       0.366337634623051E-01   -0.460124015808105E-01   -0.407549589872360E-01   -0.108759663999081E+00   -0.265995264053345E+00
       0.309294275939465E-02    0.146361306309700E+00    0.160691618919373E+00    0.427836067974567E-01   -0.160973861813545E+00
       0.104831688106060E+00   -0.260827958583832E+00   -0.124834412708879E-01    0.671531260013580E-01   -0.720660164952278E-01
      -0.154407788068056E-02    0.517660714685917E-01   -0.353147182613611E-02   -0.268153548240662E+00    0.159632906317711E+00
       0.793564468622208E-01   -0.766837000846863E-01   -0.698307380080223E-01   -0.442264601588249E-01    0.123866140842438E+00
       0.551747046411037E-01   -0.246458612382412E-01   -0.505216196179390E-01   -0.941164884716272E-02   -0.118377134203911E+00
       0.146846517920494E+00   -0.420194938778877E-01    0.196093022823334E-01    0.270611017942429E+00    0.114904396235943E+00
      -0.890956968069077E-01    0.162806868553162E+00   -0.390313938260078E-01   -0.488477721810341E-01    0.262671977281570E+00
       0.502838715910912E-01   -0.189780175685883E+00    0.125621080398560E+00    0.140445962548256E+00   -0.192667707800865E+00
       0.126016005873680E+00    0.340173579752445E-01    0.102935628965497E-01    0.212755396962166E+00   -0.861148834228516E-01
      -0.358945243060589E-01    0.535103380680084E-01   -0.225383773446083E+00   -0.175235643982887E-01    0.115511275827885E+00
       0.165958270430565E+00    0.214542858302593E-01    0.449858121573925E-01    0.140422776341438E+00   -0.701464638113976E-01
      -0.215758219361305E+00    0.157828986644745E+00   -0.194113358855247E+00    0.466150306165218E-01   -0.631142333149910E-01
      -0.163127318024635E+00    0.135134622454643E+00    0.229922793805599E-01    0.899432599544525E-01    0.102050341665745E-01
      -0.206996306777000E+00    0.129798218607903E+00    0.604380965232849E-01    0.113606408238411E+00    0.837621316313744E-01
      -0.310114473104477E-01    0.294852890074253E-01    0.808554738759995E-01    0.118184417486191E+00   -0.297790206968784E-01
      -0.772439986467361E-01   -0.116160318255424E+00    0.274991959333420E+00    0.894115194678307E-01   -0.123977065086365E+00
       0.781544391065836E-02    0.515607260167599E-01   -0.100115418434143E+00    0.126622557640076E+00    0.250995755195618E-01
      -0.798294246196747E-01   -0.778557509183884E-01    0.439252145588398E-02    0.995018333196640E-01    0.580508410930634E-01
       0.105884253978729E+00    0.896389633417130E-01   -0.951721444725990E-01   -0.196041673421860E+00    0.202737450599670E+00
      -0.177525319159031E-01    0.782334804534912E-01   -0.137264519929886E+00    0.964560210704803E-01    0.113249450922012E+00
       0.194553583860397E-01    0.357672929763794E+00    0.112471833825111E+00   -0.107271194458008E+00   -0.139748394489288E+00
       0.121624961495399E+00    0.402181856334209E-01   -0.833362191915512E-01    0.800149738788605E-01    0.113276846706867E+00
      -0.305274039506912E+00    0.104632057249546E+00    0.178297534584999E-01   -0.162388980388641E+00    0.194173753261566E+00
       0.132635831832886E+00    0.213601857423782E+00    0.115433230996132E+00   -0.625545810908079E-02    0.112364582717419E+00
       0.155377741903067E-01   -0.759235098958015E-01    0.161836162209511E+00    0.103471137583256E+00    0.112123355269432E+00
       0.513464286923409E-01   -0.693187937140465E-01   -0.868140459060669E-01    0.276624977588654E+00   -0.393758267164230E-01
      -0.148172020912170E+00   -0.116592124104500E+00   -0.872912108898163E-01   -0.491504557430744E-01    0.768803060054779E-01
       0.846381336450577E-01   -0.193557754158974E+00   -0.700913965702057E-01   -0.115394830703735E+00   -0.172473073005676E+00
       0.456085205078125E-01   -0.171459540724754E-01    0.100823298096657E+00    0.149273589253426E+00    0.254235360771418E-01
      -0.115147396922112E+00    0.148009043186903E-01   -0.970682203769684E-01   -0.129651119932532E-01   -0.134597579017282E-01
      -0.892053917050362E-01    0.203484073281288E+00    0.544386878609657E-01   -0.458740219473839E-01    0.482282079756260E-01
      -0.553446933627129E-01   -0.112642228603363E+00   -0.106341771781445E+00   -0.951741933822632E-01    0.124536328017712E+00
       0.622253082692623E-01   -0.196976393461227E+00   -0.184777274727821E+00   -0.216794222593307E+00   -0.607727766036987E-01
       0.333510478958488E-02    0.679392293095589E-01   -0.194793835282326E+00   -0.305200926959515E-01    0.809456631541252E-01
      -0.175496608018875E+00    0.247401297092438E+00   -0.426498875021935E-01    0.996711626648903E-01    0.339018600061536E-02
      -0.453281439840794E-01    0.795267894864082E-01   -0.493860468268394E-01   -0.337724760174751E-02    0.958922430872917E-01
       0.221999049186707E+00   -0.793415606021881E-01    0.266488581895828E+00   -0.128385117277503E-01    0.113894164562225E+00
       0.284523405134678E-01    0.386195667088032E-01   -0.299951612949371E+00    0.795461609959602E-01   -0.890544429421425E-01
       0.316188454627991E+00   -0.152851283550262E+00   -0.366021990776062E-01    0.977542623877525E-01   -0.111917689442635E+00
      -0.107836790382862E+00    0.160542316734791E-02    0.101089544594288E+00    0.143849447369576E+00    0.220983065664768E-01
       0.532549247145653E-01    0.787528511136770E-02    0.171514093875885E+00   -0.158707842230797E+00   -0.247690930962563E+00
       0.156418513506651E-01    0.646805241703987E-01   -0.949077978730202E-01    0.337129496037960E-01   -0.314850620925426E-01
       0.295523814857006E-01    0.242012649774551E+00   -0.210708320140839E+00    0.558848977088928E-01    0.100332103669643E+00
      -0.942625775933266E-01    0.673853680491447E-01   -0.362312197685242E-01   -0.134073393419385E-01    0.709839165210724E-01
       0.304770804941654E-01    0.907865986227989E-01   -0.886442661285400E-01    0.120175711810589E+00   -0.675349533557892E-01
      -0.178817242383957E+00    0.149069845676422E+00   -0.187793150544167E+00   -0.972468480467796E-01   -0.349982678890228E-01
      -0.785423442721367E-03   -0.816974863409996E-01    0.495368093252182E-01    0.175913751125336E+00   -0.242176204919815E-01
       0.104387380182743E+00   -0.969338938593864E-01    0.165664896368980E+00    0.112097501754761E+00   -0.141126587986946E+00
      -0.696133971214294E-01   -0.108609214425087E+00    0.117525175213814E+00    0.117516554892063E+00   -0.157252654433250E+00
      -0.216680206358433E-01    0.366797260940075E-01   -0.355293244123459E+00   -0.711952522397041E-01    0.841462239623070E-02
       0.159647405147552E+00   -0.206305146217346E+00    0.297407880425453E-01    0.304994523525238E+00    0.478653004392982E-02
      -0.261593982577324E-01   -0.463757999241352E-01    0.367013476788998E-01    0.169847980141640E+00   -0.239256843924522E+00
      -0.586634129285812E-01   -0.337956286966801E-01    0.182530671358109E+00   -0.164641574025154E+00   -0.178051739931107E+00
       0.718319788575172E-01    0.461450666189194E-01   -0.666874740272760E-02   -0.531889721751213E-01   -0.109614938497543E+00
      -0.218440011143684E+00    0.219161808490753E+00   -0.280831605195999E+00   -0.186056941747665E+00   -0.114242486655712E+00
      -0.134059367701411E-01    0.928985476493835E-01    0.851613059639931E-01   -0.248175159096718E+00    0.381515510380268E-01
      -0.125110939145088E+00    0.398605242371559E-01    0.103387854993343E+00    0.114261128008366E+00   -0.319416880607605E+00
       0.184291169047356E+00   -0.676883608102798E-01   -0.462883003056049E-01    0.237435519695282E+00   -0.399031564593315E-01
      -0.354539245367050E+00    0.563978962600231E-01   -0.215043798089027E+00   -0.712245255708694E-01   -0.142878115177155E+00
       0.174187570810318E+00   -0.129222333431244E+00    0.476385019719601E-01   -0.234459578990936E+00   -0.282397456467152E-01
      -0.262514501810074E+00    0.857349783182144E-01    0.424434170126915E-01   -0.591249093413353E-01    0.142034307122231E+00
      -0.669591035693884E-02    0.959961339831352E-01    0.117126859724522E+00   -0.185782670974731E+00   -0.245203897356987E+00
      -0.142281472682953E+00    0.455462485551834E-01    0.224177643656731E+00   -0.667878165841103E-01    0.139853963628411E-01
       0.117605321109295E+00   -0.153992278501391E-01   -0.336238108575344E-01   -0.422121658921242E-01    0.233773827552795E+00
       0.222304522991180E+00   -0.142683804035187E+00   -0.571162533015013E-02   -0.330019593238831E-01    0.452468395233154E-01
      -0.158776625990868E+00    0.138894811272621E+00   -0.177805736660957E+00    0.174080505967140E-01    0.566481910645962E-01
       0.805395655333996E-02    0.254620816558599E-01    0.185082882642746E+00   -0.989191755652428E-01   -0.100563943386078E+00
       0.385531038045883E-01   -0.177385926246643E+00    0.126553565263748E+00   -0.974613651633263E-01    0.222822546958923E+00
       0.262930765748024E-01    0.282377935945988E-01    0.500647984445095E-01   -0.199384793639183E+00   -0.112864173948765E+00
       0.160710856318474E+00   -0.738269183784723E-02   -0.218275651335716E+00    0.173617959022522E+00    0.558155179023743E-01
       0.169545814394951E+00    0.299034751951694E-01   -0.287454724311829E-01   -0.170380458235741E+00   -0.876383632421494E-01
       0.102031126618385E+00    0.839298069477081E-01    0.647440999746323E-01    0.254204422235489E+00    0.124037176370621E+00
       0.199292942881584E+00   -0.190920397639275E+00   -0.206835716962814E+00   -0.281878024339676E+00    0.131700560450554E+00
       0.168380543589592E+00    0.491544790565968E-01   -0.235691428184509E+00    0.190686151385307E+00    0.235688492655754E+00
       0.117810025811195E+00    0.503511773422360E-02    0.166782215237617E+00    0.232371091842651E+00   -0.511804409325123E-01
       0.107811689376831E+00   -0.276133954524994E+00   -0.307484753429890E-01    0.148047879338264E+00   -0.948130190372467E-01
      -0.133944258093834E+00   -0.405192561447620E-02   -0.973671302199364E-01   -0.216363929212093E-03    0.107898406684399E+00
      -0.191611170768738E+00   -0.155152097344398E+00   -0.560871586203575E-01    0.718106329441071E-01    0.374250411987305E-01
       0.187074020504951E+00    0.101821266114712E+00    0.369420573115349E-01    0.929864719510078E-01   -0.362025499343872E-01
       0.168757647275925E+00    0.207749366760254E+00    0.760089531540871E-01   -0.128613993525505E+00   -0.576794743537903E-01
       0.793915539979935E-01   -0.420003756880760E-02    0.102183051407337E+00   -0.373043864965439E-02    0.917887389659882E-01
       0.947801545262337E-01   -0.494981184601784E-02   -0.291857589036226E-02    0.247365608811378E+00    0.121572121977806E+00
      -0.185594595968723E-01   -0.613662749528885E-01    0.314010590314865E+00   -0.747685581445694E-01   -0.943959802389145E-01
       0.125283434987068E+00   -0.640529394149780E-01    0.860274359583855E-01    0.222446136176586E-01   -0.152882829308510E+00
       0.924572870135307E-01    0.686414614319801E-01    0.404829010367393E-01    0.597304403781891E-01    0.588182918727398E-01
      -0.139166802167892E+00   -0.106012031435966E+00    0.110948763787746E+00    0.688035190105438E-01    0.136240482330322E+00
      -0.130826709792018E-01   -0.186908654868603E-01    0.956031009554863E-01   -0.140094727277756E+00    0.146761506795883E+00
      -0.149579361081123E+00    0.156366571784019E+00    0.427583232522011E-03   -0.111331231892109E+00    0.419724099338055E-01
      -0.159466117620468E-01   -0.181744582951069E-01    0.211755514144897E+00   -0.775079354643822E-01   -0.117785304784775E+00
       0.152298644185066E+00   -0.176448747515678E-01   -0.664738658815622E-02    0.843936018645763E-02    0.746659189462662E-01
      -0.699161514639854E-01    0.145909219980240E+00    0.112147174775600E+00   -0.111472159624100E+00   -0.309097945690155E+00
      -0.256983160972595E+00   -0.119795560836792E+00    0.320595242083073E-01   -0.842926129698753E-01    0.105360567569733E+00
      -0.206558600068092E+00   -0.115771936252713E-01    0.419278629124165E-01   -0.120993822813034E+00    0.339119993150234E-01
       0.212029293179512E+00   -0.923317074775696E-01    0.252584010362625E+00    0.152235150337219E+00    0.266290940344334E-01
      -0.181702300906181E-01    0.447865389287472E-01   -0.103483155369759E+00   -0.362492203712463E-01   -0.495294891297817E-01
      -0.375481694936752E-02   -0.123670324683189E-02   -0.130439534783363E+00   -0.159984052181244E+00   -0.287154726684093E-01
       0.626134946942329E-01    0.148356720805168E+00   -0.114798277616501E+00   -0.318447388708591E-01   -0.639404952526093E-01
       0.336438342928886E-01   -0.173941090703011E+00   -0.971561446785927E-01   -0.208226040005684E+00   -0.529351457953453E-01
      -0.714898854494095E-01    0.211845815181732E+00   -0.106441117823124E+00    0.118649289011955E+00    0.161395952105522E+00
       0.106814637780190E+00    0.195286516100168E-02   -0.157932683825493E+00    0.237943157553673E+00    0.417306041345000E-02
       0.386545285582542E-01   -0.803596302866936E-01   -0.251516923308372E-01    0.171273555606604E-01    0.930137708783150E-01
       0.466352254152298E-01   -0.209572106599808E+00   -0.351324528455734E-01    0.602963417768478E-01    0.188197001814842E+00
       0.315946698188782E+00    0.486858077347279E-01    0.162979606539011E-01   -0.219510961323977E-02   -0.587657988071442E-01
      -0.905315279960632E-01   -0.403743386268616E-01   -0.180693820118904E+00    0.649932548403740E-01    0.115122906863689E+00
      -0.557548403739929E-01   -0.844466686248779E-01    0.200421571731567E+00    0.142333731055260E+00   -0.847280621528625E-01
       0.246858358383179E+00    0.837271735072136E-01    0.203080058097839E+00   -0.164699971675873E+00   -0.987119227647781E-01
       0.522865317761898E-01   -0.472068004310131E-01   -0.111762575805187E+00    0.464511699974537E-01   -0.284629203379154E-01
       0.440893545746803E-01    0.234107151627541E+00   -0.536434128880501E-01    0.614698678255081E-01    0.949274525046349E-01
       0.559423007071018E-01   -0.409399777650833E+00    0.275426775217056E+00   -0.226908534765244E+00    0.235312990844250E-02
      -0.482119321823120E-01   -0.306008309125900E-01    0.106234803795815E+00    0.589214861392975E-01   -0.673801153898239E-01
      -0.190849080681801E+00    0.132652848958969E+00   -0.974049866199493E-01    0.773608237504959E-01   -0.160036087036133E+00
       0.528282336890697E-01    0.981432944536209E-01   -0.111563645303249E+00    0.716861709952354E-01   -0.146184954792261E-02
      -0.303495228290558E-01    0.485183559358120E-01    0.176167055964470E+00    0.106152415275574E+00    0.173250492662191E-01
      -0.427527539432049E-01    0.779136717319489E-01    0.775267556309700E-02    0.113989308476448E+00    0.185620769858360E+00
       0.685774981975555E-01    0.196384698152542E+00    0.137894466519356E+00    0.158258862793446E-01   -0.293395146727562E-01
       0.979096144437790E-01   -0.165497004985809E+00   -0.833204686641693E-01   -0.479359328746796E-01    0.228254869580269E+00
       0.146968767046928E+00    0.366858355700970E-01   -0.152357861399651E+00   -0.565534681081772E-01    0.797359049320221E-01
       0.159280717372894E+00   -0.104792058467865E+00   -0.116000184789300E-01    0.751569643616676E-01   -0.181430280208588E-01
       0.139587178826332E+00   -0.130744576454163E+00    0.221466675400734E+00    0.113916426897049E+00    0.357196442782879E-01
      -0.260546766221523E-01    0.309346944093704E+00   -0.670382473617792E-02   -0.924852117896080E-01    0.628593042492867E-01
       0.466720275580883E-01    0.273002445697784E+00   -0.100464113056660E+00   -0.101656414568424E+00    0.217594102025032E+00
      -0.528580844402313E-01   -0.132004037499428E+00   -0.767079889774323E-01   -0.525906160473824E-01   -0.233628422021866E+00
       0.150509059429169E+00   -0.180546239018440E+00    0.986294541507959E-02    0.180294543504715E+00   -0.122171401977539E+00
       0.113265842199326E+00   -0.209891006350517E+00    0.190645143389702E+00    0.203572034835815E+00    0.481994496658444E-02
      -0.863726064562798E-01    0.594256408512592E-01   -0.167755819857121E-01   -0.789684206247330E-01   -0.794615224003792E-01
      -0.134694948792458E+00    0.190531715750694E+00   -0.256696790456772E-01   -0.768303871154785E-01    0.785726904869080E-01
       0.159583672881126E+00    0.823752954602242E-01    0.109105773270130E+00    0.153841644525528E+00   -0.924514606595039E-01
       0.104049228131771E+00   -0.986864939332008E-01   -0.756849199533463E-01   -0.928356796503067E-01    0.164704881608486E-01
       0.243822380900383E+00   -0.610947757959366E-01    0.987430363893509E-01    0.120826169848442E+00    0.121293731033802E+00
       0.737747773528099E-01    0.209269672632217E+00   -0.117627888917923E+00    0.109541140496731E+00    0.977006461471319E-02
      -0.115231305360794E+00   -0.560686886310577E-01   -0.911695230752230E-02    0.807899534702301E-01    0.397505760192871E-01
       0.288624465465546E+00    0.266729623079300E+00   -0.173406600952148E-01    0.421484708786011E+00   -0.305698782205582E+00
      -0.191470667719841E+00    0.146782984957099E-01   -0.371386371552944E-01   -0.667768716812134E-01   -0.238485798239708E+00
      -0.536905676126480E-01   -0.152240455150604E+00   -0.314382523298264E+00   -0.287464320659637E+00   -0.672507565468550E-02
       0.183007940649986E-01   -0.163702256977558E-01   -0.448100231587887E-01   -0.144333541393280E+00    0.705545470118523E-01
      -0.832336768507957E-01   -0.164286836981773E+00   -0.380703806877136E-01   -0.763069763779640E-01   -0.174120552837849E-01
       0.642576143145561E-01   -0.207981951534748E-01    0.796439573168755E-01    0.113405272364616E+00    0.160520881414413E+00
       0.188703611493111E-01    0.348123572766781E-01    0.171211019158363E+00   -0.222114309668541E+00    0.164299607276917E+00
       0.164277672767639E+00   -0.472787618637085E-01    0.346619188785553E+00    0.205610617995262E+00    0.116706602275372E+00
       0.445756800472736E-01    0.144847780466080E+00   -0.238056480884552E-01   -0.118209838867188E+00   -0.104557670652866E+00
      -0.260903779417276E-02   -0.129477351903915E+00   -0.753071308135986E-01   -0.739516168832779E-01    0.117842532694340E+00
       0.318489596247673E-01    0.190504297614098E+00    0.274552315473557E+00   -0.168924450874329E+00    0.120011813938618E+00
       0.120775640010834E+00    0.266118556261063E+00   -0.216536879539490E+00    0.255723118782043E+00   -0.541224628686905E-01
       0.444159619510174E-01   -0.116306111216545E+00    0.599224232137203E-01    0.216101095080376E+00    0.246895313262939E+00
      -0.192309796810150E+00    0.124347098171711E+00    0.183868765830994E+00    0.167911425232887E+00    0.177882477641106E+00
      -0.126239269971848E+00   -0.700099468231201E-01    0.110521875321865E+00   -0.983121171593666E-01    0.388472294434905E-02
       0.102994717657566E+00    0.412553213536739E-01    0.204256013035774E+00    0.287600010633469E+00    0.353188276290894E+00
      -0.119994431734085E+00   -0.452846623957157E-01    0.305051356554031E+00    0.887626856565475E-01   -0.652560144662857E-01
       0.219085901975632E+00    0.612651780247688E-01    0.178421866148710E-01    0.128342807292938E+00   -0.578036811202765E-02
       0.354485772550106E-01   -0.736040025949478E-01    0.146703481674194E+00   -0.173832744359970E+00    0.504122935235500E-01
      -0.120501458644867E+00   -0.743284448981285E-01    0.704834889620543E-02    0.105079002678394E-01    0.189321488142014E+00
       0.100492373108864E+00    0.358546758070588E-02   -0.244067460298538E-01    0.103976570069790E+00   -0.727133378386497E-01
      -0.135046482086182E+00    0.100557081401348E+00    0.186370685696602E-01   -0.897332206368446E-01    0.517482869327068E-01
      -0.872650071978569E-01    0.273513793945312E+00   -0.226052880287170E+00    0.293221920728683E+00   -0.292909592390060E+00
      -0.200089454650879E+00    0.276764601469040E+00   -0.770022869110107E-01   -0.883615110069513E-02   -0.325709693133831E-01
       0.684423446655273E-01   -0.120895862579346E+00    0.294432789087296E+00   -0.629290938377380E-01    0.293462187051773E+00
      -0.148062407970428E+00    0.177854016423225E+00    0.331700742244720E+00    0.205056928098202E-01    0.255071837455034E-01
      -0.202574320137501E-01    0.134981468319893E+00   -0.137706756591797E+00    0.593003705143929E-01    0.227005913853645E+00
       0.155153229832649E+00   -0.230383947491646E-01    0.726057738065720E-01   -0.287198424339294E-01    0.374514376744628E-02
      -0.103944249451160E+00    0.736739486455917E-01   -0.365012288093567E-01    0.770994946360588E-01    0.312926657497883E-01
      -0.663766637444496E-01   -0.115212321281433E+00    0.129434794187546E+00   -0.287127196788788E+00    0.254002101719379E-01
       0.450512655079365E-01    0.460758097469807E-01   -0.276231110095978E+00    0.128358930349350E+00   -0.243742421269417E+00
       0.247847333550453E+00   -0.906926840543747E-01   -0.220689341425896E+00   -0.606229156255722E-01    0.991194397211075E-01
      -0.111946053802967E+00    0.578144378960133E-01   -0.330552458763123E-03   -0.134743675589561E+00   -0.959214270114899E-01
      -0.915345549583435E-01   -0.287760972976685E+00    0.188278630375862E+00   -0.189472958445549E+00    0.682870903983712E-02
       0.706783235073090E-01    0.876851454377174E-01   -0.663917586207390E-01   -0.615508109331131E-01   -0.109998188912868E+00
       0.866941269487143E-02    0.523068495094776E-01    0.190005395561457E-01    0.255336593836546E-01   -0.177985295653343E+00
      -0.573118925094604E-01    0.201545730233192E-01    0.157834336161613E+00    0.912371277809143E-01    0.516153089702129E-01
      -0.390526000410318E-02    0.112780205905437E+00    0.273486189544201E-01   -0.459995493292809E-01    0.365215279161930E-01
       0.899684354662895E-01   -0.272885598242283E-01   -0.571378245949745E-01    0.302846997976303E+00   -0.919654667377472E-01
       0.696553066372871E-01   -0.976276472210884E-01    0.300362706184387E+00    0.110217012465000E+00    0.856339707970619E-01
       0.701202750205994E-01    0.812900904566050E-02    0.297255307435989E+00   -0.404725335538387E-01   -0.532290935516357E-01
      -0.124703481793404E+00   -0.380982495844364E-01   -0.241245821118355E+00   -0.126608952879906E+00    0.259766250848770E+00
       0.179170072078705E+00   -0.402590185403824E-01   -0.614629760384560E-01    0.170416414737701E+00    0.316500544548035E+00
       0.316238701343536E+00    0.202090442180634E-01    0.131652414798737E+00    0.150645777583122E+00    0.136711105704308E+00
      -0.577720627188683E-01   -0.475467778742313E-01   -0.769684836268425E-01    0.408013351261616E-01    0.273021757602692E-01
       0.572304278612137E-01   -0.180015638470650E+00   -0.112037666141987E+00    0.138966679573059E+00   -0.120017245411873E+00
       0.247071713209152E+00   -0.247145429253578E+00    0.128739938139915E+00    0.125220954418182E+00   -0.189315706491470E+00
       0.416296459734440E-01    0.946497544646263E-01    0.193422779440880E+00    0.716109797358513E-01   -0.213677942752838E+00
      -0.105194427073002E+00   -0.597544666379690E-02    0.366102680563927E-01    0.367843322455883E-01    0.240674138069153E+00
      -0.274036616086960E+00   -0.170905422419310E-02    0.856898277997971E-01   -0.112387232482433E+00   -0.142614141106606E+00
       0.889180004596710E-01   -0.932147726416588E-01   -0.655794739723206E-01   -0.217551782727242E+00   -0.540094915777445E-02
       0.192559912800789E+00   -0.171663448214531E+00   -0.363318659365177E-01   -0.103979865089059E-01   -0.292359441518784E+00
       0.622724965214729E-01    0.452399849891663E-01    0.739537179470062E-01    0.223973914980888E+00    0.141060184687376E-01
       0.707500055432320E-01    0.153021365404129E+00    0.106910392642021E-01   -0.111136622726917E+00   -0.383606255054474E-01
       0.175994709134102E-01   -0.175860017538071E+00   -0.333180204033852E-01   -0.110224997624755E-01   -0.352078713476658E-01
       0.127817109227180E+00    0.526253245770931E-01   -0.123061925172806E+00   -0.331120342016220E-01    0.736547335982323E-01
      -0.910850167274475E-01   -0.137061253190041E-02   -0.177018791437149E+00   -0.425362437963486E-01    0.124228365719318E+00
       0.456300675868988E-01    0.565662086009979E-01    0.127899914979935E+00    0.980323106050491E-01    0.181639287620783E-02
      -0.148754477500916E+00    0.683746952563524E-02    0.101754054427147E+00    0.137611463665962E+00    0.287376996129751E-02
      -0.783149227499962E-01    0.138594806194305E+00    0.793279856443405E-01   -0.458264052867889E-01   -0.595144554972649E-01
       0.380658417940140E+00    0.126632198691368E+00    0.263079345226288E+00    0.136887177824974E+00    0.936785787343979E-01
       0.134806722402573E+00   -0.619294717907906E-01    0.616020411252975E-01   -0.778619106858969E-02   -0.817829221487045E-01
      -0.371819883584976E-01    0.472791418433189E-01   -0.114421971142292E+00   -0.259534358978271E+00    0.246899411082268E+00
      -0.182243660092354E+00   -0.288423120975494E+00    0.188392251729965E-01    0.140652254223824E+00    0.252512902021408E+00
       0.684287846088409E-01   -0.166837438941002E+00    0.324780680239201E-01    0.844909101724625E-01   -0.190587475895882E+00
       0.115509144961834E+00   -0.139567255973816E+00   -0.756601914763451E-01   -0.940705388784409E-01   -0.542254671454430E-01
       0.142959892749786E+00   -0.587465912103653E-01    0.338605530560017E-01    0.632669329643250E-01    0.282638162374496E+00
      -0.599574744701385E-01    0.834163129329681E-01    0.197454020380974E+00   -0.773540735244751E-01    0.213907256722450E+00
      -0.921143442392349E-01    0.271411165595055E-01   -0.110235057771206E+00    0.167904853820801E+00    0.154139846563339E+00
      -0.617421939969063E-01   -0.193154998123646E-01    0.970445014536381E-02    0.152078151702881E+00    0.188982754945755E+00
       0.146648332476616E+00   -0.108611024916172E+00    0.120562650263309E-01    0.347792655229568E-01   -0.133157717064023E-01
      -0.202977895736694E+00    0.152236700057983E+00   -0.560443196445704E-02    0.127171769738197E+00    0.227275863289833E+00
       0.543631240725517E-01   -0.147724643349648E+00    0.841765999794006E-01   -0.568730756640434E-01    0.110868208110332E+00
      -0.105471916496754E+00   -0.410277172923088E-01    0.130239069461823E+00    0.165347114205360E+00   -0.586953461170197E-01
      -0.121862282976508E-01    0.154214307665825E+00    0.147532418370247E+00   -0.451488867402077E-01    0.951296538114548E-01
      -0.196622163057327E-01   -0.909050703048706E-01   -0.392806790769100E-01   -0.944258049130440E-01   -0.219607234001160E+00
      -0.627957433462143E-01   -0.427647046744823E-01    0.131306514143944E+00    0.315685495734215E-01    0.519241914153099E-01
       0.114806205034256E+00   -0.228137761354446E+00   -0.210216611623764E+00    0.241095107048750E-01    0.239098250865936E+00
      -0.274656750261784E-01    0.129104871302843E-02    0.218428056687117E-01    0.174611955881119E+00   -0.929124727845192E-01
       0.232992693781853E-01    0.113286659121513E+00   -0.407947003841400E-01   -0.508780144155025E-01    0.720508117228746E-02
      -0.173093467950821E+00    0.857871174812317E-01    0.691952230408788E-02   -0.344224907457829E-01   -0.798380374908447E-01
      -0.223156623542309E-01    0.216346029192209E-01    0.190787520259619E-01   -0.390587002038956E+00    0.620654523372650E-01
      -0.974094793200493E-01    0.259798094630241E-01   -0.163874290883541E-01    0.184294193983078E+00   -0.525930076837540E-01
       0.158086255192757E+00    0.249301530420780E-01   -0.130480378866196E+00    0.156854286789894E+00    0.171727105975151E+00
      -0.147128611803055E+00   -0.460125766694546E-01    0.144515940919518E-01    0.197274848818779E+00    0.267128467559814E+00
      -0.176090225577354E-01   -0.404963605105877E-01    0.346670337021351E-01   -0.102401152253151E+00   -0.227553769946098E+00
       0.282008275389671E-01    0.272155404090881E-01    0.239679455757141E+00   -0.911283418536186E-01    0.101086802780628E+00
      -0.115389183163643E+00    0.186402738094330E+00   -0.935541838407516E-01   -0.310145244002342E-01   -0.280817091464996E+00
       0.180186122655869E+00    0.267988324165344E+00    0.528383031487465E-01   -0.153559759259224E+00   -0.501166097819805E-01
       0.257248207926750E-01    0.609781406819820E-01   -0.155784577131271E+00   -0.220734655857086E+00    0.753928869962692E-01
      -0.221147462725639E-01   -0.182056315243244E-01    0.172680929303169E+00   -0.767973661422729E-01   -0.856636986136436E-01
       0.116743303835392E+00    0.383672453463078E-01    0.807746648788452E-01    0.726154446601868E-01   -0.121929824352264E+00
       0.219186954200268E-01   -0.976568683981895E-01    0.802673995494843E-01    0.140925943851471E+00    0.554333776235580E-01
      -0.579205974936485E-01   -0.156507059931755E+00   -0.138895422220230E+00   -0.337666213512421E+00    0.203455612063408E+00
       0.152159884572029E+00   -0.796456858515739E-01    0.199457988142967E+00   -0.548604428768158E-01   -0.131730586290359E+00
       0.978018194437027E-01    0.723222717642784E-01    0.194379702210426E+00    0.217428341507912E+00    0.151432931423187E+00
      -0.641532465815544E-01    0.227824360132217E+00   -0.128647610545158E+00    0.888115912675858E-01    0.767932981252670E-01
       0.243676491081715E-01   -0.689370259642601E-01    0.148184061050415E+00    0.106694633141160E-01   -0.205363892018795E-02
       0.554345995187759E-01    0.193763777613640E+00    0.188893675804138E+00   -0.192402854561806E+00    0.235622785985470E-01
       0.216313436627388E+00    0.120280971750617E-01    0.969032645225525E-01    0.104375235736370E+00   -0.891095101833344E-01
       0.435352809727192E-01   -0.228953167796135E+00    0.333348847925663E-01   -0.431040301918983E-03    0.169524028897285E+00
       0.465442463755608E-01    0.456375062465668E+00   -0.470331087708473E-01   -0.221993505954742E+00   -0.545124858617783E-01
       0.130327954888344E+00   -0.237776264548302E-01    0.444754250347614E-01    0.176578462123871E+00   -0.103699244558811E+00
      -0.295126251876354E-01   -0.814771056175232E-01   -0.145348608493805E+00    0.167084202170372E+00   -0.338508598506451E-01
      -0.134636953473091E+00    0.264419242739677E-01    0.113038435578346E+00    0.545259080827236E-01    0.339503169059753E+00
      -0.223842844367027E+00   -0.297555774450302E-01    0.245009928941727E+00    0.776432678103447E-01   -0.940693840384483E-01
      -0.110892400145531E+00   -0.677598267793655E-01   -0.580071732401848E-01   -0.584976598620415E-01   -0.468436889350414E-01
       0.287839055061340E+00   -0.457436442375183E-01    0.319024324417114E+00    0.395847484469414E-01   -0.524156019091606E-01
       0.282894633710384E-01   -0.191005170345306E+00    0.180039361119270E+00   -0.172009766101837E+00    0.542281195521355E-03
       0.899713709950447E-01   -0.187586858868599E+00    0.334135023877025E-02   -0.205482229590416E+00   -0.355475634336472E+00
       0.246603593230247E+00   -0.939631313085556E-01   -0.358915507793427E+00    0.250993490219116E+00   -0.124843791127205E+00
       0.416840538382530E-01    0.252347029745579E-01   -0.192796722054482E+00   -0.353729993104935E+00   -0.264747515320778E-01
       0.216736122965813E+00    0.980942919850349E-01   -0.607593059539795E-01    0.956215411424637E-01   -0.758397802710533E-01
      -0.554652884602547E-01    0.150945112109184E-01    0.164022799581289E-01   -0.271589726209641E+00    0.195904061198235E+00
      -0.101818911731243E+00   -0.690541230142117E-03   -0.529758632183075E-01   -0.728439167141914E-01   -0.456587433815002E+00
       0.111229918897152E+00    0.195295542478561E+00   -0.179022461175919E+00   -0.147003278136253E+00   -0.179738283157349E+00
       0.181654736399651E+00    0.516261234879494E-01    0.259732097387314E+00   -0.182623341679573E+00   -0.168880745768547E+00
      -0.185829401016235E-01   -0.421285927295685E-01    0.893548205494881E-01   -0.498891696333885E-01    0.171431805938482E-01
       0.126626223325729E+00   -0.152599081397057E+00    0.557068921625614E-01    0.268841199576855E-01   -0.795148313045502E-01
       0.798471421003342E-01    0.160990387201309E+00    0.194983333349228E-01    0.154117226600647E+00   -0.912869349122047E-01
       0.185210809111595E+00    0.237531051039696E+00   -0.134357348084450E+00   -0.311082042753696E-01   -0.150861948728561E+00
      -0.420955531299114E-01   -0.823271200060844E-01   -0.157440662384033E+00   -0.206045866012573E+00    0.132962659001350E+00
      -0.110393809154630E-01   -0.634449943900108E-01    0.228612460196018E-01    0.167270332574844E+00    0.200125083327293E+00
       0.673311352729797E-01   -0.251074656844139E-01   -0.397592671215534E-01    0.192929860204458E-01    0.380741208791733E+00
      -0.335887782275677E-01   -0.100723333656788E+00    0.255989253520966E+00    0.175410266965628E-01   -0.125184595584869E+00
      -0.123657733201981E+00    0.220410376787186E-01    0.203339457511902E-01   -0.297464758157730E+00    0.225755423307419E-01
       0.176521703600883E+00   -0.165228452533484E-02    0.373138338327408E-01   -0.159500122070312E+00    0.169823691248894E+00
       0.142732277512550E+00    0.178192660212517E+00    0.806120112538338E-01    0.189796045422554E+00    0.757220834493637E-01
       0.127873420715332E+00    0.199143022298813E+00    0.103538125753403E+00   -0.146261781454086E+00    0.488511882722378E-01
      -0.339400708675385E+00    0.139260485768318E+00    0.132524266839027E+00   -0.912680849432945E-01    0.177041217684746E+00
      -0.889155119657516E-01    0.367146544158459E-01    0.624549388885498E-01   -0.202099800109863E+00    0.871566161513329E-01
      -0.616548359394073E-01   -0.107995837926865E+00    0.118517369031906E+00    0.824758335947990E-01    0.114952042698860E+00
       0.106901831924915E+00    0.110007271170616E+00    0.192788720130920E+00    0.115469418466091E+00    0.258204378187656E-01
       0.171409789472818E-01   -0.114440666511655E-01    0.617685029283166E-02   -0.264404386281967E+00   -0.133357048034668E+00
      -0.508807972073555E-01    0.671817436814308E-01   -0.158245235681534E+00   -0.146041229367256E+00   -0.977503508329391E-01
       0.167428515851498E-02   -0.100335866212845E+00    0.251778773963451E-01   -0.186168029904366E+00   -0.585171356797218E-01
       0.196290701627731E+00   -0.160849466919899E-01   -0.135116338729858E+00   -0.102786414325237E+00   -0.100201874971390E+00
       0.868366509675980E-01   -0.791170224547386E-01    0.202191900461912E-01    0.192572072148323E+00   -0.176885008811951E+00
      -0.197676107287407E+00   -0.718632489442825E-01    0.105987668037415E+00   -0.157510235905647E+00   -0.108161596581340E-01
       0.118275605142117E+00    0.291233882308006E-01    0.568161606788635E-01    0.590446256101131E-01    0.782736912369728E-01
       0.571823902428150E-01   -0.197314657270908E-02    0.269384905695915E-01    0.718030482530594E-01    0.171712905168533E+00
      -0.421879589557648E-01    0.249833405017853E+00   -0.207720845937729E-01   -0.439428314566612E-01   -0.180308654904366E+00
       0.634137764573097E-01   -0.224828496575356E+00    0.641795098781586E-01    0.106530532240868E+00    0.140170175582170E-01
      -0.855571124702692E-02   -0.764565765857697E-01    0.131263777613640E+00   -0.121908083558083E+00    0.116847366094589E+00
       0.998214781284332E-01    0.109746091067791E+00   -0.311158746480942E-01    0.721736177802086E-01   -0.242111943662167E-01
       0.409030705690384E+00   -0.272472232580185E+00   -0.917829349637032E-01   -0.651564300060272E-01   -0.220901086926460E+00
      -0.830269604921341E-01    0.108342513442039E+00    0.326508469879627E-01    0.258992195129395E+00    0.853529423475266E-01
       0.148979360237718E-01   -0.202587135136127E-01   -0.330094806849957E-01    0.137233048677444E+00    0.292793922126293E-01
       0.608626976609230E-01    0.974094197154045E-01   -0.669449344277382E-01   -0.188918694853783E+00   -0.863285288214684E-01
      -0.166349679231644E+00    0.119937993586063E+00   -0.258919984102249E+00   -0.265457667410374E-01    0.136591657996178E+00
       0.850482881069183E-01    0.629522502422333E-01   -0.142697349190712E+00    0.344979651272297E-01    0.115855872631073E+00
       0.200892522931099E+00   -0.206598728895187E+00   -0.195160537958145E+00    0.234245300292969E+00    0.158204078674316E+00
       0.852675139904022E-01   -0.165760532021523E+00    0.122169718146324E+00    0.772963985800743E-01   -0.937054604291916E-01
       0.216112211346626E-01    0.132453024387360E+00   -0.260449945926666E-01    0.154518157243729E+00    0.558295063674450E-01
      -0.869724974036217E-01   -0.102962059900165E-01   -0.718727931380272E-01    0.178296253085136E+00    0.303685694932938E+00
       0.344204455614090E-01    0.369700454175472E-01   -0.430312566459179E-01    0.319356657564640E-01    0.183292627334595E-01
       0.224764540791512E+00   -0.231274627149105E-01    0.221178844571114E+00    0.404480509459972E-01    0.188118413090706E+00
       0.359700739383698E+00   -0.161359980702400E+00   -0.475452318787575E-01    0.379583872854710E-01   -0.638367384672165E-01
       0.170462310314178E+00   -0.414011962711811E-01    0.138292431831360E+00    0.272246688604355E+00    0.979900136590004E-01
      -0.102872639894485E+00   -0.214967168867588E-01    0.105544991791248E+00   -0.140439867973328E+00   -0.567556619644165E-01
       0.961656197905540E-01    0.820820033550262E-01    0.974220782518387E-01   -0.674976781010628E-01   -0.178509786725044E+00
       0.127502769231796E+00   -0.666558369994164E-01   -0.197410002350807E+00   -0.899874567985535E-01    0.614743530750275E-01
      -0.141546577215195E+00    0.676709339022636E-01    0.180965185165405E+00   -0.378243774175644E-01   -0.378885865211487E-01
       0.814224407076836E-01    0.385566288605332E-02   -0.867176651954651E-01   -0.346083603799343E-01    0.103021644055843E+00
      -0.113568209111691E+00    0.123130165040493E+00   -0.834113433957100E-01   -0.287107825279236E+00   -0.425505377352238E-01
      -0.127457663416862E+00   -0.726709440350533E-01    0.114501319825649E+00   -0.937025323510170E-01   -0.160872414708138E+00
       0.125940054655075E+00   -0.246879562735558E+00    0.161048650741577E+00    0.212806351482868E-01    0.171547718346119E-01
       0.173882152885199E-01   -0.860992521047592E-01    0.198017105460167E+00   -0.204356640577316E+00    0.624772571027279E-01
      -0.118669392541051E-01   -0.194479852914810E+00   -0.444734655320644E-01    0.244978182017803E-01   -0.134761994704604E-01
      -0.451381579041481E-01    0.460040904581547E-01   -0.108662182465196E-01    0.146066006273031E-01    0.112119853496552E+00
       0.181479118764400E-01   -0.140168875455856E+00   -0.205056115984917E+00    0.204596117138863E+00   -0.710279718041420E-01
       0.206029638648033E+00    0.175227791070938E+00   -0.536770746111870E-01    0.364547446370125E-01    0.255430400371552E+00
      -0.831989049911499E-01   -0.952680557966232E-01   -0.426913388073444E-01   -0.185965284705162E+00   -0.183354705572128E+00
       0.182839155197144E+00   -0.222518309950829E+00   -0.622690469026566E-01   -0.494853928685188E-01   -0.761020407080650E-01
      -0.305313207209110E-01   -0.462093129754066E-01   -0.538286846131086E-02   -0.186585456132889E+00   -0.113831512629986E+00
       0.973938852548599E-01    0.691156387329102E-01   -0.249403402209282E+00   -0.203165858983994E-01    0.729233026504517E-01
       0.608240924775600E-01    0.200961515307426E+00   -0.580474883317947E-01   -0.311544127762318E-01    0.214857220649719E+00
      -0.125100344419479E+00   -0.955493077635765E-01    0.601144768297672E-01   -0.738672763109207E-01   -0.142182027921081E-01
      -0.622763857245445E-01   -0.111480422317982E+00    0.343219079077244E-01    0.111732147634029E+00   -0.128970161080360E+00
       0.605664178729057E-01   -0.958128422498703E-01   -0.951909646391869E-01    0.848043188452721E-01   -0.120187461376190E+00
      -0.275290571153164E-01    0.182341754436493E+00    0.437412820756435E-01    0.677609369158745E-01   -0.275091081857681E-01
      -0.141681253910065E+00   -0.109017580747604E+00    0.132534965872765E+00   -0.142341047525406E+00   -0.114782378077507E+00
       0.117438599467278E+00    0.135646343231201E+00    0.774985551834106E-01    0.159817337989807E+00   -0.146351531147957E+00
       0.131651088595390E-01   -0.880137383937836E-01    0.153930604457855E+00    0.918815061450005E-01   -0.121793627738953E+00
       0.835418701171875E-01   -0.771298557519913E-01   -0.683516338467598E-01    0.138094812631607E+00    0.250779353082180E-01
      -0.382578484714031E-01    0.138119876384735E+00    0.404326841235161E-01   -0.113762743771076E+00    0.100756078958511E+00
       0.103011287748814E+00   -0.311063304543495E-01    0.273606292903423E-01    0.168531879782677E+00    0.140304714441299E+00
      -0.276918374001980E-01    0.834862217307091E-01   -0.228752106428146E+00    0.279099285602570E+00   -0.430963970720768E-01
       0.665488019585609E-01    0.103943340480328E+00    0.481929965317249E-01    0.412571132183075E-01    0.104190193116665E+00
      -0.127049461007118E+00   -0.124731451272964E+00   -0.268513768911362E+00    0.432932935655117E-01   -0.394900850951672E-01
      -0.376881435513496E-01    0.207161176949739E-01   -0.867986232042313E-01   -0.157938465476036E+00    0.143944442272186E+00
      -0.200130879878998E+00    0.287610530853271E+00    0.272842645645142E+00   -0.777628179639578E-02    0.179318770766258E+00
       0.508786477148533E-01   -0.116658955812454E+00    0.919150933623314E-01   -0.115008562803268E+00    0.136674474924803E-01
       0.147561296820641E+00   -0.341402888298035E-01    0.919817294925451E-02    0.244213759899139E+00    0.192827120423317E+00
      -0.540392324328423E-01   -0.865547358989716E-01    0.139386311173439E+00   -0.440439991652966E-01   -0.424323678016663E-01
      -0.626982524991035E-01   -0.137841505929828E-01    0.623416937887669E-01    0.616274364292622E-01   -0.770149901509285E-01
      -0.609776079654694E-01    0.355449616909027E-01   -0.291262529790401E-01    0.146331980824471E+00    0.166517168283463E+00
      -0.916608646512032E-01   -0.338348224759102E-01   -0.251548364758492E-01   -0.196791306138039E+00    0.509108230471611E-01
      -0.154014632105827E+00   -0.193486586213112E-01   -0.232060216367245E-01    0.597203299403191E-01   -0.264108866453171E+00
       0.584123916924000E-01    0.150885675102472E-01   -0.719621628522873E-01    0.150277912616730E+00    0.398494265973568E-01
      -0.165760532021523E+00    0.127595499157906E+00   -0.108218751847744E+00   -0.109825409948826E+00    0.779380649328232E-01
       0.141515851020813E+00    0.189568355679512E+00    0.198726087808609E+00    0.299706697463989E+00    0.229300722479820E+00
      -0.120029255747795E+00   -0.758834183216095E-01   -0.198104828596115E-01   -0.116059049963951E+00    0.136355403810740E-01
      -0.140445053577423E+00    0.956595223397017E-02    0.100408315658569E+00   -0.581255480647087E-01    0.134443445131183E-01
      -0.601161941885948E-01    0.693408176302910E-01    0.748743340373039E-01    0.164385765790939E+00   -0.134334951639175E+00
      -0.823137983679771E-01    0.820471495389938E-01    0.889475047588348E-01    0.262222170829773E+00   -0.130298463627696E-01
      -0.279833823442459E-01    0.538396164774895E-01    0.426454469561577E-03    0.501699857413769E-01   -0.459430441260338E-01
       0.153726991266012E-02   -0.114781141281128E+00    0.127849176526070E+00    0.444638617336750E-01   -0.645956993103027E-01
      -0.104782618582249E+00    0.452667847275734E-01   -0.223378524184227E+00   -0.523249357938766E-01   -0.517034865915775E-01
       0.153025001287460E+00   -0.977527722716331E-01   -0.255943179130554E+00    0.861503034830093E-01   -0.193507187068462E-01
      -0.129985153675079E+00    0.193517953157425E+00   -0.514464005827904E-01   -0.191184893250465E+00   -0.152016937732697E+00
      -0.660701394081116E-01    0.183777689933777E+00    0.334675878286362E+00   -0.307850912213326E-01    0.167478114366531E+00
       0.170836627483368E+00    0.161814481019974E+00    0.117700532078743E+00   -0.136835619807243E+00    0.146335847675800E-01
      -0.400031030178070E+00    0.206085108220577E-01    0.467630289494991E-01   -0.187173821032047E-01    0.442820042371750E-01
       0.181346997618675E+00   -0.458164177834988E-01    0.291367292404175E+00   -0.322601974010468E+00    0.904102548956871E-01
       0.213093355298042E+00    0.839785560965538E-01    0.422537118196487E+00   -0.133439272642136E+00    0.402921736240387E-01
      -0.584187507629395E-01    0.628629550337791E-01   -0.478088110685349E-02   -0.251504093408585E+00   -0.418823473155499E-01
       0.388290137052536E+00   -0.812930911779404E-01    0.443094745278358E-01    0.499181561172009E-01   -0.184841051697731E+00
      -0.112490847706795E+00    0.842230468988419E-01   -0.185281604528427E+00    0.100716352462769E+00   -0.424671955406666E-01
      -0.202490523457527E+00    0.314096584916115E-01   -0.905492901802063E-01   -0.136365354061127E+00   -0.142766088247299E+00
       0.143271982669830E+00    0.513344770297408E-02    0.949154868721962E-01    0.404718779027462E-01   -0.472142361104488E-02
       0.281980782747269E-01    0.183215945959091E+00   -0.298730097711086E-01    0.124519132077694E+00   -0.648670271039009E-01
      -0.250580787658691E+00   -0.796495229005814E-01    0.305994078516960E-01    0.132612317800522E+00    0.753072276711464E-01
      -0.136304959654808E+00   -0.267220549285412E-01    0.162206336855888E+00    0.148034006357193E+00   -0.723237991333008E-01
      -0.118362888693810E+00    0.124245628714561E+00   -0.211128607392311E+00   -0.438086390495300E-01   -0.229487597942352E+00
       0.127297192811966E-01    0.171208590269089E+00   -0.131244501098990E-01    0.147709265351295E+00    0.698008090257645E-01
       0.182255625724792E+00   -0.138581916689873E+00    0.818409025669098E-03   -0.270055264234543E+00    0.141793787479401E+00
      -0.111392229795456E+00   -0.123647108674049E+00   -0.335330963134766E+00   -0.207629516720772E+00    0.224956020712852E+00
      -0.841457303613424E-02   -0.134021192789078E+00    0.467185527086258E-01   -0.469641014933586E-02    0.582657270133495E-01
       0.100726179778576E+00    0.180266089737415E-01    0.392678007483482E-01    0.136690720915794E+00    0.167724773287773E+00
       0.514062866568565E-01    0.777492970228195E-01   -0.103806294500828E+00   -0.299543961882591E-01    0.821558758616447E-01
       0.640691220760345E-01   -0.635994598269463E-01    0.926627442240715E-01    0.829958915710449E-02    0.720764994621277E-01
      -0.434466078877449E-01    0.162161245942116E+00   -0.899183377623558E-01    0.256542146205902E+00   -0.995670035481453E-01
       0.910324454307556E-01    0.594261568039656E-02    0.240053720772266E-01    0.164994925260544E+00   -0.277064777910709E-01
      -0.543565526604652E-01    0.357345752418041E-01   -0.294991470873356E-01   -0.202174112200737E-02    0.157131537795067E+00
      -0.422788895666599E-01   -0.950557664036751E-01   -0.299919575452805E+00   -0.182137161493301E+00   -0.203153595328331E+00
      -0.193177759647369E+00    0.683366786688566E-02    0.722528100013733E-01    0.104486420750618E+00    0.234326533973217E-01
       0.644353255629539E-01    0.122168920934200E+00    0.149063482880592E+00    0.845860168337822E-01   -0.215385574847460E-02
       0.693140849471092E-01   -0.186746418476105E-01    0.119012938812375E-01   -0.285305440425873E+00    0.200413912534714E+00
      -0.330549553036690E-01   -0.139552816748619E+00    0.912935212254524E-01   -0.835186466574669E-01    0.917344763875008E-01
       0.109370656311512E+00    0.977003946900368E-02   -0.109223514795303E+00   -0.250629544258118E+00   -0.869746431708336E-01
       0.206321969628334E+00    0.315896004438400E+00    0.200170800089836E-01    0.464091785252094E-01    0.812054052948952E-01
      -0.276546657085419E+00   -0.160729847848415E-01   -0.649654790759087E-01    0.875197425484657E-01    0.160403117537498E+00
      -0.535696670413017E-01    0.148570209741592E+00   -0.168149583041668E-01    0.552036501467228E-01    0.213485598564148E+00
       0.227820381522179E+00   -0.525030866265297E-01   -0.313697636127472E+00    0.179421499371529E+00    0.282895825803280E-01
       0.116452232003212E+00   -0.141695097088814E+00   -0.205604545772076E-01   -0.121898856014013E-02    0.154156237840652E-01
      -0.240472331643105E-01    0.376254528760910E+00   -0.273226127028465E-01    0.188337355852127E+00   -0.230005368590355E+00
      -0.513476394116879E-01    0.370986759662628E-02   -0.743377208709717E-01    0.784148722887039E-01    0.209064945578575E+00
       0.144291073083878E+00    0.226866547018290E-01    0.988320447504520E-02    0.165723524987698E-01   -0.804697629064322E-02
       0.436276085674763E-01    0.196362182497978E+00    0.151106119155884E+00    0.141398251056671E+00    0.218383930623531E-01
       0.113029956817627E+00    0.113942772150040E-01   -0.144709020853043E+00   -0.955988541245461E-01   -0.809554904699326E-01
      -0.706352293491364E-01    0.901845768094063E-01    0.196619585156441E+00   -0.131411835551262E+00   -0.131392017006874E+00
       0.247664391994476E+00    0.523217394948006E-01    0.929235965013504E-01    0.998048111796379E-01    0.914594382047653E-01
       0.537836030125618E-01   -0.285858303308487E+00   -0.720108225941658E-01   -0.393932536244392E-01    0.152875557541847E-01
       0.309098213911057E+00   -0.149190062656999E-01    0.977801606059074E-01    0.195275261998177E+00   -0.135538026690483E+00
       0.356705188751221E-01    0.732772573828697E-01   -0.192974224686623E+00   -0.205803677439690E+00    0.983472913503647E-03
       0.178954347968102E+00    0.432048477232456E-01   -0.242204979062080E+00    0.548838004469872E-01   -0.151655957102776E+00
       0.219806462526321E+00   -0.582161992788315E-01    0.841414853930473E-01   -0.130333796143532E+00    0.201757654547691E+00
      -0.110392287373543E+00    0.152534589171410E+00   -0.225524142384529E+00   -0.260938644409180E+00   -0.226204365491867E+00
       0.807608589529991E-01   -0.213550031185150E-01   -0.124895229935646E+00    0.236320093274117E+00   -0.178619399666786E+00
       0.376929305493832E-01    0.743309333920479E-01    0.760810971260071E-01    0.524898059666157E-01   -0.996505767107010E-01
       0.107974424958229E+00    0.132044497877359E-01    0.129686534404755E+00    0.138969942927361E+00   -0.149063095450401E+00
      -0.229543708264828E-01    0.360799022018909E-03   -0.847260951995850E-01    0.112304747104645E+00    0.338195115327835E-01
       0.167694106698036E+00   -0.454605706036091E-01   -0.611037239432335E-01   -0.150354981422424E+00   -0.612742826342583E-01
      -0.383510380983353E+00   -0.151345536112785E+00   -0.321972090750933E-02   -0.221769154071808E+00   -0.764800757169724E-01
       0.293551683425903E-01    0.190719887614250E+00   -0.141675680875778E+00    0.488068237900734E-01    0.328353755176067E-01
      -0.968274548649788E-01    0.114272169768810E+00   -0.104803331196308E+00   -0.328740894794464E+00    0.197705715894699E+00
       0.179887831211090E+00   -0.194501131772995E-01    0.351547032594681E+00   -0.219297155737877E+00   -0.896146614104509E-02
       0.251634418964386E+00    0.844502598047256E-01    0.876118242740631E-02   -0.196747973561287E+00   -0.105465859174728E+00
      -0.597371906042099E-01    0.141840115189552E+00    0.146509870886803E+00    0.181781634688377E+00    0.335690788924694E-01
       0.145135551691055E+00   -0.284798502922058E+00    0.695876777172089E-03    0.114550061523914E+00    0.166240438818932E+00
      -0.338015593588352E-01   -0.169584341347218E-01    0.529058314859867E-01   -0.111856751143932E+00   -0.166115060448647E+00
      -0.120474025607109E+00    0.182122871279716E+00   -0.694944709539413E-01    0.155480597168207E-01   -0.679856315255165E-01
       0.132846564054489E+00    0.218621157109737E-01   -0.930610205978155E-02    0.105765789747238E+00    0.110875084996223E+00
       0.305886790156364E-01    0.164543576538563E-01   -0.859403908252716E-01    0.189390838146210E+00   -0.863095074892044E-01
      -0.102110959589481E+00    0.128613039851189E+00    0.487853847444057E-01    0.164020154625177E-02   -0.316238682717085E-02
       0.740693956613541E-01   -0.177061870694160E+00    0.155925918370485E-01   -0.243583872914314E+00   -0.295167654752731E+00
       0.715282857418060E-01   -0.865731835365295E-01    0.229487791657448E+00    0.931644141674042E-01    0.296555578708649E+00
       0.206109091639519E+00   -0.824230760335922E-01    0.192535147070885E+00    0.130031138658524E+00   -0.226470269262791E-01
      -0.911037996411324E-01    0.217449024319649E+00   -0.127986028790474E+00    0.192304268479347E+00   -0.531857740134001E-02
       0.454121232032776E-01   -0.101111516356468E+00    0.861940905451775E-01    0.794244110584259E-01    0.258083418011665E-01
      -0.202025115489960E+00    0.170281395316124E+00   -0.759951397776604E-01    0.200525969266891E+00    0.237879101186991E-01
      -0.464843884110451E-01   -0.740251410752535E-02    0.213005959987640E+00    0.101608291268349E+00    0.162940174341202E+00
      -0.851803552359343E-02   -0.120824292302132E+00    0.438682772219181E-01    0.739159509539604E-01    0.234724208712578E-01
       0.419469177722931E-01    0.291702970862389E-01    0.817052945494652E-01    0.657072067260742E-01    0.194740340113640E+00
      -0.680625587701797E-01   -0.183792203664780E+00   -0.257875204086304E+00   -0.109692528843880E+00    0.179480776190758E+00
      -0.136601002886891E-01    0.231496185064316E+00   -0.133364396169782E-01   -0.244377568364143E+00   -0.146069064736366E+00
       0.139150112867355E+00   -0.202945433557034E-01    0.612824745476246E-01   -0.136051088571548E+00    0.256826460361481E+00
      -0.728958174586296E-01    0.964468047022820E-01    0.659621655941010E-01   -0.207610521465540E-02    0.112014949321747E+00
       0.231300108134747E-02   -0.174656078219414E+00    0.253371924161911E+00    0.330288186669350E-01    0.692631602287292E-01
       0.785017460584641E-01   -0.174600452184677E+00   -0.128766626119614E+00   -0.847850367426872E-01   -0.541741922497749E-01
       0.102148756384850E+00   -0.186774320900440E-02    0.296176178380847E-02   -0.793668180704117E-01   -0.181763812899590E+00
      -0.171424686908722E+00   -0.174930870532990E+00    0.167960837483406E+00    0.509807579219341E-01   -0.886413082480431E-01
      -0.452502444386482E-01   -0.966553464531898E-01    0.217566609382629E+00    0.167176067829132E+00    0.247154198586941E-01
       0.712960287928581E-01   -0.365097612142563E+00   -0.280984789133072E-01    0.218686416745186E+00   -0.180095016956329E+00
       0.369351021945477E-01    0.295547425746918E+00    0.973280370235443E-01    0.260442316532135E+00    0.199759751558304E+00
       0.181984707713127E+00    0.148457691073418E+00    0.107603378593922E+00    0.340654045343399E+00    0.205156683921814E+00
       0.482163950800896E-01    0.762618854641914E-01   -0.640084519982338E-01    0.214355647563934E+00    0.217120528221130E+00
       0.282337926328182E-01    0.248801223933697E-01    0.516865737736225E-01    0.114118993282318E+00   -0.212256684899330E-01
      -0.235315009951591E+00    0.932561457157135E-01    0.103101044893265E+00    0.175453256815672E-01   -0.936087146401405E-01
      -0.560698360204697E-01   -0.197084277868271E+00    0.153961963951588E-02    0.354919321835041E-01    0.185011595487595E+00
      -0.301055945456028E-01   -0.666702538728714E-01   -0.538148283958435E-01   -0.264809913933277E-01    0.256467759609222E+00
      -0.991459339857101E-01    0.142004474997520E+00    0.371101088821888E-01    0.190610624849796E-01    0.641852244734764E-01
      -0.148936241865158E+00    0.127546727657318E+00   -0.804062411189079E-01   -0.215052440762520E-01    0.154749020934105E+00
      -0.231851294636726E+00   -0.403808951377869E-01   -0.207291677594185E+00    0.134552031755447E+00    0.141261845827103E+00
       0.215238422155380E+00   -0.453021377325058E-03    0.115644104778767E+00   -0.973522961139679E-01    0.340607941150665E+00
      -0.379553474485874E-01    0.219037145376205E+00   -0.476501807570457E-01    0.917399302124977E-01    0.975328311324120E-02
       0.199567779898643E+00   -0.132809281349182E+00    0.173849046230316E+00    0.131283208727837E+00    0.692713260650635E-01
       0.186035960912704E+00    0.756375640630722E-01   -0.434338152408600E-01   -0.243920348584652E-01   -0.125995278358459E+00
      -0.156214967370033E+00    0.308275192975998E+00   -0.385074131190777E-01    0.652811676263809E-01    0.294163882732391E+00
       0.179284840822220E+00   -0.121833160519600E+00    0.112647987902164E+00    0.877080410718918E-01   -0.937463715672493E-01
      -0.162702947854996E+00    0.296923369169235E-01   -0.297958292067051E-01   -0.192600846290588E+00   -0.725758001208305E-01
       0.885116159915924E-01    0.259674899280071E-01    0.139621526002884E+00   -0.603391304612160E-01    0.866786837577820E-01
      -0.132292255759239E+00    0.271765738725662E-01    0.188194379210472E+00    0.441983342170715E-01   -0.825046375393867E-01
       0.999086536467075E-03   -0.225549601018429E-01    0.149034261703491E+00    0.344697296619415E+00    0.492537468671799E-01
       0.158955082297325E+00   -0.177620768547058E+00   -0.134234070777893E+00    0.319793581962585E+00   -0.291774064302444E+00
      -0.111077055335045E+00   -0.224777489900589E+00    0.238278850913048E+00   -0.138352856040001E+00    0.107533268630505E+00
       0.102550216019154E+00   -0.119371473789215E+00    0.288969665765762E+00   -0.207420185208321E+00   -0.748494639992714E-01
      -0.847937315702438E-01    0.188044905662537E+00   -0.133419791236520E-01    0.629096627235413E-01   -0.104811854660511E+00
      -0.112317010760307E+00   -0.446165613830090E-01   -0.884305909276009E-01    0.179063022136688E+00   -0.441537313163280E-01
      -0.328622870147228E-01    0.200494542717934E+00    0.235252827405930E-01   -0.323125272989273E-01    0.126491650938988E+00
      -0.111396320164204E+00   -0.576309487223625E-01   -0.879021137952805E-01    0.201670303940773E+00   -0.923872739076614E-01
      -0.979092568159103E-01   -0.598968416452408E-01   -0.167963430285454E+00   -0.209433197975159E+00    0.593996159732342E-01
       0.757175087928772E-01    0.119668476283550E+00    0.112563878297806E+00    0.319159716367722E+00   -0.935705229640007E-01
      -0.148437052965164E+00    0.773127004504204E-01   -0.648767054080963E-01    0.485757514834404E-01   -0.386256389319897E-01
       0.188228055834770E+00    0.123745784163475E+00   -0.205365002155304E+00   -0.375191718339920E-01    0.570877417922020E-01
       0.103230938315392E+00   -0.807328745722771E-01   -0.927625969052315E-01    0.341262489557266E+00    0.196359932422638E+00
       0.111562892794609E+00   -0.265751451253891E+00   -0.134581431746483E+00    0.213528592139482E-01   -0.129057625308633E-01
       0.153837770223618E+00   -0.207855552434921E+00   -0.174941256642342E+00    0.600261874496937E-01    0.799235887825489E-03
       0.999428257346153E-01   -0.736624840646982E-02   -0.362577401101589E-01    0.120456159114838E+00   -0.533795058727264E-01
      -0.690524205565453E-01    0.168298929929733E+00    0.174150206148624E-01    0.598187511786819E-02    0.224886834621429E+00
       0.100264087319374E+00    0.155862495303154E+00    0.173028558492661E+00   -0.848290175199509E-01   -0.138483494520187E+00
       0.667603164911270E-01    0.244495384395123E-01    0.219160411506891E-02    0.127492800354958E+00   -0.106691814959049E+00
       0.926991701126099E-01    0.763946026563644E-01    0.135113790631294E+00    0.904992502182722E-02   -0.810309872031212E-01
       0.823009908199310E-01   -0.610722824931145E-01   -0.232956483960152E-01    0.559068135917187E-01    0.258509069681168E-03
      -0.947169959545135E-01   -0.958508923649788E-01    0.662174299359322E-01   -0.290348142385483E+00    0.100855022668839E+00
      -0.110877513885498E+00    0.287965312600136E-02   -0.242120578885078E+00    0.335450440645218E+00    0.201907157897949E+00
       0.160130232572556E+00    0.100239001214504E+00   -0.190701574087143E+00    0.991916358470917E-01    0.119891539216042E-01
      -0.671178922057152E-01    0.912620797753334E-01    0.634471103549004E-01    0.700731799006462E-01   -0.906484946608543E-01
       0.855224207043648E-01    0.318310521543026E-01    0.236966386437416E-01   -0.145146831870079E+00    0.188063934445381E+00
       0.951831564307213E-01   -0.123251065611839E+00   -0.168911024928093E+00   -0.841605067253113E-01    0.202194079756737E+00
      -0.139132872223854E+00   -0.625166222453117E-01    0.341722816228867E-01   -0.200045779347420E-01   -0.217962302267551E-01
       0.263621181249619E+00    0.143696144223213E+00   -0.315081588923931E-01   -0.256851643323898E+00    0.396960787475109E-01
      -0.754939615726471E-01   -0.192595720291138E+00    0.213478937745094E+00   -0.119642332196236E+00   -0.144970655441284E+00
      -0.116186022758484E+00   -0.468487218022346E-01    0.446430258452892E-01    0.108028955757618E+00   -0.193232670426369E+00
       0.686107650399208E-01    0.946869552135468E-01    0.163218751549721E+00    0.832594707608223E-01    0.103350162506104E+00
      -0.195938497781754E-01   -0.104602336883545E+00   -0.472440421581268E-01    0.115491077303886E+00    0.630605919286609E-02
       0.148056745529175E+00   -0.113578438758850E+00   -0.156587436795235E-01    0.543838031589985E-01   -0.652875099331141E-02
      -0.110982850193977E+00   -0.505053959786892E-01   -0.106796495616436E+00   -0.212463244795799E+00    0.399181768298149E-01
       0.110337845981121E+00   -0.174839012324810E-01   -0.119277119636536E+00   -0.426514036953449E-01    0.378154851496220E-01
       0.144677245989442E-01    0.141837727278471E-01    0.464296620339155E-02   -0.108125872910023E+00    0.180053442716599E+00
       0.261319100856781E+00    0.773783922195435E-01   -0.193325281143188E+00    0.191109463572502E+00    0.140514075756073E+00
      -0.774454995989799E-01   -0.208862751722336E+00   -0.242481864988804E-01   -0.634179711341858E-01    0.458299629390240E-01
       0.390855409204960E-01   -0.208802074193954E+00    0.886679515242577E-01   -0.540479421615601E-01    0.194763429462910E-01
       0.104007730260491E-01    0.219136357307434E+00    0.774742066860199E-01    0.125098554417491E-01    0.918109249323606E-02
       0.224757529795170E-01   -0.427166651934385E-02   -0.694385729730129E-03   -0.132477330043912E-01    0.502605028450489E-01
      -0.313092231750488E+00    0.554748140275478E-01   -0.125670537352562E+00    0.232753664255142E+00   -0.198667764663696E+00
       0.896944180130959E-01    0.717527940869331E-01    0.151216149330139E+00    0.123923934996128E+00   -0.594695955514908E-01
      -0.181453630328178E+00    0.161153271794319E+00   -0.119318783283234E+00   -0.756446048617363E-01    0.191323176026344E+00
      -0.387675426900387E-01   -0.173433393239975E+00    0.136514529585838E-01    0.153474081307650E-01   -0.778180062770844E-01
      -0.119358422234654E-01   -0.885583385825157E-01    0.533008575439453E-01   -0.713427215814590E-01    0.323791019618511E-01
       0.169944539666176E+00   -0.103817069903016E-01    0.153598487377167E-01   -0.230023413896561E-01   -0.666618570685387E-01
      -0.153737038373947E+00   -0.780958607792854E-01   -0.928529053926468E-01    0.790624246001244E-01   -0.267895013093948E+00
      -0.233924880623817E+00   -0.177958443760872E+00    0.241114888340235E-01    0.595234334468842E-01    0.554126799106598E-01
       0.255673192441463E-01    0.308899104595184E+00    0.968088582158089E-01    0.315027572214603E-01   -0.559398829936981E-01
       0.111244820058346E+00    0.268674015998840E+00    0.240368083119392E+00   -0.698831956833601E-02    0.600329414010048E-01
      -0.734724327921867E-01   -0.402949303388596E-01   -0.597608685493469E-01    0.794549807906151E-01    0.173566132783890E+00
       0.863816663622856E-01    0.153803482651711E+00    0.321078561246395E-01   -0.137905310839415E-02   -0.109796486794949E+00
       0.115468233823776E+00    0.184508323669434E+00    0.286272376775742E+00   -0.247159041464329E-01    0.792610049247742E-01
       0.156769812107086E+00    0.979690104722977E-01   -0.729358568787575E-01   -0.156473159790039E+00    0.937672629952431E-01
       0.222824767231941E+00   -0.984728634357452E-01    0.153774857521057E+00   -0.248756296932697E-01    0.180177152156830E+00
      -0.256560683250427E+00   -0.244293473660946E-01    0.119239643216133E+00    0.151119939982891E-02    0.345900841057301E-01
       0.194786444306374E+00    0.124901905655861E-02    0.836799293756485E-01    0.407075695693493E-01   -0.868107527494431E-01
       0.705394893884659E-01   -0.595281869173050E-01   -0.289443917572498E-01   -0.237447470426559E-01    0.367974303662777E-01
      -0.118938952684402E+00    0.119636833667755E+00   -0.145347028970718E+00   -0.916824936866760E-01    0.344110935926437E+00
       0.151476152241230E-01   -0.813123434782028E-01    0.253187268972397E-01    0.819376334547997E-01    0.272606343030930E+00
       0.974461659789085E-01   -0.456839613616467E-01    0.903014838695526E-02   -0.201010063290596E+00    0.236501917243004E-02
      -0.493736192584038E-02   -0.284034386277199E-01   -0.106318093836308E+00   -0.574693679809570E-01   -0.379732400178909E-01
       0.239370502531528E-01   -0.542913302779198E-01    0.542113892734051E-01    0.174586139619350E-01    0.171048399060965E-01
      -0.127108722925186E+00   -0.735812932252884E-01   -0.377967387437820E+00   -0.967048946768045E-02    0.196196556091309E+00
       0.944483578205109E-01   -0.244570709764957E-01    0.942752063274384E-01   -0.372883193194866E-01   -0.582296103239059E-01
       0.171981960535049E+00   -0.110145192593336E-02    0.680063515901566E-01   -0.100082062184811E+00   -0.136425867676735E+00
       0.614272169768810E-01    0.658851861953735E-01    0.130027592182159E+00    0.198672279715538E+00    0.516285635530949E-01
      -0.247265264391899E+00   -0.409043114632368E-02    0.819915756583214E-01    0.120244219899178E+00    0.123081445693970E+00
       0.320498317480087E+00    0.171748191118240E+00   -0.196485854685307E-01    0.164209961891174E+00   -0.374108254909515E-01
       0.126778945326805E+00    0.702197402715683E-01    0.152063602581620E-01    0.909246057271957E-01   -0.121110647916794E+00
      -0.518789477646351E-01    0.116281490772963E-02    0.322556644678116E+00   -0.101711116731167E+00   -0.227490648627281E+00
      -0.146196424961090E+00   -0.643760785460472E-01    0.499514602124691E-01    0.200147658586502E+00    0.259996473789215E+00
       0.288597792387009E-01   -0.426857136189938E-01   -0.159750238060951E+00    0.722688883543015E-01    0.101869478821754E+00
      -0.141691833734512E+00    0.323620289564133E+00   -0.300417035818100E+00    0.839831531047821E-01    0.214835643768311E+00
       0.976584199815989E-02    0.141599282622337E+00    0.184634886682034E-01   -0.122765153646469E+00   -0.387739688158035E-01
      -0.156777471303940E+00   -0.732818990945816E-01   -0.785902738571167E-01    0.209970436990261E-01   -0.143331840634346E+00
      -0.480496920645237E-01   -0.151837021112442E+00    0.492457374930382E-01    0.530008561909199E-01   -0.856556072831154E-01
       0.154182136058807E+00    0.235982835292816E+00   -0.103180840611458E+00   -0.105161398649216E+00   -0.504675433039665E-01
       0.765584260225296E-01    0.380081623792648E+00    0.611840449273586E-01    0.262655094265938E-01    0.243253111839294E+00
       0.212703123688698E-01   -0.336705930531025E-01   -0.115461619570851E-01    0.176269546151161E+00    0.709899961948395E-01
      -0.444265343248844E-01    0.316563308238983E+00    0.657064020633698E-01    0.200578406453133E+00   -0.244438722729683E-01
       0.985918566584587E-01   -0.365216210484505E-01    0.108698070049286E+00    0.530226528644562E-01   -0.397211797535419E-01
       0.988651365041733E-01   -0.702071413397789E-01   -0.132640361785889E+00    0.336914360523224E-01    0.305242449045181E+00
      -0.131476789712906E+00    0.232990115880966E+00    0.916915312409401E-01   -0.144157797098160E+00    0.125811278820038E+00
      -0.249387770891190E-01   -0.158184282481670E-01    0.926604792475700E-01   -0.512582920491695E-01   -0.588776450604200E-02
       0.347231961786747E-01   -0.450131520628929E-01   -0.623039230704308E-01    0.748630613088608E-01   -0.151509046554565E+00
       0.202549189329147E+00   -0.570621415972710E-01    0.138911111280322E-01    0.546369627118111E-01    0.146727815270424E+00
       0.112262375652790E+00   -0.114988490939140E+00    0.226462557911873E+00   -0.199801757931709E+00   -0.663125514984131E-01
       0.935501307249069E-01    0.585435964167118E-01    0.137781456112862E+00   -0.927223563194275E-01   -0.163969576358795E+00
       0.989853292703629E-01    0.593572556972504E-01    0.451352335512638E-01   -0.592977851629257E-01    0.217504084110260E+00
      -0.181434899568558E+00    0.624193884432316E-01   -0.144929355010390E-01   -0.127399802207947E+00    0.421323984861374E+00
      -0.226931571960449E+00   -0.115350976586342E+00   -0.102503569796681E-01   -0.145553192123771E-01   -0.143630029633641E-01
      -0.179315477609634E+00    0.921142566949129E-02    0.817635655403137E-01   -0.370156727731228E-01    0.136447697877884E+00
       0.162541568279266E+00   -0.142349293455482E-01   -0.157587930560112E+00   -0.155719503760338E+00   -0.383124016225338E-01
      -0.155166462063789E+00   -0.940180122852325E-01   -0.462140776216984E-01   -0.435205288231373E-01   -0.142175793647766E+00
       0.116063961759210E-01   -0.125844001770020E+00    0.160632967948914E+00   -0.105406634509563E+00   -0.226627960801125E-01
       0.221543982625008E+00    0.198563039302826E-01    0.627282261848450E-01    0.236680224537849E+00   -0.726447477936745E-01
       0.652145035564899E-02    0.130061909556389E+00   -0.278569646179676E-01   -0.259906053543091E-02   -0.892285704612732E-01
       0.223438069224358E+00    0.161965534090996E+00   -0.111395686864853E+00   -0.194025561213493E+00    0.664975047111511E-01
      -0.115074306726456E+00   -0.858920440077782E-01    0.213576108217239E-01    0.785524472594261E-01   -0.280879646539688E+00
       0.180810585618019E+00   -0.293721318244934E+00    0.559857450425625E-01    0.104661993682384E+00    0.215416118502617E+00
       0.513526387512684E-01   -0.111854933202267E+00    0.129661783576012E+00    0.373997651040554E-01    0.192552179098129E+00
       0.624320954084396E-01    0.604473659768701E-02   -0.165739562362432E-02   -0.869917795062065E-01    0.244832322001457E+00
      -0.531139075756073E-01    0.805280283093452E-01    0.491280183196068E-01   -0.242146268486977E+00    0.316923975944519E+00
      -0.140778906643391E-02   -0.106640174984932E+00    0.613511167466640E-01   -0.102160116657615E-01    0.159437537193298E+00
       0.107223400846124E-01   -0.718299970030785E-01    0.201752811670303E+00    0.275395177304745E-01    0.195452228188515E+00
      -0.574787110090256E-01    0.257246894761920E-02   -0.767458677291870E-01   -0.171342082321644E-01    0.109526850283146E+00
      -0.401257835328579E-01    0.923106595873833E-01    0.175303384661674E+00   -0.165737345814705E+00    0.433141551911831E-02
       0.330164939165115E+00   -0.137818902730942E+00   -0.181896954774857E+00    0.579149974510074E-02    0.674728974699974E-01
      -0.272664189338684E+00    0.859712734818459E-01    0.776575282216072E-01   -0.169962927699089E+00    0.661721825599670E-01
       0.262946307659149E+00    0.685648899525404E-02   -0.258549265563488E-01   -0.153010617941618E-02    0.160672962665558E+00
      -0.439787283539772E-01    0.304006971418858E-01    0.770724713802338E-01    0.231062427163124E+00    0.545054338872433E-01
       0.903168618679047E-01   -0.196309044957161E+00   -0.295679181814194E+00   -0.235065951943398E+00   -0.197080105543137E+00
      -0.937879905104637E-01    0.446171872317791E-02   -0.866965427994728E-01   -0.822906419634819E-01    0.209011584520340E+00
       0.170750860124826E-01    0.507202446460724E-01    0.122807569801807E+00   -0.539548918604851E-01   -0.152852768078446E-01
       0.493794493377209E-01   -0.369837470352650E-01   -0.451232399791479E-02   -0.115908518433571E+00    0.566538749262691E-02
      -0.374252535402775E-01    0.126359701156616E+00    0.886363759636879E-01    0.451189838349819E-01   -0.170186124742031E-01
      -0.155797312036157E-01    0.213444188237190E+00    0.299412965774536E+00   -0.162909805774689E+00    0.420804440975189E+00
      -0.118751838803291E+00    0.254538934677839E-01   -0.113402254879475E+00   -0.378640890121460E-01   -0.941735729575157E-01
      -0.123132526874542E+00    0.200619027018547E+00    0.132041677832603E+00    0.409344583749771E-02    0.130921468138695E+00
      -0.432500801980495E-01    0.154082581400871E+00   -0.322182327508926E-01   -0.831840634346008E-01    0.682278349995613E-01
      -0.888596624135971E-01   -0.123487874865532E+00   -0.113214761018753E+00    0.209285169839859E+00   -0.562518760561943E-01
       0.211828693747520E+00   -0.971776172518730E-01    0.557408779859543E-01   -0.259255856275558E+00   -0.379555895924568E-01
       0.108820088207722E+00    0.150379404425621E+00   -0.822193082422018E-02   -0.905006378889084E-01    0.324563793838024E-01
      -0.833645537495613E-01    0.223163351416588E+00    0.530043505132198E-01   -0.807873606681824E-01   -0.247772745788097E-01
      -0.153990805149078E+00    0.113816723227501E+00    0.653575733304024E-01   -0.505834147334099E-01    0.140835165977478E+00
       0.152588605880737E+00    0.103240646421909E+00    0.424677908420563E+00    0.279578529298306E-01   -0.531291291117668E-01
       0.401324592530727E-01    0.116654291749001E+00    0.471726767718792E-01   -0.246657803654671E-01    0.111918896436691E+00
       0.477458462119102E-01    0.120384432375431E-02    0.665796250104904E-01    0.120812002569437E-01    0.854453966021538E-01
      -0.866399034857750E-01   -0.581334754824638E-01    0.130748063325882E+00    0.101570703089237E+00   -0.192360877990723E-01
      -0.915518105030060E-01   -0.626392588019371E-01    0.129483956843615E-01   -0.510810129344463E-01    0.681784301996231E-01
      -0.117866188287735E+00   -0.160372450947762E+00   -0.171338140964508E+00   -0.307495892047882E-01   -0.377703867852688E-01
      -0.159633494913578E-01    0.176924288272858E+00    0.127551257610321E+00    0.166840165853500E+00    0.134300813078880E+00
       0.176900252699852E+00   -0.824496820569038E-01    0.130044177174568E+00   -0.691545605659485E-01    0.130092605948448E+00
       0.702145323157310E-02   -0.836849659681320E-01    0.794029310345650E-01    0.444435775279999E-01   -0.998579710721970E-01
      -0.666159316897392E-01   -0.256845176219940E+00   -0.248891860246658E-01    0.478755049407482E-01    0.168434426188469E+00
       0.226983234286308E+00   -0.425591599196196E-02   -0.151940897107124E+00   -0.117708593606949E+00   -0.729318037629128E-01
      -0.930486246943474E-03    0.208909045904875E-01   -0.184447184205055E+00    0.529592484235764E-01   -0.106230610981584E-01
       0.156519189476967E+00   -0.101049654185772E+00   -0.246361657977104E+00   -0.663442239165306E-01    0.327719032764435E+00
      -0.104880936443806E+00    0.151971757411957E+00    0.150315269827843E+00    0.447265505790710E-01    0.146253909915686E-01
       0.671584084630013E-01    0.170203655958176E+00    0.455015935003757E-01   -0.163087189197540E+00   -0.809905026108027E-02
       0.221328184008598E+00    0.203765794634819E+00   -0.849795266985893E-01   -0.331252962350845E-01   -0.529208686202765E-02
      -0.110924229025841E+00    0.170533001422882E+00   -0.175400510430336E+00    0.254680037498474E+00    0.146299377083778E+00
      -0.134097069501877E+00   -0.928902849555016E-01    0.951883345842361E-01   -0.685458332300186E-01   -0.175810962915421E+00
      -0.504614487290382E-01    0.252040386199951E+00   -0.111318930983543E+00    0.272230692207813E-01    0.101802252233028E+00
      -0.137870907783508E+00    0.171312931925058E-01    0.415854990482330E+00    0.199008345603943E+00    0.259868860244751E+00
      -0.130553185939789E+00   -0.992636848241091E-02   -0.179170742630959E+00   -0.699126273393631E-01   -0.337303429841995E-01
      -0.181143656373024E+00   -0.175615027546883E+00   -0.178481712937355E-01    0.134037658572197E+00    0.207403242588043E+00
      -0.166653752326965E+00   -0.152360424399376E+00   -0.194357000291348E-01   -0.102438583970070E+00   -0.930768772959709E-01
      -0.117160454392433E+00   -0.623208004981279E-02    0.732017159461975E-01   -0.257559239864349E+00    0.291750058531761E-01
      -0.104821637272835E+00    0.604094229638577E-01    0.189161852002144E+00   -0.121605604887009E+00   -0.787187740206718E-01
      -0.188464686274529E+00    0.176854893565178E+00   -0.112212657928467E+00   -0.165841244161129E-01    0.226897731423378E+00
      -0.393608920276165E-01   -0.181664407253265E+00   -0.666300579905510E-01    0.133972719311714E+00   -0.137530177831650E+00
   Bias in Layer   4
      -0.311952412128448E+00
   Weight in Layer   4
      -0.435664832592010E+00   -0.214750438928604E+00   -0.140608236193657E+00    0.266844481229782E+00   -0.631636083126068E+00
       0.594385027885437E+00    0.452036373317242E-01    0.298891067504883E-01   -0.602354943752289E+00    0.294422984123230E+00
       0.572459101676941E+00    0.195079416036606E+00   -0.121282184123993E+01    0.259480446577072E+00   -0.530786454677582E+00
       0.263847947120667E+00   -0.290857702493668E+00   -0.387613445520401E+00    0.375860989093781E+00    0.468814879655838E+00
      -0.650012135505676E+00   -0.795680761337280E+00    0.625409126281738E+00   -0.304607063531876E+00   -0.576412498950958E+00
      -0.588020622730255E+00   -0.601255893707275E+00    0.768339276313782E+00    0.435555696487427E+00   -0.754019737243652E+00
      -0.376500546932220E+00    0.540103852748871E+00    0.522115409374237E+00    0.451503992080688E+00   -0.349621057510376E+00
       0.639742732048035E+00   -0.181687399744987E+00   -0.102911090850830E+01   -0.552439749240875E+00    0.374664932489395E+00
      -0.234995022416115E+00    0.777256011962891E+00    0.379941433668137E+00    0.469250291585922E+00    0.336222082376480E+00
      -0.494001775979996E+00    0.188365623354912E+00    0.179497271776199E+00
