
Global Neural Network Potential For LASP
Reference    : www.lasphub.com
Note         : 
Species      : 
Version      : 20260522140256
Dataset size : 1037

Fitting Accuracy
 ------------------------------------------------------------------
              Energy/(meV/atom)    Force/(eV/A)    Stress/(GPa)
 ------------------------------------------------------------------
     RMS            6.936             0.240           0.027
     MAX           20.142             3.468           0.267
 ------------------------------------------------------------------

Element   Au
Neural Network Architecture
 # Note : fully connected layer is typically required for the first/final layer
 %block   Au_netarch
 # fully layer -> full, size, active_type, float/fixed, newrun/reuse-filename
   #  1 input      72     2
      2 full        1    80     2  float  newrun                                  
      3 full        2    48    24  float  newrun                                  
      4 full        3     1     0  float  newrun                                  
 %endblock   Au_netarch
 
 %block postfunc
    line    1.00
 %endblock postfunc
 
 %block     Au_net
  72  80  48   1
   0   2  24   0
 %endblock     Au_net
 
Power-Type Structure Descriptors(PTSD)
 *: PTSD type summary, two-body, three-body and four-body .
 --------------------------------------------------------------------
      KS1   KS2   S1    S2    S3     S4    S5     S6    S24    S25
 --------------------------------------------------------------------
PTSD  two   two  two    two  three  three  three  four  three  three
   Number    22    17     7      8      8      6      4      0      0      0      0      0
   Number     0
 -----------------------------------------------------

   Au_Erange   0.00000000E+00  0.10000000E+01
   Au_ESrange   0.00000000E+00  0.20000000E+01
   Au_Srange   0.00000000E+00  0.10000000E+01
   Au_ScaleFactor   0.00000000E+00  0.50000000E+00
 
 ***********************************************************
 * Guide for parameters in PTSD                            *
 * radial part n,m,p :                                     *
 *             -1       -> short range /close to atom core *
 *              0,1,2,4 -> flat in short/medium            *
 *              6,8,12  -> medium                          *
 *              16, 24  -> large  /close to cut radius     *
 *                                                         *
 * angular part zeta, ksi :                                *
 *              0/180  : zeta =  ~, ksi = 0                *
 *             30/150  : zeta = 12, ksi = 1                *
 *             45/135  : zeta =  5, ksi = 1                *
 *                 90  : zeta =  0, ksi = ~                *
 *             60/120  : zeta =  4, ksi = 2                *
 *                                                         *
 *          !! zeta 8 = and ksi = 4 is moderate            *
 ***********************************************************
 
 ######################################################
 # Following is geometry based structural descriptors #
 ######################################################
 
   Au_shiftElement  0  1  79  

    Au_Pottype    1
 S1 : sum(rij**n * fc(rij))
    : radical distribution, large n means considering more long-distance neigb
 %block  Au_S1
 #-----------------------------------------------------------------------------------#
 # cutoff   neigb_atom     n                 Gmin                      Gmax          #
 #-----------------------------------------------------------------------------------#
   1.20        79          2        0.000000000000000e+00      1.136363636363636e+00 #  1   1
   1.60        79          2        0.000000000000000e+00      1.136363636363636e+00 #  2   2
   2.20        79          2        0.000000000000000e+00      1.136363636363636e+00 #  3   3
   2.60        79          2        0.000000000000000e+00      2.420933874831958e-03 #  4   4
   3.00        79          2        0.000000000000000e+00      1.919147304513238e-01 #  5   5
   3.40        79          2        0.000000000000000e+00      7.377285171638835e-01 #  6   6
   4.40        79          2        0.000000000000000e+00      4.280217669226906e+00 #  7   7
   5.40        79          2        0.000000000000000e+00      1.259333653883501e+01 #  8   8
   6.40        79          2        0.000000000000000e+00      2.633882869373668e+01 #  9   9
   7.40        79          2        0.000000000000000e+00      4.853269403631037e+01 # 10  10
   1.30        79          8        0.000000000000000e+00      1.136363636363636e+00 # 11  11
   1.70        79          8        0.000000000000000e+00      1.136363636363636e+00 # 12  12
   2.30        79          8        0.000000000000000e+00      1.136363636363636e+00 # 13  13
   2.70        79          8        0.000000000000000e+00      4.205397855151784e+00 # 14  14
   3.10        79          8        0.000000000000000e+00      7.268229831348766e+01 # 15  15
   3.50        79          8        0.000000000000000e+00      3.646160472523082e+02 # 16  16
   4.50        79          8        0.000000000000000e+00      3.948507967862216e+03 # 17  17
   5.50        79          8        0.000000000000000e+00      2.601178533380682e+04 # 18  18
   6.50        79          8        0.000000000000000e+00      1.603473721590909e+05 # 19  19
   7.50        79          8        0.000000000000000e+00      6.220294034090909e+05 # 20  20
   3.00        79         16        0.000000000000000e+00      7.195923295454546e+04 # 21  21
   4.00        79         16        0.000000000000000e+00      1.363146818181818e+07 # 22  22
 #-----------------------------------------------------------------------------------#
 %endblock  Au_S1

 S2 : Q-value based two-body structural descriptors
 %block  Au_S2
 #-----------------------------------------------------------------------------------#
 # cut    neigb     Qn     Rn               Gmin                      Gmax           #
 #-----------------------------------------------------------------------------------#
   1.40     79       2      4       0.000000000000000e+00      1.136363636363636e+00 #  1  38
   1.80     79       2      4       0.000000000000000e+00      1.136363636363636e+00 #  2  39
   2.80     79       2      4       0.000000000000000e+00      9.947430173104460e-02 #  3  40
   3.80     79       2      4       0.000000000000000e+00      4.142064668915489e+00 #  4  41
   4.80     79       2      4       0.000000000000000e+00      1.659654270518910e+01 #  5  42
   5.80     79       2      4       0.000000000000000e+00      4.999393549832430e+01 #  6  43
   6.80     79       2      4       0.000000000000000e+00      1.703612067482688e+02 #  7  44
   1.40     79       6      4       0.000000000000000e+00      1.136363636363636e+00 #  8  45
   1.80     79       6      4       0.000000000000000e+00      1.136363636363636e+00 #  9  46
   2.80     79       6      4       0.000000000000000e+00      2.911319448189302e-01 # 10  47
   3.80     79       6      4       0.000000000000000e+00      2.442327412691983e+01 # 11  48
   4.80     79       6      4       0.000000000000000e+00      1.000837759538130e+02 # 12  49
   5.80     79       6      4       0.000000000000000e+00      1.638378490101207e+02 # 13  50
   6.80     79       6      4       0.000000000000000e+00      1.825676657936790e+02 # 14  51
   1.80     79       4      4       0.000000000000000e+00      1.136363636363636e+00 # 15  52
   2.80     79       4      4       0.000000000000000e+00      5.232995883984999e-01 # 16  53
   3.80     79       4      4       0.000000000000000e+00      1.506246436725963e+01 # 17  54
 #-----------------------------------------------------------------------------------#
 %endblock  Au_S2

 S3 : sum{ [rij**n * fc(rij)] * [rik**n * fc(rik)] * (1+lambda*cos(ijk))**zeta } lambda: 1-> acute more, -1-> obtuse more
 %block  Au_S3
 #---------------------------------------------------------------------------------------------------#
 # cut    nb1   nb2    n     m    zeta  lambda               Gmin                      Gmax          #
 #---------------------------------------------------------------------------------------------------#
   1.80   79    79     2     2      4     1.0       0.000000000000000e+00      1.136363636363636e+00 #  1  23
   1.80   79    79     2     2      4    -1.0       0.000000000000000e+00      1.136363636363636e+00 #  2  24
   3.20   79    79     2     2      4     1.0       0.000000000000000e+00      1.327337231487036e-02 #  3  25
   3.20   79    79     2     2      4    -1.0       0.000000000000000e+00      6.636683405800299e-02 #  4  26
   4.20   79    79     2     2      4     1.0       0.000000000000000e+00      2.269351211461154e+00 #  5  27
   4.20   79    79     2     2      4    -1.0       0.000000000000000e+00      3.855749964714050e+00 #  6  28
   6.50   79    79     2     2      4     1.0       0.000000000000000e+00      2.306024724786932e+02 #  7  29
 #---------------------------------------------------------------------------------------------------#
 %endblock  Au_S3

 S4 : sum{ [rij**n*fc(rij)]*[rik**n*fc(rik)]*[rjk**n*fc(rjk)]*(1+lambda*cos(ijk))**zeta }
    : ignore third-edge with large value
 %block  Au_S4
 #--------------------------------------------------------------------------------------------------------#
 # cut    nb1   nb2     n     m    p  zeta   lambda               Gmin                      Gmax          #
 #--------------------------------------------------------------------------------------------------------#
   2.40   79    79      2     4    4    4      1.0       0.000000000000000e+00      1.136363636363636e+00 #  1  30
   2.40   79    79      2     4    4    4     -1.0       0.000000000000000e+00      1.136363636363636e+00 #  2  31
   3.40   79    79      2     4    4    4      1.0       0.000000000000000e+00      5.589000965383920e-02 #  3  32
   3.40   79    79      2     4    4    4     -1.0       0.000000000000000e+00      9.175376776097851e-04 #  4  33
   5.40   79    79      2     4    4    4      1.0       0.000000000000000e+00      2.174090160023082e+03 #  5  34
   5.40   79    79      2     4    4    4     -1.0       0.000000000000000e+00      1.463432138616388e+02 #  6  35
   6.40   79    79      2     4    4    4      1.0       0.000000000000000e+00      2.169029430042614e+04 #  7  36
   6.40   79    79      2     4    4    4     -1.0       0.000000000000000e+00      3.109367509321733e+03 #  8  37
 #--------------------------------------------------------------------------------------------------------#
 %endblock  Au_S4

 S5 : Q-value based three-body structural descriptors
 %block  Au_S5
 #-----------------------------------------------------------------------------------------------#
 # cut    nb1   nb2    Qn     n    m    p               Gmin                       Gmax          #
 #-----------------------------------------------------------------------------------------------#
   2.20   79    79      2     2    2    2       0.000000000000000e+00      1.136363636363636e+00 #  1  55
   2.20   79    79      6     2    2    2       0.000000000000000e+00      1.136363636363636e+00 #  2  56
   3.20   79    79      2     2    2    2       0.000000000000000e+00      5.611693412984923e-06 #  3  57
   3.20   79    79      6     2    2    2       0.000000000000000e+00      3.700677304798526e-05 #  4  58
   4.60   79    79      2     2    2    2       0.000000000000000e+00      4.115625199946490e-01 #  5  59
   4.60   79    79      6     2    2    2       0.000000000000000e+00      4.497105154124173e+00 #  6  60
   3.20   79    79      4     2    2    2       0.000000000000000e+00      6.402716094684862e-06 #  7  61
   3.60   79    79      4     2    2    2       0.000000000000000e+00      2.985884202644229e-03 #  8  62
 #-----------------------------------------------------------------------------------------------#
 %endblock  Au_S5

 S6 : Slater-type dihedral angle
 %block  Au_S6
 #---------------------------------------------------------------------------------------------------------#
 # cut   nb1 nb2 nb3     n    m    p   zeta   lambda              Gmin                        Gmax         #
 #---------------------------------------------------------------------------------------------------------#
   2.20    0   0   0     2    2    8     4      1.0       0.000000000000000e+00      1.136363636363636e+00 #  1  63
   2.20    0   0   0     2    2    8     4     -1.0       0.000000000000000e+00      1.136363636363636e+00 #  2  64
   2.60    0   0  79     2    2    8     4      1.0       0.000000000000000e+00      2.235491791680033e-07 #  3  65
   2.60    0   0  79     2    2    8     4     -1.0       0.000000000000000e+00      1.100169749241269e-06 #  4  66
   3.80    0   0  79     2    2    2     8      1.0       0.000000000000000e+00      7.146016440608285e-01 #  5  67
   3.80    0   0  79     2    2    2     8     -1.0       0.000000000000000e+00      1.355287026275288e+00 #  6  68
 #---------------------------------------------------------------------------------------------------------#
 %endblock  Au_S6

 S24 : sum{ [rij**n*fc(rij)]*[rik**n*fc(rik)] * (sin(ijk)**2)**ksi * (1+lambda*cos(ijk))**zeta }
     : ignore third-edge with large value
 %block  Au_S24
 #---------------------------------------------------------------------------------------------------#
 # cut   nb1  nb2   n   m   zeta   ksi  lambda              Gmin                        Gmax         #
 #---------------------------------------------------------------------------------------------------#
   2.20  79   79    8   8     5     1     1.0       0.000000000000000e+00      1.000000000000000e+00 #  1  69
   2.20  79   79    8   8     5     1    -1.0       0.000000000000000e+00      1.000000000000000e+00 #  2  70
   2.80  79   79    8   8     5     1     1.0       0.000000000000000e+00      5.163743495941162e+00 #  3  71
   2.80  79   79    8   8     5     1    -1.0       0.000000000000000e+00      5.163751602172852e+00 #  4  72
 #---------------------------------------------------------------------------------------------------#
 %endblock  Au_S24



 Network Parameters of     Au
   Bias in Layer   2
      -0.114269681274891E+00   -0.224800631403923E+00    0.453812032938004E-01    0.694252476096153E-01    0.191750675439835E-01
       0.773599371314049E-01   -0.958520993590355E-01    0.626633390784264E-01   -0.188808470964432E+00    0.119444206357002E+00
      -0.668090675026178E-02    0.692471340298653E-01    0.103956572711468E+00    0.178137309849262E-01    0.861220955848694E-01
       0.114985369145870E-02    0.590229630470276E-01   -0.904474407434464E-01   -0.153314426541328E+00   -0.161273404955864E-03
       0.112838357686996E+00   -0.556151987984776E-02   -0.147343099117279E+00    0.193760022521019E-01   -0.598839297890663E-01
      -0.166380275040865E-01   -0.157893430441618E-01    0.286883115768433E-01    0.421937778592110E-01   -0.959639102220535E-01
      -0.299862623214722E+00    0.113017089664936E+00   -0.253964841365814E+00    0.339934751391411E-01   -0.980214774608612E-01
      -0.905422344803810E-01    0.239615365862846E-01    0.619663968682289E-01    0.163834132254124E-01    0.159507319331169E-01
      -0.103497169911861E+00    0.214306078851223E-01   -0.811886638402939E-01    0.147338628768921E+00    0.832953229546547E-01
      -0.166028872132301E+00    0.186754971742630E+00    0.163208961486816E+00   -0.173018470406532E+00   -0.117069687694311E-01
      -0.126964911818504E+00   -0.172682441771030E-01    0.366591326892376E-01    0.202001348137856E+00    0.834600999951363E-01
      -0.124524168670177E+00    0.451951846480370E-01    0.659638568758965E-01   -0.801530256867409E-01   -0.107970170676708E+00
       0.948049575090408E-01    0.169269833713770E-02   -0.128370570018888E-01   -0.130087919533253E-01   -0.168971329927444E+00
       0.275497697293758E-01   -0.200027953833342E-01    0.102937191724777E+00   -0.854708403348923E-01    0.502181500196457E-01
       0.222811475396156E-03   -0.114654406905174E+00   -0.631587579846382E-01   -0.694692954421043E-01    0.321709066629410E+00
       0.222755260765553E-01   -0.879812054336071E-02   -0.720951613038778E-02    0.384086407721043E-01   -0.856273900717497E-02
   Weight in Layer   2
       0.216497361660004E+00    0.480230636894703E-01   -0.540814399719238E-01    0.886539295315742E-01   -0.974845439195633E-01
       0.164000168442726E+00   -0.789912864565849E-01   -0.881437212228775E-01   -0.343533515930176E+00   -0.141763538122177E+00
      -0.144455388188362E+00    0.303702354431152E-01    0.941724888980389E-02    0.949757471680641E-01    0.185012537986040E-01
      -0.171782851219177E+00    0.580920465290546E-01   -0.455665290355682E-01   -0.878050923347473E-05    0.133627682924271E+00
      -0.114872738718987E+00    0.543654896318913E-01    0.175580263137817E+00   -0.283058285713196E+00    0.173121511936188E+00
       0.147703915834427E+00   -0.220626108348370E-01   -0.503949336707592E-01   -0.138857429847121E-01   -0.168718799948692E+00
      -0.208357684314251E-01   -0.734669417142868E-01    0.111949726939201E+00   -0.328034348785877E-01    0.208669677376747E+00
       0.926048979163170E-01    0.525448769330978E-01   -0.270934849977493E-01   -0.983836352825165E-01    0.569741334766150E-02
      -0.406970232725143E-01   -0.227363616228104E+00    0.106925331056118E-02   -0.143978511914611E-01   -0.745857413858175E-02
       0.358674973249435E-01    0.132548838853836E+00    0.375054553151131E-01    0.186289548873901E-01    0.212028007954359E-01
      -0.591487437486649E-01   -0.100308306515217E+00   -0.113584687933326E-01    0.839019194245338E-04   -0.385040231049061E-01
      -0.728756189346313E-01   -0.559379160404205E-01    0.185320630669594E+00   -0.223157592117786E-01   -0.173974230885506E+00
       0.904072150588036E-01   -0.206160843372345E+00    0.258284285664558E-01   -0.562568455934525E-01    0.258387513458729E-01
       0.949003994464874E-01   -0.677378177642822E-01    0.487023545429111E-02    0.197300277650356E-01   -0.609047058969736E-02
       0.103679701685905E+00   -0.137339690700173E-01
       0.177101761102676E+00   -0.388933718204498E-01   -0.116844058036804E+00   -0.377072542905807E-01   -0.319289602339268E-02
       0.101258061826229E+00   -0.188898652791977E+00   -0.178890064358711E+00   -0.106175737455487E-01   -0.102206356823444E+00
       0.201339423656464E-01    0.620319619774818E-01    0.320112966001034E-01    0.456192530691624E-01    0.468473918735981E-01
      -0.815174952149391E-01   -0.516582094132900E-01    0.636324379593134E-02   -0.256935030221939E+00   -0.159247964620590E-01
      -0.468781813979149E-01    0.122830681502819E+00    0.210737735033035E+00    0.153570353984833E+00   -0.209549680352211E+00
       0.275158435106277E-01   -0.145442813634872E+00   -0.730902850627899E-01   -0.845927074551582E-01   -0.108216822147369E+00
       0.718118846416473E-01    0.190469846129417E+00    0.385001264512539E-01   -0.295691877603531E+00   -0.923618227243423E-01
      -0.187687024474144E+00   -0.161501452326775E+00   -0.154029175639153E+00    0.286269523203373E-01   -0.109212711453438E+00
      -0.272244483232498E+00   -0.390904732048512E-01   -0.268493741750717E-01    0.109572790563107E+00    0.305444672703743E-01
      -0.123269975185394E+00   -0.104305721819401E+00   -0.347648948431015E+00   -0.126459807157516E+00    0.328713506460190E-01
      -0.221903353929520E+00    0.887989550828934E-01   -0.158420711755753E+00   -0.902687236666679E-01    0.187464237213135E+00
      -0.420978665351868E-01   -0.121388912200928E+00   -0.134195834398270E+00   -0.547457337379456E-01    0.722067505121231E-01
      -0.968814864754677E-01   -0.126395091414452E+00    0.125114917755127E+00    0.171204820275307E+00    0.144480407238007E+00
      -0.105524756014347E+00   -0.426097661256790E-01    0.861799642443657E-01    0.243471950292587E+00    0.799610242247581E-01
       0.354489795863628E-01    0.114392347633839E+00
       0.274487026035786E-01    0.161719784140587E+00    0.251112550497055E+00   -0.191769376397133E+00   -0.300811588764191E+00
       0.223169513046741E-01    0.153430193662643E+00    0.799775421619415E-01    0.120969980955124E+00    0.866303294897079E-01
       0.195498988032341E+00   -0.136309014633298E-01    0.246696081012487E-02   -0.142358854413033E+00   -0.253176629543304E+00
      -0.324683729559183E-02    0.938874185085297E-01   -0.142380213364959E-01    0.704072788357735E-02    0.207836791872978E+00
       0.246566608548164E+00    0.453050918877125E-01    0.116715200245380E+00    0.874563530087471E-01   -0.881810933351517E-01
       0.950405150651932E-01    0.990308299660683E-01   -0.526175796985626E-01    0.831382125616074E-01    0.102340430021286E+00
       0.106189437210560E+00    0.421098694205284E-01   -0.792418643832207E-01    0.805199444293976E-01   -0.167717754840851E+00
      -0.571207106113434E-01   -0.482365339994431E-01    0.114006683230400E+00   -0.500623919069767E-01   -0.114800721406937E+00
       0.505955293774605E-01    0.484146438539028E-01    0.227346085011959E-01   -0.175644934177399E+00   -0.167496651411057E+00
       0.536452047526836E-01    0.913227349519730E-02    0.102247312664986E+00    0.364440411329269E+00    0.176440641283989E+00
       0.708351060748100E-01   -0.103483527898788E+00   -0.262766271829605E+00   -0.542509481310844E-01   -0.506349951028824E-01
      -0.255745440721512E+00   -0.806281119585037E-01   -0.127649486064911E+00    0.216490134596825E+00    0.193689927458763E+00
       0.731151998043060E-01    0.178607136011124E+00    0.166909903287888E+00   -0.124917775392532E+00   -0.284973308444023E-01
       0.170590560883284E-01    0.134231239557266E+00   -0.522239059209824E-01   -0.767284855246544E-01    0.296767324209213E+00
      -0.764521881937981E-01   -0.166259363293648E+00
       0.708161666989326E-02   -0.798222124576569E-01   -0.975611619651318E-03    0.246744025498629E-01    0.102094717323780E+00
       0.466632582247257E-01    0.394200742244720E+00    0.422875545918941E-01   -0.189127892255783E+00    0.384503230452538E-02
       0.214143283665180E-01    0.105309098958969E+00    0.816916376352310E-01    0.155414491891861E+00   -0.248759500682354E-01
       0.172719106078148E+00    0.118700265884399E+00    0.921342242509127E-02    0.219309166073799E+00    0.112439729273319E+00
       0.353044271469116E-01    0.665304437279701E-01   -0.155318930745125E+00    0.387856811285019E-01    0.448326766490936E-01
       0.616826564073563E-01   -0.219380289316177E+00    0.242106363177299E+00   -0.260568976402283E+00   -0.115273714065552E+00
      -0.108038157224655E+00    0.215318873524666E-01    0.881649628281593E-01   -0.624247789382935E-01    0.160592645406723E+00
       0.455995053052902E-01    0.265253968536854E-01    0.169834852218628E+00   -0.786144733428955E-01   -0.214411243796349E-01
      -0.166726857423782E-01    0.724062025547028E-01    0.578394383192062E-01    0.168028175830841E+00    0.136158093810081E-01
       0.536148622632027E-01   -0.186534598469734E-01    0.580871216952801E-01    0.923368856310844E-01    0.647312402725220E-02
       0.980039685964584E-01    0.171129345893860E+00   -0.171298921108246E+00    0.386495143175125E-01    0.103089129552245E-01
      -0.557174533605576E-01    0.106031417846680E+00   -0.624287649989128E-01   -0.606522336602211E-01    0.450803339481354E-01
       0.153305724263191E+00   -0.387593582272530E-01    0.367177091538906E-01   -0.147627800703049E+00   -0.344267971813679E-01
       0.447685876861215E-02    0.189954370260239E+00   -0.763543024659157E-01    0.493343882262707E-01   -0.133410235866904E-01
      -0.470105893909931E-01   -0.163636595010757E+00
       0.402281247079372E-01    0.762599036097527E-01   -0.203502625226974E+00    0.230896875262260E+00    0.107074990868568E+00
       0.101145736873150E+00    0.257738262414932E+00   -0.818398073315620E-01   -0.602670907974243E-01    0.260358750820160E+00
      -0.689476728439331E-01   -0.327465683221817E-02    0.232804659754038E-01    0.762613266706467E-01    0.505367070436478E-01
      -0.596865788102150E-01   -0.794516876339912E-01    0.280290246009827E+00   -0.105217777192593E+00    0.209819346666336E+00
       0.167856365442276E+00    0.150108590722084E+00   -0.178943462669849E-01   -0.151523649692535E+00   -0.129405438899994E+00
      -0.479011163115501E-01   -0.243304967880249E-01    0.163416221737862E+00   -0.196408495306969E+00    0.198284044861794E+00
       0.123147489503026E-01   -0.416814498603344E-01   -0.131955966353416E+00   -0.387319624423981E-01   -0.207576118409634E-01
       0.143440430983901E-01    0.116940569132566E-01    0.550917126238346E-01    0.731926830485463E-02    0.771314278244972E-02
       0.119921915233135E+00   -0.174759417772293E+00   -0.136665999889374E-02    0.122615043073893E-02    0.128687486052513E+00
      -0.222746357321739E+00   -0.519791990518570E-02   -0.107152387499809E+00   -0.147638797760010E+00    0.226101651787758E-01
      -0.918003022670746E-01   -0.153064383193851E-01    0.836133733391762E-01   -0.144048938527703E-01    0.763151720166206E-01
      -0.173137202858925E+00   -0.856416523456573E-01    0.140375494956970E+00   -0.341861769556999E-01    0.338201932609081E-01
       0.267978897318244E-02    0.116241432726383E+00    0.114429323002696E-01    0.145961761474609E+00   -0.254014320671558E-01
       0.543070845305920E-01    0.173804730176926E+00    0.140426695346832E+00   -0.522340554744005E-02   -0.177330777049065E+00
       0.828765630722046E-01    0.134515300393105E+00
      -0.325794704258442E-01   -0.611111614853144E-02   -0.897556319832802E-01    0.442855097353458E-01   -0.247932709753513E-01
       0.148730769753456E+00    0.488741882145405E-01    0.150066703557968E+00    0.146859109401703E+00    0.614333013072610E-02
       0.869568809866905E-01   -0.261449366807938E-01   -0.526537653058767E-02    0.952323377132416E-01   -0.478272698819637E-01
      -0.292766578495502E-01    0.160142540931702E+00   -0.888728126883507E-01   -0.673748925328255E-01   -0.105260185897350E+00
       0.903062000870705E-01   -0.599430128931999E-01   -0.200163573026657E-01    0.648086071014404E-01   -0.107690989971161E+00
      -0.105276644229889E+00   -0.104068471118808E-01    0.154666095972061E+00   -0.625066906213760E-01   -0.362123176455498E-01
       0.104492306709290E+00   -0.255063548684120E-02    0.216744542121887E+00   -0.319593958556652E-01    0.128412544727325E+00
       0.325407683849335E-01   -0.460352338850498E-01   -0.126003444194794E+00   -0.108033590018749E+00   -0.381398200988770E-02
       0.688874348998070E-01    0.316178426146507E-03    0.967906415462494E-01   -0.431776940822601E-01    0.642412379384041E-01
       0.431994237005711E-01   -0.414989925920963E-01    0.290114991366863E-01   -0.442978553473949E-02    0.344821400940418E-01
       0.130034640431404E+00   -0.127967745065689E+00   -0.249312356114388E+00    0.212022557854652E+00    0.128363862633705E+00
       0.216805130243301E+00   -0.110163837671280E+00    0.101808801293373E+00   -0.948776975274086E-01    0.201931744813919E+00
       0.268916904926300E+00   -0.145033663138747E-01   -0.632775127887726E-01    0.968006178736687E-01    0.258094221353531E-01
      -0.190811499953270E+00    0.194224659353495E-01    0.453072376549244E-01   -0.224995389580727E-01   -0.117326974868774E+00
       0.369789525866508E-01   -0.246695622801781E+00
       0.146702202036977E-01   -0.211896061897278E+00   -0.134656548500061E+00    0.169810261577368E-01    0.324221789836884E+00
       0.110116258263588E+00   -0.306217744946480E-01    0.303874090313911E-01   -0.346872843801975E-01   -0.707681849598885E-01
       0.129583239555359E+00    0.999801792204380E-03   -0.181983217597008E+00   -0.389790050685406E-01    0.771552622318268E-01
       0.373004935681820E-02    0.673476457595825E-01   -0.171097829937935E+00    0.207679010927677E-01   -0.588249042630196E-01
       0.870533585548401E-01    0.195284605026245E+00    0.869221761822701E-01    0.202061571180820E-01    0.141834199428558E+00
      -0.248588025569916E-01    0.785256735980511E-02    0.933370292186737E-01   -0.118759781122208E+00    0.940057709813118E-01
       0.124681219458580E+00    0.101310424506664E+00    0.704554542899132E-01    0.487290956079960E-01    0.394937321543694E-01
      -0.208287477493286E+00    0.100275300443172E+00   -0.131404787302017E+00   -0.158444181084633E+00   -0.216888859868050E+00
       0.143139332532883E+00   -0.214010775089264E-01   -0.186043336987495E+00   -0.102297820150852E+00   -0.376819074153900E-02
      -0.646691545844078E-01    0.319021083414555E-01   -0.115322902798653E+00   -0.209675319492817E-01   -0.265883989632130E-01
       0.535348430275917E-01   -0.170699983835220E+00    0.112625338137150E+00   -0.625894311815500E-02    0.399908563122153E-02
       0.222542677074671E-01   -0.255176089704037E-01   -0.581105202436447E-01   -0.152791589498520E+00   -0.127499610185623E+00
       0.224312976002693E+00   -0.443488322198391E-01    0.259280633181334E-01    0.807799920439720E-01    0.220407530665398E+00
       0.129939407110214E+00   -0.120050339028239E-01    0.143872469663620E+00    0.315693691372871E-01    0.934443250298500E-02
       0.112161025404930E+00    0.821949020028114E-01
       0.642634136602283E-02   -0.845507234334946E-01    0.725711956620216E-01   -0.176834464073181E+00    0.691482648253441E-01
       0.105240456759930E-01    0.331339776515961E+00    0.261891096830368E+00   -0.149817675352097E+00    0.690824389457703E-01
       0.504804626107216E-01    0.142750367522240E+00   -0.632575452327728E-01   -0.177174806594849E+00    0.158070683479309E+00
      -0.490401946008205E-01    0.110762253403664E+00    0.404758378863335E-03    0.186723954975605E-01   -0.289171375334263E-01
      -0.170439593493938E-01   -0.132419997826219E-01   -0.776080507785082E-02   -0.311128646135330E-01    0.415525883436203E-01
       0.134827911853790E+00    0.203494518995285E+00   -0.175612211227417E+00    0.125616222620010E+00   -0.109611511230469E+00
       0.730410665273666E-01   -0.118347108364105E+00    0.458188988268375E-01   -0.154682025313377E+00   -0.716190785169601E-01
      -0.114893272519112E+00   -0.154388383030891E+00    0.151907252147794E-01    0.182836905121803E+00   -0.242456495761871E-01
       0.208121016621590E+00    0.119357004761696E+00    0.690663978457451E-01   -0.404383428394794E-01    0.585245713591576E-02
       0.249113038182259E+00   -0.571143254637718E-01    0.130119100213051E+00    0.812430605292320E-01    0.313952714204788E+00
      -0.200598061084747E+00    0.558504201471806E-01   -0.246336475014687E+00    0.135323718190193E+00    0.170187596231699E-01
       0.166981704533100E-01   -0.521880313754082E-01   -0.345082469284534E-01    0.860788021236658E-02    0.592981725931168E-01
      -0.316386558115482E-01    0.740955621004105E-01    0.453727226704359E-02   -0.176815703511238E+00   -0.183995261788368E+00
      -0.130393177270889E+00   -0.467824600636959E-01   -0.134005635976791E+00    0.854755342006683E-01    0.524634160101414E-01
      -0.200425945222378E-01   -0.232918724417686E+00
       0.956474151462317E-02   -0.871261432766914E-01   -0.288508925586939E-02   -0.990863665938377E-01   -0.290380835533142E+00
      -0.270761072635651E+00   -0.266891121864319E+00    0.118648983538151E+00    0.518306940793991E-01    0.176755174994469E+00
       0.979904904961586E-01    0.685508027672768E-01   -0.590750500559807E-01    0.885855406522751E-02    0.412697866559029E-01
      -0.896610394120216E-01    0.162607118487358E+00   -0.627304017543793E-01   -0.236358568072319E+00    0.681585669517517E-01
      -0.931140631437302E-01   -0.120939418673515E+00   -0.991144776344299E-01    0.480830073356628E-01   -0.182178869843483E+00
      -0.122611358761787E+00    0.242460861802101E+00    0.219005078077316E+00    0.510254800319672E-01    0.113539583981037E+00
      -0.197182223200798E-01    0.295332111418247E-01    0.322441682219505E-01    0.204933866858482E+00   -0.628653690218925E-01
      -0.801716744899750E-01    0.613242834806442E-01   -0.389204062521458E-01    0.810804888606071E-01    0.977035891264677E-02
       0.102286696434021E+00   -0.120730891823769E+00   -0.237238220870495E-01    0.601790882647038E-01   -0.176002793014050E-01
       0.286126345396042E+00   -0.589948743581772E-01   -0.187292963266373E+00   -0.101028285920620E+00   -0.114857420325279E+00
       0.170001670718193E+00   -0.983685702085495E-01    0.719899237155914E-01    0.387421064078808E-01   -0.203357204794884E+00
       0.123345591127872E+00    0.130339518189430E+00    0.109957262873650E+00   -0.312922261655331E-01   -0.327661484479904E-01
       0.172263965010643E+00    0.135955601930618E+00    0.177821502089500E+00    0.817957241088152E-02   -0.229051411151886E+00
       0.752276182174683E-01    0.263114273548126E+00    0.127290710806847E+00   -0.132847353816032E+00    0.481872027739882E-02
      -0.604438111186028E-01   -0.269830487668514E-01
       0.151171952486038E+00   -0.240842364728451E-01   -0.759953111410141E-01    0.573849491775036E-01    0.205603674054146E+00
       0.392962060868740E-01   -0.796556770801544E-01   -0.127891927957535E+00   -0.279910825192928E-01    0.109599374234676E+00
      -0.131158396601677E+00   -0.123900577425957E+00   -0.757188424468040E-01    0.301532708108425E-01    0.269530355930328E+00
      -0.652381330728531E-01   -0.110570795834064E+00   -0.973406154662371E-02    0.670225694775581E-01    0.102677524089813E+00
       0.101392276585102E+00   -0.495011731982231E-01   -0.188797414302826E-01    0.189256310462952E+00    0.196678087115288E+00
       0.117047354578972E+00   -0.121084570884705E+00   -0.764446035027504E-01    0.175750032067299E-01   -0.202585101127625E+00
       0.986901745200157E-01   -0.704427286982536E-01    0.676572993397713E-01   -0.499987415969372E-01    0.270147845149040E-01
      -0.221365913748741E+00    0.350677743554115E-01    0.889765173196793E-01    0.565635673701763E-01    0.257409274578094E+00
       0.256808605045080E-01   -0.523906350135803E-01   -0.156729847192764E+00    0.114418700337410E+00    0.163828209042549E+00
      -0.104437768459320E+00    0.119620405137539E+00    0.100509591400623E+00    0.333448164165020E-01    0.115745976567268E+00
      -0.386024974286556E-01    0.230144858360291E+00   -0.641384646296501E-01    0.109253033995628E+00   -0.258494243025780E-01
       0.142359539866447E+00    0.797711461782455E-01   -0.119510620832443E+00    0.114384748041630E+00   -0.291078925132751E+00
       0.281175784766674E-01   -0.200593188405037E+00    0.114801913499832E+00   -0.431878529489040E-01   -0.687064696103334E-02
      -0.136692777276039E+00   -0.388448983430862E-01   -0.113806081935763E-01    0.130202323198318E+00    0.576996579766273E-01
       0.292855650186539E+00   -0.366382785141468E-01
       0.181112557649612E+00   -0.323116257786751E-01   -0.117976367473602E+00    0.147996202111244E+00    0.168195277452469E+00
       0.162486925721169E+00   -0.178209945559502E+00    0.100337946787477E-01    0.145457126200199E-02    0.158515036106110E+00
      -0.845143422484398E-01    0.232363305985928E-02    0.638653784990311E-01    0.529705546796322E-01    0.165366575121880E+00
      -0.428627952933311E-01   -0.728050321340561E-01   -0.216822996735573E-01   -0.347520038485527E-01    0.629173815250397E-01
       0.795687139034271E-01   -0.167683765292168E+00    0.933695062994957E-01   -0.161916255950928E+00   -0.242699757218361E-01
       0.128481566905975E+00    0.157058387994766E-01   -0.589759722352028E-01   -0.430035963654518E-01    0.139330938458443E+00
       0.338369280099869E+00   -0.634441822767258E-01    0.706370770931244E-01   -0.456420518457890E-01    0.112214453518391E+00
      -0.305336229503155E-01   -0.105444476008415E+00    0.150438010692596E+00   -0.131361810490489E-01   -0.119360923767090E+00
       0.298501690849662E-02    0.159828796982765E+00   -0.837057977914810E-01    0.176982387900352E+00   -0.771535485982895E-01
       0.218617208302021E-01    0.254390649497509E-01   -0.187420010566711E+00    0.321614071726799E-01    0.211227729916573E+00
      -0.831872224807739E-01   -0.142356589436531E+00    0.271420776844025E+00   -0.337912812829018E-01    0.198564052581787E+00
       0.122558422386646E+00    0.967276245355606E-01   -0.908486545085907E-04    0.352515056729317E-01   -0.440939851105213E-01
      -0.114849537611008E+00   -0.847478136420250E-01   -0.167034924030304E+00   -0.259848590940237E-02    0.138033151626587E+00
       0.131740331649780E+00   -0.666397809982300E-01    0.511269010603428E-01   -0.443527251482010E-01    0.149983853101730E+00
       0.439293906092644E-01    0.998312383890152E-01
       0.589959248900414E-01    0.143439956009388E-01    0.121130764484406E+00    0.688219368457794E-01   -0.255210757255554E+00
      -0.100505843758583E+00    0.192594110965729E+00   -0.165785998106003E-01    0.772617198526859E-02    0.766517743468285E-01
      -0.442241840064526E-01   -0.202622145414352E+00    0.347719550132751E+00   -0.158208131790161E+00   -0.844998583197594E-01
      -0.100260399281979E+00    0.111155316233635E+00   -0.552951637655497E-02    0.454158009961247E-02    0.117110751569271E+00
      -0.131534352898598E+00    0.187174156308174E-01   -0.829325318336487E-01   -0.174186006188393E+00    0.101458225399256E-01
      -0.256826698780060E+00    0.257768720388412E+00   -0.103972427546978E+00   -0.483336783945560E-01    0.618274137377739E-01
      -0.145902916789055E+00    0.107569761574268E+00    0.943860262632370E-01    0.134374588727951E+00   -0.989179611206055E-01
       0.110305137932301E+00    0.332591980695724E-01   -0.823481157422066E-01    0.805208459496498E-01   -0.368298962712288E-01
       0.145539194345474E+00   -0.688597559928894E-01    0.125088080763817E+00    0.312760174274445E+00   -0.101566269993782E+00
       0.122987749055028E-01    0.113411873579025E+00    0.277360565960407E-01    0.413949489593506E-01    0.126896396279335E+00
       0.189737528562546E+00    0.377802066504955E-01   -0.230552181601524E+00   -0.211793050169945E+00   -0.993251204490662E-01
      -0.603596772998571E-02   -0.116960676386952E-01   -0.308951325714588E-01    0.364910215139389E-01    0.234535709023476E+00
       0.368975773453712E-01    0.359141767024994E+00   -0.467778369784355E-01   -0.976639688014984E-01   -0.147851854562759E+00
       0.133986622095108E+00    0.822027027606964E-02   -0.110262311995029E+00    0.119279198348522E+00   -0.240042075514793E+00
      -0.110514253377914E+00    0.975886732339859E-01
       0.136006280779839E+00    0.454015955328941E-01   -0.237891077995300E-01    0.228155896067619E+00    0.156890615820885E+00
       0.304249115288258E-01    0.190502822399139E+00    0.196284040808678E+00    0.127026006579399E+00    0.179598145186901E-01
      -0.272433944046497E-01   -0.837801173329353E-01   -0.130690792575479E-01    0.177155703306198E+00    0.736016966402531E-02
      -0.119327053427696E+00   -0.174718946218491E-01    0.228617951273918E+00   -0.148846477270126E+00   -0.793933793902397E-01
       0.318040013313293E+00   -0.172095000743866E+00    0.162256717681885E+00    0.187758542597294E-01   -0.954933613538742E-01
       0.767295584082603E-01    0.422952212393284E-01    0.935639217495918E-01   -0.117693245410919E+00    0.828568339347839E-01
       0.151414275169373E+00    0.123533241450787E+00    0.107369691133499E+00   -0.134540483355522E+00   -0.205219984054565E-01
      -0.105086928233504E-01   -0.332465469837189E-01    0.163371816277504E+00    0.305002480745316E-01    0.130962878465652E+00
      -0.998061001300812E-01    0.544792190194130E-01    0.578967481851578E-02    0.127455815672874E+00   -0.132023066282272E+00
       0.244694463908672E-01    0.139447227120399E+00    0.270541794598103E-01    0.144910022616386E+00    0.189344733953476E+00
       0.513364747166634E-01   -0.616513788700104E-01    0.560030303895473E-01   -0.133882761001587E+00   -0.320500768721104E-01
      -0.439406186342239E-01   -0.526113733649254E-01    0.248272791504860E+00    0.171005368232727E+00    0.295200824737549E+00
      -0.511935800313950E-01    0.167568147182465E+00    0.108353361487389E+00   -0.137033918872476E-01    0.168400868773460E+00
      -0.124880641698837E+00    0.249986089766026E-01    0.535191074013710E-01    0.121808415278792E-01   -0.402345694601536E-01
       0.206630825996399E-01    0.309634804725647E-01
      -0.410302169620991E-01   -0.381904579699039E-01   -0.758809372782707E-01    0.968368500471115E-01    0.933168530464172E-01
       0.117460442706943E-01   -0.186557650566101E+00    0.668686777353287E-01   -0.192144513130188E-01   -0.534548163414001E-01
      -0.783311799168587E-01    0.151487410068512E+00    0.301730751991272E+00    0.598019436001778E-01   -0.484718382358551E-01
       0.894092619419098E-01    0.129654303193092E+00   -0.139607964083552E-01   -0.918396785855293E-01    0.111955031752586E+00
      -0.511787272989750E-01   -0.804386138916016E-01    0.136907279491425E+00   -0.484832786023617E-01   -0.609071031212807E-01
       0.126125231385231E+00   -0.104214742779732E+00    0.438446849584579E-01    0.206619977951050E+00    0.134673550724983E+00
       0.187289938330650E+00   -0.996754169464111E-01    0.916436463594437E-01    0.150488585233688E+00   -0.155311122536659E+00
       0.130238039419055E-01    0.926512703299522E-01   -0.324223749339581E-01   -0.638671740889549E-01   -0.101644741371274E-01
       0.742357671260834E-01    0.481108129024506E-01    0.288550183176994E-01   -0.355341993272305E-01   -0.544817838817835E-02
       0.280894115567207E-01   -0.119614481925964E+00    0.153561830520630E+00    0.263940915465355E-01    0.136759355664253E+00
       0.714292237535119E-02    0.143575351685286E-01    0.214179620146751E+00    0.214931741356850E+00   -0.258584082126617E+00
       0.152855161577463E-01   -0.804947763681412E-01    0.235510021448135E-01   -0.406648106873035E-01    0.254951007664204E-01
       0.178020626306534E+00   -0.117279300466180E-01   -0.160697579383850E+00   -0.208404704928398E+00    0.818100720643997E-01
      -0.191091924905777E+00   -0.230495147407055E-01    0.536062978208065E-01    0.538120642304420E-01   -0.895314738154411E-01
      -0.277925610542297E+00   -0.102450959384441E+00
       0.154349908232689E+00    0.526440069079399E-01    0.101297184824944E+00    0.107929885387421E+00   -0.209891572594643E-01
       0.193029835820198E+00   -0.115825653076172E+00   -0.799417644739151E-01    0.760190654546022E-02    0.372691005468369E-01
      -0.555975083261728E-02    0.928181260824203E-01   -0.164482310414314E+00    0.245086953043938E+00   -0.320632290095091E-02
      -0.130540296435356E+00   -0.197106868028641E+00   -0.504174456000328E-01    0.348075851798058E-01    0.163124486804008E+00
      -0.152950212359428E+00    0.759848281741142E-01    0.103774994611740E+00   -0.849159527570009E-02   -0.724424645304680E-01
       0.130490422248840E+00   -0.159520342946053E+00    0.152768045663834E+00   -0.108032681047916E+00    0.614608451724052E-02
       0.337405577301979E-01   -0.208918839693069E+00    0.387711487710476E-01   -0.128660067915916E+00    0.149266839027405E+00
       0.141648977994919E+00    0.677738413214684E-01   -0.282099470496178E-02    0.605189688503742E-01    0.853628069162369E-01
       0.119907103478909E+00    0.384902618825436E-01    0.807780101895332E-01    0.573663152754307E-01    0.170459046959877E+00
       0.174979016184807E+00    0.449883490800858E-01   -0.126914575695992E+00   -0.138715326786041E+00    0.334069460630417E+00
       0.164806351065636E+00    0.775019451975822E-01    0.398484207689762E-01    0.614275000989437E-01    0.787092670798302E-01
       0.535516999661922E-02   -0.108283065259457E+00    0.970918014645576E-01    0.952529069036245E-02    0.154685545712709E-01
      -0.171181261539459E+00   -0.787654444575310E-01    0.246680170297623E+00   -0.368061363697052E-01    0.118277870118618E+00
       0.213832780718803E-02   -0.990892350673676E-01    0.113367661833763E-01    0.102798871695995E+00    0.838266387581825E-01
       0.562850721180439E-01    0.207704138010740E-01
      -0.399303920567036E-01    0.172463998198509E+00    0.127126052975655E-01    0.156470611691475E+00   -0.116798162460327E+00
       0.707607269287109E-01    0.241746887564659E+00    0.340914428234100E-01   -0.846363678574562E-01    0.263830423355103E+00
       0.138627201318741E+00    0.696774646639824E-01   -0.103292673826218E+00    0.105825839564204E-01    0.769479200243950E-01
       0.354293473064899E-01   -0.545107573270798E-01   -0.141233995556831E+00    0.744661614298820E-01    0.363133728504181E+00
       0.183015614748001E-01    0.145568214356899E-01    0.573657974600792E-01    0.282042287290096E-01    0.394438505172729E-01
      -0.179281637072563E+00    0.296250618994236E-01    0.535642094910145E-01    0.261711180210114E+00   -0.392397269606590E-01
      -0.128981331363320E-01    0.233171358704567E-01   -0.234554409980774E+00    0.113305248320103E+00   -0.335443429648876E-01
      -0.171906016767025E-01    0.900349169969559E-01   -0.822999998927116E-01    0.513602271676064E-01    0.106878161430359E+00
      -0.173578932881355E-01    0.418341793119907E-01    0.995325595140457E-01    0.273995986208320E-02   -0.550675615668297E-01
      -0.103530287742615E+00    0.291985794901848E-01   -0.131925731897354E+00    0.143413662910461E+00    0.964167565107346E-01
      -0.138877764344215E+00    0.290597900748253E-01   -0.254167355597019E-01    0.183107450604439E+00    0.844426527619362E-01
      -0.122309729456902E+00   -0.109818398952484E+00    0.535048767924309E-01    0.234939143061638E+00    0.157592982053757E+00
       0.110554583370686E-01   -0.121747046709061E+00    0.398775860667229E-01    0.630291476845741E-01   -0.329389661550522E+00
      -0.413858965039253E-01   -0.256044715642929E+00   -0.908172726631165E-01   -0.150510564446449E+00    0.372441709041595E-01
       0.832459330558777E-02   -0.133595690131187E+00
       0.215797405689955E-01   -0.138963339850307E-01    0.892578624188900E-03    0.102897420525551E+00   -0.532927140593529E-01
       0.159438818693161E+00    0.178748831152916E+00   -0.143733888864517E+00   -0.532728433609009E-01   -0.146877467632294E+00
       0.153890326619148E+00   -0.101218797266483E+00   -0.762278810143471E-01   -0.752808228135109E-01    0.171151310205460E-01
       0.263493359088898E-01    0.276561826467514E+00    0.145154818892479E+00    0.106738492846489E+00    0.161371350288391E+00
      -0.744247213006020E-01   -0.249397866427898E-01   -0.221538215875626E+00    0.107609085738659E+00   -0.579821020364761E-01
      -0.291755646467209E+00    0.382218249142170E-01   -0.137590482831001E+00   -0.277650892734528E+00    0.159761920571327E+00
      -0.140276029706001E+00    0.803727954626083E-01   -0.460883863270283E-01   -0.776421930640936E-02    0.497388914227486E-01
       0.872621238231659E-01    0.140767246484756E+00   -0.403817370533943E-01    0.241776049137115E+00   -0.686178803443909E-01
      -0.525498017668724E-01    0.816309005022049E-01   -0.121001869440079E+00    0.201419427990913E+00   -0.353299289941788E+00
      -0.908905267715454E-01    0.194748025387526E-02    0.190422400832176E+00    0.304232954978943E+00    0.213516950607300E+00
       0.907763559371233E-02   -0.109566651284695E+00   -0.891550537198782E-02   -0.170629724860191E+00   -0.136584967374802E+00
       0.590114854276180E-01    0.232234150171280E-01    0.589751712977886E-01    0.162872612476349E+00    0.572422482073307E-01
       0.117080777883530E+00    0.266221404075623E+00   -0.133231328800321E-01   -0.424136929214001E-01    0.291331904008985E-02
      -0.206551939249039E+00   -0.396869182586670E-01    0.696237012743950E-01    0.466949902474880E-01    0.564932916313410E-02
      -0.118752554059029E+00   -0.257883872836828E-02
       0.157617717981339E+00   -0.667975693941116E-01    0.506892353296280E-01    0.101167418062687E+00   -0.337459266185760E+00
      -0.675760656595230E-01    0.713296905159950E-01   -0.112140208482742E+00    0.105155400931835E+00   -0.203102946281433E+00
      -0.221947997808456E+00   -0.104116208851337E+00    0.375169999897480E-01   -0.245417341589928E+00   -0.261099398136139E+00
       0.125150486826897E+00    0.199781000614166E+00    0.441691167652607E-01    0.365764051675797E-01   -0.153110116720200E+00
      -0.204359889030457E+00    0.681254789233208E-01    0.183997675776482E-02   -0.886912364512682E-02   -0.407900176942348E-01
      -0.141854405403137E+00   -0.102968746796250E-01    0.784343257546425E-01   -0.834538340568542E-01    0.124848350882530E+00
       0.443029366433620E-01   -0.694149453192949E-02   -0.472622923552990E-02    0.895758569240570E-01    0.279807299375534E-01
       0.384902022778988E-01    0.233769401907921E+00   -0.117471545934677E+00    0.622981637716293E-01   -0.239412784576416E-01
      -0.255690664052963E-01    0.134611502289772E+00    0.148315727710724E+00   -0.486327223479748E-01    0.293610505759716E-01
      -0.122718751430511E+00    0.981973409652710E-01   -0.410705506801605E-01    0.187173590064049E+00   -0.176523514091969E-01
      -0.273348167538643E-01   -0.128108516335487E+00    0.130883054807782E-01   -0.392848476767540E-01   -0.347465723752975E-01
      -0.533573105931282E-01   -0.532735586166382E-01   -0.572858899831772E-01    0.134579107165337E+00   -0.735080465674400E-01
      -0.758608728647232E-01    0.425539650022984E-01   -0.168800979852676E+00   -0.660081058740616E-01   -0.252824902534485E+00
       0.242187127470970E+00    0.116003006696701E+00   -0.525836572051048E-01   -0.149460043758154E-02    0.850326791405678E-01
      -0.822601690888405E-01   -0.640270859003067E-01
      -0.613722801208496E-01    0.296242833137512E-01    0.580571917816997E-02    0.322130657732487E-01    0.475830696523190E-01
      -0.244275555014610E-01    0.181459441781044E+00    0.263425856828690E-01   -0.730579048395157E-01   -0.126574724912643E+00
       0.225491493940353E+00   -0.391940958797932E-02   -0.948908179998398E-01   -0.114161305129528E+00   -0.241400256752968E+00
       0.184405907988548E+00   -0.265052169561386E-01   -0.188182070851326E+00    0.531598627567291E-01    0.130099087953568E+00
      -0.185940831899643E+00   -0.135553022846580E-01   -0.102604821324348E+00    0.562442615628242E-01   -0.218007683753967E+00
      -0.194790020585060E+00    0.113170295953751E+00   -0.402284860610962E-01    0.136110901832581E+00    0.104898571968079E+00
       0.754405856132507E-01   -0.143579617142677E+00    0.672953054308891E-01    0.771168470382690E-01    0.896218940615654E-01
       0.195513963699341E+00   -0.633270516991615E-01    0.241981923580170E+00    0.354298278689384E-01    0.223297607153654E-01
      -0.702176690101624E-01    0.926405563950539E-01    0.492052398622036E-01   -0.604352802038193E-01    0.152260912582278E-01
       0.119770221412182E+00   -0.733217298984528E-01   -0.864013880491257E-01    0.170374840497971E+00    0.187113940715790E+00
      -0.121532246470451E+00    0.739639475941658E-01   -0.362956896424294E-01   -0.260375171899796E+00   -0.834567174315453E-01
      -0.284066088497639E-01   -0.157463476061821E-01    0.453594774007797E-01    0.423012487590313E-01   -0.886371508240700E-01
       0.135916978120804E+00    0.804161876440048E-01    0.980749055743217E-01    0.195173591375351E+00    0.256553322076797E+00
       0.193065851926804E-01    0.189035922288895E+00    0.147959902882576E+00    0.862855836749077E-02    0.726309940218925E-01
       0.443496219813824E-01   -0.110628150403500E+00
       0.151494704186916E-01   -0.237544886767864E-01   -0.149716049432755E+00   -0.374287143349648E-01   -0.143895745277405E+00
      -0.121943680569530E-01    0.249671995639801E+00    0.910492911934853E-01    0.346735119819641E-01   -0.145709132775664E-01
      -0.236556410789490E+00   -0.357714258134365E-01   -0.420602075755596E-01    0.899443551898003E-01   -0.178228840231895E-01
       0.689098760485649E-01   -0.789174437522888E-01   -0.793090686202049E-01   -0.724872797727585E-01   -0.319036781787872E+00
      -0.778642967343330E-01   -0.559993013739586E-01    0.432960018515587E-01   -0.176352247595787E+00    0.345168113708496E-01
      -0.490588806569576E-01    0.882056429982185E-01    0.773144811391830E-01   -0.248311743140221E+00    0.111145414412022E+00
      -0.250060968101025E-01    0.237055286765099E+00    0.243830561637878E+00    0.135093271732330E+00   -0.162615790963173E+00
       0.165707245469093E+00   -0.108842648565769E+00   -0.139323277398944E-01   -0.532049015164375E-01   -0.237902477383614E+00
      -0.662627723067999E-02   -0.706985890865326E-01    0.643907263875008E-01    0.853050500154495E-01    0.267310114577413E-02
       0.172951087355614E+00   -0.243684545159340E+00   -0.564915221184492E-02    0.223014913499355E-01    0.545629262924194E-01
       0.513294339179993E-01   -0.147860869765282E+00   -0.206410735845566E-01   -0.113675959408283E+00    0.110275223851204E+00
       0.593212619423866E-01   -0.806326568126678E-01   -0.106967784464359E+00    0.612190254032612E-01   -0.315556637942791E-01
      -0.420665182173252E-01    0.108710087835789E+00    0.204413637518883E+00    0.854370072484016E-01    0.134099155664444E+00
      -0.728679001331329E-01   -0.578102916479111E-01    0.268837779760361E+00   -0.106194101274014E+00    0.987731143832207E-01
       0.219739764928818E+00   -0.209055662155151E+00
       0.339707406237721E-02   -0.254184573888779E+00   -0.105461791157722E+00    0.434126555919647E-01    0.306761652231216E+00
       0.305620849132538E+00    0.610591471195221E-01   -0.102370582520962E+00   -0.141751617193222E+00   -0.138178244233131E+00
      -0.199333988130093E-01   -0.147853186354041E-01    0.106196686625481E+00    0.819300562143326E-01    0.111333750188351E+00
      -0.141377195715904E+00   -0.186024025082588E+00    0.513707771897316E-01   -0.141315713524818E+00   -0.296599194407463E-01
      -0.343138687312603E-01   -0.800426900386810E-01   -0.163941644132137E-02   -0.516502372920513E-02    0.261091142892838E+00
       0.514605566859245E-01   -0.661452710628510E-01   -0.167224444448948E-01   -0.115950644016266E+00    0.190662220120430E-01
       0.107220642268658E+00    0.121673867106438E+00   -0.100202634930611E+00   -0.215926706790924E+00    0.244623929262161E+00
      -0.101938813924789E+00    0.652703717350960E-01    0.195087164640427E+00    0.150655746459961E+00    0.117127969861031E+00
      -0.447292812168598E-02    0.252361446619034E-01    0.304852537810802E-01    0.300391525030136E+00   -0.672432556748390E-01
      -0.130620956420898E+00    0.676735714077950E-01    0.132634043693542E+00   -0.119608461856842E+00    0.263051837682724E+00
       0.218375883996487E-01   -0.156711116433144E+00    0.994768142700195E-01   -0.845819786190987E-01   -0.171439349651337E+00
      -0.438932962715626E-01    0.133670121431351E+00    0.293032489717007E-01    0.503291487693787E-01   -0.175447016954422E-02
       0.753006190061569E-01    0.257903814315796E+00   -0.466565303504467E-01    0.660078898072243E-01    0.225403368473053E+00
       0.998505279421806E-01   -0.635503977537155E-01   -0.311033725738525E-01   -0.163872882723808E+00    0.200776144862175E+00
       0.195769488811493E+00    0.149266570806503E+00
       0.212893903255463E+00   -0.417361035943031E-02   -0.159199699759483E+00    0.834893435239792E-01   -0.121505632996559E+00
       0.186892896890640E-01    0.114595443010330E+00    0.284419991075993E-01   -0.418139323592186E-01    0.170858770608902E+00
       0.751594603061676E-01    0.390935223549604E-02    0.141782492399216E+00    0.122859224677086E+00   -0.303286388516426E-01
      -0.619402434676886E-02    0.139053640887141E-01    0.397172197699547E-01    0.870664194226265E-01    0.358786880970001E-01
      -0.327140420675278E+00    0.183172062039375E+00   -0.473833009600639E-01    0.700857164338231E-02    0.200322922319174E-01
       0.103474594652653E+00   -0.156559702008963E-02   -0.255810357630253E-01    0.372855365276337E-01    0.156079739332199E+00
      -0.194572508335114E-01   -0.182236544787884E-01    0.209112942218781E+00   -0.162556782364845E+00    0.173728629946709E+00
      -0.390306785702705E-01    0.411557406187057E-01   -0.874409005045891E-01   -0.274034254252911E-01   -0.156107813119888E+00
      -0.784260779619217E-01    0.132448911666870E+00    0.628518406301737E-02    0.462515987455845E-01    0.140839949250221E+00
      -0.202739372849464E+00   -0.550627484917641E-01   -0.178852565586567E-01   -0.521782860159874E-01   -0.992529168725014E-01
       0.325509011745453E-01    0.529517270624638E-01   -0.853243693709373E-01   -0.868919938802719E-01   -0.151013791561127E+00
      -0.381918735802174E-01    0.110234223306179E+00    0.113246358931065E+00   -0.393020175397396E-01   -0.137467369437218E+00
       0.146431028842926E+00   -0.122645646333694E+00   -0.716931372880936E-01   -0.764291137456894E-01   -0.111914500594139E+00
      -0.550659224390984E-01    0.175548434257507E+00   -0.558743029832840E-01    0.987611245363951E-02    0.666818544268608E-01
      -0.164452821016312E+00   -0.106610752642155E+00
      -0.111513666808605E+00    0.679441913962364E-01   -0.139932736754417E+00   -0.582267642021179E-01   -0.241541460156441E+00
      -0.210583671927452E+00    0.224893167614937E-01   -0.486090518534184E-01   -0.589607357978821E-01   -0.419456437230110E-01
       0.232218559831381E-01   -0.157530754804611E-01   -0.346147082746029E-01   -0.114375561475754E+00   -0.288805454969406E+00
       0.102481015026569E+00    0.838905759155750E-02   -0.606653019785881E-01   -0.271907038986683E-01    0.143259987235069E+00
      -0.217720225453377E+00   -0.110875397920609E+00   -0.130542283877730E-01   -0.418936982750893E-01    0.269356258213520E-01
       0.222494721412659E+00    0.140961065888405E+00   -0.293119922280312E-01    0.171511843800545E+00    0.544056622311473E-02
      -0.174597963690758E+00    0.566929690539837E-01    0.138732269406319E+00   -0.148448139429092E+00   -0.409786440432072E-01
       0.859301164746284E-01    0.108606703579426E+00    0.441968701779842E-01    0.234767384827137E-01   -0.788343101739883E-01
      -0.105285964906216E+00   -0.120099574327469E+00   -0.453741773962975E-01   -0.627617910504341E-01   -0.150981485843658E+00
       0.107948623597622E+00   -0.256977498531342E+00   -0.620393902063370E-01    0.234581410884857E+00    0.956187769770622E-01
      -0.180666401982307E+00    0.207295298576355E+00   -0.263061523437500E-01   -0.176552116870880E+00    0.904517248272896E-03
       0.982190445065498E-01    0.522591434419155E-01    0.380987934768200E-01    0.174175962805748E+00   -0.544108301401138E-01
       0.397648103535175E-01    0.139147117733955E+00    0.135057821869850E+00    0.318627171218395E-01   -0.674206539988518E-01
      -0.646124109625816E-01   -0.280763097107410E-01   -0.145645067095757E+00   -0.529680401086807E-01   -0.759177803993225E-01
       0.970198586583138E-01   -0.116510823369026E+00
      -0.678459275513887E-02    0.155231848359108E+00   -0.290198892354965E+00    0.172026947140694E+00   -0.759506449103355E-01
      -0.746388640254736E-02   -0.323887079954147E+00    0.830754861235619E-01    0.491928448900580E-02    0.110066808760166E+00
       0.103404842317104E+00   -0.174373760819435E+00   -0.168172299861908E+00    0.773145118728280E-02   -0.866278111934662E-01
      -0.920653641223907E-01   -0.410024166107178E+00   -0.834246650338173E-01   -0.147821893915534E-01   -0.528267100453377E-01
      -0.160113826394081E+00    0.270041674375534E-01    0.238284282386303E-02    0.167105361819267E+00    0.343093872070312E-01
       0.186653733253479E+00   -0.492173284292221E-01   -0.108991667628288E+00   -0.142970336601138E-01   -0.495076142251492E-01
       0.545370765030384E-01    0.122078813612461E+00   -0.826544091105461E-01   -0.481361597776413E-01    0.357223823666573E-01
       0.255840308964252E-01   -0.750454589724541E-01    0.163160338997841E-01   -0.309632532298565E-01    0.137237280607224E+00
       0.133512720465660E+00    0.103013232350349E+00    0.237935334444046E-01   -0.219910711050034E+00    0.236408803611994E-01
      -0.301824882626534E-01   -0.938058793544769E-01   -0.929803773760796E-01    0.154540061950684E+00    0.139195159077644E+00
       0.151126176118851E+00    0.135372608900070E+00    0.157590024173260E-01    0.231103003025055E-01   -0.136429861187935E+00
      -0.122920826077461E+00   -0.255004465579987E-01   -0.847368091344833E-01   -0.954027399420738E-01   -0.306800305843353E-01
      -0.321184732019901E-01   -0.588827207684517E-01    0.103504531085491E+00   -0.183078460395336E-03   -0.158448800444603E+00
      -0.262063629925251E-01    0.424946891143918E-02    0.103907935321331E+00   -0.232851207256317E-01    0.147583380341530E+00
      -0.509060584008694E-01    0.563673004508018E-01
      -0.404929406940937E-01    0.364954620599747E-01   -0.571455806493759E-03   -0.250871926546097E-01   -0.474079921841621E-01
      -0.852467194199562E-01    0.171162188053131E+00    0.161238119006157E+00    0.243828505277634E+00    0.289921641349792E+00
       0.124581873416901E+00   -0.192626751959324E-02    0.250759303569794E+00   -0.767597556114197E-01   -0.229266464710236E+00
      -0.885456651449203E-01    0.302590489387512E+00    0.256388410925865E-01   -0.396208614110947E-01   -0.239667966961861E-01
      -0.125500028952956E-01    0.177435263991356E+00   -0.852384883910418E-02    0.139554694294930E+00   -0.101275973021984E+00
      -0.209985360503197E+00    0.252803079783916E-01   -0.805639773607254E-01    0.795743390917778E-01    0.332502881065011E-02
      -0.535308104008436E-02   -0.321455821394920E-01    0.835590213537216E-01    0.696052089333534E-01    0.163647353649139E+00
       0.189681336283684E+00    0.137178301811218E-01    0.396022386848927E-01    0.881742592900991E-02    0.220983922481537E+00
      -0.154323354363441E+00   -0.130703777074814E+00    0.265983715653419E-01   -0.534212309867144E-02   -0.487891621887684E-01
       0.304640270769596E-01    0.615222007036209E-01   -0.647787079215050E-01    0.241552330553532E-01    0.123324573040009E+00
      -0.174067899584770E+00    0.237299516797066E+00   -0.108605869114399E+00   -0.154434278607368E+00   -0.530519485473633E-01
       0.107360053807497E-01   -0.772421360015869E-01    0.131955191493034E+00   -0.139746535569429E-02    0.542697086930275E-01
       0.191677466034889E+00   -0.951541885733604E-01    0.140795946121216E+00    0.135476335883141E+00    0.167737439274788E+00
      -0.199589103460312E+00    0.180953398346901E+00    0.180331930518150E+00    0.131092756986618E+00   -0.803759247064590E-01
      -0.139999642968178E+00   -0.869796797633171E-01
      -0.646598637104034E-03   -0.105752283707261E-01    0.118723690509796E+00   -0.260851591825485E+00   -0.295786768198013E+00
       0.105246387422085E+00    0.973217859864235E-01    0.119106560945511E+00    0.136445850133896E+00    0.143204748630524E+00
      -0.537505149841309E-01    0.952282696962357E-01   -0.152246758341789E+00   -0.113327026367188E+00   -0.198507219552994E+00
      -0.282302964478731E-02   -0.115408316254616E+00    0.184863694012165E-01   -0.120026201009750E+00    0.136875003576279E+00
      -0.208934433758259E-01    0.936193764209747E-01    0.827875137329102E-01    0.105143159627914E+00   -0.209408730268478E+00
      -0.137032493948936E+00    0.225157976150513E+00    0.244247168302536E+00    0.195460438728333E+00    0.112414322793484E+00
       0.348864607512951E-01   -0.158478885889053E+00   -0.222023501992226E-01    0.145957976579666E+00   -0.996030569076538E-01
       0.182306453585625E+00   -0.401149876415730E-02    0.166141539812088E-01    0.114162817597389E+00   -0.703996568918228E-01
       0.141642287373543E+00   -0.146053070202470E-01   -0.124619871377945E+00    0.418303869664669E-01   -0.118755370378494E+00
       0.500634759664536E-01   -0.820459425449371E-01    0.217112913727760E+00   -0.114965990185738E+00    0.222155585885048E+00
      -0.700166542083025E-02    0.269483268260956E+00   -0.301149755716324E+00   -0.819552093744278E-01   -0.116496041417122E+00
      -0.403325632214546E-01    0.916937664151192E-01    0.125565066933632E+00   -0.928903818130493E-01    0.454817749559879E-01
       0.423015989363194E-01   -0.921420678496361E-01   -0.143328189849854E+00   -0.330037064850330E-02   -0.334258265793324E-01
      -0.105122186243534E+00   -0.201769694685936E+00   -0.103508032858372E+00   -0.506077073514462E-01   -0.683881118893623E-01
      -0.650244131684303E-01   -0.592051073908806E-01
       0.215309977531433E+00   -0.129821911454201E+00    0.162602141499519E-01   -0.138696610927582E+00    0.421893522143364E-01
      -0.245209895074368E-01   -0.841329526156187E-02    0.304393172264099E+00    0.135739281773567E+00   -0.308952070772648E-01
      -0.899858120828867E-02    0.297458916902542E+00   -0.145580559968948E+00    0.195939436554909E+00    0.150958120822906E+00
      -0.119440540671349E+00    0.124068558216095E-01   -0.125533333048224E-01   -0.192623399198055E-01   -0.672514438629150E-01
      -0.570741575211287E-02    0.189619418233633E-02   -0.637295544147491E-01    0.215914323925972E-01   -0.115467041730881E+00
       0.438113436102867E-01   -0.167418956756592E+00    0.251703243702650E-01   -0.695699974894524E-01    0.586408302187920E-01
      -0.912093967199326E-01   -0.430094152688980E-01   -0.795304924249649E-01    0.157327696681023E+00   -0.124495536088943E+00
       0.641048997640610E-01    0.203181028366089E+00    0.136703059077263E+00    0.119139321148396E+00    0.108815040439367E-01
      -0.764651820063591E-01   -0.718581378459930E-01   -0.797035545110703E-01    0.578076355159283E-01    0.353137217462063E-01
       0.141470655798912E+00    0.220877565443516E-01   -0.920519307255745E-01    0.833489894866943E-01    0.506768338382244E-01
      -0.961246807128191E-02   -0.335828922688961E-01   -0.130496351048350E-01   -0.435592196881771E-01    0.166139230132103E-01
       0.259615063667297E+00   -0.504116900265217E-01   -0.561271514743567E-02    0.856591984629631E-01   -0.154432132840157E+00
       0.147832706570625E+00    0.389153100550175E-01    0.571139380335808E-01    0.140603436157107E-01   -0.489379651844501E-01
      -0.516762398183346E-02   -0.765025168657303E-01   -0.352242216467857E-01   -0.941446423530579E-01    0.104588754475117E-01
       0.704301595687866E-01    0.169279891997576E-01
       0.395148992538452E-02   -0.665635243058205E-01   -0.142787143588066E+00    0.942570120096207E-01    0.127706810832024E+00
       0.383427878841758E-02    0.593691952526569E-01    0.109315924346447E+00    0.811413489282131E-02    0.744892358779907E-01
       0.159467950463295E+00   -0.158832997083664E+00    0.233783535659313E-01   -0.184674739837646E+00   -0.923665165901184E-01
       0.881254151463509E-01    0.240080773830414E+00   -0.110172256827354E+00    0.217202216386795E+00    0.269478887319565E+00
      -0.358582176268101E-01    0.611136518418789E-01   -0.103749055415392E-02    0.110022425651550E+00   -0.788426678627729E-02
      -0.149950146675110E+00    0.107369981706142E+00    0.206091050058603E-01    0.197205454111099E+00   -0.175604522228241E+00
      -0.919996798038483E-01   -0.120846748352051E+00    0.147315695881844E+00   -0.836350768804550E-01    0.451968349516392E-01
       0.863345712423325E-01   -0.338458456099033E-01   -0.626168176531792E-01   -0.489303581416607E-01   -0.138338133692741E+00
       0.400029458105564E-01    0.771866217255592E-01   -0.110063500702381E+00    0.844856500625610E-01   -0.142013236880302E+00
       0.150705978274345E+00    0.984068587422371E-01    0.497403219342232E-01    0.347229652106762E-01    0.890383683145046E-02
       0.149223759770393E+00   -0.549208149313927E-01    0.234270766377449E-01   -0.721598938107491E-01    0.202819630503654E-01
      -0.275963723659515E+00    0.884416028857231E-01    0.310628637671471E-01    0.147363040596247E-01    0.441864365711808E-02
      -0.422900952398777E-01   -0.353198833763599E-01    0.113891512155533E+00   -0.660682022571564E-01    0.149200573563576E+00
       0.129094108939171E+00   -0.503907464444637E-01   -0.312245450913906E-02    0.914633348584175E-01   -0.333456974476576E-02
      -0.783010348677635E-01   -0.602473989129066E-01
      -0.877374783158302E-01    0.717229619622231E-01   -0.603216364979744E-01   -0.226611122488976E-01   -0.360182225704193E-01
      -0.373188070952892E-01    0.108307361602783E+00    0.500751249492168E-01    0.225544627755880E-02    0.225574404001236E+00
       0.142957493662834E-01    0.154583439230919E+00    0.110553868114948E+00    0.204791262745857E+00    0.801821704953909E-02
       0.176897495985031E-01    0.227909646928310E-01   -0.131448330357671E-01   -0.135896727442741E+00    0.150895848870277E+00
       0.235486567020416E+00    0.101695887744427E+00    0.345872435718775E-02   -0.201237767934799E+00    0.360728129744530E-01
      -0.131344184279442E+00    0.448169894516468E-01   -0.131030544638634E+00    0.668701063841581E-02   -0.744231883436441E-02
       0.810018032789230E-01   -0.145249769091606E+00    0.737732201814651E-01    0.130414932966232E+00   -0.666789412498474E-01
      -0.155103623867035E+00   -0.115647464990616E+00    0.235531702637672E-01   -0.117760337889194E-02    0.187167853116989E+00
      -0.987943708896637E-01    0.183276861906052E+00   -0.514487735927105E-03   -0.473879277706146E-01   -0.171860724687576E+00
       0.289921835064888E-01    0.272946283221245E-01    0.127521619200706E+00    0.600414909422398E-01    0.128263205289841E+00
       0.122923366725445E+00   -0.209645047783852E+00   -0.792541727423668E-01    0.952727347612381E-01   -0.938947647809982E-01
       0.274548828601837E-01   -0.152924237772822E-01   -0.533021390438080E-01   -0.792584940791130E-01    0.287419557571411E-01
       0.225556746125221E+00    0.909465774893761E-01    0.400237776339054E-01   -0.109769187867641E+00    0.621225275099277E-01
       0.304620666429400E-02    0.118012711405754E+00    0.202104616910219E-01    0.181752163916826E-01    0.659368932247162E-01
       0.265330821275711E-01   -0.989123210310936E-01
      -0.130472704768181E+00   -0.168439507484436E+00    0.755135416984558E-01    0.930713582783937E-02    0.150541290640831E+00
      -0.520865544676781E-01    0.147737473249435E+00    0.900454968214035E-01   -0.197181656956673E+00    0.156041979789734E+00
       0.183453671634197E-01   -0.932445842772722E-02   -0.174889303743839E-01    0.118849761784077E+00    0.183311104774475E+00
       0.143574967980385E+00   -0.197306051850319E+00   -0.576154962182045E-01   -0.126094311475754E+00    0.553908161818981E-01
       0.249645054340363E+00    0.471375044435263E-02   -0.131024541333318E-01   -0.687237977981567E-01    0.494467839598656E-02
       0.243334800004959E+00    0.124415777623653E+00    0.166956633329391E+00   -0.121800452470779E+00   -0.452954098582268E-01
      -0.725030526518822E-01   -0.939518064260483E-01    0.168840795755386E+00    0.338764227926731E-01    0.830170810222626E-01
       0.179717391729355E+00    0.166332930326462E+00   -0.698763877153397E-01   -0.138694718480110E+00   -0.299705415964127E-01
      -0.507013313472271E-01    0.248847790062428E-01    0.171335544437170E-01   -0.106984779238701E+00   -0.258072353899479E-01
       0.114991560578346E+00    0.211881659924984E-01    0.176390595734119E-01    0.120835052803159E-01   -0.168387427926064E+00
      -0.130059391260147E+00   -0.650355815887451E-01   -0.623537078499794E-01    0.225729182362556E+00    0.110330738127232E+00
      -0.241984352469444E-01    0.541663207113743E-01    0.300791382789612E+00    0.591547265648842E-01   -0.663648098707199E-01
      -0.109875105321407E+00   -0.121056199073792E+00    0.109192013740540E+00   -0.159667804837227E+00   -0.106149718165398E+00
      -0.193883016705513E+00    0.662822201848030E-01    0.180293723940849E+00    0.209930822253227E+00    0.741877704858780E-01
       0.674208626151085E-02    0.108104810118675E+00
       0.133278205990791E+00   -0.742882397025824E-02   -0.150729134678841E+00    0.107619896531105E+00   -0.196429044008255E-01
      -0.150552382692695E-01    0.490725710988045E-01   -0.317995809018612E-01   -0.224959254264832E+00   -0.109853468835354E+00
      -0.646456554532051E-01    0.590496473014355E-01   -0.120938688516617E+00   -0.532232448458672E-01   -0.120627777650952E-01
      -0.111038684844971E+00   -0.165347844362259E+00   -0.111263513565063E+00    0.409771263599396E+00   -0.825291574001312E-01
      -0.965330824255943E-01    0.104152746498585E+00    0.159298986196518E+00    0.132557854056358E+00    0.260785035789013E-01
      -0.825561136007309E-01    0.911679491400719E-02   -0.109485834836960E+00   -0.910709649324417E-01    0.650380104780197E-01
      -0.259033828973770E+00    0.360942669212818E-01   -0.437873508781195E-02    0.290880948305130E+00   -0.123430684208870E+00
      -0.285301692783833E-01   -0.262827500700951E-01    0.283458605408669E-01    0.829303637146950E-02    0.229416079819202E-01
      -0.138426184654236E+00    0.289441011846066E-01   -0.898608937859535E-01   -0.801022648811340E-01    0.186910420656204E+00
      -0.866079702973366E-01    0.256007779389620E-01   -0.233288392424583E+00   -0.196691155433655E+00   -0.193485021591187E+00
      -0.210181511938572E-01   -0.701751187443733E-01   -0.154295682907104E+00   -0.235978543758392E+00   -0.312633551657200E-01
      -0.105236480012536E-01   -0.759611353278160E-01   -0.458545535802841E-01    0.264450535178185E-02   -0.619259178638458E-01
      -0.831156000494957E-01    0.110751345753670E+00   -0.540671870112419E-01   -0.100797846913338E+00    0.227951109409332E+00
      -0.127324908971786E+00   -0.528395771980286E-01    0.176719218492508E+00   -0.995530784130096E-01   -0.171397790312767E+00
       0.562972761690617E-02    0.130525361746550E-01
       0.727489739656448E-01    0.609830580651760E-01    0.164151489734650E+00    0.195016562938690E+00   -0.821424946188927E-01
       0.654284656047821E-01    0.166604429483414E+00   -0.542664676904678E-01    0.581448562443256E-01   -0.189322873950005E+00
       0.333112031221390E+00    0.509513802826405E-01    0.453755594789982E-01   -0.143481763079762E-01    0.515067838132381E-01
      -0.322936885058880E-01    0.552473701536655E-01    0.114944420754910E+00   -0.231097675859928E-01   -0.801077559590340E-01
       0.100051574409008E+00    0.495468527078629E-01   -0.106148362159729E+00    0.158234462141991E+00    0.138277551159263E-01
       0.172979190945625E+00    0.767950788140297E-01   -0.950157269835472E-01    0.217841248959303E-01    0.769456848502159E-01
      -0.119095847010612E+00   -0.474506989121437E-01   -0.562491565942764E-01    0.857370905578136E-02    0.112609252333641E+00
      -0.699435696005821E-01    0.544489286839962E-01    0.290693901479244E-01   -0.299351550638676E-01    0.167375847697258E+00
      -0.189532652497292E+00    0.176836371421814E+00    0.877870172262192E-01    0.471969768404961E-01    0.136312097311020E+00
       0.242717918008566E-01    0.904575809836388E-01   -0.111892167478800E-02   -0.511091910302639E-01    0.844207406044006E-01
       0.458782762289047E-01   -0.112581983208656E+00   -0.153327435255051E+00    0.352955330163240E-02   -0.781986489892006E-01
      -0.524758622050285E-01   -0.146025121212006E+00    0.926660895347595E-01    0.952417850494385E-01   -0.247215226292610E+00
       0.192679658532143E+00    0.463615134358406E-01    0.728889703750610E-01   -0.764563679695129E-01    0.258847564458847E+00
      -0.935013294219971E-01    0.397945148870349E-02    0.210676014423370E+00   -0.100150078535080E+00    0.103733703494072E+00
       0.200251579284668E+00   -0.890997238457203E-03
      -0.236691199243069E-01   -0.768332090228796E-02   -0.138128280639648E+00    0.180725455284119E-01   -0.879688560962677E-01
      -0.117394998669624E+00   -0.110789544880390E+00   -0.599949806928635E-01   -0.169023364782333E+00    0.101530000567436E+00
      -0.115262478590012E+00    0.442972732707858E-02    0.243885159492493E+00   -0.547314155846834E-02   -0.114825695753098E+00
      -0.693939253687859E-01   -0.968355238437653E-01   -0.691749900579453E-01    0.130738858133554E-01   -0.166508436203003E+00
      -0.257712930440903E+00   -0.142454162240028E+00   -0.365961305797100E-01   -0.721174329519272E-01    0.656455457210541E-01
       0.581781119108200E-01    0.121752537786961E+00    0.158974956721067E-01   -0.126431146636605E-01    0.449845613911748E-02
       0.332305096089840E-01    0.157207295298576E+00    0.113655440509319E+00    0.120529040694237E+00   -0.151074072346091E-01
       0.254713058471680E+00    0.370191559195518E-01   -0.107465378940105E+00    0.695055127143860E-01   -0.179943695664406E+00
       0.158761247992516E+00   -0.197936877608299E+00   -0.171234875917435E+00    0.493615306913853E-01   -0.565031170845032E-01
      -0.760753378272057E-01   -0.116271048784256E+00   -0.169589221477509E+00    0.553018674254417E-01   -0.113886594772339E+00
      -0.177357010543346E-01    0.824303999543190E-01   -0.219035446643829E+00   -0.398845877498388E-02   -0.193232044577599E+00
       0.200008712708950E-01    0.177576705813408E+00    0.263263046741486E+00   -0.247402831912041E+00    0.335932016372681E+00
      -0.359219372272491E+00    0.221344262361526E+00   -0.211932323873043E-02   -0.157112590968609E-01    0.773122906684875E-01
      -0.296582169830799E-01    0.936662107706070E-01    0.600693300366402E-01    0.729032605886459E-01   -0.276897884905338E-01
      -0.110996775329113E+00   -0.356320179998875E-01
      -0.736529845744371E-02   -0.843693837523460E-01   -0.135472208261490E+00   -0.696608945727348E-01    0.237343043088913E+00
       0.497387954965234E-02    0.649129673838615E-01   -0.881266370415688E-01    0.128612592816353E+00   -0.525673851370811E-01
      -0.794333871454000E-02   -0.625933632254601E-01    0.347926169633865E-01    0.567640811204910E-01    0.342490896582603E-01
      -0.869252830743790E-01    0.565480403602123E-01   -0.109600059688091E+00    0.193495541810989E+00   -0.153283551335335E+00
       0.215882495045662E+00    0.104287728667259E+00    0.265226930379868E+00    0.294512994587421E-01   -0.323226042091846E-01
       0.631706938147545E-01   -0.183074399828911E-01   -0.627044364809990E-01    0.219978109002113E+00    0.118968151509762E+00
      -0.617153123021126E-01   -0.375786796212196E-01   -0.478420332074165E-01    0.355917215347290E+00    0.953620746731758E-01
       0.566082298755646E-01    0.530449263751507E-01    0.105022057890892E+00   -0.510008074343204E-02   -0.926515758037567E-01
       0.139900282025337E+00    0.101024955511093E+00   -0.614477321505547E-01    0.418130904436111E-01    0.664209648966789E-01
       0.137013614177704E+00   -0.598479881882668E-01   -0.120992735028267E+00    0.347678102552891E-01    0.478392913937569E-01
       0.229433491826057E+00   -0.123710772022605E-01    0.117531523108482E+00    0.190911084413528E+00    0.569053962826729E-01
      -0.609532520174980E-01    0.757409632205963E-01    0.128722846508026E+00   -0.210353165864944E+00    0.284620672464371E-01
      -0.722162052989006E-01   -0.910949334502220E-01   -0.412074066698551E-01    0.790875777602196E-01    0.679901763796806E-01
      -0.264413177967072E+00    0.854329392313957E-01    0.216211721301079E+00   -0.775550082325935E-01    0.938995033502579E-01
       0.842951685190201E-01   -0.819410011172295E-01
       0.126958429813385E+00    0.953684523701668E-01    0.125958502292633E+00    0.141682937741280E+00   -0.317625850439072E+00
      -0.401081182062626E-01    0.457717403769493E-01    0.161061376333237E+00    0.435032807290554E-01    0.104992941021919E+00
      -0.209314636886120E-01   -0.892401486635208E-01    0.443392209708691E-01   -0.982842072844505E-01    0.639871507883072E-01
       0.537479408085346E-01   -0.153323084115982E+00    0.146529618650675E-01    0.167591739445925E-01    0.802529826760292E-01
      -0.420873947441578E-01   -0.294577509164810E+00   -0.460222437977791E-01   -0.615901350975037E-01    0.119276344776154E+00
       0.274434611201286E-01    0.128037348389626E+00    0.106976829469204E+00    0.531207583844662E-02    0.267038673162460E+00
      -0.489939078688622E-01   -0.855566039681435E-01   -0.420722290873528E-01    0.400388687849045E-01    0.521046780049801E-01
      -0.168008521199226E+00    0.108265832066536E+00    0.206945352256298E-01    0.954500660300255E-01    0.866494402289391E-01
      -0.817865040153265E-02   -0.888427067548037E-02    0.943215638399124E-01   -0.124467551708221E+00    0.132888369262218E-01
       0.774299651384354E-01   -0.520824342966080E-01    0.182976797223091E+00    0.185771062970161E-01   -0.842383429408073E-01
       0.173975661396980E+00    0.703735500574112E-01    0.144677117466927E+00   -0.111312143504620E+00   -0.706482231616974E-01
       0.255190189927816E-01   -0.322834439575672E-01    0.942806974053383E-01   -0.714553054422140E-02   -0.503527037799358E-01
      -0.124821206554770E-01   -0.773672014474869E-01    0.223588407039642E+00    0.294393040239811E-01   -0.187841653823853E-01
       0.715479031205177E-01    0.803005099296570E-01    0.870673507452011E-01   -0.112367458641529E+00    0.856267586350441E-01
      -0.102937765419483E+00   -0.231096930801868E-01
      -0.172282345592976E-01    0.235022500157356E+00   -0.977605115622282E-02   -0.184721589088440E+00    0.124740861356258E+00
       0.784788876771927E-01   -0.499198921024799E-01   -0.789384916424751E-01   -0.693719163537025E-01   -0.916789397597313E-01
      -0.248053446412086E-01    0.848593935370445E-01    0.702097341418266E-01    0.162603601813316E+00   -0.481165908277035E-01
      -0.680419057607651E-01   -0.146755963563919E+00    0.937415361404419E-01   -0.376419872045517E-01    0.245759412646294E-01
      -0.413305461406708E-01    0.109306082129478E+00   -0.297332033514977E-01   -0.852857083082199E-01    0.603842288255692E-01
       0.285688880831003E-02    0.127185508608818E+00   -0.287063755095005E-01   -0.306000784039497E-01   -0.360530056059361E-01
      -0.777798891067505E-01    0.946813523769379E-01    0.547897629439831E-01    0.234250519424677E-01   -0.123044297099113E+00
      -0.180166319012642E+00    0.167251639068127E-01    0.773070529103279E-01   -0.150242924690247E+00   -0.628713667392731E-01
      -0.342958360910416E+00   -0.340620204806328E-01   -0.434546265751123E-02   -0.733313187956810E-01   -0.212814584374428E+00
       0.794030204415321E-01    0.739428699016571E-01   -0.218345560133457E-01    0.790992155671120E-01    0.103245586156845E+00
       0.199236124753952E-01   -0.126125201582909E+00   -0.200576186180115E-01    0.987045690417290E-01    0.885955467820168E-01
      -0.884578526020050E-01   -0.330371819436550E-01    0.750229088589549E-02   -0.526091083884239E-01    0.132281035184860E+00
       0.158648595213890E+00   -0.227144703269005E+00    0.167832430452108E-01    0.846466049551964E-01    0.704185292124748E-01
      -0.457657612860203E-01   -0.538516864180565E-01    0.475498512387276E-01   -0.144663779065013E-01    0.117274746298790E+00
       0.846363157033920E-01    0.519068278372288E-01
       0.398938357830048E-01    0.102851130068302E+00    0.128383919596672E+00    0.389133729040623E-01    0.244389981031418E+00
      -0.127422884106636E+00   -0.490718074142933E-01   -0.189565718173981E+00    0.160954222083092E-01    0.147169511765242E-01
       0.964593514800072E-01   -0.964994281530380E-01   -0.202582776546478E-01    0.193197548389435E+00    0.389302484691143E-01
      -0.951868668198586E-01   -0.179318338632584E+00   -0.468327589333057E-01   -0.187669284641743E-01   -0.110778391361237E+00
      -0.788010433316231E-01    0.155519768595695E+00    0.565070472657681E-01    0.522913299500942E-01    0.293820202350616E+00
       0.505252927541733E-01    0.154762208461761E+00    0.102060195058584E-02    0.262272596359253E+00    0.190650314092636E+00
       0.181460693478584E+00   -0.179124251008034E-01   -0.182182453572750E-01   -0.641334708780050E-02    0.522027490660548E-02
      -0.475104562938213E-01    0.196267049759626E-01    0.677552744746208E-01    0.667297393083572E-01   -0.118555715307593E-01
       0.207298770546913E+00   -0.141154034063220E-01   -0.118704915046692E+00    0.534172654151917E-01    0.130720064043999E-01
       0.560413375496864E-01   -0.162418186664581E+00    0.143715038895607E+00   -0.121785953640938E+00    0.311530232429504E+00
       0.362039692699909E-01   -0.732418894767761E-01   -0.523545369505882E-01   -0.664488151669502E-01   -0.247173756361008E-02
       0.243353303521872E-01    0.713319331407547E-01    0.777852684259415E-01   -0.110851198434830E+00   -0.453106462955475E-01
      -0.105724735185504E-01    0.427752137184143E-01    0.285667866468430E+00   -0.152468597516418E-01    0.114346735179424E+00
      -0.515320599079132E-01   -0.396091304719448E-02   -0.166910350322723E+00   -0.108506016433239E+00    0.334339775145054E-01
       0.328401416540146E+00    0.326702743768692E+00
      -0.905057862401009E-01   -0.432493500411510E-01   -0.596134886145592E-01   -0.499222837388515E-01    0.225874349474907E+00
      -0.796533674001694E-01    0.758039802312851E-01    0.278023704886436E-01   -0.255220085382462E+00   -0.133727565407753E+00
       0.661754831671715E-01   -0.249265000224113E+00   -0.744817778468132E-01   -0.321321897208691E-01   -0.369418263435364E-01
      -0.108986817300320E+00    0.565716512501240E-01   -0.131434053182602E+00   -0.634710192680359E-01   -0.655050501227379E-01
      -0.207984335720539E-01   -0.284663178026676E-01    0.144406199455261E+00    0.235040709376335E+00    0.198916837573051E+00
       0.208049893379211E+00    0.159331947565079E+00   -0.686062499880791E-01   -0.194490730762482E+00    0.378062613308430E-01
      -0.752748996019363E-01   -0.853484421968460E-01   -0.103065766394138E+00   -0.134146437048912E+00   -0.775592625141144E-01
      -0.239303708076477E-01   -0.226392745971680E+00   -0.449772961437702E-01   -0.318473041057587E+00   -0.219137042760849E+00
      -0.484356991946697E-01    0.457365699112415E-01    0.106485277414322E+00    0.134988486766815E+00   -0.641417056322098E-01
      -0.445250198245049E-01    0.493114776909351E-01    0.252426117658615E+00   -0.190676860511303E-01   -0.860818997025490E-01
       0.941122546792030E-01    0.132428715005517E-01   -0.707559585571289E-01   -0.650132521986961E-01   -0.187596827745438E+00
      -0.103642448782921E+00   -0.151981040835381E+00   -0.109348028898239E+00    0.157527439296246E-02    0.223113484680653E-01
       0.709219230338931E-02    0.120369464159012E+00   -0.702316761016846E-01    0.102025859057903E+00   -0.159542709589005E+00
      -0.130261555314064E+00    0.175386760383844E-01    0.548174902796745E-01    0.712120458483696E-01   -0.103251919150352E+00
       0.819083377718925E-01    0.425956286489964E-01
       0.183694716542959E-02    0.328629165887833E+00    0.107404805719852E+00   -0.958582535386086E-01    0.856361910700798E-01
       0.220750734210014E+00   -0.428234301507473E-01   -0.122956722974777E+00    0.701167061924934E-01    0.171431958675385E+00
       0.228296384215355E+00    0.866647735238075E-01   -0.193402804434299E-01   -0.109631575644016E+00   -0.123565038666129E-01
       0.352601706981659E-01    0.223468802869320E-01   -0.435851030051708E-01   -0.189387947320938E+00    0.725011527538300E-01
      -0.179234556853771E-01    0.126231193542480E+00    0.236711964011192E+00    0.160816937685013E+00    0.251225173473358E+00
      -0.907511934638023E-01   -0.931814536452293E-01    0.205929726362228E-01    0.899674817919731E-01   -0.483186729252338E-01
      -0.443831235170364E-01   -0.227424763143063E-01    0.514455838128924E-02   -0.592362806200981E-01   -0.530751142650843E-02
       0.481392592191696E-01    0.210204035043716E+00   -0.283051542937756E-01   -0.224560379981995E+00    0.162563696503639E-01
       0.499032102525234E-01    0.246434211730957E+00   -0.209209788590670E-02   -0.440684370696545E-01   -0.128087503835559E-01
       0.109598979353905E+00    0.159429475665092E+00    0.537063367664814E-01   -0.118018150329590E+00   -0.984804332256317E-01
      -0.225037150084972E-01    0.172877367585897E-01    0.166635006666183E+00    0.993451476097107E-02    0.101479597389698E+00
      -0.601045936346054E-01    0.181336283683777E+00   -0.127524688839912E+00    0.249162569642067E+00   -0.825025215744972E-01
      -0.219328641891479E+00    0.221438080072403E+00    0.889935195446014E-01    0.108132943511009E+00    0.112717770040035E+00
       0.925519913434982E-01    0.504578575491905E-01    0.916384831070900E-01    0.109893836081028E+00   -0.106137925758958E-01
       0.126397073268890E+00    0.840198472142220E-01
      -0.156967669725418E+00    0.172012280672789E-01    0.802936553955078E-01    0.131194189190865E+00   -0.285170003771782E-01
       0.411766469478607E-01    0.193110913038254E+00    0.158364251255989E+00    0.350993014872074E-01    0.985031202435493E-01
      -0.564889460802078E-01    0.312438488006592E+00    0.177746400237083E+00    0.108194462954998E+00    0.103515930473804E+00
       0.205230921506882E+00   -0.697528049349785E-01    0.660240873694420E-01    0.471965633332729E-01    0.217350885272026E+00
      -0.495518743991852E-02    0.192283883690834E+00    0.198278129100800E-01   -0.323519147932529E-01   -0.100910224020481E+00
      -0.146610051393509E+00   -0.581842511892319E-01    0.530119873583317E-01   -0.904602557420731E-01   -0.128400027751923E+00
       0.367710776627064E-01   -0.672519505023956E-01   -0.103448471054435E-01   -0.169386819005013E+00   -0.708924755454063E-01
       0.925341844558716E-01   -0.411873199045658E-01   -0.516907274723053E-01   -0.124246543273330E-01   -0.153199106454849E+00
      -0.106766097247601E+00    0.396519899368286E-03    0.188216894865036E+00   -0.493823736906052E-01   -0.102562919259071E+00
       0.284628830850124E-01   -0.130000179633498E-01   -0.825784355401993E-01    0.302801765501499E-01    0.129589304327965E+00
       0.611063092947006E-02    0.908096060156822E-01   -0.285286754369736E-01   -0.112141102552414E+00    0.572001524269581E-01
       0.716874599456787E-01    0.310680978000164E-01    0.105754204094410E+00    0.610888041555882E-01    0.181048065423965E+00
      -0.732314139604568E-01    0.650034397840500E-01    0.354013927280903E-01    0.703556612133980E-01    0.170906540006399E-01
       0.457901731133461E-01   -0.484400242567062E-01    0.648116171360016E-01   -0.119353130459785E+00    0.234762057662010E-01
      -0.391798987984657E-01   -0.646929964423180E-01
      -0.172004252672195E-01    0.105832889676094E+00    0.531789176166058E-01    0.256049424409866E+00    0.251967851072550E-01
       0.134869948029518E+00   -0.438495092093945E-01   -0.245557144284248E+00    0.841525103896856E-02    0.765201635658741E-03
       0.111007364466786E-01    0.871474370360374E-01   -0.378303714096546E-01   -0.110018782317638E+00    0.160328567028046E+00
      -0.988421663641930E-01    0.110014513134956E+00   -0.317101150751114E+00   -0.121268322691321E-01   -0.139078274369240E+00
       0.137750342488289E+00   -0.150155708193779E+00   -0.178298473358154E+00    0.401545464992523E-01    0.178603380918503E+00
      -0.175287462770939E-01   -0.105899944901466E+00    0.766464248299599E-01   -0.266411192715168E-01    0.727473422884941E-01
      -0.492512583732605E-01    0.245314706116915E-01   -0.104517154395580E+00   -0.108800185844302E-01    0.396050363779068E-01
      -0.167494788765907E+00   -0.103697925806046E+00   -0.391720794141293E-01    0.625463798642159E-01   -0.102182917296886E+00
       0.231337025761604E-01   -0.174744158983231E+00   -0.298336923122406E+00   -0.721072629094124E-01    0.993498042225838E-01
      -0.464669875800610E-01    0.122195184230804E+00    0.231134936213493E+00   -0.192116156220436E+00   -0.275413952767849E-01
      -0.326975323259830E-01   -0.109683843329549E-01    0.164959788322449E+00    0.205801039934158E+00   -0.393846910446882E-02
       0.170880973339081E+00    0.919065997004509E-01    0.188182666897774E+00    0.154434457421303E+00   -0.996470376849174E-01
      -0.143615573644638E+00    0.411028191447258E-01    0.982249379158020E-01    0.139160886406898E+00    0.996388792991638E-01
      -0.273259468376637E-01    0.252519398927689E-01   -0.811395123600960E-01   -0.808213874697685E-01    0.479212068021297E-01
      -0.685798302292824E-01    0.578675344586372E-01
       0.629000440239906E-01   -0.876881033182144E-01   -0.739665552973747E-01   -0.104663781821728E+00    0.376068234443665E+00
       0.235983788967133E+00   -0.686988383531570E-01   -0.566810294985771E-01   -0.521183051168919E-01    0.247641697525978E+00
       0.632185349240899E-02   -0.114388786256313E+00    0.154945313930511E+00    0.244235843420029E+00    0.196734458208084E+00
       0.121508151292801E+00    0.326974093914032E-01    0.205611020326614E+00   -0.469038374722004E-01    0.101890750229359E-01
       0.925099849700928E-02    0.897277444601059E-01    0.447979494929314E-01    0.194881290197372E+00    0.219801098108292E+00
       0.297459214925766E+00    0.117226138710976E+00    0.164754763245583E-01   -0.112632051110268E+00   -0.140747400000691E-01
      -0.492650009691715E-01   -0.185893438756466E-01   -0.104602416977286E-01    0.360542163252831E-01    0.863097608089447E-01
      -0.855184420943260E-01   -0.528064742684364E-01    0.220910146832466E+00    0.387507379055023E-01    0.138651937246323E+00
       0.111876808106899E+00    0.234172735363245E-01    0.600023604929447E-01   -0.227621212601662E+00    0.385404378175735E-01
       0.308544971048832E-01    0.669309869408607E-01   -0.217862054705620E+00   -0.127342581748962E+00    0.773207321763039E-01
      -0.201701849699020E+00   -0.152377426624298E+00   -0.553235635161400E-01    0.327490307390690E-01   -0.640434212982655E-03
       0.109343886375427E+00   -0.509508550167084E-01   -0.335102789103985E-01    0.436516627669334E-01    0.340749323368073E-01
      -0.769895091652870E-01   -0.176916196942329E-01   -0.190676465630531E+00    0.143092468380928E+00   -0.214485898613930E-01
       0.771302357316017E-01   -0.914403423666954E-01   -0.435478426516056E-02    0.173476219177246E+00   -0.185793980956078E+00
       0.240932658314705E+00    0.154866755008698E+00
       0.245105966925621E+00   -0.196289867162704E-01   -0.220189392566681E-01   -0.115163093432784E-01    0.228734508156776E+00
       0.180890694260597E+00   -0.277257747948170E-01    0.731633827090263E-01   -0.206429034471512E+00   -0.206255123019218E+00
       0.331081524491310E-01   -0.402848534286022E-01    0.105180047452450E+00    0.247767597436905E+00    0.365967273712158E+00
      -0.233813777565956E+00    0.771956071257591E-01    0.137881800532341E+00   -0.883967727422714E-01   -0.152000993490219E+00
       0.776218697428703E-01   -0.133015722036362E+00   -0.139450564980507E+00    0.152068674564362E+00    0.202406957745552E+00
       0.412908056750894E-02    0.172607060521841E-01    0.101993069052696E+00    0.360556617379189E-01   -0.174582973122597E-01
      -0.682701840996742E-01    0.193652063608170E+00   -0.133915007114410E+00   -0.110238023102283E+00    0.894030630588531E-01
      -0.452685635536909E-02    0.818437151610851E-02   -0.336367599666119E-01    0.592725425958633E-01    0.622438304126263E-01
       0.220490932464600E+00   -0.107886321842670E+00   -0.930993333458900E-01   -0.581522136926651E-01   -0.509178042411804E-01
      -0.479567088186741E-01   -0.536758359521627E-02   -0.112190924584866E+00   -0.158735029399395E-01   -0.237828865647316E+00
      -0.868424624204636E-01   -0.234164111316204E-01    0.241870045661926E+00    0.137136401608586E-01   -0.773707255721092E-01
      -0.712464153766632E-01   -0.177267473191023E-02    0.690311193466187E-01   -0.213752575218678E-01   -0.122960492968559E+00
      -0.629693642258644E-01    0.106644593179226E+00   -0.390095543116331E-02   -0.250735022127628E-01   -0.160425364971161E+00
       0.141223249956965E-01    0.114571645855904E+00    0.133301004767418E+00    0.751627013087273E-01    0.321209430694580E+00
       0.215054064989090E+00    0.132894352078438E+00
      -0.965676754713058E-01    0.437827920541167E-02   -0.159498512744904E+00   -0.183211602270603E-01    0.223985403776169E+00
       0.144052729010582E+00    0.216041579842567E-01   -0.272929131984711E+00    0.798910781741142E-01    0.244877636432648E-01
      -0.118275314569473E+00    0.911982730031013E-01    0.220400229096413E+00    0.130265936255455E+00    0.399819612503052E-01
      -0.130357101559639E+00    0.553628019988537E-01    0.110245637595654E+00    0.447588972747326E-01   -0.125582978129387E+00
       0.255409419536591E+00   -0.698262155056000E-01    0.109195478260517E+00   -0.396946147084236E-01    0.173094600439072E+00
       0.838180258870125E-01   -0.219511851668358E+00    0.633656829595566E-01   -0.138206526637077E+00   -0.804040580987930E-01
       0.101369552314281E+00   -0.186422988772392E-01   -0.105993583798409E+00   -0.130139375105500E-01    0.341839760541916E+00
      -0.136703059077263E+00   -0.256531596183777E+00   -0.123312352225184E-01    0.101436004042625E+00    0.296213738620281E-01
       0.603032968938351E-01    0.661654323339462E-01    0.385961011052132E-01    0.499267224222422E-02   -0.159414932131767E+00
       0.119635336101055E+00    0.177912071347237E+00   -0.784328430891037E-01   -0.640016719698906E-01    0.756275132298470E-01
       0.225228592753410E+00   -0.133031094446778E-01    0.241853311657906E+00    0.183225080370903E+00   -0.148354798555374E+00
       0.174278393387794E-01   -0.416277833282948E-01    0.206580638885498E+00    0.110880676656961E-01    0.132050931453705E+00
       0.262913666665554E-02   -0.289561927318573E+00   -0.119801208376884E+00   -0.160611391067505E+00    0.823144614696503E-01
       0.185154192149639E-02   -0.368567146360874E-01   -0.301279425621033E-01   -0.130819767713547E+00   -0.806070938706398E-01
       0.145700871944427E-01    0.101483069360256E+00
      -0.147704288363457E+00   -0.164291635155678E+00    0.765229947865009E-02    0.698509020730853E-02    0.585411153733730E-01
       0.275994569063187E+00    0.603661499917507E-01    0.597427003085613E-01    0.903667416423559E-02    0.100384049117565E+00
       0.253993302583694E+00    0.761076733469963E-01   -0.102185845375061E+00   -0.516121163964272E-01    0.587692186236382E-01
       0.195737898349762E+00    0.742028132081032E-01   -0.701323430985212E-02   -0.190842710435390E-01    0.444890372455120E-01
      -0.215610861778259E-01    0.136914268136024E+00    0.186257764697075E+00   -0.233504518866539E+00   -0.126909330487251E+00
      -0.110453806817532E+00    0.252059280872345E+00    0.359844863414764E-01    0.120173916220665E+00   -0.891719087958336E-01
       0.110039442777634E+00   -0.222977370023727E+00    0.952910818159580E-02    0.127290785312653E+00   -0.578404664993286E-01
       0.105579584836960E+00    0.668148845434189E-01    0.815993770956993E-01   -0.843309387564659E-01   -0.211367011070251E-01
      -0.409639887511730E-01    0.104869879782200E+00    0.163982864469290E-01   -0.125322327017784E+00   -0.126778692007065E+00
      -0.734943374991417E-01   -0.144837632775307E+00    0.140663698315620E+00    0.379261560738087E-01    0.251620233058929E+00
       0.230617731809616E+00    0.103973589837551E+00   -0.321659773588181E+00    0.920420736074448E-01    0.659722983837128E-01
      -0.102923981845379E+00    0.356297045946121E-01    0.312803164124489E-01    0.752377063035965E-01   -0.710220038890839E-01
      -0.251166433095932E+00    0.228837057948112E+00    0.830373354256153E-02    0.622805655002594E-01   -0.709479823708534E-01
      -0.574250519275665E-01    0.838192552328110E-01   -0.148367032408714E+00   -0.431034639477730E-01    0.889265090227127E-01
      -0.936000421643257E-01    0.374960713088512E-03
      -0.387637019157410E-01   -0.213024556636810E+00   -0.450670067220926E-02   -0.580679532140493E-02   -0.191428326070309E-01
      -0.875741392374039E-01   -0.630479399114847E-02   -0.121325880289078E+00   -0.211540997028351E+00   -0.854937508702278E-01
      -0.620698276907206E-02   -0.153552040457726E+00   -0.104597374796867E+00    0.560206398367882E-01    0.236100926995277E+00
      -0.116361662745476E+00    0.283564440906048E-01   -0.117393866181374E+00   -0.227767080068588E-01   -0.138945132493973E+00
       0.327750630676746E-01   -0.160780295729637E+00   -0.554207712411880E-01   -0.102219931781292E+00    0.507414788007736E-01
       0.209863297641277E-02    0.112067103385925E+00    0.286530293524265E-01   -0.685190130025148E-02    0.567413792014122E-01
       0.227373857051134E-01    0.303221791982651E-01   -0.801485255360603E-01   -0.546692311763763E-01    0.490192286670208E-01
      -0.160684198141098E+00   -0.631028935313225E-01    0.119903855025768E+00    0.499653667211533E-01    0.317549765110016E+00
      -0.149738252162933E+00    0.306677035987377E-01   -0.169163763523102E+00   -0.201008558273315E+00   -0.263585299253464E-01
       0.163346841931343E+00   -0.478616319596767E-01   -0.190095350146294E+00    0.156894937157631E+00   -0.283284306526184E+00
      -0.285606175661087E+00   -0.349016524851322E-01   -0.472787432372570E-01    0.219110339879990E+00    0.191562056541443E+00
       0.949314162135124E-01   -0.102411441504955E+00    0.734198614954948E-01   -0.114339798688889E+00   -0.612327083945274E-01
       0.731064602732658E-01   -0.501607842743397E-01    0.991236642003059E-01   -0.642327889800072E-01   -0.743175074458122E-01
      -0.835272595286369E-01   -0.709943007677794E-02   -0.276624299585819E-01   -0.728447958827019E-01   -0.937781184911728E-01
      -0.457490757107735E-01    0.585921779274940E-01
      -0.102802529931068E+00   -0.185762438923120E-02    0.334094688296318E-01   -0.108313314616680E+00    0.459782518446445E-01
       0.909264460206032E-01   -0.575469136238098E-01    0.233748331665993E+00    0.114324145019054E+00    0.137458331882954E-01
       0.311459124088287E+00   -0.682970359921455E-01    0.278389126062393E+00    0.148140326142311E+00   -0.204569414258003E+00
       0.114022068679333E+00    0.937533304095268E-01    0.802048370242119E-01    0.117512904107571E+00   -0.982923954725266E-01
      -0.123073503375053E+00   -0.855061486363411E-01   -0.107715949416161E+00    0.167652428150177E+00   -0.257339835166931E+00
       0.101196765899658E+00   -0.345113217830658E+00    0.870589241385460E-01    0.904822573065758E-01    0.116345040500164E+00
      -0.130856439471245E+00   -0.176327720284462E+00   -0.205501988530159E-01    0.765963792800903E-01    0.768113285303116E-01
       0.626219138503075E-01    0.150108143687248E+00    0.121751613914967E+00    0.226254388689995E+00    0.105410985648632E+00
       0.260298550128937E-01    0.227456912398338E+00    0.165236532688141E+00   -0.436608567833900E-01   -0.868172571063042E-01
       0.317564070224762E+00   -0.128690572455525E-01   -0.776056274771690E-01   -0.102917499840260E+00    0.256489485502243E+00
       0.213888123631477E+00   -0.150024503469467E+00   -0.299154855310917E-01    0.472681149840355E-01   -0.638776123523712E-01
      -0.205107539892197E+00   -0.571219176054001E-01   -0.322038531303406E-01   -0.104059539735317E+00    0.155482813715935E+00
       0.215315878391266E+00   -0.187627114355564E-01   -0.259352102875710E-01   -0.782532766461372E-01   -0.979111120104790E-01
      -0.784216523170471E-01   -0.413013994693756E-01    0.204652026295662E+00    0.141798574477434E-01    0.137683033943176E+00
       0.406871810555458E-01   -0.285567827522755E-01
      -0.523973852396011E-01   -0.642719399183989E-02    0.127633094787598E+00    0.172697305679321E+00    0.733106657862663E-01
      -0.100645422935486E+00    0.139425724744797E+00   -0.111546114087105E+00    0.106335543096066E+00    0.348150543868542E-02
      -0.934512838721275E-01    0.336817763745785E-01   -0.865718442946672E-02   -0.119296148419380E+00    0.143741503357887E+00
       0.697334706783295E-01    0.112511649727821E+00   -0.663461312651634E-01    0.170669034123421E-01    0.190992414951324E+00
       0.142129227519035E+00    0.206736043095589E+00   -0.646525770425797E-01    0.657341852784157E-01    0.842995289713144E-02
      -0.270893983542919E-01    0.750754177570343E-01   -0.701722353696823E-01    0.836922302842140E-01   -0.154521778225899E+00
      -0.160151973366737E+00    0.829690881073475E-02    0.157105047255754E-01    0.202909648418427E+00    0.381797179579735E-01
       0.988358780741692E-01    0.509385392069817E-01   -0.134124174714088E+00   -0.120063960552216E+00    0.488455258309841E-01
      -0.334338620305061E-01    0.135081902146339E+00    0.745149552822113E-01    0.109290450811386E+00    0.158215388655663E+00
       0.596187114715576E-01    0.977365002036095E-01    0.146872932091355E-01    0.120077811181545E+00    0.166966930031776E+00
       0.155813887715340E+00    0.838966146111488E-01    0.991083905100822E-01   -0.138925909996033E+00    0.458070859313011E-01
      -0.111047677695751E+00    0.366537533700466E-01    0.370310358703136E-01    0.729511454701424E-01    0.180961400270462E+00
       0.399753525853157E-01    0.143917396664619E+00   -0.989567935466766E-01    0.201717451214790E+00    0.366508960723877E-01
       0.110860437154770E+00   -0.113975964486599E+00    0.163784474134445E+00    0.634562149643898E-01    0.151184529066086E+00
       0.903610289096832E-01    0.105333924293518E+00
      -0.460539851337671E-02    0.116489619016647E+00    0.447388328611851E-01    0.130635779350996E-01    0.381217271089554E+00
      -0.502429045736790E-01   -0.853207409381866E-01   -0.299193561077118E-01    0.112789325416088E+00    0.287818834185600E-01
       0.101819157600403E+00    0.104813016951084E+00   -0.129003778100014E+00   -0.191715478897095E+00   -0.526103675365448E-01
      -0.184387803077698E+00   -0.294764250516891E+00   -0.194350443780422E-02   -0.266175977885723E-01   -0.103361219167709E+00
       0.113591141998768E+00    0.450923405587673E-01    0.240404568612576E-01    0.152831882238388E+00    0.148051641881466E-01
       0.933158397674561E-01   -0.354164958000183E+00    0.142036512494087E+00    0.654860138893127E-01    0.135678723454475E+00
      -0.380910225212574E-01    0.269168585538864E+00   -0.155683889985085E+00    0.164846748113632E+00   -0.913946479558945E-01
       0.703695192933083E-01    0.193370401859283E+00   -0.232593305408955E-01    0.170877963304520E+00    0.159124378114939E-02
      -0.215882912278175E+00    0.119769066572189E+00   -0.170104041695595E+00   -0.189785912632942E+00   -0.421688631176949E-01
       0.170426338911057E+00   -0.907452926039696E-01   -0.114909872412682E+00   -0.122883945703506E+00   -0.137667670845985E+00
      -0.482214018702507E-01    0.103243224322796E+00    0.256622195243835E+00   -0.876827910542488E-01   -0.940909311175346E-01
      -0.227533318102360E-01    0.433577261865139E-01   -0.969375204294920E-02   -0.161390565335751E-01   -0.395526178181171E-01
       0.177086293697357E+00   -0.357431061565876E-01   -0.770450159907341E-01   -0.448533520102501E-01    0.151195600628853E+00
      -0.188095882534981E+00   -0.844123587012291E-01   -0.555972382426262E-01   -0.198523715138435E+00   -0.414918363094330E-01
       0.541734434664249E-01   -0.268303640186787E-01
      -0.103549182415009E+00    0.892195850610733E-01    0.703877806663513E-01    0.167390465736389E+00    0.291202664375305E+00
       0.159718021750450E+00    0.797608718276024E-01   -0.199960470199585E-01    0.110384449362755E-02    0.290566459298134E-01
       0.109754785895348E+00    0.312008112668991E-01    0.244897138327360E-02    0.170931831002235E+00    0.230957999825478E+00
      -0.172289490699768E+00   -0.127812623977661E+00   -0.105088874697685E+00    0.313222736120224E+00    0.290452269837260E-02
       0.141220524907112E+00    0.762221496552229E-02    0.672993436455727E-01    0.315144062042236E-01    0.816535502672195E-01
      -0.741829797625542E-01   -0.115104392170906E+00   -0.108888365328312E+00   -0.104589298367500E+00   -0.846163183450699E-01
       0.155083373188972E+00    0.619347020983696E-02    0.553379096090794E-01   -0.813228487968445E-01   -0.160872936248779E+00
      -0.936326850205660E-02    0.542357824742794E-01   -0.114228017628193E+00    0.521507225930691E-01    0.209474742412567E+00
      -0.104918507859111E-01    0.968808084726334E-01   -0.204003229737282E+00    0.995012074708939E-01    0.557323917746544E-01
      -0.707379207015038E-01    0.119065396487713E+00    0.103070393204689E+00    0.739919617772102E-01   -0.169240050017834E-01
       0.167597740888596E+00    0.567256100475788E-01    0.127743363380432E+00   -0.755384713411331E-01   -0.568013042211533E-01
       0.889642536640167E-01   -0.151411265134811E+00   -0.170117244124413E-03    0.323648080229759E-01   -0.101146869361401E+00
       0.760851651430130E-01    0.110059538856149E-01   -0.672051385045052E-01    0.189002171158791E+00    0.777656361460686E-01
       0.108015805482864E+00   -0.112750614061952E-01   -0.406905822455883E-01    0.385511256754398E-01   -0.204355180263519E+00
       0.530009716749191E-01    0.250773042440414E+00
       0.117049358785152E+00    0.124408774077892E+00    0.932669416069984E-01   -0.108172163367271E+00   -0.238161325454712E+00
       0.134424399584532E-01    0.625456869602203E-01    0.684102103114128E-01    0.742352008819580E-01    0.898081362247467E-01
       0.471423417329788E-01   -0.537191778421402E-01    0.378021188080311E-01    0.260535448789597E+00   -0.194530427455902E+00
       0.333665721118450E-01    0.302311092615128E+00   -0.461383908987045E-01    0.749764069914818E-01    0.270167320966721E+00
      -0.248646542429924E+00    0.134986326098442E+00    0.130575984716415E+00   -0.292982995510101E+00   -0.118707001209259E+00
      -0.887000113725662E-01    0.146294921636581E+00    0.275988936424255E+00    0.383542813360691E-01    0.103730201721191E+00
      -0.232770740985870E-01   -0.123607680201530E+00   -0.119490735232830E-02   -0.776548311114311E-01    0.132224857807159E+00
      -0.404470711946487E-01    0.694052651524544E-01    0.105331160128117E+00    0.612364932894707E-01   -0.182233929634094E+00
       0.164976447820663E+00   -0.243312008678913E-01   -0.290325321257114E-01   -0.145168855786324E+00   -0.486132577061653E-01
       0.366546437144279E-01   -0.144499698653817E-01    0.654099583625793E-01   -0.658824443817139E-01   -0.990415215492249E-01
      -0.109150595963001E+00   -0.714751705527306E-01   -0.242096170783043E+00   -0.290665626525879E+00    0.307777971029282E-01
       0.213945597410202E+00   -0.115729734301567E+00    0.704866275191307E-01   -0.195245593786240E-01    0.122986026108265E+00
      -0.130285114049911E+00   -0.628506243228912E-01   -0.102328248322010E+00    0.165185704827309E+00    0.169688817113638E-01
      -0.952674150466919E-01   -0.533234328031540E-01    0.128452181816101E+00   -0.158489927649498E+00    0.195694744586945E+00
      -0.428020469844341E-01    0.844570398330688E-01
       0.269943773746490E-01   -0.529727563261986E-01   -0.510507915169001E-02   -0.930163264274597E-01   -0.169347137212753E+00
      -0.164059981703758E+00    0.114108800888062E+00    0.213070780038834E+00    0.325021706521511E-01    0.279852896928787E+00
       0.396920107305050E-01   -0.201608926057816E+00    0.125819802284241E+00   -0.100732311606407E+00    0.555193200707436E-01
       0.116608388721943E+00    0.341968715190887E+00    0.669275224208832E-01   -0.103255115449429E+00    0.707715600728989E-01
       0.655477643013000E-01   -0.318696238100529E-01   -0.847445651888847E-01    0.661332532763481E-01    0.103429168462753E+00
      -0.148401439189911E+00    0.281933844089508E+00    0.173447933048010E-02    0.940952748060226E-01    0.172119047492743E-01
      -0.879093855619431E-01   -0.494503043591976E-02   -0.499252006411552E-01    0.319896310567856E+00    0.231743022799492E+00
       0.581766068935394E-01    0.116894543170929E+00   -0.146556481719017E+00   -0.214671064168215E-02    0.227893695235252E+00
      -0.180284865200520E-01   -0.363508239388466E-01   -0.645182132720947E-01    0.324733788147569E-02   -0.160941377282143E+00
       0.964656695723534E-01   -0.870063677430153E-01   -0.634185504168272E-02    0.150175005197525E+00    0.130801543593407E+00
      -0.290406554937363E+00   -0.197015225887299E+00    0.136041240766644E-01   -0.125461921095848E+00    0.705980956554413E-01
       0.256054490804672E+00   -0.401990637183189E-01   -0.102480098605156E+00    0.499457903206348E-01    0.164160668849945E+00
      -0.114174447953701E+00   -0.793301910161972E-01   -0.181700512766838E-01    0.816559866070747E-01    0.292267091572285E-01
       0.201201900839806E+00    0.126770898699760E+00    0.176416471600533E+00    0.672431290149689E-01   -0.172582477331161E+00
      -0.943688526749611E-01   -0.195290118455887E+00
       0.480525083839893E-01    0.195983082056046E+00    0.403892546892166E-01    0.232112765312195E+00    0.176308825612068E+00
      -0.587812513113022E-01    0.153385087847710E+00   -0.787124261260033E-01    0.149921372532845E+00   -0.216876082122326E-01
       0.953705757856369E-01    0.444324314594269E-01    0.696932002902031E-01   -0.125047266483307E+00    0.532384961843491E-01
      -0.293748266994953E-01    0.894235447049141E-01    0.695771053433418E-01   -0.924468412995338E-01    0.250389695167542E+00
       0.356213934719563E-01    0.174080565571785E+00    0.115480765700340E+00    0.566741637885571E-01    0.288753390312195E+00
       0.782184600830078E-01    0.114971529692411E-01   -0.370983779430389E-01   -0.126945778727531E+00   -0.261679776012897E-01
       0.904337987303734E-01    0.462618917226791E-01   -0.728577971458435E-01    0.821421220898628E-01    0.111815268173814E-01
       0.116414144635201E+00   -0.384921021759510E-01    0.636437982320786E-01    0.131734102964401E+00    0.131954833865166E+00
      -0.114722371101379E+00   -0.156930163502693E-01   -0.137170463800430E+00    0.998369604349136E-01    0.111836448311806E+00
       0.127979088574648E-01    0.227647483348846E+00   -0.157860293984413E-01    0.690298974514008E-01    0.837859231978655E-02
      -0.879853293299675E-01   -0.211743399500847E+00    0.123806543648243E+00    0.134617403149605E+00   -0.178694114089012E+00
       0.127918953076005E-01    0.228872135281563E+00   -0.180170655250549E+00   -0.475886873900890E-01   -0.234343111515045E-02
      -0.485460646450520E-01    0.336622539907694E-02   -0.575815886259079E-01    0.177642479538918E+00    0.574029907584190E-01
      -0.320485122501850E-01   -0.478048175573349E-01   -0.231172144412994E+00    0.216406621038914E-01   -0.234650913625956E-02
       0.159055203199387E+00   -0.250027775764465E-01
      -0.246020369231701E-01   -0.571497902274132E-01   -0.149373844265938E+00    0.776645615696907E-01    0.223027914762497E+00
       0.426703304052353E+00    0.671718120574951E-01    0.188896104693413E+00    0.775009915232658E-01    0.138062834739685E+00
      -0.246946513652802E-01   -0.354131236672401E-01   -0.194955274462700E+00   -0.119731724262238E+00    0.314133405685425E+00
       0.168474152684212E+00    0.142027586698532E+00    0.281304329633713E+00    0.355339571833611E-01    0.171319186687469E+00
       0.276420116424561E+00    0.997070297598839E-01    0.782688930630684E-01    0.204143851995468E+00    0.343886502087116E-01
       0.193762451410294E+00   -0.953148230910301E-01    0.442319691181183E+00    0.126290963962674E-01    0.998740345239639E-01
       0.122481942176819E+00   -0.222045704722404E+00   -0.887593030929565E-01   -0.419611204415560E-02    0.163300722837448E+00
       0.353437587618828E-01    0.318508833646774E+00    0.721303652971983E-02   -0.503686964511871E-01    0.149546146392822E+00
       0.195876330137253E+00    0.247978165745735E+00    0.360859930515289E+00    0.226459071040154E+00   -0.210462853312492E+00
      -0.166943520307541E-01    0.332827828824520E-01   -0.127408504486084E+00    0.880355909466743E-01   -0.135233858600259E-01
      -0.100056855008006E-01    0.981329008936882E-01    0.164808824658394E+00    0.200973182916641E+00   -0.191278994083405E+00
       0.479317903518677E-01    0.294682607054710E-01   -0.425335951149464E-03    0.130537357181311E-01   -0.295100808143616E+00
       0.131757244467735E+00    0.224021166563034E+00    0.153321385383606E+00    0.283499091863632E+00   -0.116443380713463E+00
      -0.245878994464874E-01   -0.173409774899483E+00   -0.201424703001976E+00   -0.381551217287779E-02    0.126423701643944E+00
       0.106285266578197E+00    0.595946377143264E-02
      -0.589931663125753E-02    0.981029421091080E-01   -0.129976188763976E-01    0.134950438514352E-01    0.214408054947853E+00
       0.166037097573280E+00    0.886987820267677E-01    0.935313403606415E-01   -0.325342081487179E-01    0.229302737861872E-01
       0.781418606638908E-01    0.162445660680532E-02   -0.228168815374374E-01   -0.374954044818878E-01    0.902904570102692E-01
      -0.619994029402733E-01    0.194835379719734E+00    0.265923708677292E+00    0.141491040587425E+00   -0.229578867554665E+00
      -0.589629709720612E-01    0.166798569262028E-01    0.205614998936653E+00    0.386636890470982E-01   -0.220960497856140E+00
      -0.192891478538513E+00   -0.171031713485718E+00   -0.300852432847023E-01    0.154758676886559E+00    0.506760925054550E-01
      -0.372456498444080E-01    0.132858619093895E+00   -0.930907856673002E-02    0.220077648758888E+00    0.110026553273201E+00
       0.996110513806343E-01    0.813484340906143E-01    0.474168099462986E-01   -0.146153271198273E+00   -0.641072392463684E-01
       0.202424988150597E+00    0.841180309653282E-01    0.270843654870987E+00    0.852783843874931E-01    0.108561394736171E-01
      -0.307589545845985E-01   -0.884148105978966E-01    0.855969712138176E-01    0.229195863008499E+00   -0.779108256101608E-01
      -0.105499319732189E+00    0.426202006638050E-01   -0.171200305223465E+00    0.436167977750301E-01   -0.140478432178497E+00
      -0.464442856609821E-01    0.110252641141415E+00   -0.562570840120316E-01   -0.228443220257759E-01   -0.254075266420841E-01
       0.113558106124401E+00   -0.101952061057091E+00   -0.406668558716774E-01    0.185235857963562E+00    0.216495618224144E-01
      -0.140871882438660E+00   -0.136349171400070E+00   -0.537797585129738E-01    0.518348552286625E-01    0.190643608570099E+00
      -0.950325001031160E-02   -0.119905471801758E+00
      -0.710456594824791E-01    0.759237632155418E-01   -0.576804392039776E-03    0.160249590873718E+00    0.102258257567883E+00
       0.737246349453926E-01   -0.747290328145027E-01   -0.168949782848358E+00    0.784157812595367E-01    0.312514044344425E-02
       0.148172780871391E+00    0.519314594566822E-01   -0.127395121380687E-01    0.107831083238125E+00    0.104184225201607E+00
      -0.304465703666210E-01    0.114932365715504E+00    0.572792701423168E-01   -0.151546820998192E+00   -0.994589626789093E-01
      -0.251724906265736E-01   -0.623476356267929E-01   -0.566727817058563E-01   -0.212718471884727E-01    0.258971564471722E-01
       0.155066177248955E+00   -0.131505012512207E+00    0.457433201372623E-01   -0.261320292949677E+00   -0.593226775527000E-01
      -0.265182375907898E+00   -0.918650105595589E-01    0.201746389269829E+00   -0.294755548238754E-01    0.529211480170488E-02
      -0.107756191864610E-01   -0.546946153044701E-01    0.125344321131706E+00   -0.247357897460461E-01    0.229184143245220E-01
       0.156614601612091E+00   -0.202546305954456E-01   -0.602546036243439E-01    0.875685513019562E-01    0.124249361455441E+00
       0.156837135553360E+00   -0.237283721566200E+00   -0.641452241688967E-02   -0.714188888669014E-01   -0.241240099072456E+00
      -0.100365117192268E+00   -0.304402634501457E-01   -0.154716804623604E+00   -0.502220354974270E-01    0.841073617339134E-01
      -0.159074947237968E+00   -0.165954202413559E+00   -0.142861381173134E+00    0.913808271288872E-01   -0.355240143835545E-01
      -0.137723818421364E+00   -0.288775153458118E-01    0.258437637239695E-01    0.510012879967690E-01    0.291259475052357E-01
      -0.844303239136934E-02   -0.218164160847664E+00    0.310944626107812E-02    0.255839359015226E-01   -0.566721800714731E-02
      -0.220965817570686E-01    0.226416319608688E+00
       0.839031115174294E-02    0.554080940783024E-01    0.612159259617329E-01   -0.385780073702335E-01   -0.167176015675068E-01
      -0.268457047641277E-01    0.369233228266239E-01   -0.748876202851534E-02    0.858943685889244E-01   -0.103038631379604E+00
      -0.167953714728355E+00    0.166904479265213E+00    0.302459187805653E-01   -0.996130034327507E-01   -0.551271252334118E-03
       0.994005426764488E-01    0.660412162542343E-01   -0.530031323432922E-01    0.828959271311760E-01    0.443753302097321E-01
      -0.448999144136906E-01    0.555914342403412E-01    0.123050354421139E+00    0.765250027179718E-01   -0.110846094787121E+00
      -0.382427498698235E-01    0.776274204254150E-01    0.311940796673298E-01    0.162649467587471E+00    0.130973517894745E+00
       0.114708237349987E+00    0.199563369154930E+00   -0.204917103052139E+00   -0.905351266264915E-01    0.416900850832462E-01
      -0.459574460983276E-01   -0.185616806149483E+00    0.216361075639725E+00   -0.386795662343502E-01    0.141150668263435E+00
      -0.354138277471066E-01   -0.486393943428993E-01   -0.105379506945610E+00   -0.152863144874573E+00    0.934045389294624E-01
      -0.109409980475903E+00   -0.202160671353340E+00    0.164944559335709E+00    0.770995318889618E-01   -0.732450652867556E-02
       0.524285659193993E-01    0.188815504312515E+00   -0.172108523547649E-01    0.123401515185833E+00    0.409940928220749E-01
       0.104138314723969E+00    0.140770062804222E+00    0.536833852529526E-01   -0.189158335328102E+00    0.309123337268829E+00
      -0.238067656755447E-01    0.493508810177445E-02    0.146584555506706E+00   -0.162544220685959E+00    0.958813950419426E-01
      -0.131434291601181E+00   -0.256536528468132E-03    0.537964031100273E-01    0.265876129269600E-01    0.463641658425331E-01
       0.126315690577030E-01    0.524181053042412E-01
       0.845373645424843E-01   -0.176178961992264E-01   -0.182259559631348E+00   -0.247676834464073E+00   -0.683909282088280E-03
      -0.790851563215256E-01    0.933762863278389E-01    0.181280206888914E-01    0.157301291823387E+00    0.164206355810165E+00
       0.450210087001324E-01    0.116519793868065E+00    0.107042625546455E+00    0.198273658752441E-01    0.139146804809570E+00
       0.164551898837090E+00    0.120217524468899E+00   -0.351982951164246E+00    0.176802992820740E+00   -0.360686108469963E-01
       0.161034852266312E+00   -0.129099801182747E+00   -0.136002451181412E+00   -0.190858244895935E-01   -0.964208915829659E-01
       0.401192493736744E-01   -0.133169293403625E+00   -0.257527410984039E+00    0.198578089475632E+00   -0.128470599651337E+00
      -0.576673150062561E-01    0.102541865780950E-01   -0.330592580139637E-01    0.188309952616692E+00    0.106952205300331E+00
       0.166168987751007E+00   -0.112545721232891E+00   -0.128040879964828E+00   -0.915160477161407E-01    0.135681871324778E-01
       0.166499510407448E+00    0.861627049744129E-03    0.174865260720253E+00    0.365785919129848E-01   -0.644858926534653E-01
      -0.486435461789370E-02   -0.241866186261177E+00   -0.237862542271614E-01    0.336383283138275E-01   -0.344098825007677E-02
       0.309781264513731E-02    0.523049943149090E-01    0.172005340456963E+00   -0.274301990866661E-01    0.802797079086304E-01
       0.816091373562813E-01    0.436059869825840E-01    0.140901938080788E+00   -0.852096676826477E-01    0.515035428106785E-01
       0.664668455719948E-01   -0.561706051230431E-01    0.957473665475845E-01   -0.145383104681969E+00    0.962317511439323E-01
       0.132077768445015E+00   -0.930830165743828E-01    0.930254012346268E-01   -0.147476077079773E+00   -0.106914071366191E-01
      -0.928116962313652E-01    0.157998472452164E+00
       0.482526719570160E-01    0.101283952593803E+00    0.763169210404158E-02    0.144858241081238E+00   -0.106670022010803E+00
       0.506219416856766E-01   -0.278680950403214E+00   -0.382596962153912E-01    0.279055647552013E-01   -0.201669991016388E+00
       0.952989608049393E-01   -0.174971982836723E+00    0.237591996788979E+00    0.968618318438530E-01    0.504956953227520E-01
       0.535890739411116E-02    0.920947790145874E-01    0.229597121477127E+00   -0.363819859921932E-01   -0.158453077077866E+00
       0.393881238996983E-01   -0.206942111253738E-01    0.293918758630753E+00    0.156311467289925E+00    0.133422359824181E+00
       0.171045973896980E+00   -0.178854912519455E+00    0.662669688463211E-01    0.198496967554092E+00   -0.117587417364120E+00
       0.783442482352257E-01    0.499735102057457E-01    0.104139052331448E+00    0.207268893718719E-01    0.101774096488953E+00
      -0.131309181451797E+00   -0.178642690181732E+00   -0.129817649722099E+00    0.789467990398407E-01    0.468996874988079E-01
       0.370264500379562E-01   -0.620098263025284E-01    0.394253395497799E-01   -0.932813361287117E-01   -0.909490063786507E-01
      -0.110320784151554E+00    0.403459295630455E-01   -0.852161422371864E-01   -0.626067444682121E-01   -0.146417602896690E+00
       0.191371500492096E+00    0.755929388105869E-02    0.199078693985939E+00    0.886341109871864E-01    0.256576202809811E-01
       0.920144245028496E-01   -0.797713994979858E-01   -0.477027930319309E-01   -0.206331580877304E+00    0.165247544646263E+00
       0.163091439753771E-01   -0.112294673919678E+00    0.143086135387421E+00    0.149180814623833E+00    0.144330888986588E+00
      -0.180314004421234E+00   -0.399685055017471E-01    0.172984734177589E+00   -0.398737266659737E-01    0.106319911777973E+00
      -0.531155765056610E-01   -0.184703208506107E-01
      -0.385178104043007E-01   -0.714496001601219E-01    0.965093895792961E-01   -0.108690381050110E+00    0.558776268735528E-02
       0.940320827066898E-02    0.221029430627823E+00   -0.523389130830765E-01    0.100483754649758E-01    0.746951773762703E-01
       0.547748319804668E-01    0.978795364499092E-01    0.981366559863091E-01    0.103985495865345E+00   -0.479836761951447E-01
       0.535997860133648E-01    0.553335063159466E-01   -0.943276733160019E-01    0.999925658106804E-01   -0.104662880301476E+00
       0.811619833111763E-01   -0.599482357501984E-01    0.518969111144543E-01    0.786446556448936E-01   -0.431691668927670E-01
       0.133798673748970E+00   -0.452513583004475E-01    0.137860141694546E-01    0.741552840918303E-02   -0.254872813820839E-01
      -0.192803695797920E+00   -0.784601569175720E-01   -0.120414376258850E+00    0.242677584290504E+00    0.233363322913647E-01
      -0.421901084482670E-01   -0.147188320755959E+00    0.861927568912506E-01   -0.623142253607512E-02   -0.623697191476822E-01
       0.415972853079438E-02    0.142567753791809E+00   -0.585591867566109E-01    0.154259711503983E+00    0.155680716037750E+00
       0.985127687454224E-01   -0.282387703657150E+00   -0.165583133697510E+00   -0.870020464062691E-01   -0.148058935999870E+00
       0.924135297536850E-01    0.831899493932724E-01   -0.198357015848160E+00    0.257313966751099E+00   -0.927452221512794E-01
      -0.391333773732185E-01   -0.128612881526351E-01    0.573011860251427E-01    0.138673737645149E+00    0.107655286788940E+00
      -0.255425460636616E-01    0.672046691179276E-01    0.100973863154650E-01    0.641098842024803E-01   -0.191479116678238E+00
       0.986681208014488E-01   -0.123165071010590E+00    0.240631192922592E+00   -0.163179636001587E+00   -0.116422653198242E+00
      -0.651061162352562E-01   -0.206730179488659E-01
      -0.728470087051392E-01   -0.630596932023764E-02    0.627435296773911E-01    0.154459014534950E+00    0.237489253282547E+00
       0.836897343397141E-01    0.706798285245895E-01   -0.124347716569901E+00   -0.115143973380327E-02   -0.871436372399330E-01
       0.192126885056496E+00    0.215396970510483E+00   -0.721138417720795E-01    0.338093563914299E-01   -0.430858023464680E-01
      -0.781480893492699E-01    0.572575032711029E-01    0.130068227648735E+00   -0.546549409627914E-01   -0.510202720761299E-01
      -0.645971745252609E-01    0.217182308435440E+00    0.107556022703648E+00    0.756249204277992E-01    0.160483822226524E+00
       0.203930705785751E+00   -0.192607387900352E+00   -0.105247184634209E+00    0.495630726218224E-01   -0.359892435371876E-01
       0.190424248576164E+00    0.940214246511459E-01    0.882503166794777E-01   -0.283765673637390E+00    0.455431081354618E-01
      -0.153442874550819E+00   -0.289865322411060E-01    0.116359636187553E+00    0.181557223200798E+00    0.562207847833633E-01
       0.257841628044844E-01   -0.137031912803650E+00    0.184833168983459E+00    0.906600151211023E-02   -0.841007381677628E-01
      -0.530487764626741E-02    0.251676023006439E+00   -0.874161571264267E-01    0.192953452467918E+00   -0.101977623999119E+00
       0.257791519165039E+00   -0.562384575605392E-01    0.111714318394661E+00   -0.962867885828018E-01   -0.351622141897678E-01
       0.281491965055466E+00   -0.259664535522461E+00    0.622202269732952E-01    0.803968533873558E-01    0.919445753097534E-01
       0.196400716900826E+00    0.129048243165016E+00    0.896033421158791E-01   -0.466527603566647E-02   -0.604089125990868E-01
       0.106369122862816E+00    0.240013927221298E+00    0.527790822088718E-01    0.389331243932247E-01   -0.997210666537285E-01
      -0.477710515260696E-01    0.415736017748713E-02
      -0.478028394281864E-01    0.115120500326157E+00   -0.209490247070789E-01   -0.193316042423248E-01    0.390327572822571E+00
       0.173492357134819E+00    0.147414833307266E+00   -0.352826379239559E-01    0.234685745090246E-01   -0.998550653457642E-01
      -0.496649630367756E-01   -0.167162448167801E+00    0.228342980146408E+00    0.136783778667450E+00    0.341019123792648E+00
      -0.518889054656029E-01    0.499263145029545E-01    0.321500897407532E-01   -0.299368239939213E-01    0.155433416366577E+00
       0.666326880455017E-01   -0.125737249851227E+00    0.121534533798695E+00   -0.170475900173187E+00    0.136941254138947E+00
       0.143429646268487E-01    0.105709880590439E+00   -0.300373658537865E-01    0.755808576941490E-01    0.116706281900406E+00
       0.924713015556335E-01   -0.788484215736389E-01   -0.607802048325539E-01   -0.205750837922096E+00    0.203676640987396E+00
       0.238715827465057E+00    0.617069192230701E-01    0.111295040696859E-01   -0.803284123539925E-01    0.339646875858307E+00
      -0.218158334493637E+00    0.522318184375763E-01   -0.175439417362213E-01    0.272416546940804E-01    0.945332869887352E-01
       0.124177940189838E+00    0.308419764041901E+00   -0.186491787433624E+00   -0.109523646533489E+00   -0.205363631248474E-01
       0.797726362943649E-01    0.169794335961342E-01   -0.457067973911762E-01    0.214907191693783E-01   -0.490966290235519E-01
       0.206780791282654E+00   -0.151403009891510E+00   -0.139592885971069E+00    0.564606077969074E-01   -0.255638778209686E+00
       0.111869141459465E+00    0.143989488482475E+00    0.110894352197647E+00   -0.107975132763386E+00   -0.754957646131516E-01
      -0.936241894960403E-01    0.364038906991482E-01   -0.628229156136513E-01   -0.102059720084071E-01    0.126191809773445E+00
       0.333129577338696E-01   -0.168571360409260E-01
       0.196837812662125E+00    0.163966387510300E+00   -0.139715194702148E+00   -0.465734377503395E-01   -0.393004149198532E+00
       0.263773426413536E-01    0.442982539534569E-01    0.178408056497574E+00    0.119857333600521E+00    0.120275327935815E-01
       0.426438376307487E-01   -0.573912039399147E-01    0.464471653103828E-01   -0.209943577647209E+00   -0.287596613168716E+00
       0.391716696321964E-01    0.266814492642879E-01   -0.416416227817535E-01   -0.696647092700005E-01    0.171939015388489E+00
      -0.197589755058289E+00   -0.129476919770241E+00    0.108573347330093E+00   -0.950120314955711E-01   -0.160254210233688E+00
      -0.978784561157227E-01    0.157885372638702E+00    0.850354135036469E-01    0.137321025133133E+00    0.548696666955948E-01
      -0.102489748969674E-01    0.119120128452778E+00   -0.224756032228470E+00    0.143647352233529E-01   -0.198404520750046E+00
      -0.910421833395958E-01   -0.501750409603119E-01    0.998729467391968E-01   -0.115384787321091E+00    0.153903603553772E+00
      -0.182095393538475E+00    0.164734378457069E+00    0.595809295773506E-01    0.857440456748009E-01   -0.814065784215927E-01
      -0.330127738416195E-01   -0.189492121338844E+00    0.116864956915379E+00    0.141400411725044E+00   -0.622398313134909E-02
       0.131585830822587E-01   -0.110820196568966E+00   -0.107658475637436E+00    0.755861401557922E-01    0.205035433173180E+00
       0.217943012714386E+00    0.683837532997131E-01    0.119706816971302E+00   -0.130268722772598E+00    0.230526417493820E+00
       0.151774615049362E+00    0.963542088866234E-01    0.179723441600800E+00    0.197280030697584E-01   -0.522846952080727E-01
      -0.193414002656937E+00   -0.147938868030906E-01    0.807649716734886E-01   -0.914010405540466E-01   -0.542447045445442E-01
       0.266129449009895E-01   -0.930430144071579E-01
      -0.707251131534576E-01    0.374302379786968E-01    0.687937363982201E-01    0.601537227630615E-01    0.727227330207825E-01
       0.155893325805664E+00   -0.239005498588085E-01    0.289220660924911E-01   -0.860939919948578E-01   -0.277676619589329E-01
       0.157489031553268E-01   -0.704368054866791E-01    0.226367581635714E-01    0.277323126792908E+00    0.127177825197577E-01
       0.158533602952957E-01    0.378836579620838E-01   -0.820448100566864E-01    0.394713543355465E-01    0.209849193692207E+00
       0.258201301097870E+00    0.101219214498997E+00    0.404112748801708E-01   -0.101686984300613E+00   -0.376370325684547E-01
      -0.586105287075043E-01   -0.100090421736240E+00   -0.334643214941025E+00    0.108934618532658E+00   -0.791806355118752E-01
      -0.187702327966690E-01   -0.434310249984264E-01    0.248581379652023E+00    0.214553810656071E-02   -0.440135132521391E-02
      -0.219598039984703E+00   -0.243434473872185E+00    0.190187022089958E-01   -0.126210197806358E+00    0.173353180289268E+00
       0.628108903765678E-02   -0.872382894158363E-01    0.162537246942520E+00   -0.273513458669186E-01   -0.210886806249619E+00
       0.174234062433243E-02    0.601639375090599E-01    0.959830209612846E-01   -0.887960493564606E-01   -0.354879014194012E-01
       0.150536343455315E+00    0.201670192182064E-01    0.708975866436958E-01    0.357776917517185E-01   -0.129926279187202E+00
       0.803143307566643E-01   -0.186781957745552E+00    0.236629359424114E-01   -0.193560510873795E+00   -0.279562249779701E-01
      -0.145357593894005E+00    0.740525797009468E-01    0.104942731559277E+00    0.132478013634682E+00    0.135394886136055E+00
      -0.278545171022415E-02    0.720431879162788E-01    0.229936465620995E-01    0.311638191342354E-01    0.645933672785759E-01
      -0.422323904931545E-01   -0.301193594932556E-01
       0.117927799001336E-01   -0.117777869105339E+00    0.102000765502453E+00    0.921999439597130E-01   -0.525409430265427E-01
       0.406616553664207E-01    0.702491477131844E-01    0.228757470846176E+00    0.821554660797119E-02   -0.450538694858551E-01
      -0.134826838970184E+00    0.422732606530190E-01   -0.214303269982338E+00   -0.194694444537163E+00   -0.146713241934776E+00
      -0.348967406898737E-02    0.811907425522804E-01    0.474134646356106E-02    0.419213846325874E-01    0.220929205417633E+00
      -0.417551733553410E-01    0.432777330279350E-01    0.100973345339298E+00   -0.497984513640404E-01   -0.282701179385185E-01
      -0.193729624152184E+00    0.245505139231682E+00   -0.198187418282032E-01   -0.674140229821205E-01   -0.249580387026072E-02
      -0.466385390609503E-02    0.758718848228455E-01    0.524574853479862E-01   -0.148570552468300E+00    0.437286049127579E-01
       0.216325432062149E+00    0.980212092399597E-01    0.770331695675850E-01    0.255113244056702E-01   -0.329079814255238E-01
      -0.839614123106003E-01   -0.175530798733234E-01   -0.438341677188873E+00   -0.307407416403294E-02    0.320073589682579E-01
      -0.813054591417313E-01   -0.201042175292969E+00    0.896775349974632E-01    0.116007901728153E+00    0.133342295885086E+00
       0.830345004796982E-01    0.133523449301720E+00   -0.110910296440125E+00   -0.347495704889297E+00   -0.138018904253840E-01
      -0.137009873986244E+00    0.693872869014740E-01   -0.460829734802246E-01    0.107296090573072E-01    0.355965882539749E+00
      -0.287547498941422E+00   -0.133183285593987E+00    0.490330755710602E-01   -0.125356793403625E+00   -0.924110338091850E-01
       0.148136690258980E+00    0.727592036128044E-01    0.109364137053490E+00   -0.229969099164009E-01   -0.486906133592129E-01
      -0.896410923451185E-02   -0.127072587609291E+00
      -0.507334023714066E-01   -0.506629534065723E-01   -0.132658397778869E-01    0.896731019020081E-01    0.149043634533882E+00
      -0.200317397713661E+00    0.832067206501961E-01    0.162008609622717E-01   -0.866240411996841E-01    0.120908118784428E+00
       0.673319622874260E-01   -0.116624355316162E+00    0.114123020321131E-01    0.205695435404778E+00    0.369810312986374E+00
      -0.122688844799995E+00    0.253942422568798E-02    0.706704109907150E-01    0.836855396628380E-01   -0.269596636295319E+00
      -0.537445247173309E-01    0.346413791179657E+00   -0.532989203929901E-01   -0.203152388334274E+00    0.145043894648552E+00
       0.460103079676628E-01    0.359350331127644E-01    0.136907085776329E+00   -0.107266224920750E+00    0.109421968460083E+00
      -0.453586317598820E-01   -0.211118720471859E-01   -0.105623409152031E+00   -0.533442124724388E-01   -0.616056174039841E-01
       0.165109261870384E-01    0.108142010867596E+00    0.149332880973816E+00   -0.103530243039131E+00   -0.169170483946800E+00
       0.148880854249001E+00   -0.185619741678238E-01    0.877173244953156E-01    0.483055524528027E-01   -0.144520699977875E+00
      -0.682717636227608E-01   -0.121508702635765E+00    0.206471886485815E-02    0.433052796870470E-02    0.119245305657387E+00
      -0.180289313197136E+00   -0.325114745646715E-02   -0.208501964807510E+00    0.100967787206173E+00   -0.178705435246229E-02
       0.187909945845604E+00   -0.153569906949997E+00    0.378346741199493E-01   -0.105838440358639E+00   -0.712008029222488E-01
      -0.965653210878372E-01   -0.108939386904240E+00   -0.138283625245094E+00   -0.173878930509090E-01   -0.157554000616074E+00
       0.748698636889458E-01    0.397162735462189E-01    0.662539824843407E-01   -0.446403175592422E-01   -0.330368615686893E-01
       0.422699898481369E-01    0.449772961437702E-01
       0.181477889418602E+00    0.177747666835785E+00    0.228448770940304E-01    0.119823375716805E-01   -0.273256078362465E-01
      -0.146932333707809E+00    0.173618178814650E-01    0.686632245779037E-01    0.159903794527054E+00   -0.191591568291187E-01
      -0.801041126251221E-01   -0.124101236462593E+00    0.122438877820969E+00    0.235647290945053E+00   -0.108567945659161E+00
      -0.177954867482185E+00    0.320937991142273E+00    0.577689297497272E-01    0.934285223484039E-01   -0.327131263911724E-01
      -0.680933743715286E-01   -0.125672593712807E+00    0.147279456257820E+00    0.383651070296764E-01   -0.112458951771259E+00
       0.314109027385712E-01    0.584743209183216E-01   -0.366378054022789E-01    0.981432273983955E-01    0.248293038457632E-01
      -0.864458009600639E-01   -0.126996591687202E+00    0.696973651647568E-01   -0.169348776340485E+00   -0.735986977815628E-01
      -0.209681428968906E-01   -0.754518713802099E-02   -0.235479295253754E+00   -0.133663684129715E+00   -0.446351282298565E-01
       0.625014454126358E-01   -0.300135426223278E-01   -0.395421944558620E-01    0.184352561831474E+00   -0.936722662299871E-02
       0.117377363145351E+00    0.265884965658188E+00   -0.381807610392570E-01   -0.175740376114845E+00    0.489990375936031E-01
       0.455474816262722E-01    0.137341931462288E+00    0.113117940723896E+00   -0.403554625809193E-01   -0.993108749389648E-01
       0.996856242418289E-01    0.105822272598743E+00    0.188794568181038E+00   -0.124256581068039E+00   -0.131386786699295E+00
       0.619010068476200E-01   -0.924705043435097E-01    0.686338469386101E-01   -0.154594793915749E+00   -0.782279148697853E-01
       0.916799381375313E-01   -0.578676089644432E-01   -0.208496302366257E-02    0.962805077433586E-01    0.882836207747459E-01
       0.316987521946430E-01    0.643998524174094E-02
       0.116013519465923E+00    0.493424274027348E-01   -0.155037015676498E+00    0.241628438234329E-01    0.234572619199753E+00
       0.104259304702282E+00    0.213232040405273E-01   -0.202490687370300E+00   -0.944531559944153E-01    0.687181726098061E-01
      -0.824723392724991E-01   -0.112376160919666E+00   -0.303926169872284E-01    0.286433756351471E+00    0.144655838608742E+00
      -0.107595928013325E+00    0.760924816131592E-01    0.243165120482445E+00   -0.642904546111822E-02   -0.131881879642606E-01
       0.311433104798198E-02   -0.673001483082771E-01   -0.153899028897285E+00    0.203537531197071E-01   -0.418322756886482E-01
      -0.450423732399940E-01   -0.603586137294769E-01    0.923600792884827E-02   -0.139200976118445E-01   -0.477434322237968E-01
       0.758379418402910E-02    0.210480883717537E+00    0.320683978497982E-01    0.261048302054405E-01    0.714790225028992E-01
       0.302738882601261E-01   -0.504677519202232E-01   -0.421471484005451E-01   -0.272993035614491E-01    0.341144502162933E-01
       0.120797097682953E+00    0.557400509715080E-01    0.304513461887836E-01    0.328842774033546E-01   -0.117739722132683E+00
      -0.302992314100266E-01   -0.648084189742804E-02    0.974636226892471E-01    0.401772558689117E-01    0.948788598179817E-01
       0.944116264581680E-01    0.203358530998230E+00    0.985452458262444E-01   -0.142102101817727E-01    0.304981581866741E-01
       0.663749054074287E-01    0.146918877959251E+00    0.115220591425896E+00   -0.182131007313728E-01   -0.183847770094872E-01
       0.120079338550568E+00   -0.909147188067436E-01    0.195760559290648E-01   -0.717428475618362E-01   -0.668491274118423E-01
       0.121655166149139E+00    0.337064228951931E-01    0.502541214227676E-01    0.993142127990723E-01   -0.105670325458050E+00
      -0.846727937459946E-01    0.107504703104496E+00
       0.714361891150475E-01   -0.111271813511848E+00    0.303621143102646E-01    0.164764195680618E+00   -0.980994701385498E-01
       0.611206740140915E-01    0.108742408454418E+00    0.105767078697681E+00   -0.890329927206039E-01   -0.103722251951694E+00
       0.109597936272621E+00   -0.368675515055656E-01    0.177344426512718E+00   -0.183534808456898E-01   -0.384238958358765E-01
       0.178647682070732E+00    0.122474441304803E-01   -0.110673591494560E+00   -0.169413879513741E+00    0.114243134856224E+00
      -0.549794882535934E-01    0.378028005361557E-01    0.315995998680592E-01   -0.276242256164551E+00    0.286878734827042E+00
      -0.193437010049820E+00    0.911521241068840E-01    0.160593166947365E+00   -0.217787742614746E+00    0.124050155282021E+00
      -0.813666731119156E-01    0.194119065999985E-01    0.925029888749123E-01    0.146978497505188E+00    0.748391747474670E-01
       0.329494699835777E-01    0.795967727899551E-01    0.401207152754068E-02    0.389288589358330E-01    0.363484136760235E-01
      -0.435276217758656E-01   -0.191907405853271E+00    0.546898925676942E-02   -0.728167071938515E-01    0.136477991938591E+00
       0.575455576181412E-01    0.196528106927872E+00    0.114604368805885E+00   -0.133538246154785E+00   -0.219299346208572E-01
      -0.216482892632484E+00   -0.747194886207581E-01    0.425056703388691E-01   -0.315887816250324E-01    0.687894001603127E-01
      -0.811809152364731E-01    0.234309136867523E-01   -0.169847503304482E+00    0.122629262506962E+00   -0.787908434867859E-01
       0.228588804602623E+00   -0.128984689712524E+00    0.233880355954170E-01    0.246983859688044E-02   -0.443134270608425E-01
       0.123691009357572E-01   -0.154027370736003E-01   -0.106590418145061E-01    0.773172304034233E-01   -0.140075860545039E-01
       0.264270335435867E+00    0.786248818039894E-01
       0.333699164912105E-02   -0.253104239702225E+00    0.245626360177994E+00    0.136518940329552E+00    0.209827050566673E+00
       0.762732550501823E-01    0.188675150275230E+00    0.126653671264648E+00    0.278378464281559E-01    0.714170411229134E-01
       0.282382331788540E-01    0.326874516904354E-01   -0.358655564486980E-01    0.322615914046764E-01    0.181017667055130E+00
       0.853519067168236E-01    0.141697019338608E+00    0.793342944234610E-02   -0.213624462485313E-01   -0.984659940004349E-01
       0.101230457425117E+00   -0.248638801276684E-01   -0.439937002956867E-01    0.717261619865894E-02    0.192810177803040E+00
       0.446319207549095E-01    0.760962590575218E-01    0.387683175504208E-01   -0.200711846351624E+00   -0.103948153555393E+00
       0.317111402750015E+00   -0.766643956303596E-01   -0.522878542542458E-01    0.135182499885559E+00    0.170563355088234E+00
      -0.489527322351933E-01    0.419455058872700E-01   -0.631970763206482E-01    0.159174397587776E+00    0.982330963015556E-01
      -0.875238776206970E-01    0.311373844742775E-01   -0.502936635166407E-02    0.362771414220333E-01   -0.633448362350464E-01
       0.424998477101326E-01    0.674171671271324E-01    0.683198124170303E-01    0.115128256380558E+00   -0.920089632272720E-01
       0.836969465017319E-01    0.165559470653534E+00    0.232820928096771E+00   -0.405946597456932E-01   -0.133867725729942E+00
      -0.327734090387821E-02    0.574953034520149E-01    0.743874013423920E-01    0.144595086574554E+00   -0.155157774686813E+00
       0.217766210436821E+00   -0.275015793740749E-01   -0.302094668149948E-01    0.875566750764847E-01    0.844540968537331E-01
       0.176795035600662E+00   -0.158265009522438E-01    0.446574017405510E-01   -0.135872825980186E+00   -0.232717357575893E-01
       0.236005559563637E+00   -0.783693641424179E-01
       0.812057629227638E-01   -0.174540534615517E+00   -0.368659906089306E-01   -0.351229570806026E-01   -0.252406954765320E+00
      -0.346754103899002E+00    0.282921314239502E+00   -0.231005847454071E-01    0.410423055291176E-01   -0.756645668298006E-02
      -0.261929444968700E-01   -0.121143445372581E+00    0.344527326524258E-02    0.339262858033180E-01   -0.139395505189896E+00
       0.774325504899025E-01    0.243429496884346E+00    0.808099359273911E-01   -0.792179778218269E-01   -0.153458490967751E-02
       0.476089045405388E-01   -0.649791583418846E-01   -0.171877592802048E-01   -0.662158522754908E-02   -0.196606189012527E+00
      -0.359797477722168E-01   -0.206501781940460E-01   -0.838901698589325E-01   -0.470502395182848E-02   -0.106744967401028E+00
      -0.992186516523361E-01    0.890735387802124E-01    0.373045206069946E-01    0.228329300880432E-01   -0.142055274918675E-01
       0.122833900153637E+00   -0.159085057675838E-01   -0.238293558359146E-01   -0.720153972506523E-01    0.129754558205605E+00
       0.583113990724087E-01   -0.130486339330673E+00    0.462013855576515E-01    0.643364898860455E-02    0.274002850055695E+00
       0.194272056221962E+00    0.107834994792938E+00    0.972059816122055E-01   -0.114439241588116E+00   -0.686189159750938E-01
       0.654311701655388E-01    0.309757515788078E-01   -0.639773979783058E-01   -0.146047174930573E+00    0.816508457064629E-01
       0.155035093426704E+00   -0.750451162457466E-01   -0.262057751417160E+00    0.221752785146236E-01    0.143859356641769E+00
      -0.482082664966583E-01    0.172948405146599E+00    0.703912973403931E-01    0.109456852078438E+00    0.824999064207077E-01
       0.269498638808727E-01    0.102427333593369E+00    0.611798502504826E-01    0.162547484040260E+00    0.450884923338890E-01
      -0.195834815502167E+00   -0.218680277466774E+00
      -0.340172238647938E-01    0.106490012258291E-01   -0.239614307880402E+00    0.289052464067936E-01    0.181281834840775E+00
       0.162736345082521E-01   -0.689701661467552E-01    0.220536142587662E-01    0.724906995892525E-01   -0.291921764612198E+00
       0.173779539763927E-01    0.168133661150932E+00   -0.261193424463272E+00    0.211052000522614E-01    0.476169958710670E-01
       0.571085186675191E-02   -0.132333949208260E+00   -0.371273234486580E-01   -0.926804617047310E-01   -0.189123675227165E-01
       0.161546304821968E+00   -0.173084244132042E+00    0.150651246309280E+00   -0.655934363603592E-01    0.137907877564430E+00
      -0.980599522590637E-01   -0.301933854818344E+00    0.554141514003277E-01    0.147637911140919E-02   -0.725724622607231E-01
      -0.243989937007427E-01    0.641844943165779E-01    0.199534237384796E+00   -0.298672139644623E+00   -0.513849556446075E-01
      -0.129658341407776E+00   -0.110225372016430E+00    0.497308745980263E-01   -0.468935295939445E-01    0.109955165535212E-01
      -0.101508438587189E+00   -0.122787520289421E+00    0.284204065799713E+00   -0.118985950946808E+00    0.613435767591000E-01
      -0.311643481254578E-01   -0.108256377279758E+00   -0.147466868162155E+00    0.266922311857343E-02   -0.379748828709126E-01
      -0.371090099215508E-01    0.466787852346897E-01    0.848009809851646E-01   -0.569798797369003E-01   -0.775763615965843E-01
      -0.374598093330860E-01    0.137207373976707E+00   -0.180911019444466E+00   -0.243732079863548E+00   -0.158173173666000E+00
       0.986656770110130E-01    0.100714288651943E+00   -0.561160314828157E-02   -0.507638528943062E-01    0.115228123962879E+00
      -0.648886188864708E-01   -0.112559363245964E+00    0.151217147707939E+00    0.174335520714521E-01    0.344581417739391E-01
       0.158366113901138E+00    0.884025096893311E-01
      -0.929351001977921E-01   -0.139917403459549E+00   -0.214274063706398E+00    0.159328579902649E+00    0.546443164348602E-01
      -0.192463338375092E+00    0.320939943194389E-01   -0.449831448495388E-01   -0.131257086992264E+00    0.192386671900749E+00
       0.690890774130821E-01    0.624860785901546E-01   -0.176012925803661E-01    0.108071170747280E+00    0.264630675315857E+00
       0.944047942757607E-01    0.154895886778831E+00    0.106587953865528E+00    0.259748041629791E+00   -0.606586113572121E-01
      -0.322333909571171E-01    0.760453715920448E-01    0.286096110939980E-01    0.107849881052971E+00    0.114983431994915E+00
       0.229616556316614E-02    0.114609576761723E+00    0.120540946722031E+00   -0.373566523194313E-01   -0.616485476493835E-01
       0.106637164950371E+00   -0.165042743086815E+00   -0.381612870842218E-02    0.142022281885147E+00    0.139441609382629E+00
      -0.292089730501175E-01    0.476439557969570E-01    0.499062016606331E-01   -0.796261206269264E-01    0.704451426863670E-01
      -0.121457248926163E+00   -0.996114462614059E-01   -0.541964247822762E-01    0.200877077877522E-01   -0.382211878895760E-01
      -0.229083195328712E+00    0.269240476191044E-01   -0.250404253602028E-01    0.136730656027794E+00   -0.152837306261063E+00
      -0.100537195801735E+00    0.106213256716728E+00    0.531678088009357E-01    0.109494216740131E-01    0.858146324753761E-01
      -0.222058087587357E+00   -0.737679675221443E-01   -0.216157570481300E+00    0.533836819231510E-01    0.103718817234039E+00
      -0.978107526898384E-01    0.122025355696678E+00   -0.536645203828812E-01    0.120025925338268E+00   -0.121129959821701E+00
       0.767304226756096E-01    0.865659788250923E-01    0.185737326741219E+00    0.549899712204933E-01    0.509257502853870E-01
       0.157166898250580E+00   -0.136422552168369E-02
      -0.358293280005455E-01    0.255219161510468E+00   -0.120194077491760E+00    0.515119172632694E-03   -0.314238160848618E+00
      -0.837331712245941E-01   -0.248224064707756E-01    0.325572267174721E-01    0.749935880303383E-01   -0.139741554856300E+00
      -0.540058389306068E-01   -0.731548815965652E-01   -0.644341260194778E-01   -0.750172585248947E-01   -0.222262144088745E+00
      -0.145675867795944E+00   -0.870038103312254E-02   -0.713468790054321E-01    0.255879200994968E-01    0.660487860441208E-01
      -0.214807987213135E+00    0.836146622896194E-01    0.576179102063179E-01    0.166778221726418E+00   -0.155249997973442E+00
      -0.174436464905739E+00    0.894755497574806E-01   -0.186034478247166E-02    0.359320759773254E+00   -0.148702422156930E-01
      -0.257755368947983E+00    0.302473865449429E-01    0.220117822289467E+00   -0.569149181246758E-01    0.210644572973251E+00
       0.148907050490379E+00    0.148892819881439E+00   -0.787031054496765E-01   -0.108421975746751E-01   -0.524418652057648E-01
       0.137490764260292E+00   -0.436844564974308E-01    0.216006204485893E+00    0.129395619034767E+00    0.133093774318695E+00
      -0.150210574269295E+00   -0.301156900823116E-01   -0.128074707463384E-01    0.952500626444817E-01    0.160339102149010E+00
      -0.115669488906860E+00   -0.144989907741547E+00   -0.348139047622681E+00    0.298289619386196E-01   -0.146192178130150E+00
       0.937014743685722E-01    0.233648158609867E-01   -0.109367698431015E+00   -0.500331297516823E-01    0.962063744664192E-01
      -0.682357847690582E-01   -0.324240885674953E-02   -0.312675237655640E-01    0.302780792117119E-01   -0.204084679484367E+00
       0.618989132344723E-01   -0.542192980647087E-01    0.162499740719795E+00    0.180247008800507E+00   -0.779701098799706E-01
       0.521642193198204E-01   -0.110481791198254E+00
       0.209710821509361E+00    0.983553454279900E-01    0.908718258142471E-01    0.225856006145477E+00    0.347529977560043E+00
       0.469374477863312E+00    0.147738590836525E+00   -0.191771686077118E-01   -0.201541669666767E-01    0.987640842795372E-01
       0.104425800964236E-01   -0.276773013174534E-01   -0.115828635171056E-01    0.155214667320251E+00    0.286349803209305E+00
       0.315381251275539E-01   -0.746006816625595E-01    0.113350309431553E+00   -0.714416652917862E-01    0.163802579045296E-01
       0.162490814924240E+00   -0.298173446208239E-02   -0.272078998386860E-01   -0.119640469551086E+00    0.189594298601151E+00
       0.276590406894684E+00   -0.717997029423714E-01   -0.223193943500519E+00   -0.229045644402504E+00   -0.222577434033155E-02
      -0.301864258944988E-01    0.294576585292816E+00    0.127697318792343E+00   -0.148039564490318E+00    0.875655263662338E-01
      -0.178215250372887E+00   -0.164981052279472E+00    0.218965448439121E-01   -0.226080551743507E+00    0.248097226023674E+00
       0.662444308400154E-01    0.128143690526485E-01    0.209778428077698E+00    0.113949976861477E+00    0.243260711431503E+00
       0.145761653780937E+00    0.332785934209824E+00   -0.110257128253579E-01    0.109634786844254E+00   -0.142496839165688E+00
       0.457561612129211E-01   -0.607548505067825E-01    0.139468550682068E+00    0.154782235622406E+00    0.125968813896179E+00
       0.597450360655785E-01    0.164960455149412E-01   -0.157195374369621E+00   -0.289555639028549E+00   -0.171032845973969E-01
      -0.792211201041937E-02    0.191301815211773E-01    0.695752575993538E-01   -0.153702497482300E+00   -0.139587149024010E+00
       0.235270142555237E+00    0.186330795288086E+00    0.137208357453346E+00    0.619300827383995E-01   -0.876451842486858E-03
       0.219615444540977E+00    0.140795290470123E+00
       0.873654782772064E-01    0.125673254951835E-01    0.390829518437386E-01    0.108694829046726E+00   -0.819406472146511E-03
       0.103382445871830E+00   -0.367923229932785E-01   -0.156446084380150E+00   -0.272084958851337E-01   -0.720946490764618E-01
       0.562227927148342E-01    0.389406271278858E-01   -0.268583372235298E-01    0.525942295789719E-01    0.496763475239277E-01
      -0.165986925363541E+00    0.210143074393272E+00    0.356869678944349E-02    0.287684798240662E-01   -0.738213863223791E-02
       0.153637528419495E+00   -0.123982608318329E+00    0.965392291545868E-01    0.864196568727493E-01   -0.485323593020439E-01
      -0.125933751463890E+00    0.109098017215729E+00   -0.232037901878357E-02   -0.610131174325943E-01   -0.152184709906578E+00
      -0.638803914189339E-01    0.112244524061680E+00    0.248341813683510E+00   -0.142419815063477E+00    0.214197471737862E+00
      -0.215741395950317E-01   -0.196136444807053E+00    0.602248199284077E-01   -0.518913902342319E-01   -0.332500506192446E-02
      -0.617031008005142E-01    0.458794757723808E-01    0.137849956750870E+00   -0.831673219799995E-01    0.948274508118629E-01
       0.792069509625435E-01   -0.205692648887634E-01   -0.157956302165985E+00   -0.235039182007313E-01    0.168596744537354E+00
      -0.224771276116371E+00   -0.133453562855721E+00    0.183721482753754E+00    0.402072854340076E-01    0.766266211867332E-01
      -0.111647687852383E+00    0.207122564315796E+00   -0.482915677130222E-01    0.623585022985935E-01    0.118671849370003E+00
      -0.155521020293236E+00   -0.173214226961136E+00   -0.723887085914612E-01    0.677016898989677E-01    0.259671747684479E+00
      -0.505363345146179E-01    0.138214513659477E+00    0.904421135783195E-02    0.198351055383682E+00    0.140817970037460E+00
      -0.286559052765369E-01    0.122692912817001E+00
      -0.224781438708305E+00   -0.265923030674458E-01    0.385890109464526E-02   -0.172866165637970E+00   -0.471663810312748E-01
       0.604547820985317E-01   -0.176823139190674E-01   -0.264829844236374E-01    0.408180383965373E-02    0.151584535837173E+00
       0.203667916357517E-01   -0.132062375545502E+00   -0.106060691177845E-02   -0.202206335961819E-01   -0.146800279617310E+00
      -0.130577251315117E+00   -0.125794783234596E+00    0.392604358494282E-01    0.196235075592995E+00    0.192962229251862E+00
       0.158917024731636E+00    0.168714165687561E+00   -0.125633433461189E+00   -0.792751237750053E-01    0.607300959527493E-01
      -0.115572195500135E-02   -0.144099995493889E+00    0.321313142776489E-01    0.182854220271111E+00    0.597263798117638E-01
       0.997984595596790E-02   -0.539956241846085E-01   -0.461337156593800E-03    0.745785459876060E-01    0.152338430285454E+00
       0.138648062944412E+00    0.182953134179115E+00   -0.272061750292778E-01   -0.620736330747604E-01   -0.435982868075371E-01
      -0.298092477023602E-01    0.133082866668701E-01    0.114607699215412E+00    0.486892573535442E-01    0.924045965075493E-01
       0.154060065746307E+00   -0.102239102125168E+00    0.337353236973286E-01   -0.400907434523106E-01    0.915450751781464E-01
      -0.277680344879627E-03    0.787219926714897E-01    0.895286053419113E-01    0.803368613123894E-01    0.408866070210934E-01
      -0.996833965182304E-01    0.563248433172703E-02   -0.124730676412582E+00   -0.667786672711372E-01    0.550635084509850E-01
      -0.155190872028470E-01   -0.497387200593948E-01   -0.471710823476315E-01   -0.127823159098625E+00   -0.769078731536865E-01
      -0.297798626124859E-01    0.754706487059593E-01    0.277687638998032E+00    0.201264470815659E+00    0.232668533921242E+00
       0.100554578006268E+00   -0.814657956361771E-01
       0.209006905555725E+00    0.143801067024469E-01    0.336213201284409E+00   -0.887684747576714E-01   -0.223864600062370E+00
      -0.342018827795982E-01    0.561598455533385E-02    0.910964086651802E-01   -0.280288718640804E-01    0.951646454632282E-02
      -0.980152487754822E-01    0.132716102525592E-01    0.169671773910522E+00   -0.816528424620628E-01    0.849428772926331E-01
      -0.939391702413559E-01    0.116839893162251E+00   -0.596066489815712E-01    0.239613763988018E-01   -0.128742372617126E-01
      -0.189667008817196E-02    0.502377338707447E-01    0.489380769431591E-01   -0.158600628376007E+00    0.877508893609047E-02
       0.156564608216286E+00   -0.287337694317102E-02   -0.857430547475815E-01    0.758184567093849E-01    0.105638563632965E+00
       0.450833924114704E-01   -0.990632697939873E-01   -0.115490287542343E+00    0.193006783723831E+00   -0.381772592663765E-01
      -0.686903819441795E-01    0.860848352313042E-01    0.118964523077011E+00    0.303152687847614E-01    0.162215828895569E-01
       0.236193053424358E-01    0.136681407690048E+00    0.962408855557442E-01   -0.968054775148630E-02    0.128690034151077E+00
       0.968686118721962E-01   -0.721589922904968E-01   -0.421504303812981E-01    0.496600456535816E-01   -0.927966162562370E-01
       0.269960127770901E-01   -0.128369867801666E+00   -0.353347845375538E-01    0.233832702040672E+00   -0.276398397982121E-01
      -0.629928931593895E-01   -0.367218535393476E-02    0.235185846686363E+00   -0.625725388526917E-01    0.516410879790783E-01
      -0.144922718405724E+00   -0.226186722517014E+00   -0.131722852587700E+00   -0.148717671632767E+00    0.169097885489464E+00
      -0.357173159718513E-01    0.734690427780151E-01   -0.487621575593948E-01    0.132284760475159E+00   -0.321944691240788E-01
       0.304609201848507E-01   -0.779641345143318E-01
      -0.197271600365639E+00    0.177179768681526E+00   -0.168603926897049E+00   -0.256961047649384E+00   -0.153576061129570E+00
      -0.165759742259979E+00   -0.431861653923988E-01    0.220225006341934E+00    0.221189811825752E+00   -0.802257284522057E-01
       0.251246523112059E-02    0.554663874208927E-02    0.237062089145184E-01   -0.121217906475067E+00   -0.785344317555428E-01
       0.201864331960678E+00    0.584665723145008E-01   -0.745938569307327E-01    0.137512519955635E+00    0.586130097508430E-02
       0.584875559434295E-02   -0.236472561955452E-01   -0.515566729009151E-01    0.319795668125153E+00    0.785643905401230E-01
      -0.102181181311607E+00    0.169230140745640E-01   -0.239673256874084E-01   -0.281747132539749E-01    0.110501736402512E+00
       0.930708199739456E-01    0.259430706501007E+00    0.118845492601395E+00    0.197354435920715E+00   -0.130128953605890E-02
       0.528338365256786E-02   -0.132799267768860E+00    0.401672758162022E-01    0.898677632212639E-01    0.992336347699165E-01
      -0.485049374401569E-01    0.328212641179562E-01    0.935827940702438E-01    0.131377756595612E+00   -0.547538399696350E-01
       0.574969593435526E-02   -0.120652556419373E+00    0.156315565109253E-01   -0.763799846172333E-01    0.996519923210144E-01
       0.157062709331512E+00    0.467590875923634E-01   -0.998481586575508E-01    0.773969739675522E-01    0.307456143200397E-01
      -0.164573267102242E+00    0.133898168802261E+00    0.207272991538048E+00   -0.112246731296182E-01    0.270577043294907E+00
      -0.944413691759109E-01    0.583897903561592E-01    0.753122121095657E-01    0.511369183659554E-01   -0.127281233668327E+00
       0.837290380150080E-02   -0.214445486664772E+00   -0.417443849146366E-01   -0.587049350142479E-01    0.106304794549942E+00
      -0.183590129017830E+00   -0.793076902627945E-01
       0.158039376139641E+00    0.204126715660095E+00   -0.566020235419273E-01   -0.321458466351032E-01   -0.329090952873230E-01
      -0.123399376869202E+00   -0.731829479336739E-01    0.122276261448860E+00    0.207100845873356E-01    0.223102308809757E-01
      -0.147174552083015E+00    0.490068867802620E-01    0.231236755847931E+00   -0.134303972125053E+00   -0.701701492071152E-01
       0.140818551182747E+00    0.113466896116734E+00    0.559929758310318E-01   -0.844899788498878E-01    0.180715590715408E+00
       0.263272374868393E-01   -0.131101876497269E+00   -0.248380899429321E-01   -0.111825622618198E+00    0.678318515419960E-01
      -0.728544890880585E-01    0.168691322207451E+00    0.115504421293736E+00   -0.817147791385651E-01   -0.211315914988518E+00
       0.653158724308014E-01    0.102379314601421E+00   -0.127637192606926E+00    0.977858826518059E-01   -0.223634876310825E-01
      -0.664956793189049E-01    0.957280099391937E-01    0.275363057851791E+00   -0.102583831176162E-01    0.197139203548431E+00
      -0.294123999774456E-01    0.541980452835560E-01   -0.111556932330132E+00   -0.175908312201500E+00    0.960211902856827E-01
       0.127866808325052E-01    0.128600120544434E+00   -0.311170816421509E-01    0.368284620344639E-02    0.543148994445801E+00
       0.127971470355988E+00    0.367113808169961E-02   -0.351699553430080E-01    0.524885542690754E-01   -0.719493478536606E-01
      -0.132016181945801E+00    0.415976271033287E-01   -0.354063212871552E-01   -0.418174304068089E-01    0.102723293006420E+00
       0.576159022748470E-01    0.190084844827652E+00   -0.311823710799217E-01    0.806014165282249E-01    0.830925628542900E-01
       0.851925015449524E-01    0.103561438620090E+00   -0.124736338853836E+00   -0.183679573237896E-01   -0.257709920406342E-01
       0.308745689690113E-01   -0.150314345955849E+00
   Bias in Layer   3
      -0.127734586596489E+00   -0.152375120669603E-01   -0.900777876377106E-01    0.475698336958885E-01    0.144547566771507E+00
      -0.899963602423668E-01    0.168038621544838E+00   -0.419476740062237E-01    0.733639895915985E-01    0.663600414991379E-01
      -0.141586974263191E+00   -0.682681277394295E-01    0.734455436468124E-01    0.593038555234671E-02   -0.318867489695549E-01
      -0.667955949902534E-01    0.638529062271118E-01    0.313142612576485E-01   -0.136975437402725E+00    0.111778765916824E+00
      -0.157101422548294E+00   -0.155766353011131E+00    0.119108902290463E-01    0.361217819154263E-01    0.336648635566235E-01
      -0.211044609546661E+00    0.797269716858864E-01   -0.650157630443573E-01   -0.133391156792641E+00   -0.422964384779334E-02
       0.133156580850482E-01   -0.572562664747238E-01    0.196656122803688E+00    0.382648929953575E-01   -0.645376145839691E-01
      -0.889494046568871E-01    0.125285461544991E+00    0.228647634387016E+00   -0.410136468708515E-01   -0.232675835490227E+00
      -0.189697295427322E-01   -0.644055306911469E-01    0.492471456527710E-01   -0.626677721738815E-01   -0.137695506215096E+00
      -0.257479883730412E-01    0.450519025325775E-01    0.405396223068237E-01
   Weight in Layer   3
       0.421401821076870E-01    0.332841902971268E+00    0.104294985532761E+00   -0.150282442569733E+00    0.136412102729082E-01
       0.506572658196092E-02   -0.168732196092606E+00    0.134236797690392E+00    0.665684044361115E-01   -0.122425407171249E+00
       0.498129464685917E-01   -0.154019400477409E+00    0.118281766772270E+00    0.117310553789139E+00   -0.380192585289478E-01
       0.122895188629627E+00    0.105288594961166E+00   -0.369677208364010E-01    0.324486494064331E+00    0.920314267277718E-01
      -0.990377217531204E-01    0.214640557765961E+00    0.203237235546112E+00    0.164581425487995E-01   -0.374865494668484E-01
      -0.140355363488197E+00    0.547039359807968E-01    0.124207966029644E+00   -0.129704758524895E+00    0.212172910571098E+00
       0.120309039950371E+00    0.903094187378883E-03    0.181427225470543E+00   -0.751125589013100E-01   -0.548222810029984E-01
       0.180768370628357E+00    0.653707096353173E-02    0.769457891583443E-01   -0.139106780290604E+00    0.871064811944962E-01
       0.169250056147575E+00   -0.666667427867651E-02    0.122674137353897E+00   -0.355315893888474E+00   -0.450036749243736E-01
      -0.595866516232491E-01   -0.125963062047958E+00    0.475400723516941E-01   -0.110072739422321E+00   -0.888096317648888E-01
       0.822176411747932E-01    0.235540345311165E-01   -0.293480396270752E+00    0.491648726165295E-01   -0.224996790289879E+00
      -0.367695838212967E-01    0.183554142713547E-01   -0.118655264377594E+00   -0.229646544903517E-02    0.611440092325211E-01
      -0.135914459824562E+00   -0.127128502354026E-01    0.787608325481415E-01   -0.836306437849998E-01    0.144235432147980E+00
       0.162936031818390E+00   -0.288286339491606E-02   -0.201063796877861E+00    0.394806534051895E+00   -0.104307569563389E+00
      -0.171499960124493E-01    0.132366046309471E+00   -0.510774180293083E-01    0.923709198832512E-01    0.104796774685383E+00
       0.410215556621552E-01    0.185031920671463E+00   -0.754962339997292E-01   -0.458871684968472E-01   -0.146545037627220E+00
      -0.980288758873940E-01    0.882961377501488E-01   -0.129695320501924E-01    0.397432148456573E+00   -0.458635166287422E-01
      -0.160596780478954E-01   -0.166460216045380E+00    0.127463340759277E+00   -0.159174069762230E+00   -0.460090190172195E-01
       0.642592906951904E-01   -0.155601590871811E+00    0.395717136561871E-01    0.139528810977936E+00   -0.428831987082958E-01
      -0.362279079854488E-01    0.171501301229000E-01    0.156203657388687E+00   -0.461284331977367E-01   -0.113838419318199E+00
      -0.168126046657562E+00   -0.137123599648476E+00   -0.109697386622429E+00    0.161532089114189E-01    0.188792780041695E+00
      -0.180702246725559E-01    0.107638249173760E-01   -0.152919506654143E-01    0.797737985849380E-01   -0.142993494868279E+00
      -0.111752919852734E+00    0.127369478344917E+00    0.795567706227303E-01   -0.289496123790741E+00    0.688971430063248E-01
      -0.734349787235260E-01    0.123803481459618E+00   -0.500318408012390E-01   -0.369325838983059E-01   -0.122521162033081E+00
      -0.134450390934944E+00    0.643679173663259E-02   -0.184385076165199E+00    0.150434017181396E+00    0.836210250854492E-01
      -0.106640784069896E-01   -0.203573495149612E+00    0.668744370341301E-01   -0.134165793657303E+00   -0.128141492605209E+00
       0.161492452025414E+00    0.166532441973686E+00    0.970789417624474E-01    0.523575814440846E-02    0.104327939450741E+00
      -0.888995826244354E-03    0.274659454822540E+00   -0.578280091285706E-01   -0.915241017937660E-01   -0.153270095586777E+00
       0.569218136370182E-01    0.676199048757553E-01   -0.131844118237495E+00   -0.148297935724258E+00    0.569351911544800E-01
      -0.412557348608971E-01   -0.407013930380344E-01    0.123633451759815E+00   -0.154672980308533E+00   -0.145767286419868E+00
      -0.183928757905960E-02    0.111088410019875E+00   -0.339009046554565E+00    0.710298866033554E-01    0.399749819189310E-02
      -0.899811461567879E-01   -0.809151306748390E-01   -0.175428539514542E-01   -0.806538108736277E-02   -0.232599023729563E-02
       0.145719110965729E+00    0.156471729278564E+00   -0.147736430168152E+00   -0.514859668910503E-01    0.258440757170320E-02
      -0.170319557189941E+00    0.304865017533302E-01   -0.343257151544094E-01    0.347640961408615E-01   -0.105086468160152E+00
      -0.616884976625443E-01   -0.193491324782372E+00   -0.207307383418083E+00    0.551786310970783E-01    0.155756399035454E+00
      -0.125073969364166E+00    0.251102112233639E-01    0.863355398178101E-01   -0.486273542046547E-01    0.138350069522858E+00
       0.144520536065102E+00   -0.771163478493690E-01    0.162336245179176E+00    0.586636131629348E-02    0.488921254873276E-01
       0.314458757638931E-01    0.136195614933968E+00    0.507793612778187E-01    0.890045762062073E-01    0.325879119336605E-01
       0.889386311173439E-01    0.122756354510784E+00   -0.128977699205279E-01   -0.390527844429016E-01   -0.282205343246460E-01
      -0.145347774028778E+00    0.260010272264481E+00    0.944963097572327E-01   -0.211868658661842E-01   -0.791403874754906E-01
       0.350762009620667E-01   -0.124651908874512E+00    0.163115449249744E-01   -0.134534642100334E+00    0.110735714435577E+00
       0.225325256586075E+00    0.882366076111794E-01   -0.134478390216827E+00    0.111655056476593E+00    0.192288622260094E+00
      -0.945351570844650E-01    0.930647999048233E-01   -0.134576320648193E+00   -0.699428692460060E-01    0.100967302918434E+00
      -0.223534516990185E-01   -0.114324659109116E+00    0.377630405128002E-01    0.174262166023254E+00    0.146536692976952E+00
      -0.371517241001129E-02   -0.836187750101089E-01   -0.134002327919006E+00    0.698818787932396E-01    0.889018252491951E-01
       0.259843803942204E-01   -0.116824582219124E+00   -0.199518829584122E+00   -0.601623281836510E-01   -0.190244227647781E+00
      -0.176633968949318E-01    0.178711205720901E+00   -0.247395038604736E-01    0.129186034202576E+00    0.232723280787468E+00
       0.506027415394783E-01   -0.209644943475723E+00    0.405633971095085E-01   -0.182654529809952E+00   -0.161010548472404E+00
      -0.240645669400692E-01   -0.318226963281631E-01   -0.102418825030327E+00    0.406535863876343E-01   -0.124881848692894E+00
      -0.965750664472580E-01    0.231925591826439E+00    0.490138214081526E-02   -0.161642536520958E+00    0.299679748713970E-01
       0.328847542405128E-01   -0.904403775930405E-01    0.234608143568039E+00   -0.163192287087440E+00   -0.485818833112717E-02
      -0.884547904133797E-01    0.164033267647028E-01   -0.701783820986748E-01   -0.224837854504585E+00   -0.194914057850838E+00
       0.183706209063530E+00   -0.120287239551544E+00   -0.330891534686089E-01    0.630454719066620E-01   -0.180171921849251E+00
      -0.657780095934868E-03   -0.193815737962723E+00    0.838656723499298E-01    0.625431165099144E-01    0.284618102014065E-01
      -0.124884247779846E+00    0.105021014809608E+00   -0.106147341430187E+00    0.847258493304253E-01    0.537925912067294E-02
      -0.493890605866909E-01    0.298263698816299E+00    0.136588484048843E+00   -0.126234963536263E+00   -0.284088142216206E-01
      -0.149712994694710E+00   -0.429158061742783E-01    0.125715211033821E+00    0.487046688795090E-01    0.178400054574013E+00
       0.867660269141197E-01    0.211687594652176E+00   -0.176065176725388E+00   -0.174309119582176E+00   -0.121519640088081E+00
       0.489271767437458E-01   -0.239754155278206E+00    0.438469275832176E-01    0.270153969526291E+00    0.248410087078810E-01
      -0.888874605298042E-01    0.996305271983147E-01    0.148441582918167E+00   -0.128205433487892E+00    0.332905352115631E-01
       0.177211999893188E+00   -0.372014157474041E-01   -0.862999930977821E-01    0.141433432698250E+00   -0.141921266913414E+00
      -0.228089928627014E+00   -0.145201459527016E+00    0.144209519028664E+00   -0.155378207564354E+00   -0.397381093353033E-02
      -0.489009395241737E-01    0.202519461512566E+00    0.227697938680649E+00   -0.438559576869011E-01    0.276678204536438E+00
      -0.754269957542419E-01   -0.132257282733917E+00   -0.150308981537819E+00   -0.114058621227741E+00    0.108723126351833E+00
      -0.180195823311806E+00    0.326507575809956E-01    0.117074087262154E+00    0.588039606809616E-01   -0.713271647691727E-01
       0.243281319737434E+00   -0.702397450804710E-01    0.153795838356018E+00    0.681552477180958E-02    0.184455588459969E-01
       0.103925198316574E+00    0.750784203410149E-02   -0.945280566811562E-01    0.325023755431175E-01   -0.120349973440170E+00
      -0.260453224182129E-01    0.356368869543076E+00    0.554040335118771E-01    0.976466201245785E-02   -0.162766605615616E+00
      -0.661861672997475E-01    0.254984498023987E-01    0.173912290483713E-01   -0.192804768681526E+00   -0.411492548882961E-01
       0.166987076401711E+00   -0.106145448982716E+00    0.590099506080151E-01    0.201901271939278E+00   -0.272101648151875E-01
       0.946704223752022E-01   -0.202623344957829E-01    0.124387048184872E+00   -0.216819256544113E+00    0.967827960848808E-01
       0.322480499744415E-01    0.154442206025124E+00    0.605635233223438E-01   -0.739323496818542E-01    0.261283442378044E-01
       0.706328600645065E-01    0.974425673484802E-01    0.113484419882298E+00    0.647836327552795E-01    0.396265923976898E+00
      -0.754762291908264E-01    0.104177944362164E+00    0.260537534952164E+00   -0.244318321347237E+00    0.639413446187973E-01
       0.211092948913574E+00    0.946195945143700E-01    0.290529914200306E-01    0.691168308258057E-01    0.373412072658539E-01
      -0.158040635287762E-01   -0.792910978198051E-01    0.582493320107460E-01   -0.172036886215210E+00    0.643004244193435E-02
      -0.313892848789692E-01   -0.219660684466362E+00    0.310899950563908E-01    0.707744807004929E-01   -0.203974954783916E-01
      -0.291035085916519E+00    0.426114499568939E-01    0.597467273473740E-01   -0.521407872438431E-01    0.224395096302032E-01
      -0.940855368971825E-01    0.179497793316841E+00   -0.192138105630875E+00    0.100124150514603E+00   -0.648616999387741E-01
      -0.158890902996063E+00    0.437954850494862E-01    0.276367902755737E+00   -0.104155065491796E-01   -0.351419895887375E-01
       0.706826224923134E-01    0.114611864089966E+00   -0.511685833334923E-01   -0.127086773514748E+00    0.864621773362160E-01
       0.136561505496502E-02    0.330372571945190E+00    0.105136878788471E+00   -0.196573883295059E-01    0.847602486610413E-01
      -0.326705910265446E-01   -0.103749759495258E+00    0.908861905336380E-01   -0.810562670230865E-01   -0.706409066915512E-01
      -0.705496743321419E-01    0.749225690960884E-01   -0.698064118623734E-01   -0.159315526485443E+00   -0.682775899767876E-01
      -0.736663211137056E-02   -0.876323413103819E-02   -0.218417495489120E-03   -0.118602201342583E+00   -0.853645876049995E-01
      -0.233664989471436E+00   -0.863880012184381E-02    0.118561364710331E+00    0.128799572587013E+00    0.172914132475853E+00
       0.121732123196125E+00   -0.145649820566177E+00   -0.173454761505127E+00    0.457724004983902E+00    0.689363032579422E-01
       0.271472662687302E+00   -0.138864293694496E+00    0.667127501219511E-02    0.143332943320274E+00    0.299709618091583E+00
      -0.654691159725189E-01    0.633504390716553E-01    0.822965875267982E-01   -0.715110301971436E-01    0.625312998890877E-01
       0.167404159903526E+00   -0.165742099285126E+00    0.157418206334114E+00   -0.257124379277229E-01    0.283775508403778E+00
      -0.120262643322349E-01    0.139954730868340E+00    0.169308081269264E+00   -0.123231902718544E+00   -0.534076616168022E-01
      -0.587649494409561E-01    0.666149705648422E-01    0.149418320506811E-02   -0.415871217846870E-01    0.209361165761948E+00
       0.616244412958622E-01   -0.371594689786434E-01   -0.239857092499733E+00   -0.218561202287674E+00    0.479543060064316E-01
      -0.371793881058693E-01   -0.134460136294365E+00    0.859667211771011E-01    0.766403749585152E-01    0.165467560291290E+00
      -0.627793520689011E-01    0.163383543491364E+00    0.253866493701935E+00   -0.191391512751579E+00    0.334832593798637E-01
      -0.633015111088753E-01    0.125479400157928E+00   -0.504882112145424E-01   -0.134952187538147E+00   -0.146259248256683E+00
      -0.206744864583015E+00   -0.187744840979576E+00    0.735325366258621E-01   -0.134845852851868E+00   -0.732894092798233E-01
       0.419002212584019E-01    0.136499386280775E-02   -0.540321692824364E-01   -0.143714947625995E-01   -0.473641902208328E-01
      -0.168230846524239E+00    0.786988288164139E-01   -0.116857275366783E+00    0.139308422803879E+00    0.763005912303925E-01
       0.402915105223656E-02    0.214868277311325E+00    0.437896288931370E-01    0.273355096578598E-01    0.609422661364079E-01
      -0.388983935117722E-01   -0.228848680853844E-02   -0.819557607173920E-01   -0.637730583548546E-01    0.156479384750128E-01
      -0.124620795249939E+00   -0.725095197558403E-01    0.114342093467712E+00    0.534522607922554E-01   -0.136911988258362E+00
      -0.127521812915802E+00   -0.198867656290531E-01   -0.316063389182091E-01    0.107682809233665E+00   -0.138670057058334E+00
      -0.268319219350815E+00    0.171745762228966E+00   -0.107724545523524E-01   -0.645632818341255E-01   -0.531359091401100E-01
      -0.983534380793571E-01   -0.118166953325272E+00   -0.204354822635651E-01   -0.208428904414177E+00   -0.601357743144035E-01
      -0.235769860446453E-01    0.314872056245804E+00    0.935396030545235E-01   -0.718390345573425E-01   -0.163351029157639E+00
       0.324592888355255E-01    0.369987815618515E+00   -0.384057871997356E-01    0.675918981432915E-01    0.122571118175983E+00
       0.129268944263458E+00   -0.765084847807884E-01    0.140008740127087E-01   -0.164565131068230E+00    0.142079010605812E+00
       0.437959730625153E-01   -0.597734972834587E-01    0.114044621586800E-01   -0.211185216903687E-01    0.919860973954201E-01
      -0.178430780768394E+00   -0.225975364446640E-01    0.112520493566990E+00   -0.662524625658989E-01    0.210952386260033E-02
      -0.192426070570946E+00   -0.125431880354881E+00   -0.886869430541992E-01    0.239777177572250E+00    0.230120494961739E-01
       0.854450687766075E-01    0.223370790481567E+00    0.148340135812759E+00    0.144480228424072E+00    0.168018303811550E-01
       0.209633260965347E+00   -0.173946470022202E-01   -0.248207345604897E+00    0.163105532526970E+00   -0.580736342817545E-02
      -0.424211956560612E-01    0.108506649732590E+00    0.114428110420704E+00   -0.242464207112789E-01   -0.889882072806358E-01
      -0.100257955491543E+00    0.134896755218506E+00    0.573288388550282E-01    0.216330707073212E+00   -0.659574419260025E-01
       0.206293225288391E+00    0.499077439308167E-01    0.403038412332535E+00   -0.134506255388260E+00   -0.124387308955193E+00
       0.149506226181984E+00   -0.192867502570152E+00   -0.132197709754109E-01    0.149733051657677E+00   -0.898187234997749E-01
       0.105420397594571E-01   -0.529614984989166E-01    0.237543419003487E+00    0.348995141685009E-01   -0.584644600749016E-01
      -0.126145094633102E+00   -0.903923064470291E-01   -0.152209281921387E+00   -0.742513909935951E-01    0.113133087754250E+00
       0.454798378050327E-01    0.277590341866016E-01    0.195155486464500E+00    0.135528787970543E+00    0.613627359271049E-01
      -0.791007727384567E-01    0.243203058838844E+00   -0.933567136526108E-01    0.126375988125801E+00   -0.111705176532269E+00
      -0.234380871057510E+00    0.167378112673759E+00    0.127230837941170E+00    0.408519953489304E-01    0.452253036201000E-01
       0.231298148632050E+00   -0.153954774141312E+00    0.101416960358620E+00   -0.738473758101463E-01    0.481180660426617E-01
       0.358102396130562E-01    0.191025331616402E+00   -0.107287563383579E+00   -0.181511133909225E+00   -0.291806869208813E-01
       0.119589097797871E+00    0.448753237724304E-01    0.419193208217621E-01   -0.250871740281582E-01    0.904299542307854E-01
       0.216963067650795E+00    0.126045078039169E+00    0.147786457091570E-02   -0.546093806624413E-01    0.195752885192633E-01
       0.309403210878372E+00    0.101184047758579E+00    0.177951887249947E+00   -0.156635075807571E+00   -0.151879101991653E+00
      -0.290185734629631E-01   -0.154729932546616E+00   -0.113811716437340E-02   -0.462299957871437E-01    0.531680099666119E-01
       0.204776257276535E+00   -0.954158529639244E-01    0.841027591377497E-02   -0.193554177880287E+00   -0.205546602606773E+00
       0.165560282766819E-01    0.390701778233051E-01   -0.332184433937073E-01    0.224048737436533E-01   -0.148808673024178E+00
      -0.311693102121353E-01    0.315368860960007E+00    0.639075189828873E-01    0.218594580888748E+00   -0.156960338354111E+00
       0.182325616478920E+00    0.721129179000854E-01    0.116046771407127E+00    0.874266959726810E-03    0.105905771255493E+00
       0.844453647732735E-01   -0.111137874424458E+00   -0.114922836422920E+00   -0.869803577661514E-01    0.937746316194534E-01
       0.116217501461506E+00   -0.162941813468933E+00   -0.967337340116501E-01    0.132250323891640E+00    0.336733683943748E-01
       0.760417059063911E-01    0.143270753324032E-01   -0.295884042978287E+00    0.118261799216270E+00    0.122833013534546E+00
       0.121740289032459E+00   -0.263967141509056E-01    0.338217727839947E-01   -0.221182599663734E+00   -0.133257592096925E-01
      -0.803289785981178E-01   -0.834006071090698E-01   -0.257069379091263E+00    0.158605519682169E-01   -0.777569320052862E-02
      -0.182143691927195E-02   -0.580340847373009E-01    0.144553169608116E+00   -0.253816187381744E+00   -0.146843688562512E-01
      -0.107645042240620E+00    0.111514464020729E+00   -0.846949890255928E-01   -0.102176465094090E+00    0.118838287889957E+00
      -0.442977212369442E-01    0.107414133846760E+00    0.203214678913355E-02   -0.334058739244938E-01   -0.364269278943539E-01
      -0.142957910895348E+00    0.915269404649734E-01    0.154183715581894E+00    0.107600055634975E+00   -0.167003087699413E-01
      -0.821399465203285E-01   -0.115784943103790E+00    0.745286494493484E-01    0.658393874764442E-01    0.185748636722565E+00
       0.152065515518188E+00   -0.536015331745148E-01   -0.291107296943665E+00   -0.324853248894215E-01   -0.449537336826324E-01
      -0.233253464102745E-01   -0.258669286966324E+00    0.139851327985525E-01   -0.620907843112946E-01    0.171953722834587E+00
       0.688841789960861E-01   -0.756093338131905E-01    0.214006647467613E+00   -0.552287977188826E-02    0.884687304496765E-01
      -0.180823914706707E-01   -0.149722099304199E+00   -0.165484070777893E+00   -0.115865930914879E+00    0.989033505320549E-01
       0.940591618418694E-01   -0.123762398958206E+00   -0.106522738933563E+00    0.568301603198051E-01    0.122112356126308E+00
       0.258070617914200E+00   -0.273181706666946E+00   -0.769091695547104E-01   -0.511432848870754E-01   -0.234823346138000E+00
       0.482449978590012E-01   -0.152806594967842E+00   -0.670810937881470E-01   -0.157123655080795E-01   -0.548805762082338E-02
      -0.769864246249199E-01    0.697755627334118E-02    0.154969125986099E+00    0.589573383331299E-01    0.484864115715027E-01
       0.387092977762222E-01    0.426003746688366E-01   -0.993759110569954E-01   -0.479133687913418E-01    0.120063386857510E-01
      -0.116027966141701E+00    0.161330774426460E+00   -0.139478862285614E+00   -0.854525640606880E-01    0.236339733004570E+00
       0.792042836546898E-01    0.217919379472733E+00    0.890012830495834E-02    0.225305929780006E-01    0.243584886193275E+00
       0.671460572630167E-02    0.391870327293873E-01   -0.468568168580532E-01   -0.507101528346539E-01   -0.442625842988491E-01
      -0.109143003821373E+00    0.890004634857178E-01    0.112668059766293E+00    0.881508737802505E-01   -0.622609779238701E-01
      -0.692328587174416E-01    0.161300107836723E+00    0.106984019279480E+00   -0.178088955581188E-01    0.673285201191902E-01
       0.151409491896629E+00    0.847812667489052E-01   -0.207928493618965E+00    0.873264297842979E-01   -0.237897455692291E+00
      -0.655175969004631E-01    0.258572194725275E-01   -0.491575747728348E-01   -0.855861380696297E-01    0.142497852444649E+00
      -0.573497358709574E-02   -0.372838303446770E-01    0.638865455985069E-01   -0.108332514762878E+00    0.135244861245155E+00
      -0.195717871189117E+00   -0.741210877895355E-01    0.461723506450653E-01    0.324022203683853E+00    0.174402818083763E-02
       0.270816572010517E-01    0.119303211569786E+00   -0.275230139493942E+00   -0.117354273796082E+00    0.834160074591637E-01
       0.157078608870506E+00    0.765633061528206E-01    0.563992857933044E-01    0.880086496472359E-01    0.131331831216812E+00
       0.176816862076521E-01    0.583991333842278E-01   -0.162782207131386E+00   -0.242309525609016E+00    0.473442561924458E-01
       0.129812076687813E+00   -0.243819370865822E+00   -0.272174566984177E+00    0.673199668526649E-01   -0.970086921006441E-02
       0.112892538309097E+00   -0.243181213736534E+00    0.109879113733768E+00    0.391936069354415E-02   -0.139746189117432E+00
       0.513935759663582E-01    0.297371000051498E-01   -0.124248877167702E+00    0.525463744997978E-01    0.175716385245323E+00
       0.534128025174141E-01    0.102853504940867E-01   -0.114217132329941E+00   -0.687783658504486E-01    0.128924012184143E+00
       0.417480133473873E-01   -0.541606992483139E-01   -0.369896031916142E-01   -0.117635935544968E+00   -0.276534110307693E+00
       0.107051450759172E-01    0.138629183173180E+00    0.155783951282501E+00    0.349343791604042E-01   -0.169599726796150E+00
       0.120363496243954E+00   -0.269140034914017E+00   -0.223748236894608E-01    0.747921317815781E-01   -0.799592584371567E-01
       0.532454578205943E-02    0.445940867066383E-01   -0.117104379460216E-01   -0.277303993701935E+00    0.152897819876671E+00
       0.863953754305840E-01   -0.628426074981689E-01   -0.704699456691742E-01   -0.414097942411900E-01    0.118599072098732E+00
       0.432996787130833E-01   -0.318828076124191E-01   -0.438193120062351E-01   -0.103433700278401E-01   -0.111520789563656E+00
       0.139942914247513E+00   -0.413974374532700E-01    0.126024149358273E-01    0.265809267759323E+00    0.105176970362663E+00
      -0.788027644157410E-01    0.171956032514572E+00   -0.463114529848099E-01   -0.451387912034988E-01    0.258536547422409E+00
       0.514300391077995E-01   -0.198926553130150E+00    0.127716615796089E+00    0.146256178617477E+00   -0.189452514052391E+00
       0.132586687803268E+00    0.402224920690060E-01    0.174477696418762E-03    0.210318848490715E+00   -0.815952047705650E-01
      -0.400148890912533E-01    0.594338513910770E-01   -0.234323099255562E+00   -0.120944036170840E-01    0.120372712612152E+00
       0.166366979479790E+00    0.134264715015888E-01    0.417366772890091E-01    0.138239502906799E+00   -0.693522617220879E-01
      -0.218261927366257E+00    0.147829234600067E+00   -0.193430691957474E+00    0.422573387622833E-01   -0.625566467642784E-01
      -0.165747538208961E+00    0.136896833777428E+00    0.229164306074381E-01    0.947740823030472E-01    0.772617850452662E-02
      -0.209842786192894E+00    0.132141962647438E+00    0.549206212162971E-01    0.113175682723522E+00    0.899783819913864E-01
      -0.275096110999584E-01    0.314088016748428E-01    0.797376930713654E-01    0.118810504674911E+00   -0.255160667002201E-01
      -0.744146704673767E-01   -0.116356194019318E+00    0.272634446620941E+00    0.867899358272552E-01   -0.128383249044418E+00
       0.111481640487909E-01    0.506952516734600E-01   -0.937709659337997E-01    0.130967408418655E+00    0.144148170948029E-01
      -0.724866688251495E-01   -0.824497416615486E-01   -0.106196850538254E-03    0.105480574071407E+00    0.565424151718616E-01
       0.104698568582535E+00    0.861953198909760E-01   -0.926023274660110E-01   -0.200636133551598E+00    0.198548048734665E+00
      -0.156427584588528E-01    0.752746760845184E-01   -0.139441043138504E+00    0.104154773056507E+00    0.109780937433243E+00
       0.157959982752800E-01    0.355544209480286E+00    0.107858709990978E+00   -0.109429977834225E+00   -0.144994884729385E+00
       0.124778166413307E+00    0.440414398908615E-01   -0.839593634009361E-01    0.880073681473732E-01    0.111909225583076E+00
      -0.305577874183655E+00    0.111182302236557E+00    0.192161686718464E-01   -0.163369625806808E+00    0.191756978631020E+00
       0.134349435567856E+00    0.214396595954895E+00    0.118050627410412E+00   -0.116838393732905E-01    0.109305471181870E+00
       0.138864181935787E-01   -0.511883981525898E-01    0.220511183142662E+00    0.899883061647415E-01    0.706056952476501E-01
       0.848446413874626E-01   -0.627692565321922E-01   -0.254538245499134E-01    0.283514559268951E+00   -0.613334253430367E-01
      -0.147373780608177E+00   -0.107905618846416E+00   -0.141004100441933E+00    0.115425679832697E-01    0.596789605915546E-01
       0.863944068551064E-01   -0.155693680047989E+00   -0.893896520137787E-01   -0.655319020152092E-01   -0.204162687063217E+00
      -0.540031213313341E-02    0.970745924860239E-02    0.111000418663025E+00    0.141965121030807E+00    0.669030174612999E-01
      -0.393283478915691E-01    0.386926308274269E-01   -0.689214169979095E-01   -0.173104181885719E-02   -0.615029335021973E-01
      -0.671059936285019E-01    0.166828364133835E+00    0.858562067151070E-01   -0.826351251453161E-02    0.477883918210864E-02
      -0.689362268894911E-02   -0.114131771028042E+00   -0.717244371771812E-01   -0.157185629010201E+00    0.131069600582123E+00
       0.817274376749992E-01   -0.226572304964066E+00   -0.261690437793732E+00   -0.226826190948486E+00   -0.114610856398940E-01
       0.118765309453011E-01    0.103028565645218E+00   -0.218025162816048E+00   -0.557340960949659E-02    0.593205578625202E-01
      -0.169032171368599E+00    0.225800633430481E+00   -0.506695844233036E-01    0.644108578562737E-01    0.165229514241219E-01
      -0.424869172275066E-01    0.128767237067223E+00   -0.322724916040897E-01   -0.213538855314255E-01    0.128223493695259E+00
       0.192475423216820E+00   -0.925970971584320E-01    0.323935240507126E+00   -0.108575960621238E-01    0.168779000639915E+00
       0.275793038308620E-01    0.625093281269073E-01   -0.313744813203812E+00    0.914740283042192E-02   -0.109598353505135E+00
       0.286908745765686E+00   -0.146103635430336E+00   -0.856681242585182E-01    0.108887873589993E+00   -0.174766167998314E+00
      -0.108708895742893E+00    0.157411359250546E-01    0.120842173695564E+00    0.173850238323212E+00    0.406211912631989E-01
       0.481529533863068E-01    0.235038809478283E-03    0.166703507304192E+00   -0.147741660475731E+00   -0.242513403296471E+00
       0.207600258290768E-01    0.638355091214180E-01   -0.933353304862976E-01    0.291523225605488E-01   -0.334662869572639E-01
       0.346239730715752E-01    0.243604376912117E+00   -0.211935654282570E+00    0.580637380480766E-01    0.103772543370724E+00
      -0.909313261508942E-01    0.623546838760376E-01   -0.399392470717430E-01   -0.233076810836792E-01    0.731228068470955E-01
       0.314850397408009E-01    0.975634232163429E-01   -0.104219727218151E+00    0.115663900971413E+00   -0.772004872560501E-01
      -0.178393483161926E+00    0.144934281706810E+00   -0.184172660112381E+00   -0.952313691377640E-01   -0.269665457308292E-01
      -0.128299565985799E-01   -0.795241072773933E-01    0.386820584535599E-01    0.187650218605995E+00   -0.236819572746754E-01
       0.101674139499664E+00   -0.100632824003696E+00    0.172869354486465E+00    0.109433062374592E+00   -0.134954929351807E+00
      -0.792439356446266E-01   -0.113182023167610E+00    0.112575747072697E+00    0.130012154579163E+00   -0.158337160944939E+00
      -0.324667207896709E-01    0.432269312441349E-01   -0.350125163793564E+00   -0.783791318535805E-01    0.207258202135563E-02
       0.154977098107338E+00   -0.214772582054138E+00    0.293903015553951E-01    0.321126610040665E+00    0.177449863404036E-01
      -0.311738587915897E-01   -0.523079857230186E-01    0.469531863927841E-01    0.171349510550499E+00   -0.236389726400375E+00
      -0.627198070287704E-01   -0.373567938804626E-01    0.181824252009392E+00   -0.162124812602997E+00   -0.195776388049126E+00
       0.826396644115448E-01    0.520882345736027E-01   -0.160378124564886E-02   -0.597619563341141E-01   -0.108054861426353E+00
      -0.225289851427078E+00    0.220101401209831E+00   -0.285353302955627E+00   -0.182216107845306E+00   -0.961598381400108E-01
      -0.126943616196513E-01    0.104442290961742E+00    0.951364934444427E-01   -0.244937106966972E+00    0.241075344383717E-01
      -0.136480018496513E+00    0.224136821925640E-01    0.121030054986477E+00    0.136849880218506E+00   -0.314473122358322E+00
       0.228004500269890E+00   -0.606481656432152E-01   -0.388682745397091E-01    0.236730590462685E+00   -0.520816929638386E-01
      -0.351005464792252E+00    0.534098297357559E-01   -0.213733047246933E+00   -0.419517047703266E-01   -0.146210566163063E+00
       0.169516891241074E+00   -0.110515899956226E+00    0.169752668589354E-01   -0.224826559424400E+00   -0.574985668063164E-01
      -0.248879835009575E+00    0.881172940135002E-01    0.998972728848457E-02   -0.954120457172394E-01    0.159866213798523E+00
       0.865175388753414E-02    0.101480707526207E+00    0.144648954272270E+00   -0.189715161919594E+00   -0.228580400347710E+00
      -0.157944872975349E+00    0.457868501543999E-01    0.232245326042175E+00   -0.382638983428478E-01    0.211900752037764E-02
       0.113906159996986E+00   -0.754778925329447E-02   -0.466665104031563E-01   -0.333251655101776E-01    0.249421611428261E+00
       0.218489319086075E+00   -0.117151722311974E+00   -0.150232668966055E-02   -0.290047787129879E-01    0.914500057697296E-01
      -0.180804654955864E+00    0.175797417759895E+00   -0.171465039253235E+00    0.719700148329139E-02    0.610349774360657E-01
       0.530922133475542E-02    0.343729518353939E-01    0.186464577913284E+00   -0.836217328906059E-01   -0.755459219217300E-01
       0.199658889323473E-01   -0.162925630807877E+00    0.145604267716408E+00   -0.115760684013367E+00    0.246665775775909E+00
       0.466513335704803E-01    0.649585798382759E-01    0.576655939221382E-01   -0.199058949947357E+00   -0.106079906225204E+00
       0.157825380563736E+00   -0.123261651024222E-01   -0.200962558388710E+00    0.157450407743454E+00    0.917737931013107E-01
       0.140251576900482E+00    0.139560345560312E-01   -0.164357833564281E-01   -0.178509652614594E+00   -0.629287362098694E-01
       0.818581581115723E-01    0.995290204882622E-01    0.534823685884476E-01    0.265304803848267E+00    0.140915617346764E+00
       0.203345417976379E+00   -0.191050142049789E+00   -0.210517242550850E+00   -0.283211767673492E+00    0.139875486493111E+00
       0.170608296990395E+00    0.514249950647354E-01   -0.240661755204201E+00    0.190684765577316E+00    0.243623599410057E+00
       0.117234237492085E+00   -0.783142913132906E-02    0.166686952114105E+00    0.236334756016731E+00   -0.523312315344810E-01
       0.106576435267925E+00   -0.283403038978577E+00   -0.326168984174728E-01    0.143201217055321E+00   -0.104741357266903E+00
      -0.140426754951477E+00   -0.680598709732294E-02   -0.101160362362862E+00    0.265625631436706E-02    0.116439096629620E+00
      -0.191093996167183E+00   -0.154394641518593E+00   -0.561822727322578E-01    0.735152512788773E-01    0.464906170964241E-01
       0.186810627579689E+00    0.106391370296478E+00    0.350742377340794E-01    0.968417227268219E-01   -0.309147126972675E-01
       0.166027337312698E+00    0.204284548759460E+00    0.655841156840324E-01   -0.133125633001328E+00   -0.616123229265213E-01
       0.828112661838531E-01    0.213923025876284E-02    0.107658490538597E+00    0.245322845876217E-02    0.929337888956070E-01
       0.100051186978817E+00   -0.315002724528313E-02   -0.579811912029982E-02    0.251805603504181E+00    0.119158789515495E+00
      -0.253061130642891E-01   -0.544295310974121E-01    0.323766350746155E+00   -0.751750320196152E-01   -0.950924605131149E-01
       0.123409911990166E+00   -0.582544803619385E-01    0.854037851095200E-01    0.305038951337337E-01   -0.154971599578857E+00
       0.895937830209732E-01    0.692291185259819E-01    0.390687249600887E-01    0.616136491298676E-01    0.568089336156845E-01
      -0.140902429819107E+00   -0.106093488633633E+00    0.111973486840725E+00    0.766814425587654E-01    0.139778077602386E+00
      -0.117646073922515E-01   -0.198176018893719E-01    0.100896097719669E+00   -0.142150580883026E+00    0.147111266851425E+00
      -0.149993777275085E+00    0.154945552349091E+00    0.978256575763226E-03   -0.115915343165398E+00    0.524843037128448E-01
      -0.209559760987759E-01   -0.209326148033142E-01    0.232847884297371E+00   -0.810753181576729E-01   -0.127235785126686E+00
       0.155457675457001E+00   -0.149439414963126E-01    0.251532066613436E-02    0.967695843428373E-02    0.679644495248795E-01
      -0.707942172884941E-01    0.153304010629654E+00    0.112938761711121E+00   -0.107601024210453E+00   -0.315192162990570E+00
      -0.257663398981094E+00   -0.103742510080338E+00    0.333945415914059E-01   -0.761917755007744E-01    0.111494369804859E+00
      -0.211695879697800E+00   -0.138761559501290E-01    0.548642612993717E-01   -0.125531643629074E+00    0.368439815938473E-01
       0.221403896808624E+00   -0.881005674600601E-01    0.259611636400223E+00    0.145726472139359E+00    0.168626494705677E-01
      -0.147885410115123E-01    0.365308448672295E-01   -0.967404171824455E-01   -0.431652404367924E-01   -0.571798384189606E-01
      -0.477148778736591E-02    0.526928063482046E-02   -0.131152421236038E+00   -0.154344961047173E+00   -0.254841595888138E-01
       0.672291591763496E-01    0.150959372520447E+00   -0.116121202707291E+00   -0.445061214268208E-01   -0.482755005359650E-01
       0.275120325386524E-01   -0.174087479710579E+00   -0.965814962983131E-01   -0.208932325243950E+00   -0.528060346841812E-01
      -0.613889992237091E-01    0.219715431332588E+00   -0.112718038260937E+00    0.113303765654564E+00    0.158950075507164E+00
       0.107879623770714E+00    0.429596379399300E-02   -0.160424381494522E+00    0.226206555962563E+00    0.156193375587463E-01
       0.422262251377106E-01   -0.835167691111565E-01   -0.246351771056652E-01    0.940371491014957E-02    0.111465886235237E+00
       0.401153564453125E-01   -0.216977506875992E+00   -0.371364317834377E-01    0.590371266007423E-01    0.188035488128662E+00
       0.317809045314789E+00    0.383508168160915E-01    0.152669968083501E-01   -0.271713454276323E-02   -0.754127502441406E-01
      -0.962052047252655E-01   -0.465937852859497E-01   -0.192070171236992E+00    0.680530443787575E-01    0.124321870505810E+00
      -0.510454215109348E-01   -0.731956958770752E-01    0.204536318778992E+00    0.134213328361511E+00   -0.931603312492371E-01
       0.243425250053406E+00    0.841062292456627E-01    0.204834625124931E+00   -0.159552842378616E+00   -0.103941805660725E+00
       0.480874627828598E-01   -0.465717278420925E-01   -0.114707008004189E+00    0.436014905571938E-01   -0.355834551155567E-01
       0.400532819330692E-01    0.239483401179314E+00   -0.470719002187252E-01    0.733478367328644E-01    0.100069724023342E+00
       0.555318035185337E-01   -0.409319192171097E+00    0.291676014661789E+00   -0.225166499614716E+00    0.685748551040888E-02
      -0.478758811950684E-01   -0.294192060828209E-01    0.101458437740803E+00    0.544587299227715E-01   -0.730381086468697E-01
      -0.178422883152962E+00    0.128542900085449E+00   -0.840264484286308E-01    0.657886341214180E-01   -0.159913703799248E+00
       0.596854873001575E-01    0.977726355195045E-01   -0.109443351626396E+00    0.713636279106140E-01   -0.417956151068211E-02
      -0.221523009240627E-01    0.454452708363533E-01    0.176853120326996E+00    0.915309414267540E-01    0.157240927219391E-01
      -0.327883809804916E-01    0.701687112450600E-01    0.241521745920181E-03    0.121050857007504E+00    0.185003355145454E+00
       0.744678303599358E-01    0.198994502425194E+00    0.132472485303879E+00    0.104499049484730E-03   -0.388825610280037E-01
       0.103544399142265E+00   -0.162426114082336E+00   -0.927685275673866E-01   -0.508043467998505E-01    0.228007748723030E+00
       0.146722540259361E+00    0.359080694615841E-01   -0.147427275776863E+00   -0.618639290332794E-01    0.945609956979752E-01
       0.153080195188522E+00   -0.111181519925594E+00   -0.191099867224693E-01    0.794318243861198E-01   -0.228794664144516E-01
       0.143453672528267E+00   -0.127149507403374E+00    0.221792176365852E+00    0.115596242249012E+00    0.199127122759819E-01
      -0.255447365343571E-01    0.302061825990677E+00   -0.129254376515746E-01   -0.933426246047020E-01    0.664389953017235E-01
       0.466234460473061E-01    0.271781712770462E+00   -0.102691121399403E+00   -0.101975232362747E+00    0.219914153218269E+00
      -0.527324452996254E-01   -0.131962135434151E+00   -0.770865231752396E-01   -0.536409616470337E-01   -0.230901047587395E+00
       0.151134580373764E+00   -0.182039782404900E+00    0.106634469702840E-01    0.179885819554329E+00   -0.121129646897316E+00
       0.112683601677418E+00   -0.212786272168159E+00    0.188621401786804E+00    0.201245903968811E+00    0.306298537179828E-02
      -0.846398249268532E-01    0.587758198380470E-01   -0.206234231591225E-01   -0.788678824901581E-01   -0.807977244257927E-01
      -0.136337384581566E+00    0.190704524517059E+00   -0.261119827628136E-01   -0.760177746415138E-01    0.797597840428352E-01
       0.157755970954895E+00    0.831013247370720E-01    0.106851607561111E+00    0.155073374509811E+00   -0.926484018564224E-01
       0.103180147707462E+00   -0.999930948019028E-01   -0.760678648948669E-01   -0.923824235796928E-01    0.150367552414536E-01
       0.244638562202454E+00   -0.588807538151741E-01    0.997367948293686E-01    0.124455913901329E+00    0.119750879704952E+00
       0.744513645768166E-01    0.209229722619057E+00   -0.117304682731628E+00    0.109461799263954E+00    0.112837664783001E-01
      -0.119065612554550E+00   -0.577651858329773E-01   -0.757191795855761E-02    0.830776840448380E-01    0.397051945328712E-01
       0.287995636463165E+00    0.268080294132233E+00   -0.149816991761327E-01    0.422342419624329E+00   -0.306883245706558E+00
      -0.190607666969299E+00    0.164249017834663E-01   -0.390907265245914E-01   -0.645758062601089E-01   -0.242590144276619E+00
      -0.542277991771698E-01   -0.151251494884491E+00   -0.313236653804779E+00   -0.287572205066681E+00   -0.526614021509886E-02
       0.189274325966835E-01   -0.158610753715038E-01   -0.447544567286968E-01   -0.147307202219963E+00    0.758838355541229E-01
      -0.817397162318230E-01   -0.165086567401886E+00   -0.375337600708008E-01   -0.762085020542145E-01   -0.173855461180210E-01
       0.650228559970856E-01   -0.200714096426964E-01    0.785904824733734E-01    0.113382451236248E+00    0.160897418856621E+00
       0.165430139750242E-01    0.364314652979374E-01    0.170450404286385E+00   -0.223884701728821E+00    0.167395189404488E+00
       0.164602980017662E+00   -0.494428277015686E-01    0.348002433776855E+00    0.204507336020470E+00    0.115545541048050E+00
       0.432052984833717E-01    0.144463971257210E+00   -0.245054028928280E-01   -0.119456931948662E+00   -0.106002554297447E+00
      -0.788032077252865E-03   -0.130938559770584E+00   -0.751838460564613E-01   -0.738924518227577E-01    0.117492087185383E+00
       0.321845561265945E-01    0.190659627318382E+00    0.274797081947327E+00   -0.168749317526817E+00    0.119973763823509E+00
       0.120715931057930E+00    0.265762865543365E+00   -0.217585533857346E+00    0.256598323583603E+00   -0.531355589628220E-01
       0.456294640898705E-01   -0.114553377032280E+00    0.598249547183514E-01    0.216779425740242E+00    0.246424496173859E+00
      -0.193221315741539E+00    0.125358030200005E+00    0.185066670179367E+00    0.169290482997894E+00    0.178277805447578E+00
      -0.126662895083427E+00   -0.713886171579361E-01    0.111362978816032E+00   -0.985109508037567E-01    0.410824362188578E-02
       0.103038489818573E+00    0.417336858808994E-01    0.207015022635460E+00    0.286944657564163E+00    0.352948158979416E+00
      -0.119667664170265E+00   -0.451271161437035E-01    0.306141763925552E+00    0.891678780317307E-01   -0.661878660321236E-01
       0.219628125429153E+00    0.608168467879295E-01    0.169293545186520E-01    0.130144968628883E+00   -0.678776670247316E-02
       0.355948768556118E-01   -0.751449316740036E-01    0.148812249302864E+00   -0.174666047096252E+00    0.519754290580750E-01
      -0.122096151113510E+00   -0.744096487760544E-01    0.836479105055332E-02    0.103020658716559E-01    0.190330445766449E+00
       0.100482612848282E+00    0.264386786147952E-02   -0.256586819887161E-01    0.103920020163059E+00   -0.712683126330376E-01
      -0.149132445454597E+00    0.899414643645287E-01    0.130449058488011E-01   -0.837524607777596E-01    0.755243301391602E-01
      -0.915878862142563E-01    0.245369881391525E+00   -0.235795155167580E+00    0.279401332139969E+00   -0.336394459009171E+00
      -0.224916666746140E+00    0.282547503709793E+00   -0.907436981797218E-01    0.273786066100001E-02   -0.427025780081749E-01
       0.701529458165169E-01   -0.117399722337723E+00    0.333633840084076E+00    0.250853281468153E-01    0.250824660062790E+00
      -0.183127850294113E+00    0.199285745620728E+00    0.346349239349365E+00   -0.483463611453772E-02    0.961763411760330E-01
       0.142941512167454E-01    0.112975418567657E+00   -0.104775682091713E+00   -0.231898296624422E-02    0.240401983261108E+00
       0.159155130386353E+00   -0.692747309803963E-01    0.126635327935219E+00   -0.582248121500015E-01    0.329143665730953E-01
      -0.134732395410538E+00    0.813194662332535E-01   -0.604369193315506E-01    0.115764722228050E+00    0.408031754195690E-01
      -0.957001522183418E-01   -0.490264892578125E-01    0.134700179100037E+00   -0.346533238887787E+00    0.412574596703053E-01
       0.356850996613503E-01    0.690241232514381E-01   -0.301936388015747E+00    0.127382233738899E+00   -0.263744533061981E+00
       0.358698576688766E+00   -0.511899888515472E-01   -0.227923572063446E+00   -0.585612356662750E-01    0.136035919189453E+00
      -0.117925986647606E+00    0.857729837298393E-01   -0.121178692206740E-01   -0.171783179044724E+00   -0.131203845143318E+00
      -0.789788588881493E-01   -0.285256266593933E+00    0.218609392642975E+00   -0.236711025238037E+00    0.102897122502327E+00
       0.567557960748672E-01    0.934226810932159E-01   -0.590803846716881E-01   -0.481349639594555E-01   -0.917071625590324E-01
       0.328489691019058E-01    0.259437169879675E-01    0.690507218241692E-01    0.678332820534706E-01   -0.218818649649620E+00
      -0.717642381787300E-01    0.147023173049092E-01    0.133040353655815E+00    0.732079669833183E-01    0.549167580902576E-01
       0.783866085112095E-02    0.123616866767406E+00   -0.568481627851725E-02   -0.388942025601864E-01    0.365714356303215E-01
       0.100930161774158E+00   -0.388238802552223E-01   -0.726877152919769E-01    0.274918347597122E+00   -0.120585143566132E+00
       0.915010124444962E-01   -0.135306209325790E+00    0.242339998483658E+00    0.131728306412697E+00    0.101738266646862E+00
       0.539119429886341E-01   -0.129298521205783E-01    0.309113144874573E+00    0.739934667944908E-02   -0.124013885855675E+00
      -0.140195593237877E+00    0.246949214488268E-02   -0.273424506187439E+00   -0.165161147713661E+00    0.299023687839508E+00
       0.193106129765511E+00   -0.497383736073971E-01   -0.289878547191620E-01    0.873950347304344E-01    0.328377515077591E+00
       0.332303404808044E+00   -0.460053235292435E-02    0.179933786392212E+00    0.141083121299744E+00    0.131748363375664E+00
      -0.631264001131058E-01   -0.384394451975822E-01   -0.782772526144981E-01    0.665699094533920E-01    0.439851284027100E-01
       0.461427122354507E-01   -0.107411846518517E+00   -0.957863479852676E-01    0.136855080723763E+00   -0.985443368554115E-01
       0.242406889796257E+00   -0.210745707154274E+00    0.836851224303246E-01    0.140304908156395E+00   -0.207927867770195E+00
       0.104030720889568E+00    0.955447331070900E-01    0.190043851733208E+00    0.701934397220612E-01   -0.162676051259041E+00
      -0.930670872330666E-01   -0.150187695398927E-01    0.472518689930439E-01    0.170321986079216E-01    0.268906474113464E+00
      -0.250240415334702E+00    0.224964879453182E-01    0.971520170569420E-01   -0.127409368753433E+00   -0.140152230858803E+00
       0.111579820513725E+00   -0.626280456781387E-01   -0.553640648722649E-01   -0.220033794641495E+00    0.216268710792065E-01
       0.149303346872330E+00   -0.175617143511772E+00   -0.157357826828957E-01    0.119663830846548E-01   -0.300449907779694E+00
       0.570055246353149E-01    0.383806042373180E-01    0.849718600511551E-01    0.195953711867332E+00   -0.394597053527832E-01
       0.721338391304016E-01    0.166222095489502E+00   -0.583810824900866E-02   -0.119818642735481E+00   -0.225185267627239E-01
      -0.391267240047455E-02   -0.176077812910080E+00   -0.394283346831799E-01    0.656333379447460E-02   -0.437771119177341E-01
       0.108908742666245E+00    0.536853186786175E-01   -0.114623345434666E+00   -0.578879266977310E-01    0.583282485604286E-01
      -0.838088914752007E-01   -0.212207958102226E-01   -0.152618378400803E+00   -0.440132953226566E-01    0.153239682316780E+00
       0.385153591632843E-01    0.585293881595135E-01    0.147685587406158E+00    0.108090355992317E+00   -0.541920866817236E-02
      -0.160625323653221E+00   -0.316193979233503E-02    0.773391351103783E-01    0.139743253588676E+00    0.182115864008665E-01
      -0.701425522565842E-01    0.139108657836914E+00    0.752307698130608E-01   -0.610853880643845E-01   -0.338707566261292E-01
       0.374918013811111E+00    0.106577254831791E+00    0.262496918439865E+00    0.139653414487839E+00    0.824417471885681E-01
       0.133771657943726E+00   -0.810339525341988E-01    0.690257996320724E-01   -0.231018364429474E-01   -0.124447360634804E+00
      -0.156579762697220E-01    0.181790515780449E-01   -0.116032332181931E+00   -0.253374218940735E+00    0.229683235287666E+00
      -0.166334778070450E+00   -0.287709802389145E+00    0.660395715385675E-02    0.133544862270355E+00    0.244468137621880E+00
       0.826212018728256E-01   -0.175032824277878E+00    0.256832260638475E-01    0.974096357822418E-01   -0.215223744511604E+00
       0.938427671790123E-01   -0.158335626125336E+00   -0.870777964591980E-01   -0.114789873361588E+00   -0.544478967785835E-01
       0.149781882762909E+00   -0.711445286870003E-01    0.227576978504658E-01    0.768185555934906E-01    0.266667485237122E+00
      -0.307375453412533E-01    0.102062799036503E+00    0.204718425869942E+00   -0.675423145294189E-01    0.208558559417725E+00
      -0.792540907859802E-01    0.305486097931862E-01   -0.106093682348728E+00    0.163117051124573E+00    0.139578193426132E+00
      -0.622489154338837E-01   -0.214372910559177E-01    0.158723071217537E-01    0.152010753750801E+00    0.184271618723869E+00
       0.149222135543823E+00   -0.108945123851299E+00    0.106241703033447E-01    0.357195138931274E-01   -0.137707507237792E-01
      -0.203821241855621E+00    0.154023066163063E+00   -0.743947830051184E-02    0.128103613853455E+00    0.230599582195282E+00
       0.535191521048546E-01   -0.145270451903343E+00    0.820819661021233E-01   -0.549846664071083E-01    0.108920872211456E+00
      -0.108706161379814E+00   -0.437738113105297E-01    0.133800670504570E+00    0.167419791221619E+00   -0.588740408420563E-01
      -0.893418956547976E-02    0.156369000673294E+00    0.148857891559601E+00   -0.474756732583046E-01    0.906709432601929E-01
      -0.180439651012421E-01   -0.940528288483620E-01   -0.355702787637711E-01   -0.972238928079605E-01   -0.223028987646103E+00
      -0.637025237083435E-01   -0.337242931127548E-01    0.127039492130280E+00    0.328142382204533E-01    0.529058799147606E-01
       0.115049526095390E+00   -0.224080175161362E+00   -0.205053240060806E+00    0.208444371819496E-01    0.244415089488029E+00
      -0.295491628348827E-01    0.310265785083175E-02    0.206755325198174E-01    0.174764528870583E+00   -0.878482684493065E-01
       0.291324816644192E-01    0.118468046188354E+00   -0.423472225666046E-01   -0.532413423061371E-01    0.512894103303552E-02
      -0.172863915562630E+00    0.861216112971306E-01    0.532280979678035E-02   -0.387774333357811E-01   -0.737557336688042E-01
      -0.183142051100731E-01    0.222353562712669E-01    0.202032011002302E-01   -0.389781862497330E+00    0.701193064451218E-01
      -0.993876680731773E-01    0.260452926158905E-01   -0.156520009040833E-01    0.185599550604820E+00   -0.524394363164902E-01
       0.157503008842468E+00    0.201264917850494E-01   -0.130889922380447E+00    0.157262414693832E+00    0.162899792194366E+00
      -0.152482107281685E+00   -0.479988716542721E-01    0.112632382661104E-01    0.198714017868042E+00    0.270937919616699E+00
      -0.181452184915543E-01   -0.416366495192051E-01    0.405172258615494E-01   -0.101435460150242E+00   -0.233350768685341E+00
       0.274620167911053E-01    0.179951451718807E-01    0.233112320303917E+00   -0.924216955900192E-01    0.106390476226807E+00
      -0.115077599883080E+00    0.191093131899834E+00   -0.927892923355103E-01   -0.310497544705868E-01   -0.274396419525146E+00
       0.181814521551132E+00    0.272321283817291E+00    0.514448322355747E-01   -0.155253455042839E+00   -0.548570007085800E-01
       0.228420160710812E-01    0.551263093948364E-01   -0.155571565032005E+00   -0.216631963849068E+00    0.753470957279205E-01
      -0.213424302637577E-01   -0.156126944348216E-01    0.173706188797951E+00   -0.793439075350761E-01   -0.887638628482819E-01
       0.116191975772381E+00    0.389271043241024E-01    0.790721997618675E-01    0.705700591206551E-01   -0.126406833529472E+00
       0.184807851910591E-01   -0.925082489848137E-01    0.768574327230453E-01    0.143829405307770E+00    0.572757385671139E-01
      -0.606419444084167E-01   -0.152559161186218E+00   -0.136046707630157E+00   -0.335284084081650E+00    0.207714855670929E+00
       0.148522540926933E+00   -0.770068913698196E-01    0.199573263525963E+00   -0.537747442722321E-01   -0.124465048313141E+00
       0.975729376077652E-01    0.756764039397240E-01    0.195642590522766E+00    0.217109858989716E+00    0.150698617100716E+00
      -0.659379884600639E-01    0.221267268061638E+00   -0.132660344243050E+00    0.845367833971977E-01    0.827097445726395E-01
       0.315983258187771E-01   -0.632560849189758E-01    0.150492131710052E+00    0.149584664031863E-01   -0.490650534629822E-03
       0.499360673129559E-01    0.195379108190536E+00    0.191452205181122E+00   -0.190876051783562E+00    0.255550928413868E-01
       0.217250749468803E+00    0.746015273034573E-02    0.946606993675232E-01    0.105525672435760E+00   -0.923611372709274E-01
       0.384718328714371E-01   -0.230143502354622E+00    0.297557786107063E-01    0.306086288765073E-02    0.171205520629883E+00
       0.464556030929089E-01    0.457442075014114E+00   -0.474899262189865E-01   -0.223091676831245E+00   -0.544430539011955E-01
       0.133721351623535E+00   -0.252494141459465E-01    0.447221398353577E-01    0.180563420057297E+00   -0.107922747731209E+00
      -0.297949276864529E-01   -0.805548354983330E-01   -0.148587748408318E+00    0.168860897421837E+00   -0.322080031037331E-01
      -0.133402243256569E+00    0.249258149415255E-01    0.113395899534225E+00    0.562869086861610E-01    0.342021077871323E+00
      -0.226713165640831E+00   -0.271105207502842E-01    0.244851499795914E+00    0.785590261220932E-01   -0.945387557148933E-01
      -0.112493984401226E+00   -0.673103481531143E-01   -0.599920898675919E-01   -0.594619289040565E-01   -0.452621802687645E-01
       0.289019197225571E+00   -0.453271903097630E-01    0.321938186883926E+00    0.384081415832043E-01   -0.540990605950356E-01
       0.277118347585201E-01   -0.194237217307091E+00    0.180660068988800E+00   -0.173365727066994E+00    0.348649919033051E-04
       0.930714979767799E-01   -0.189003452658653E+00    0.271336082369089E-02   -0.206801310181618E+00   -0.357989698648453E+00
       0.249641507863998E+00   -0.924389585852623E-01   -0.361819028854370E+00    0.253455340862274E+00   -0.125579282641411E+00
       0.408796630799770E-01    0.227645784616470E-01   -0.197775304317474E+00   -0.354215383529663E+00   -0.270927362143993E-01
       0.217073827981949E+00    0.980781316757202E-01   -0.626524090766907E-01    0.965641289949417E-01   -0.747378170490265E-01
      -0.568626224994659E-01    0.163767971098423E-01    0.167711228132248E-01   -0.274781554937363E+00    0.196538358926773E+00
      -0.101710602641106E+00    0.222575757652521E-02   -0.568193793296814E-01   -0.710776075720787E-01   -0.459933489561081E+00
       0.113271832466125E+00    0.197701454162598E+00   -0.181301057338715E+00   -0.148323163390160E+00   -0.181037813425064E+00
       0.182932615280151E+00    0.533205568790436E-01    0.262036859989166E+00   -0.183812603354454E+00   -0.172092154622078E+00
      -0.279996842145920E-01   -0.508925989270210E-01    0.972922444343567E-01   -0.399004146456718E-01    0.130665488541126E-01
       0.132393687963486E+00   -0.161749467253685E+00    0.617011487483978E-01    0.198326110839844E-01   -0.776851996779442E-01
       0.818256810307503E-01    0.167247235774994E+00    0.246967170387506E-01    0.155646219849586E+00   -0.816343426704407E-01
       0.194169297814369E+00    0.243694707751274E+00   -0.129527688026428E+00   -0.335223115980625E-01   -0.151536241173744E+00
      -0.415816679596901E-01   -0.842529833316803E-01   -0.157778948545456E+00   -0.208781793713570E+00    0.133789360523224E+00
      -0.113652022555470E-01   -0.644208714365959E-01    0.265931673347950E-01    0.165556252002716E+00    0.198178976774216E+00
       0.596516504883766E-01   -0.159524790942669E-01   -0.455366782844067E-01    0.184573400765657E-01    0.376713603734970E+00
      -0.410488918423653E-01   -0.968350991606712E-01    0.255948036909103E+00    0.271767228841782E-01   -0.117591843008995E+00
      -0.139029890298843E+00    0.265997946262360E-01    0.169703681021929E-01   -0.297034293413162E+00    0.338020958006382E-01
       0.161923885345459E+00    0.121982898563147E-01    0.445859096944332E-01   -0.169203564524651E+00    0.173626795411110E+00
       0.142204686999321E+00    0.188618168234825E+00    0.821908563375473E-01    0.196777790784836E+00    0.871600359678268E-01
       0.123566940426826E+00    0.186788693070412E+00    0.104171589016914E+00   -0.153920084238052E+00    0.585622899234295E-01
      -0.325897961854935E+00    0.140026435256004E+00    0.135427892208099E+00   -0.954022184014320E-01    0.173014655709267E+00
      -0.802908316254616E-01    0.330475978553295E-01    0.639491453766823E-01   -0.202679038047791E+00    0.880431458353996E-01
      -0.643294230103493E-01   -0.120248943567276E+00    0.121781088411808E+00    0.889168679714203E-01    0.111341491341591E+00
       0.103653922677040E+00    0.119362920522690E+00    0.196951866149902E+00    0.120384983718395E+00    0.234471205621958E-01
       0.161580443382263E-01   -0.774334464222193E-02    0.259148376062512E-02   -0.262331575155258E+00   -0.123669996857643E+00
      -0.497907735407352E-01    0.968845710158348E-01   -0.144871070981026E+00   -0.145856112241745E+00   -0.116739615797997E+00
       0.910929776728153E-02   -0.112494319677353E+00    0.240454357117414E-01   -0.185798868536949E+00   -0.696983635425568E-01
       0.194065749645233E+00   -0.206182859838009E-01   -0.137579649686813E+00   -0.103043302893639E+00   -0.782982483506203E-01
       0.967721790075302E-01   -0.650629922747612E-01    0.203024204820395E-01    0.179284244775772E+00   -0.197993934154510E+00
      -0.203894585371017E+00   -0.758471488952637E-01    0.104069948196411E+00   -0.158245444297791E+00    0.192866474390030E-02
       0.114731587469578E+00    0.268899537622929E-01    0.574302971363068E-01    0.721793994307518E-01    0.781377851963043E-01
       0.711761489510536E-01   -0.618835631757975E-02    0.521256588399410E-01    0.713009983301163E-01    0.179931014776230E+00
      -0.363958887755871E-01    0.237123861908913E+00   -0.274106860160828E-01   -0.437984727323055E-01   -0.187462002038956E+00
       0.611655861139297E-01   -0.227920353412628E+00    0.670961365103722E-01    0.105078279972076E+00   -0.565663632005453E-02
      -0.271530356258154E-02   -0.928077623248100E-01    0.117704272270203E+00   -0.120694980025291E+00    0.122079551219940E+00
       0.103902652859688E+00    0.108505763113499E+00   -0.231033973395824E-01    0.764018520712852E-01   -0.258318856358528E-01
       0.392392784357071E+00   -0.281117945909500E+00   -0.103691659867764E+00   -0.827761441469193E-01   -0.231636866927147E+00
      -0.589115545153618E-01    0.107287496328354E+00    0.285734459757805E-01    0.250972956418991E+00    0.807624459266663E-01
       0.140537880361080E-02   -0.800596270710230E-02   -0.350066199898720E-01    0.132411643862724E+00    0.420585796236992E-01
       0.729953050613403E-01    0.112646445631981E+00   -0.587111636996269E-01   -0.199361249804497E+00   -0.108923539519310E+00
      -0.173549339175224E+00    0.109285145998001E+00   -0.253519654273987E+00   -0.211014524102211E-01    0.140618786215782E+00
       0.923096165060997E-01    0.626037493348122E-01   -0.132091224193573E+00    0.279797539114952E-01    0.118304990231991E+00
       0.200789138674736E+00   -0.208109006285667E+00   -0.190873637795448E+00    0.233087942004204E+00    0.157403886318207E+00
       0.857596099376678E-01   -0.169253751635551E+00    0.117365956306458E+00    0.685795843601227E-01   -0.991900414228439E-01
       0.245974361896515E-01    0.131581500172615E+00   -0.389645136892796E-01    0.148412212729454E+00    0.534558296203613E-01
      -0.865243598818779E-01   -0.116101549938321E-01   -0.684748366475105E-01    0.182597637176514E+00    0.306517899036407E+00
       0.247238893061876E-01    0.384357199072838E-01   -0.548593550920486E-01    0.386037938296795E-01    0.165810901671648E-01
       0.222070187330246E+00   -0.293630361557007E-01    0.222883611917496E+00    0.407837815582752E-01    0.189894109964371E+00
       0.354173034429550E+00   -0.155439332127571E+00   -0.494697354733944E-01    0.477370247244835E-01   -0.582783147692680E-01
       0.164142772555351E+00   -0.374999605119228E-01    0.144830405712128E+00    0.265483468770981E+00    0.975527018308640E-01
      -0.111410535871983E+00   -0.208625718951225E-01    0.111312068998814E+00   -0.126599282026291E+00   -0.493755377829075E-01
       0.896608382463455E-01    0.866058692336082E-01    0.109950438141823E+00   -0.714355036616325E-01   -0.173093378543854E+00
       0.128325760364532E+00   -0.649694651365280E-01   -0.200717642903328E+00   -0.840132012963295E-01    0.509966760873795E-01
      -0.139912098646164E+00    0.672065690159798E-01    0.184394076466560E+00   -0.430428534746170E-01   -0.302523933351040E-01
       0.815922990441322E-01   -0.592724420130253E-03   -0.863082781434059E-01   -0.381501577794552E-01    0.118471309542656E+00
      -0.115374609827995E+00    0.124451756477356E+00   -0.776422843337059E-01   -0.278202950954437E+00   -0.400708839297295E-01
      -0.148280456662178E+00   -0.984480902552605E-01    0.134792476892471E+00   -0.833367854356766E-01   -0.175257146358490E+00
       0.147757992148399E+00   -0.264570385217667E+00    0.171654745936394E+00    0.358113180845976E-02    0.194844566285610E-01
       0.245961900800467E-01   -0.691080912947655E-01    0.204745918512344E+00   -0.192268520593643E+00    0.760747864842415E-01
      -0.163141302764416E-01   -0.177961632609367E+00   -0.594412162899971E-01    0.292174294590950E-01   -0.330662317574024E-01
      -0.270510278642178E-01    0.334325917065144E-01   -0.290401652455330E-01    0.318674696609378E-02    0.111942365765572E+00
       0.172257442027330E-01   -0.146169826388359E+00   -0.186640501022339E+00    0.199139252305031E+00   -0.908248201012611E-01
       0.192271053791046E+00    0.171459361910820E+00   -0.567172020673752E-01    0.378334634006023E-01    0.235568195581436E+00
      -0.962182134389877E-01   -0.791207030415535E-01   -0.382762290537357E-01   -0.169113621115685E+00   -0.175852447748184E+00
       0.167734742164612E+00   -0.194386214017868E+00   -0.628006756305695E-01   -0.410582683980465E-01   -0.412912480533123E-01
      -0.577040240168571E-01   -0.166580416262150E-01    0.210194569081068E-02   -0.204932630062103E+00   -0.922910422086716E-01
       0.897230952978134E-01    0.690363049507141E-01   -0.253886640071869E+00   -0.167773943394423E-02    0.899313092231750E-01
       0.558305010199547E-01    0.202936127781868E+00   -0.414049960672855E-01   -0.557808876037598E-01    0.244009301066399E+00
      -0.866527557373047E-01   -0.854282155632973E-01    0.675239861011505E-01   -0.517833977937698E-01   -0.182886980473995E-01
      -0.800765454769135E-01   -0.110860750079155E+00    0.555823706090450E-01    0.950141698122025E-01   -0.110340379178524E+00
       0.510675981640816E-01   -0.118740990757942E+00   -0.103244200348854E+00    0.809370130300522E-01   -0.107133619487286E+00
      -0.362443327903748E-01    0.171321183443069E+00    0.299932919442654E-01    0.869350284337997E-01   -0.206083320081234E-01
      -0.141727998852730E+00   -0.108716316521168E+00    0.133705422282219E+00   -0.142454579472542E+00   -0.116336703300476E+00
       0.117128714919090E+00    0.135305255651474E+00    0.780680924654007E-01    0.159863561391830E+00   -0.146306857466698E+00
       0.130768837407231E-01   -0.874304622411728E-01    0.154104590415955E+00    0.925648957490921E-01   -0.121310934424400E+00
       0.843338966369629E-01   -0.753398835659027E-01   -0.675893723964691E-01    0.139654204249382E+00    0.247195698320866E-01
      -0.385727733373642E-01    0.137499332427979E+00    0.424430780112743E-01   -0.113611914217472E+00    0.101945601403713E+00
       0.103673875331879E+00   -0.308222137391567E-01    0.275787189602852E-01    0.169030740857124E+00    0.139283016324043E+00
      -0.269953086972237E-01    0.838132798671722E-01   -0.227791517972946E+00    0.278674930334091E+00   -0.431758016347885E-01
       0.670059844851494E-01    0.104866586625576E+00    0.477074198424816E-01    0.417582541704178E-01    0.104231365025043E+00
      -0.127366483211517E+00   -0.124800711870193E+00   -0.269186764955521E+00    0.418899729847908E-01   -0.380873344838619E-01
      -0.379387401044369E-01    0.217785090208054E-01   -0.866876468062401E-01   -0.158134534955025E+00    0.144613265991211E+00
      -0.199284896254539E+00    0.289174944162369E+00    0.272926479578018E+00   -0.946375634521246E-02    0.178657457232475E+00
       0.509039424359798E-01   -0.116862297058105E+00    0.906074345111847E-01   -0.115639820694923E+00    0.139251984655857E-01
       0.147951573133469E+00   -0.334444306790829E-01    0.101979440078139E-01    0.243252798914909E+00    0.195375815033913E+00
      -0.547098442912102E-01   -0.874317511916161E-01    0.139057770371437E+00   -0.440782494843006E-01   -0.426564365625381E-01
      -0.630135163664818E-01   -0.147591633722186E-01    0.624278448522091E-01    0.619173310697079E-01   -0.806012526154518E-01
      -0.613565817475319E-01    0.357312336564064E-01   -0.298083722591400E-01    0.146180465817451E+00    0.168189570307732E+00
      -0.915282666683197E-01   -0.285729244351387E-01   -0.396837070584297E-01   -0.195079848170280E+00    0.626100748777390E-01
      -0.158201470971107E+00   -0.113935312256217E-01   -0.169886723160744E-01    0.601879879832268E-01   -0.267508685588837E+00
       0.584819763898849E-01    0.785206258296967E-02   -0.697248056530952E-01    0.142392784357071E+00    0.334309712052345E-01
      -0.165878877043724E+00    0.112517602741718E+00   -0.106664031744003E+00   -0.121854767203331E+00    0.901063457131386E-01
       0.150176361203194E+00    0.191506862640381E+00    0.189934387803078E+00    0.297152101993561E+00    0.212973952293396E+00
      -0.128199607133865E+00   -0.827222838997841E-01   -0.316785313189030E-01   -0.112345091998577E+00    0.295111462473869E-01
      -0.142154097557068E+00    0.124173182994127E-01    0.930839553475380E-01   -0.523754134774208E-01    0.224790647625923E-01
      -0.608832240104675E-01    0.580592341721058E-01    0.870515704154968E-01    0.161387309432030E+00   -0.137755066156387E+00
      -0.816763639450073E-01    0.720705315470695E-01    0.917470306158066E-01    0.268926262855530E+00   -0.318460538983345E-01
      -0.190095864236355E-01    0.416719242930412E-01   -0.210788100957870E-03    0.503597743809223E-01   -0.575618594884872E-01
      -0.698616635054350E-02   -0.125817716121674E+00    0.123485811054707E+00    0.492965243756771E-01   -0.598796606063843E-01
      -0.100111246109009E+00    0.410240218043327E-01   -0.215273365378380E+00   -0.419125631451607E-01   -0.590911358594894E-01
       0.137787163257599E+00   -0.104602620005608E+00   -0.265200644731522E+00    0.845549777150154E-01   -0.431622304022312E-01
      -0.115079522132874E+00    0.190835148096085E+00   -0.548932105302811E-01   -0.192888349294662E+00   -0.156556516885757E+00
      -0.656123757362366E-01    0.200341910123825E+00    0.333081573247910E+00   -0.286982432007790E-01    0.187099397182465E+00
       0.179336175322533E+00    0.168394356966019E+00    0.129414603114128E+00   -0.139382258057594E+00   -0.261158403009176E-02
      -0.396869242191315E+00    0.249136127531528E-01    0.467551276087761E-01   -0.141571955755353E-01    0.655965059995651E-01
       0.178227350115776E+00   -0.413416177034378E-01    0.295562028884888E+00   -0.292243331670761E+00    0.718913897871971E-01
       0.189001828432083E+00    0.820763334631920E-01    0.416272938251495E+00   -0.120651975274086E+00    0.331430956721306E-01
      -0.324621088802814E-01    0.652709901332855E-01   -0.197991635650396E-02   -0.236707448959351E+00   -0.444101393222809E-01
       0.367622226476669E+00   -0.635640323162079E-01    0.548095889389515E-01    0.311744324862957E-01   -0.158682718873024E+00
      -0.864055007696152E-01    0.100844547152519E+00   -0.175727859139442E+00    0.121500723063946E+00   -0.283717960119247E-01
      -0.208632677793503E+00    0.276858657598495E-01   -0.100432328879833E+00   -0.959975868463516E-01   -0.150863334536552E+00
       0.147207364439964E+00   -0.628531817346811E-02    0.707603320479393E-01    0.233832038938999E-01    0.641553523018956E-02
       0.245847888290882E-01    0.145455583930016E+00   -0.555350184440613E-01    0.100326374173164E+00   -0.704189240932465E-01
      -0.243522569537163E+00   -0.679411590099335E-01    0.524232648313046E-01    0.128863438963890E+00    0.439903922379017E-01
      -0.105943247675896E+00   -0.186579376459122E-01    0.158052161335945E+00    0.147309258580208E+00   -0.656144991517067E-01
      -0.133928999304771E+00    0.134931042790413E+00   -0.198818221688271E+00   -0.460653752088547E-01   -0.247087344527245E+00
      -0.205546133220196E-01    0.163359239697456E+00   -0.184628553688526E-02    0.114111050963402E+00    0.776302441954613E-01
       0.200394690036774E+00   -0.122574821114540E+00   -0.488993898034096E-02   -0.278507560491562E+00    0.143171966075897E+00
      -0.115022808313370E+00   -0.119592383503914E+00   -0.323553234338760E+00   -0.196850806474686E+00    0.207187339663506E+00
      -0.248821489512920E-01   -0.933280140161514E-01    0.609633587300777E-01   -0.102337086573243E-01    0.595289133489132E-01
       0.977834314107895E-01    0.176891162991524E-01    0.526413656771183E-01    0.145473510026932E+00    0.168883547186852E+00
       0.518977083265781E-01    0.725654289126396E-01   -0.110401719808578E+00   -0.960010942071676E-02    0.815602838993073E-01
       0.476430170238018E-01   -0.340644307434559E-01    0.116770699620247E+00   -0.658734608441591E-02    0.641057938337326E-01
      -0.419390834867954E-01    0.170418202877045E+00   -0.865927711129189E-01    0.230168625712395E+00   -0.521661639213562E-01
       0.918509289622307E-01   -0.489433947950602E-02    0.410026088356972E-01    0.179541006684303E+00   -0.484971329569817E-01
      -0.493433438241482E-01    0.341238752007484E-01   -0.451128333806992E-01    0.319111868739128E-01    0.156101003289223E+00
      -0.527618452906609E-01   -0.867000222206116E-01   -0.317183911800385E+00   -0.175780192017555E+00   -0.192596688866615E+00
      -0.189949437975883E+00    0.614115782082081E-02    0.759139955043793E-01    0.707924291491508E-01    0.258232690393925E-01
       0.564605481922626E-01    0.590599849820137E-01    0.138394296169281E+00    0.768319293856621E-01   -0.203282609581947E-01
       0.676303282380104E-01   -0.376233793795109E-01    0.297011919319630E-01   -0.296858936548233E+00    0.192577809095383E+00
      -0.567119419574738E-01   -0.143846809864044E+00    0.914789512753487E-01   -0.802884772419930E-01    0.745178610086441E-01
       0.995864123106003E-01    0.113064935430884E-01   -0.109472155570984E+00   -0.243373736739159E+00   -0.924240872263908E-01
       0.197840094566345E+00    0.275577515363693E+00    0.353589616715908E-01    0.485768392682076E-01    0.771588310599327E-01
      -0.274770915508270E+00   -0.279299877583981E-01   -0.728718936443329E-01    0.883166640996933E-01    0.142569929361343E+00
      -0.262974090874195E-01    0.157583862543106E+00   -0.251066051423550E-01    0.758366361260414E-01    0.212560996413231E+00
       0.221491709351540E+00   -0.388528481125832E-01   -0.316663146018982E+00    0.204765692353249E+00    0.386934280395508E-01
       0.118933871388435E+00   -0.136509656906128E+00   -0.251594223082066E-01   -0.582658220082521E-02    0.128704831004143E-01
      -0.240139216184616E-01    0.376689940690994E+00   -0.291188545525074E-01    0.191355630755424E+00   -0.229397013783455E+00
      -0.491343699395657E-01   -0.116780400276184E-03   -0.791637524962425E-01    0.797938331961632E-01    0.208568319678307E+00
       0.140636712312698E+00    0.193048696964979E-01    0.929967127740383E-02    0.184678845107555E-01   -0.642499234527349E-02
       0.457295216619968E-01    0.197096675634384E+00    0.153493583202362E+00    0.144217237830162E+00    0.169707965105772E-01
       0.107808001339436E+00    0.948415603488684E-02   -0.149452954530716E+00   -0.100496329367161E+00   -0.796915888786316E-01
      -0.655816048383713E-01    0.889739319682121E-01    0.203818559646606E+00   -0.136318147182465E+00   -0.130323305726051E+00
       0.249672457575798E+00    0.499696061015129E-01    0.957963243126869E-01    0.100445270538330E+00    0.870930179953575E-01
       0.621352642774582E-01   -0.285348594188690E+00   -0.669989660382271E-01   -0.399414040148258E-01    0.994003377854824E-02
       0.315627366304398E+00   -0.179168917238712E-01    0.909499078989029E-01    0.200699537992477E+00   -0.136162504553795E+00
       0.331134833395481E-01    0.666649267077446E-01   -0.198641672730446E+00   -0.210610374808311E+00   -0.377986393868923E-02
       0.185554265975952E+00    0.417270064353943E-01   -0.248013928532600E+00    0.590053051710129E-01   -0.150648072361946E+00
       0.216858714818954E+00   -0.540133565664291E-01    0.813845843076706E-01   -0.130900159478188E+00    0.199822857975960E+00
      -0.114093497395515E+00    0.152608200907707E+00   -0.227941900491714E+00   -0.257147312164307E+00   -0.229551792144775E+00
       0.799097642302513E-01   -0.155633864924312E-01   -0.128099992871284E+00    0.232420861721039E+00   -0.177205190062523E+00
       0.404829941689968E-01    0.714678764343262E-01    0.749623104929924E-01    0.476693771779537E-01   -0.104247696697712E+00
       0.104331985116005E+00   -0.295029859989882E-02    0.132859602570534E+00    0.147232428193092E+00   -0.139219343662262E+00
      -0.156921111047268E-01   -0.294094532728195E-02   -0.868084356188774E-01    0.102541126310825E+00    0.410973466932774E-01
       0.172546952962875E+00   -0.465759932994843E-01   -0.540813729166985E-01   -0.145211815834045E+00   -0.553603991866112E-01
      -0.378196388483047E+00   -0.152398258447647E+00   -0.114667033776641E-01   -0.233723133802414E+00   -0.883710160851479E-01
       0.273631103336811E-01    0.184115797281265E+00   -0.159925237298012E+00    0.437065027654171E-01    0.366076864302158E-01
      -0.947316065430641E-01    0.115214921534061E+00   -0.968467593193054E-01   -0.322655051946640E+00    0.202621743083000E+00
       0.165951102972031E+00   -0.137473875656724E-01    0.335506707429886E+00   -0.209901377558708E+00   -0.974538084119558E-02
       0.243167713284492E+00    0.830855742096901E-01   -0.197859108448029E-02   -0.197837382555008E+00   -0.100151553750038E+00
      -0.643385872244835E-01    0.154587239027023E+00    0.148152947425842E+00    0.197349965572357E+00    0.439362041652203E-01
       0.133818194270134E+00   -0.276626378297806E+00    0.849530659615993E-02    0.107279859483242E+00    0.168198496103287E+00
      -0.421916320919991E-01   -0.101236393675208E-01    0.678285583853722E-01   -0.925049185752869E-01   -0.157769322395325E+00
      -0.129724472761154E+00    0.183544605970383E+00   -0.612519383430481E-01    0.151727180927992E-01   -0.646589547395706E-01
       0.133768558502197E+00    0.265887752175331E-01   -0.130418883636594E-01    0.115998029708862E+00    0.103520907461643E+00
       0.297019854187965E-01    0.188899263739586E-01   -0.780754610896111E-01    0.190330818295479E+00   -0.724352151155472E-01
      -0.104245752096176E+00    0.119536094367504E+00    0.539293512701988E-01   -0.426384620368481E-03    0.538157578557730E-02
       0.720728114247322E-01   -0.176441952586174E+00    0.170365162193775E-01   -0.239858344197273E+00   -0.286274760961533E+00
       0.659243091940880E-01   -0.954287275671959E-01    0.235362678766251E+00    0.990263745188713E-01    0.294663965702057E+00
       0.210185557603836E+00   -0.869624465703964E-01    0.196675717830658E+00    0.126902371644974E+00   -0.236366577446461E-01
      -0.889489427208900E-01    0.224560350179672E+00   -0.124975219368935E+00    0.193446934223175E+00   -0.124128069728613E-02
       0.500588305294514E-01   -0.973770543932915E-01    0.826209038496017E-01    0.762123838067055E-01    0.241820383816957E-01
      -0.200056642293930E+00    0.167313814163208E+00   -0.825798511505127E-01    0.196285605430603E+00    0.216724853962660E-01
      -0.449642948806286E-01   -0.788790825754404E-02    0.216806203126907E+00    0.105283252894878E+00    0.161522701382637E+00
      -0.156572349369526E-01   -0.120004341006279E+00    0.369086824357510E-01    0.777935683727264E-01    0.183310210704803E-01
       0.384339094161987E-01    0.298223681747913E-01    0.810830518603325E-01    0.678138807415962E-01    0.199952363967896E+00
      -0.746663063764572E-01   -0.181822374463081E+00   -0.260398834943771E+00   -0.105671212077141E+00    0.184931635856628E+00
      -0.230793543159962E-01    0.237110644578934E+00   -0.738471467047930E-02   -0.250758528709412E+00   -0.143598377704620E+00
       0.136483162641525E+00   -0.175957866013050E-01    0.611432529985905E-01   -0.125998347997665E+00    0.263131737709045E+00
      -0.774918571114540E-01    0.918682143092155E-01    0.698705688118935E-01   -0.763653684407473E-02    0.117129445075989E+00
       0.354981841519475E-02   -0.169333741068840E+00    0.254216760396957E+00    0.361629948019981E-01    0.657423511147499E-01
       0.783339664340019E-01   -0.173438861966133E+00   -0.125482991337776E+00   -0.885304808616638E-01   -0.502072125673294E-01
       0.999260097742081E-01   -0.725963804870844E-02   -0.379336997866631E-04   -0.782446563243866E-01   -0.178336158394814E+00
      -0.174478739500046E+00   -0.169844686985016E+00    0.169906884431839E+00    0.570855960249901E-01   -0.900577530264854E-01
      -0.440071076154709E-01   -0.921806544065475E-01    0.225266188383102E+00    0.176359713077545E+00    0.202402900904417E-01
       0.859119668602943E-01   -0.372212141752243E+00   -0.348232164978981E-01    0.227381139993668E+00   -0.191658571362495E+00
       0.318091213703156E-01    0.301186054944992E+00    0.871692821383476E-01    0.269744068384171E+00    0.198890492320061E+00
       0.185041651129723E+00    0.157216295599937E+00    0.111591443419456E+00    0.340015381574631E+00    0.217407941818237E+00
       0.282416865229607E-01    0.816571488976479E-01   -0.536785125732422E-01    0.215660318732262E+00    0.223553225398064E+00
       0.423316620290279E-01    0.300105474889278E-01    0.528823807835579E-01    0.104320250451565E+00   -0.146293742582202E-01
      -0.234090432524681E+00    0.935285836458206E-01    0.112181507050991E+00    0.199957266449928E-01   -0.968289226293564E-01
      -0.573960468173027E-01   -0.194648981094360E+00    0.247738696634769E-02    0.286896042525768E-01    0.195872411131859E+00
      -0.328349545598030E-01   -0.753496959805489E-01   -0.557068884372711E-01   -0.368375442922115E-01    0.268489152193069E+00
      -0.106341868638992E+00    0.153130114078522E+00    0.301325097680092E-01    0.220904313027859E-01    0.518914945423603E-01
      -0.136591240763664E+00    0.135947197675705E+00   -0.863268375396729E-01   -0.277935937047005E-01    0.165063813328743E+00
      -0.233956187963486E+00   -0.526617243885994E-01   -0.221756964921951E+00    0.134888038039207E+00    0.158353671431541E+00
       0.213256970047951E+00   -0.120830265805125E-01    0.128890365362167E+00   -0.112006664276123E+00    0.356246769428253E+00
      -0.250390805304050E-01    0.219785973429680E+00   -0.552374050021172E-01    0.993900373578072E-01    0.140752084553242E-02
       0.198161378502846E+00   -0.135349377989769E+00    0.171709045767784E+00    0.150367975234985E+00    0.452977046370506E-01
       0.173610746860504E+00    0.932707712054253E-01   -0.408712700009346E-01   -0.166146233677864E-01   -0.135052993893623E+00
      -0.135607495903969E+00    0.330761760473251E+00   -0.638895034790039E-01    0.467039570212364E-01    0.281735479831696E+00
       0.183832228183746E+00   -0.130122661590576E+00    0.105781875550747E+00    0.795053318142891E-01   -0.903903543949127E-01
      -0.149616658687592E+00    0.800351239740849E-02   -0.561666265130043E-01   -0.182739183306694E+00   -0.652863457798958E-01
       0.505968071520329E-01    0.220485627651215E-01    0.132153600454330E+00   -0.282600820064545E-01    0.418729521334171E-01
      -0.994402989745140E-01    0.298491790890694E-01    0.186567321419716E+00    0.464095771312714E-01   -0.659066215157509E-01
      -0.879611913114786E-02   -0.335822440683842E-01    0.145938977599144E+00    0.305534273386002E+00    0.375608466565609E-01
       0.187543615698814E+00   -0.193709388375282E+00   -0.725050196051598E-01    0.293582081794739E+00   -0.294638723134995E+00
      -0.103321000933647E+00   -0.208895862102509E+00    0.249732300639153E+00   -0.130429521203041E+00    0.938441529870033E-01
       0.125420898199081E+00   -0.738127008080482E-01    0.315903633832932E+00   -0.209351211786270E+00   -0.677764266729355E-01
      -0.620407238602638E-01    0.192512750625610E+00   -0.549186170101166E-01    0.827953517436981E-01   -0.958924964070320E-01
      -0.119975417852402E+00   -0.601617246866226E-01   -0.926169157028198E-01    0.151978760957718E+00   -0.495866090059280E-01
      -0.132456636056304E-01    0.219659984111786E+00    0.932835135608912E-02   -0.325029306113720E-01    0.130592152476311E+00
      -0.806852132081985E-01   -0.285472199320793E-01   -0.743169188499451E-01    0.223151117563248E+00   -0.899681597948074E-01
      -0.121573284268379E+00   -0.504037216305733E-01   -0.158471345901489E+00   -0.216779932379723E+00    0.660196617245674E-01
       0.556883960962296E-01    0.132494166493416E+00    0.105288349092007E+00    0.313990533351898E+00   -0.859532207250595E-01
      -0.144299268722534E+00    0.365222506225109E-01   -0.835497975349426E-01    0.358766540884972E-01   -0.362287573516369E-01
       0.178059563040733E+00    0.105409495532513E+00   -0.204496741294861E+00   -0.296055562794209E-01    0.662776529788971E-01
       0.108390048146248E+00   -0.830057710409164E-01   -0.787315070629120E-01    0.329789906740189E+00    0.209241211414337E+00
       0.111845687031746E+00   -0.271969199180603E+00   -0.121769890189171E+00    0.237183086574078E-01   -0.933980476111174E-02
       0.164374113082886E+00   -0.211138769984245E+00   -0.185658916831017E+00    0.468802675604820E-01   -0.123172411695123E-01
       0.109483763575554E+00   -0.142797464504838E-01   -0.557537451386452E-01    0.111327625811100E+00   -0.515744462609291E-01
      -0.737653747200966E-01    0.169795557856560E+00    0.206806063652039E-01    0.178888738155365E-01    0.234962046146393E+00
       0.830053165555000E-01    0.163916870951653E+00    0.154047966003418E+00   -0.718316137790680E-01   -0.140491977334023E+00
       0.587991587817669E-01    0.180862285196781E-01   -0.589534733444452E-02    0.138213440775871E+00   -0.108669303357601E+00
       0.835080444812775E-01    0.933146625757217E-01    0.138426914811134E+00    0.247779581695795E-01   -0.725475773215294E-01
       0.735722258687019E-01   -0.500238835811615E-01   -0.850950274616480E-02    0.442962534725666E-01    0.911223888397217E-02
      -0.106463976204395E+00   -0.868630707263947E-01    0.776809155941010E-01   -0.271296322345734E+00    0.110215447843075E+00
      -0.121158123016357E+00    0.692177005112171E-02   -0.227032855153084E+00    0.332937717437744E+00    0.200304895639420E+00
       0.163897708058357E+00    0.116915605962276E+00   -0.202173978090286E+00    0.104016609489918E+00   -0.462413206696510E-02
      -0.657493844628334E-01    0.884411260485649E-01    0.727156624197960E-01    0.638798028230667E-01   -0.753750503063202E-01
       0.814099535346031E-01    0.206959471106529E-01    0.314608737826347E-01   -0.159606933593750E+00    0.213408321142197E+00
       0.951833426952362E-01   -0.117468759417534E+00   -0.164555132389069E+00   -0.795167535543442E-01    0.209253340959549E+00
      -0.134922862052917E+00   -0.593120604753494E-01    0.326870754361153E-01   -0.230554640293121E-01   -0.314039960503578E-01
       0.261921703815460E+00    0.142425030469894E+00   -0.343449972569942E-01   -0.260153859853745E+00    0.438302569091320E-01
      -0.699981078505516E-01   -0.191314831376076E+00    0.207173123955727E+00   -0.115843743085861E+00   -0.137504950165749E+00
      -0.119254857301712E+00   -0.423102043569088E-01    0.428563877940178E-01    0.112614564597607E+00   -0.198455899953842E+00
       0.723507031798363E-01    0.965937823057175E-01    0.167059555649757E+00    0.887368991971016E-01    0.995381250977516E-01
      -0.207417868077755E-01   -0.103125840425491E+00   -0.469539687037468E-01    0.110408119857311E+00   -0.525702070444822E-02
       0.152306854724884E+00   -0.115990981459618E+00   -0.945909973233938E-02    0.477382130920887E-01   -0.938522536307573E-02
      -0.106103010475636E+00   -0.417737849056721E-01   -0.100113652646542E+00   -0.214299187064171E+00    0.391101427376270E-01
       0.113808438181877E+00   -0.160451196134090E-01   -0.120088979601860E+00   -0.416950695216656E-01    0.405321046710014E-01
       0.138270342722535E-01    0.180282406508923E-01   -0.507077202200890E-03   -0.106622233986855E+00    0.186785861849785E+00
       0.260682493448257E+00    0.702896714210510E-01   -0.194614171981812E+00    0.185100331902504E+00    0.137471407651901E+00
      -0.726197212934494E-01   -0.209087029099464E+00   -0.288732424378395E-01   -0.641547739505768E-01    0.477096550166607E-01
       0.463905632495880E-01   -0.206826120615005E+00    0.923499763011932E-01   -0.506440959870815E-01    0.214949790388346E-01
       0.698610022664070E-02    0.223294720053673E+00    0.782523751258850E-01    0.101648345589638E-01    0.612722663208842E-02
       0.170979127287865E-01   -0.350857432931662E-02   -0.720923673361540E-02   -0.164633132517338E-01    0.440771244466305E-01
      -0.313087910413742E+00    0.487282760441303E-01   -0.129005551338196E+00    0.228246957063675E+00   -0.201178044080734E+00
       0.940539091825485E-01    0.839630216360092E-01    0.149606436491013E+00    0.115685597062111E+00   -0.399346575140953E-01
      -0.196732729673386E+00    0.178682714700699E+00   -0.116772264242172E+00   -0.674316659569740E-01    0.183123409748077E+00
      -0.450694598257542E-01   -0.183680787682533E+00    0.295149199664593E-01    0.437724124640226E-02   -0.103044636547565E+00
      -0.498645752668381E-02   -0.911542549729347E-01    0.648169964551926E-01   -0.738610103726387E-01    0.646133944392204E-01
       0.163788184523582E+00   -0.722287874668837E-02    0.320676490664482E-01   -0.247174911201000E-01   -0.655178502202034E-01
      -0.160115823149681E+00   -0.770642459392548E-01   -0.101362116634846E+00    0.855751112103462E-01   -0.241009011864662E+00
      -0.230080530047417E+00   -0.175889685750008E+00    0.190134420990944E-01    0.581016726791859E-01    0.667787641286850E-01
       0.304545499384403E-01    0.286025464534760E+00    0.940947309136391E-01    0.337761938571930E-01   -0.566041916608810E-01
       0.125467389822006E+00    0.252221494913101E+00    0.238444581627846E+00   -0.177728347480297E-01    0.410578139126301E-01
      -0.584497153759003E-01   -0.693663209676743E-01   -0.549378171563148E-01    0.902574062347412E-01    0.157296106219292E+00
       0.902298763394356E-01    0.159587547183037E+00    0.289921350777149E-01   -0.779289472848177E-02   -0.121697723865509E+00
       0.114300079643726E+00    0.183990791440010E+00    0.273376256227493E+00   -0.122443744912744E-01    0.523377768695354E-01
       0.133921504020691E+00    0.873307287693024E-01   -0.902944952249527E-01   -0.181128948926926E+00    0.101567864418030E+00
       0.230949461460114E+00   -0.113589569926262E+00    0.140514537692070E+00   -0.102638537064195E-01    0.172647073864937E+00
      -0.244235858321190E+00   -0.157969892024994E-01    0.132478326559067E+00   -0.673323590308428E-02    0.411586537957191E-01
       0.210682228207588E+00    0.717957783490419E-02    0.817829519510269E-01    0.248512141406536E-01   -0.860091745853424E-01
       0.731239765882492E-01   -0.464377328753471E-01   -0.363482460379601E-01   -0.223446525633335E-01    0.566066130995750E-01
      -0.126257330179214E+00    0.130574867129326E+00   -0.163848549127579E+00   -0.587534606456757E-01    0.330451101064682E+00
      -0.608320441097021E-02   -0.819310471415520E-01    0.367653965950012E-01    0.667667090892792E-01    0.253579467535019E+00
       0.990196391940117E-01   -0.593177899718285E-01    0.220899023115635E-01   -0.198534876108170E+00    0.416709110140800E-01
      -0.203683860599995E-01   -0.257654413580894E-01   -0.849798843264580E-01   -0.564277023077011E-01   -0.359363406896591E-01
       0.281573161482811E-01   -0.569221526384354E-01    0.419221147894859E-01    0.193341486155987E-01    0.496458299458027E-01
      -0.121271848678589E+00   -0.775364711880684E-01   -0.370145857334137E+00   -0.136287324130535E-02    0.213205337524414E+00
       0.910913646221161E-01   -0.283477269113064E-01    0.806914940476418E-01   -0.432961732149124E-01   -0.585362389683723E-01
       0.170922935009003E+00   -0.254401266574860E-01    0.810450166463852E-01   -0.117985233664513E+00   -0.163559645414352E+00
       0.765855461359024E-01    0.429855249822140E-01    0.132909700274467E+00    0.204601734876633E+00    0.280202440917492E-01
      -0.222769051790237E+00    0.969588011503220E-02    0.640268474817276E-01    0.106627784669399E+00    0.114788249135017E+00
       0.319333642721176E+00    0.166663140058517E+00   -0.216234922409058E-01    0.170725345611572E+00   -0.513424612581730E-01
       0.113635353744030E+00    0.387564562261105E-01    0.100824693217874E-01    0.669141113758087E-01   -0.102794505655766E+00
      -0.422539971768856E-01   -0.615685712546110E-02    0.322746217250824E+00   -0.825442075729370E-01   -0.232485204935074E+00
      -0.128607377409935E+00   -0.526559501886368E-01    0.576284192502499E-01    0.216225832700729E+00    0.243623450398445E+00
       0.311059318482876E-01   -0.293439924716949E-01   -0.162074178457260E+00    0.729243755340576E-01    0.974156334996223E-01
      -0.133532330393791E+00    0.331372797489166E+00   -0.304469525814056E+00    0.789607837796211E-01    0.220219448208809E+00
       0.339009938761592E-02    0.152394473552704E+00    0.115435104817152E-01   -0.116454601287842E+00   -0.439258478581905E-01
      -0.156217664480209E+00   -0.771867632865906E-01   -0.827402770519257E-01    0.212534181773663E-01   -0.150887981057167E+00
      -0.524914935231209E-01   -0.151729866862297E+00    0.579982884228230E-01    0.553264021873474E-01   -0.802912488579750E-01
       0.145347148180008E+00    0.246061116456985E+00   -0.971071049571037E-01   -0.103183172643185E+00   -0.446571782231331E-01
       0.781852975487709E-01    0.381593853235245E+00    0.628478750586510E-01    0.231631435453892E-01    0.243268653750420E+00
       0.272368304431438E-01   -0.337744429707527E-01   -0.864631216973066E-02    0.174410030245781E+00    0.782080665230751E-01
      -0.395048931241035E-01    0.310615539550781E+00    0.663007944822311E-01    0.192419707775116E+00   -0.253168344497681E-01
       0.106848388910294E+00   -0.482744462788105E-01    0.102972000837326E+00    0.482208468019962E-01   -0.468120239675045E-01
       0.105556733906269E+00   -0.795918926596642E-01   -0.136201664805412E+00    0.404392741620541E-01    0.293723583221436E+00
      -0.128306746482849E+00    0.230166658759117E+00    0.957958772778511E-01   -0.149726718664169E+00    0.120433583855629E+00
      -0.239172615110874E-01   -0.127356266602874E-01    0.853555947542191E-01   -0.425100922584534E-01   -0.162692144513130E-01
       0.275105796754360E-01   -0.558740571141243E-01   -0.622232556343079E-01    0.672632679343224E-01   -0.147431954741478E+00
       0.206499159336090E+00   -0.532980859279633E-01    0.724816136062145E-02    0.621703192591667E-01    0.141062185168266E+00
       0.117023028433323E+00   -0.110466055572033E+00    0.229886040091515E+00   -0.196247577667236E+00   -0.716583952307701E-01
       0.968354940414429E-01    0.559845864772797E-01    0.138691946864128E+00   -0.103418610990047E+00   -0.162435322999954E+00
       0.975431352853775E-01    0.585969053208828E-01    0.409885868430138E-01   -0.599807798862457E-01    0.225256875157356E+00
      -0.180103048682213E+00    0.689289867877960E-01   -0.105500807985663E-01   -0.129388421773911E+00    0.423536449670792E+00
      -0.225609838962555E+00   -0.125168532133102E+00   -0.860225129872561E-02   -0.149441147223115E-01   -0.201271139085293E-01
      -0.181762561202049E+00    0.164461787790060E-02    0.794909298419952E-01   -0.437743291258812E-01    0.135206744074821E+00
       0.163501724600792E+00   -0.135388048365712E-01   -0.165890514850616E+00   -0.158722534775734E+00   -0.427606776356697E-01
      -0.158922344446182E+00   -0.959259122610092E-01   -0.475727580487728E-01   -0.415333434939384E-01   -0.132887527346611E+00
       0.893119443207979E-02   -0.125222757458687E+00    0.155771434307098E+00   -0.100229278206825E+00   -0.181443989276886E-01
       0.222549930214882E+00    0.105433827266097E-01    0.641943812370300E-01    0.237897872924805E+00   -0.746912658214569E-01
       0.104712853208184E-01    0.134428456425667E+00   -0.261084660887718E-01    0.550710642710328E-02   -0.915006324648857E-01
       0.226621598005295E+00    0.159719064831734E+00   -0.111407235264778E+00   -0.192934900522232E+00    0.615933835506439E-01
      -0.122838973999023E+00   -0.898837372660637E-01    0.242980197072029E-01    0.829652398824692E-01   -0.279665261507034E+00
       0.180904507637024E+00   -0.290327787399292E+00    0.625561177730560E-01    0.109640330076218E+00    0.214427158236504E+00
       0.469827093183994E-01   -0.110423289239407E+00    0.122147575020790E+00    0.394911877810955E-01    0.182578772306442E+00
       0.643301010131836E-01    0.279965065419674E-02    0.262320041656494E-03   -0.893386453390121E-01    0.249014094471931E+00
      -0.538019537925720E-01    0.844480693340302E-01    0.510530360043049E-01   -0.249309822916985E+00    0.329515725374222E+00
       0.408281665295362E-02   -0.107590898871422E+00    0.641964897513390E-01   -0.108496164903045E-01    0.160348027944565E+00
       0.143680917099118E-01   -0.646900385618210E-01    0.228958800435066E+00    0.221372172236443E-01    0.177679613232613E+00
      -0.574029684066772E-01   -0.316003058105707E-02   -0.648567751049995E-01   -0.188402086496353E-01    0.108048401772976E+00
      -0.475930124521255E-01    0.104319259524345E+00    0.172049120068550E+00   -0.165125757455826E+00    0.715597812086344E-02
       0.334265649318695E+00   -0.116570740938187E+00   -0.177136838436127E+00    0.249577872455120E-01    0.656763166189194E-01
      -0.279276728630066E+00    0.809802487492561E-01    0.997213795781136E-01   -0.164362221956253E+00    0.895174890756607E-01
       0.279829233884811E+00    0.156162101775408E-01   -0.213319808244705E-01   -0.687451194971800E-02    0.135168761014938E+00
      -0.340446606278419E-01    0.242993794381618E-01    0.900964438915253E-01    0.217207163572311E+00    0.472828410565853E-01
       0.964001119136810E-01   -0.187214449048042E+00   -0.302851349115372E+00   -0.239554107189178E+00   -0.196584925055504E+00
      -0.969612896442413E-01    0.549887446686625E-02   -0.100097537040710E+00   -0.105136528611183E+00    0.228614658117294E+00
       0.171024855226278E-01    0.548974275588989E-01    0.118672378361225E+00   -0.536090284585953E-01   -0.396031141281128E-02
       0.663218945264816E-01   -0.174197368323803E-01   -0.414319336414337E-02   -0.134118884801865E+00   -0.354466773569584E-02
      -0.411517173051834E-01    0.135011255741119E+00    0.808698236942291E-01    0.314024463295937E-01   -0.134305590763688E-01
      -0.944090727716684E-02    0.209874257445335E+00    0.313938200473785E+00   -0.167870104312897E+00    0.454114556312561E+00
      -0.125953987240791E+00    0.183158870786428E-01   -0.126946091651917E+00   -0.335473008453846E-01   -0.104701220989227E+00
      -0.116561889648438E+00    0.190208539366722E+00    0.137169867753983E+00    0.124074695631862E-01    0.107838623225689E+00
      -0.529007911682129E-01    0.152660310268402E+00   -0.395823940634727E-01   -0.767640098929405E-01    0.894020199775696E-01
      -0.910353809595108E-01   -0.128669679164886E+00   -0.110314033925533E+00    0.211963534355164E+00   -0.524797216057777E-01
       0.212719917297363E+00   -0.977712124586105E-01    0.576865039765835E-01   -0.259176373481750E+00   -0.402517803013325E-01
       0.106144271790981E+00    0.151801913976669E+00   -0.471333507448435E-02   -0.914479717612267E-01    0.304089412093163E-01
      -0.810460150241852E-01    0.224177122116089E+00    0.524766407907009E-01   -0.814678147435188E-01   -0.265994518995285E-01
      -0.155251413583755E+00    0.112182945013046E+00    0.626153722405434E-01   -0.548879578709602E-01    0.146607682108879E+00
       0.155605942010880E+00    0.103142470121384E+00    0.427687287330627E+00    0.319194905459881E-01   -0.511380359530449E-01
       0.363927558064461E-01    0.118352018296719E+00    0.433811731636524E-01   -0.213482081890106E-01    0.112262099981308E+00
       0.441907495260239E-01   -0.516810454428196E-03    0.606216117739677E-01    0.124422367662191E-01    0.869622826576233E-01
      -0.898952260613441E-01   -0.584527477622032E-01    0.129388153553009E+00    0.999969691038132E-01   -0.168903544545174E-01
      -0.940602272748947E-01   -0.624092072248459E-01    0.177253782749176E-01   -0.543832331895828E-01    0.671043917536736E-01
      -0.116534516215324E+00   -0.153458550572395E+00   -0.168562978506088E+00   -0.252873525023460E-01   -0.353701375424862E-01
      -0.200584195554256E-01    0.179478690028191E+00    0.129978522658348E+00    0.164947465062141E+00    0.132563158869743E+00
       0.173983946442604E+00   -0.814028009772301E-01    0.130771353840828E+00   -0.697526261210442E-01    0.132476836442947E+00
       0.759448437020183E-02   -0.847261399030685E-01    0.795384049415588E-01    0.443605631589890E-01   -0.968999415636063E-01
      -0.646122470498085E-01   -0.261082321405411E+00   -0.206970162689686E-01    0.498483069241047E-01    0.170410498976707E+00
       0.224141255021095E+00   -0.934327952563763E-03   -0.150460273027420E+00   -0.115265101194382E+00   -0.686012357473373E-01
       0.903277937322855E-02    0.376170575618744E-01   -0.189330786466599E+00    0.373430587351322E-01   -0.108395861461759E-01
       0.141767844557762E+00   -0.819338187575340E-01   -0.251433730125427E+00   -0.457757115364075E-01    0.336780279874802E+00
      -0.106382280588150E+00    0.142534062266350E+00    0.149838268756866E+00    0.375398918986320E-01    0.602236483246088E-02
       0.669206529855728E-01    0.160614863038063E+00    0.438078306615353E-01   -0.175253212451935E+00    0.126025341451168E-01
       0.222605377435684E+00    0.197241321206093E+00   -0.638208612799644E-01   -0.201848931610584E-01   -0.240966416895390E-01
      -0.120170265436172E+00    0.187172681093216E+00   -0.194659113883972E+00    0.267650544643402E+00    0.143294438719749E+00
      -0.121737167239189E+00   -0.886880308389664E-01    0.878480002284050E-01   -0.701777413487434E-01   -0.184720650315285E+00
      -0.412877537310123E-01    0.255000472068787E+00   -0.106522619724274E+00    0.209504365921021E-01    0.886201560497284E-01
      -0.118424087762833E+00   -0.467465817928314E-02    0.425479292869568E+00    0.198033526539803E+00    0.237575605511665E+00
      -0.111117966473103E+00   -0.323789976537228E-01   -0.181065678596497E+00   -0.544389262795448E-01   -0.340352877974510E-01
      -0.194640859961510E+00   -0.184359520673752E+00   -0.207140929996967E-01    0.114830784499645E+00    0.186139270663261E+00
      -0.156072348356247E+00   -0.161677300930023E+00   -0.258506201207638E-01   -0.902762040495872E-01   -0.930338352918625E-01
      -0.135819420218468E+00   -0.140060009434819E-01    0.568464845418930E-01   -0.265240818262100E+00    0.160664580762386E-01
      -0.103643365204334E+00    0.638606175780296E-01    0.178170770406723E+00   -0.113311208784580E+00   -0.919506326317787E-01
      -0.185277983546257E+00    0.193462550640106E+00   -0.122963681817055E+00   -0.320536755025387E-01    0.210696250200272E+00
      -0.376249961555004E-01   -0.186591431498528E+00   -0.656655207276344E-01    0.126794382929802E+00   -0.137059792876244E+00
   Bias in Layer   4
      -0.285012096166611E+00
   Weight in Layer   4
      -0.482209295034409E+00   -0.174752369523048E+00   -0.181161165237427E+00    0.307651042938232E+00   -0.587334454059601E+00
       0.624586164951324E+00    0.795093849301338E-01    0.626065135002136E-01   -0.536409795284271E+00    0.328009247779846E+00
       0.539145946502686E+00    0.148193895816803E+00   -0.126569187641144E+01    0.266048222780228E+00   -0.568881869316101E+00
       0.262611985206604E+00   -0.252311885356903E+00   -0.370920002460480E+00    0.348485440015793E+00    0.513929903507233E+00
      -0.769635558128357E+00   -0.775214433670044E+00    0.597722470760345E+00   -0.256802171468735E+00   -0.520573437213898E+00
      -0.630323410034180E+00   -0.552089631557465E+00    0.725646793842316E+00    0.387886792421341E+00   -0.716484129428864E+00
      -0.349376469850540E+00    0.497289359569550E+00    0.549859404563904E+00    0.416351228952408E+00   -0.382389605045319E+00
       0.592816472053528E+00   -0.133140370249748E+00   -0.104987990856171E+01   -0.464345693588257E+00    0.317495614290237E+00
      -0.188354626297951E+00    0.711099565029144E+00    0.369299530982971E+00    0.436955034732819E+00    0.288287580013275E+00
      -0.461488753557205E+00    0.220535010099411E+00    0.224781274795532E+00
