Dataset_ID,A_GHz,B_GHz,C_GHz,Dipole_Debye,Polarizability_Bohr3,HOMO_Hartree,LUMO_Hartree,Gap_Hartree,R2_Bohr2,ZPVE_Hartree,U_298K_Hartree,H_298K_Hartree,G_298K_Hartree,Cv_cal_mol_K,SMILES,InChI
gdb_1,157.7118,157.70997,157.70699,0.,13.21,-0.3877,0.1171,0.5048,35.3641,0.044749,-40.47893,-40.476062,-40.475117,-40.498597,C,InChI=1S/CH4/h1H4
gdb_2,293.60975,293.54111,191.39397,1.6256,9.46,-0.257,0.0829,0.3399,26.1563,0.034358,-56.525887,-56.523026,-56.522082,-56.544961,N,InChI=1S/H3N/h1H3
gdb_3,799.58812,437.90386,282.94545,1.8511,6.31,-0.2928,0.0687,0.3615,19.0002,0.021375,-76.404702,-76.401867,-76.400922,-76.422349,O,InChI=1S/H2O/h1H2
gdb_4,0.,35.6100361,35.6100361,0.,16.28,-0.2845,0.0506,0.3351,59.5248,0.026841,-77.308427,-77.305527,-77.304583,-77.327429,C#C,InChI=1S/C2H2/c1-2/h1-2H
gdb_5,0.,44.593883,44.593883,2.8937,12.99,-0.3604,0.0191,0.3796,48.7476,0.016601,-93.411888,-93.40937,-93.408425,-93.431246,C#N,InChI=1S/CHN/c1-2/h1H
gdb_6,285.48839,38.9823,34.29892,2.1089,14.18,-0.267,-0.0406,0.2263,59.9891,0.026603,-114.483613,-114.480746,-114.479802,-114.505268,C=O,InChI=1S/CH2O/c1-2/h1H2
gdb_7,80.46225,19.90649,19.90633,0.,23.95,-0.3385,0.1041,0.4426,109.5031,0.074542,-79.764152,-79.760666,-79.759722,-79.787269,CC,InChI=1S/C2H6/c1-2/h1-2H3
gdb_8,127.83497,24.85872,23.97872,1.5258,16.97,-0.2653,0.0784,0.3437,83.794,0.051208,-115.679136,-115.675816,-115.674872,-115.701876,CO,"InChI=1S/CH4O/c1-2/h2H,1H3"
gdb_9,160.28041,8.59323,8.59321,0.7156,28.78,-0.2609,0.0613,0.3222,177.1963,0.05541,-116.609549,-116.60555,-116.604606,-116.633775,CC#C,"InChI=1S/C3H4/c1-3-2/h1H,2H3"
gdb_10,159.03567,9.22327,9.22324,3.8266,24.45,-0.3264,0.0376,0.364,160.7223,0.045286,-132.71815,-132.714563,-132.713619,-132.742149,CC#N,InChI=1S/C2H3N/c1-2-3/h1H3
gdb_11,57.22434,10.11122,9.07368,2.5682,25.11,-0.254,-0.0198,0.2342,166.9728,0.055355,-153.787612,-153.783728,-153.782784,-153.812518,CC=O,"InChI=1S/C2H4O/c1-2-3/h2H,1H3"
gdb_12,73.8472,11.34793,9.83639,3.7286,21.57,-0.2543,0.0302,0.2845,145.3078,0.045279,-169.860788,-169.856903,-169.855958,-169.885594,NC=O,"InChI=1S/CH3NO/c2-1-3/h1H,(H2,2,3)"
gdb_13,29.45018,8.37701,7.42076,0.0597,34.75,-0.323,0.0949,0.4179,227.1361,0.103182,-119.052475,-119.047927,-119.046983,-119.078157,CCC,"InChI=1S/C3H8/c1-3-2/h3H2,1-2H3"
gdb_14,35.09545,9.3686,8.1497,1.4131,27.87,-0.2619,0.0798,0.3417,193.1659,0.079754,-154.972731,-154.968412,-154.967467,-154.998148,CCO,"InChI=1S/C2H6O/c1-2-3/h3H,2H2,1H3"
gdb_15,39.37691,10.04033,8.90353,1.1502,28.13,-0.2525,0.091,0.3435,187.1015,0.079534,-154.960361,-154.956045,-154.9551,-154.985747,COC,InChI=1S/C2H6O/c1-3-2/h1-2H3
gdb_16,20.15852,20.15302,12.5891,0.0005,30.82,-0.2888,0.1042,0.393,155.8145,0.081231,-117.824798,-117.821426,-117.820482,-117.849087,C1CC1,InChI=1S/C3H6/c1-2-3-1/h1-3H2
gdb_17,25.77385,22.12109,14.18066,1.7675,24.04,-0.2682,0.1042,0.3724,129.891,0.057289,-153.742562,-153.73941,-153.738466,-153.766642,C1CO1,InChI=1S/C2H4O/c1-2-3-1/h1-2H2
gdb_18,10.12193,8.49011,4.89615,2.7362,35.53,-0.2431,-0.0087,0.2344,292.4367,0.083382,-193.08834,-193.082969,-193.082024,-193.116476,CC(C)=O,InChI=1S/C3H6O/c1-3(2)4/h1-2H3
gdb_19,10.78886,9.27509,5.14977,3.6367,31.83,-0.2436,0.0347,0.2783,267.6148,0.07319,-209.159302,-209.15402,-209.153076,-209.187468,CC(N)=O,"InChI=1S/C2H5NO/c1-2(3)4/h1H3,(H2,3,4)"
gdb_20,11.1475,10.36388,5.42091,3.4869,28.07,-0.2495,0.0556,0.3051,244.2308,0.063824,-225.221461,-225.217075,-225.216131,-225.247724,NC(N)=O,"InChI=1S/CH4N2O/c2-1(3)4/h(H4,2,3,4)"
gdb_21,7.75166,7.74847,4.48668,0.0897,45.46,-0.3167,0.0843,0.401,355.0621,0.131146,-158.342346,-158.336603,-158.335658,-158.370016,CC(C)C,"InChI=1S/C4H10/c1-4(2)3/h4H,1-3H3"
gdb_22,8.67553,8.00568,4.75542,1.4259,38.58,-0.2612,0.074,0.3351,318.3721,0.107673,-194.267232,-194.261748,-194.260804,-194.294663,CC(C)O,"InChI=1S/C3H8O/c1-3(2)4/h3-4H,1-2H3"
gdb_23,0.,4.4259726,4.4259726,0.,38.52,-0.2599,-0.0214,0.2386,278.6264,0.037354,-153.459846,-153.455442,-153.454498,-153.482621,C#CC#C,InChI=1S/C4H2/c1-3-4-2/h1-2H
gdb_24,0.,4.5793222,4.5793222,3.792,32.66,-0.3102,-0.0543,0.2559,260.1896,0.027259,-169.557758,-169.553764,-169.55282,-169.581024,C#CC#N,InChI=1S/C3HN/c1-2-3-4/h1H
gdb_25,0,4.73269,4.73269,0.0023,27.7,-0.3696,-0.0926,0.277,242.9308,0.015951,-185.648533,-185.644825,-185.64388,-185.667652,N#CC#N,InChI=1S/C2N2/c3-1-2-4
gdb_26,68.5171,4.8345,4.51586,2.7824,31.14,-0.2777,-0.0735,0.2042,268.3921,0.037208,-190.624631,-190.620363,-190.619419,-190.650543,O=CC#C,"InChI=1S/C3H2O/c1-2-3-4/h1,3H"
gdb_27,67.88408,5.00823,4.66413,2.3112,26.25,-0.3166,-0.11,0.2066,251.0007,0.02654,-206.721858,-206.717875,-206.716931,-206.747625,O=CC#N,InChI=1S/C2HNO/c3-1-2-4/h2H
gdb_28,56.25048,4.77441,4.40088,0.002,26.12,-0.2668,-0.1113,0.1555,266.8164,0.036943,-227.798785,-227.79457,-227.793626,-227.825074,O=CC=O,InChI=1S/C2H2O2/c3-1-2-4/h1-2H
gdb_29,80.28766,3.3688,3.3688,0.,42.32,-0.2412,0.0684,0.3096,400.2236,0.083896,-155.908941,-155.90318,-155.902236,-155.937641,CC#CC,InChI=1S/C4H6/c1-3-4-2/h1-2H3
gdb_30,27.39459,4.53005,4.08342,0.7067,40.09,-0.2592,0.0566,0.3157,333.9589,0.084338,-155.897345,-155.892291,-155.891347,-155.924226,CCC#C,"InChI=1S/C4H6/c1-3-4-2/h1H,4H2,2H3"
gdb_31,28.0016,4.67752,4.21765,3.9233,35.38,-0.3213,0.034,0.3553,314.5335,0.07419,-172.006141,-172.001467,-172.000523,-172.032826,CCC#N,"InChI=1S/C3H5N/c1-2-3-4/h2H2,1H3"
gdb_32,32.19893,4.76299,4.30696,4.4361,31.81,-0.2683,0.0173,0.2855,295.6635,0.063305,-188.042067,-188.037478,-188.036534,-188.06863,NCC#N,"InChI=1S/C2H4N2/c3-1-2-4/h1,3H2"
gdb_33,35.11615,4.66117,4.22354,1.7211,33.1,-0.2595,0.0277,0.2872,300.0993,0.060632,-191.810916,-191.806025,-191.805081,-191.837634,OCC#C,"InChI=1S/C3H4O/c1-2-3-4/h1,4H,3H2"
gdb_34,35.93172,4.83443,4.37827,4.6788,28.56,-0.3018,0.0022,0.3039,280.6659,0.050262,-207.916786,-207.912215,-207.911271,-207.943384,OCC#N,"InChI=1S/C2H3NO/c3-1-2-4/h4H,2H2"
gdb_35,26.14564,4.2893,4.12773,2.6741,35.83,-0.25,-0.0205,0.2295,333.3276,0.084175,-193.075202,-193.070116,-193.069171,-193.102798,CCC=O,"InChI=1S/C3H6O/c1-2-3-4/h3H,2H2,1H3"
gdb_36,19.98749,6.11589,4.82584,3.7071,32.78,-0.2516,0.0335,0.2851,279.7863,0.074166,-209.144909,-209.139976,-209.139032,-209.172305,CNC=O,"InChI=1S/C2H5NO/c1-3-2-4/h2H,1H3,(H,3,4)"
gdb_37,48.62351,4.67298,4.38187,3.92,29.47,-0.2814,0.0074,0.2888,293.917,0.061327,-229.013797,-229.009003,-229.008059,-229.041086,COC=O,"InChI=1S/C2H4O2/c1-4-2-3/h2H,1H3"
gdb_38,36.49282,4.31175,4.04493,1.7341,28.53,-0.2537,-0.0341,0.2196,303.8129,0.060508,-228.992613,-228.987769,-228.986825,-229.019918,OCC=O,"InChI=1S/C2H4O2/c3-1-2-4/h1,4H,2H2"
gdb_39,23.44662,3.60588,3.38683,0.,45.71,-0.317,0.0937,0.4107,426.2996,0.131708,-158.340943,-158.33517,-158.334226,-158.36894,CCCC,"InChI=1S/C4H10/c1-3-4-2/h3-4H2,1-2H3"
gdb_40,26.59789,3.79186,3.53779,1.3402,38.61,-0.2619,0.081,0.3429,382.8628,0.108241,-194.261089,-194.255495,-194.254551,-194.28893,CCCO,"InChI=1S/C3H8O/c1-2-3-4/h4H,2-3H2,1H3"
gdb_41,28.29567,4.14901,3.88349,1.0363,39.34,-0.2503,0.0925,0.3428,368.9331,0.107895,-194.254127,-194.248585,-194.247641,-194.281899,CCOC,"InChI=1S/C3H8O/c1-3-4-2/h3H2,1-2H3"
gdb_42,14.79671,5.6956,4.58846,0.0075,31.42,-0.2594,0.0584,0.3179,297.8398,0.085172,-230.183076,-230.177723,-230.176779,-230.211195,OCCO,"InChI=1S/C2H6O2/c3-1-2-4/h3-4H,1-2H2"
gdb_43,15.61472,6.31363,5.54514,0.1136,41.96,-0.2727,0.1012,0.3738,298.6061,0.109284,-157.116735,-157.11209,-157.111146,-157.143262,CC1CC1,"InChI=1S/C4H8/c1-4-2-3-4/h4H,2-3H2,1H3"
gdb_44,18.21931,6.63877,5.92459,1.812,35.01,-0.2633,0.1052,0.3685,267.2979,0.085275,-193.039603,-193.035186,-193.034242,-193.065979,CC1CO1,"InChI=1S/C3H6O/c1-3-2-4-3/h3H,2H2,1H3"
gdb_45,16.58914,7.18798,6.11415,1.1353,39.02,-0.2304,0.0968,0.3271,270.5508,0.097671,-173.147782,-173.143343,-173.142399,-173.174073,CN1CC1,"InChI=1S/C3H7N/c1-4-2-3-4/h2-3H2,1H3"
gdb_46,16.79477,6.71015,5.86781,1.3894,34.64,-0.239,0.0775,0.3166,263.966,0.085106,-193.034988,-193.030356,-193.029411,-193.061689,OC1CC1,"InChI=1S/C3H6O/c4-3-1-2-3/h3-4H,1-2H2"
gdb_47,10.66107,10.66107,6.30452,0.,41.83,-0.2982,0.0956,0.3938,268.4432,0.110511,-157.115484,-157.111322,-157.110378,-157.141657,C1CCC1,InChI=1S/C4H8/c1-2-4-3-1/h1-4H2
gdb_48,12.06545,11.77731,6.71997,1.7978,34.56,-0.2424,0.0859,0.3283,236.9759,0.086675,-193.034094,-193.029968,-193.029024,-193.060777,C1COC1,InChI=1S/C3H6O/c1-2-4-3-1/h1-3H2
gdb_49,8.63483,4.11977,2.88825,0.6875,45.37,-0.2392,0.0192,0.2584,452.5112,0.100501,-248.375248,-248.368823,-248.367879,-248.405354,CC(C)=NO,"InChI=1S/C3H7NO/c1-3(2)4-5/h5H,1-2H3"
gdb_50,9.17136,9.04195,4.5531,1.8689,43.14,-0.2029,0.0499,0.2528,303.9808,0.082433,-210.101789,-210.097816,-210.096872,-210.12818,N1C=CC=C1,InChI=1S/C4H5N/c1-2-4-5-3-1/h1-5H
gdb_51,9.77329,9.41192,4.7946,3.6193,39.13,-0.2253,0.0332,0.2585,283.6817,0.071145,-226.160842,-226.157088,-226.156144,-226.187104,N1C=CN=C1,"InChI=1S/C3H4N2/c1-2-5-3-4-1/h1-3H,(H,4,5)"
gdb_52,9.50228,9.29497,4.69874,0.5571,39.2,-0.2246,0.0199,0.2445,289.005,0.069883,-229.969129,-229.965414,-229.96447,-229.995393,O1C=CC=C1,InChI=1S/C4H4O/c1-2-4-5-3-1/h1-4H
gdb_53,10.10926,9.69372,4.94857,1.5081,35.17,-0.2509,0.001,0.2519,269.2444,0.058593,-246.02915,-246.025614,-246.024669,-246.055309,O1C=CN=C1,InChI=1S/C3H3NO/c1-2-5-3-4-1/h1-3H
gdb_54,4.4178,4.41753,4.41717,0.0003,56.01,-0.3145,0.0737,0.3882,486.2719,0.158836,-197.632222,-197.625241,-197.624297,-197.661411,CC(C)(C)C,"InChI=1S/C5H12/c1-5(2,3)4/h1-4H3"
gdb_55,4.69474,4.66938,4.47909,1.384,49.04,-0.2601,0.0664,0.3265,449.0573,0.134977,-233.560626,-233.553779,-233.552834,-233.589759,CC(C)(C)O,"InChI=1S/C4H10O/c1-4(2,3)5/h5H,1-3H3"
gdb_56,10.21876,4.04324,2.94978,2.8579,42.02,-0.2654,-0.0575,0.2079,416.7799,0.065175,-229.927277,-229.921622,-229.920677,-229.955843,CC(=O)C#C,"InChI=1S/C4H4O/c1-3-4(2)5/h1H,2H3"
gdb_57,10.16063,4.15847,3.0056,3.3351,37.08,-0.3007,-0.0889,0.2118,397.7757,0.05451,-246.027383,-246.022024,-246.02108,-246.055769,CC(=O)C#N,InChI=1S/C3H3NO/c1-3(5)2-4/h1H3
gdb_58,10.68423,4.3198,3.07993,5.1815,38.31,-0.2739,-0.0438,0.2301,384.5574,0.056619,-242.19573,-242.190591,-242.189646,-242.223513,NC(=N)C#N,"InChI=1S/C2H3N3/c3-1-2(4)5/h(H3,4,5)"
gdb_59,11.40916,4.14704,3.0415,3.7167,38.29,-0.2629,-0.0277,0.2352,390.4619,0.054731,-245.997884,-245.992256,-245.991312,-246.026404,NC(=O)C#C,"InChI=1S/C3H3NO/c1-2-3(4)5/h1H,(H2,4,5)"
gdb_60,9.08854,4.42607,3.03169,0.9461,36.51,-0.2538,-0.0964,0.1574,399.222,0.064992,-267.10335,-267.097658,-267.096714,-267.132534,CC(=O)C=O,"InChI=1S/C3H4O2/c1-3(5)2-4/h2H,1H3"
gdb_61,10.08927,4.54115,3.13487,2.7707,38.09,-0.2561,-0.064,0.192,384.4827,0.067668,-263.278851,-263.273589,-263.272645,-263.306835,NC(=N)C=O,"InChI=1S/C2H4N2O/c3-2(4)1-5/h1H,(H3,3,4)"
gdb_62,10.84211,4.27948,3.06837,5.1668,33.39,-0.2533,-0.0763,0.177,381.9882,0.054577,-283.16874,-283.163262,-283.162318,-283.197298,NC(=O)C=O,"InChI=1S/C2H3NO2/c3-2(5)1-4/h1H,(H2,3,5)"
gdb_63,7.92874,3.8272,2.82581,0.6578,51.2,-0.2589,0.0571,0.316,481.9854,0.112471,-195.186772,-195.180446,-195.179502,-195.215658,CC(C)C#C,"InChI=1S/C5H8/c1-4-5(2)3/h1,5H,2-3H3"
gdb_64,7.90009,3.95466,2.88643,3.9512,46.23,-0.318,0.0365,0.3545,460.694,0.102281,-211.295796,-211.289821,-211.288877,-211.324525,CC(C)C#N,"InChI=1S/C4H7N/c1-4(2)3-5/h4H,1-2H3"
gdb_65,8.30095,3.97615,2.93764,2.7429,42.87,-0.2704,0.0278,0.2983,440.0738,0.091554,-227.338075,-227.332253,-227.331309,-227.366638,CC(N)C#N,"InChI=1S/C3H6N2/c1-3(5)2-4/h3H,5H2,1H3"
gdb_66,8.55919,3.89952,2.91869,1.3582,44.03,-0.2665,0.0336,0.3001,444.6452,0.088908,-231.108368,-231.102292,-231.101348,-231.137061,CC(O)C#C,"InChI=1S/C4H6O/c1-3-4(2)5/h1,4-5H,2H3"
gdb_67,8.55908,4.01671,2.97882,3.269,39.28,-0.3051,0.0115,0.3166,424.3395,0.078602,-247.214861,-247.209162,-247.208218,-247.243338,CC(O)C#N,"InChI=1S/C3H5NO/c1-3(5)2-4/h3,5H,1H3"
gdb_68,7.66289,3.70925,2.79937,2.6921,46.58,-0.2469,-0.0188,0.2281,482.0475,0.112328,-232.364952,-232.358577,-232.357633,-232.394589,CC(C)C=O,"InChI=1S/C4H8O/c1-4(2)3-5/h3-4H,1-2H3"
gdb_69,8.31096,4.07963,2.92918,2.8354,39.16,-0.255,-0.0279,0.2271,432.1489,0.088443,-268.287661,-268.281505,-268.280561,-268.316982,CC(O)C=O,"InChI=1S/C3H6O2/c1-3(5)2-4/h2-3,5H,1H3"
gdb_70,8.9331,4.19405,2.96046,3.7163,44.42,-0.2424,0.0327,0.2751,441.85,0.10227,-248.430371,-248.424309,-248.423365,-248.459383,CN(C)C=O,"InChI=1S/C3H7NO/c1-4(2)3-5/h3H,1-2H3"
gdb_71,10.13982,3.81346,2.86965,2.9514,39.33,-0.2699,-0.0262,0.2437,440.1727,0.088924,-268.301176,-268.295084,-268.29414,-268.331307,CC(=O)CO,"InChI=1S/C3H6O2/c1-3(5)2-4/h4H,2H2,1H3"
gdb_72,9.55216,3.57844,2.7341,2.6168,46.19,-0.2423,-0.0072,0.2351,489.8518,0.112006,-232.377706,-232.371073,-232.370129,-232.408256,CCC(C)=O,"InChI=1S/C4H8O/c1-3-4(2)5/h3H2,1-2H3"
gdb_73,9.78802,3.78441,2.84416,3.499,42.54,-0.2438,0.0355,0.2793,457.447,0.101847,-248.448467,-248.441988,-248.441044,-248.478935,CCC(N)=O,"InChI=1S/C3H7NO/c1-2-3(4)5/h2H2,1H3,(H2,4,5)"
gdb_74,10.01185,3.84195,2.87635,3.5402,43.61,-0.2418,0.0387,0.2805,458.9803,0.101735,-248.443503,-248.436899,-248.435955,-248.474272,CNC(C)=O,"InChI=1S/C3H7NO/c1-3(5)4-2/h1-2H3,(H,4,5)"
gdb_75,10.44045,4.04692,2.98547,3.5648,39.51,-0.2436,0.0599,0.3034,428.404,0.091713,-264.504487,-264.498452,-264.497508,-264.533633,CNC(N)=O,"InChI=1S/C2H6N2O/c1-4-2(3)5/h1H3,(H3,3,4,5)"
gdb_76,9.69683,4.1533,3.01703,1.1876,43.57,-0.2595,0.0352,0.2948,443.1687,0.102062,-248.416462,-248.410358,-248.409414,-248.445651,COC(C)=N,"InChI=1S/C3H7NO/c1-3(4)5-2/h4H,1-2H3"
gdb_77,10.20392,4.16834,3.07281,1.7569,39.33,-0.2685,0.0174,0.2859,427.6606,0.089436,-268.32127,-268.315051,-268.314106,-268.351214,COC(C)=O,InChI=1S/C3H6O2/c1-3(4)5-2/h1-2H3
gdb_78,10.68182,4.39532,3.17969,2.329,35.5,-0.2669,0.0575,0.3244,398.5908,0.079271,-284.385189,-284.379361,-284.378417,-284.414085,COC(N)=O,"InChI=1S/C2H5NO2/c1-5-2(3)4/h1H3,(H2,3,4)"
gdb_79,10.20696,3.93135,2.9219,4.5676,35.87,-0.246,0.0273,0.2733,418.5967,0.078222,-284.360325,-284.354148,-284.353204,-284.390143,NC(=O)CO,"InChI=1S/C2H5NO2/c3-2(5)1-4/h4H,1H2,(H2,3,5)"
gdb_80,10.14389,4.0714,3.02223,5.3004,35.19,-0.2527,0.0208,0.2735,408.0279,0.080317,-284.372483,-284.367172,-284.366228,-284.40095,[NH3+]CC([O-])=O,"InChI=1S/C2H5NO2/c3-1-2(4)5/h1,3H2,(H,4,5)"
gdb_81,7.57282,3.5255,2.65861,1.3149,49.26,-0.2629,0.0789,0.3418,516.4357,0.136209,-233.551389,-233.544542,-233.543598,-233.581067,CC(C)CO,"InChI=1S/C4H10O/c1-4(2)3-5/h4-5H,3H2,1-2H3"
gdb_82,6.6508,4.19317,3.39441,2.2854,42.01,-0.2597,0.0631,0.3228,438.3028,0.11345,-269.479234,-269.472993,-269.472049,-269.508213,CC(O)CO,"InChI=1S/C3H8O2/c1-3(5)2-4/h3-5H,2H2,1H3"
gdb_83,7.26511,3.32874,2.54491,0.0618,56.26,-0.3085,0.085,0.3934,565.8412,0.159632,-197.629387,-197.622325,-197.621381,-197.659365,CCC(C)C,"InChI=1S/C5H12/c1-4-5(2)3/h5H,4H2,1-3H3"
gdb_84,8.11598,3.43678,2.66869,1.3894,49.45,-0.2617,0.0733,0.335,521.8605,0.136091,-233.555951,-233.549143,-233.548199,-233.585602,CCC(C)O,"InChI=1S/C4H10O/c1-3-4(2)5/h4-5H,3H2,1-2H3"
gdb_85,7.55335,3.78323,2.80566,1.0758,49.8,-0.2476,0.086,0.3336,507.9614,0.135681,-233.545899,-233.539034,-233.53809,-233.57582,COC(C)C,"InChI=1S/C4H10O/c1-4(2)5-3/h4H,1-3H3"
gdb_86,6.14183,5.17679,3.79297,0.1068,52.92,-0.2633,0.0893,0.3526,439.1643,0.137025,-196.409349,-196.403398,-196.402453,-196.437676,CC1(C)CC1,"InChI=1S/C5H10/c1-5(2)3-4-5/h3-4H2,1-2H3"
gdb_87,6.49534,5.52329,3.9108,1.8235,45.7,-0.2596,0.091,0.3505,405.521,0.112851,-232.335768,-232.329981,-232.329037,-232.364091,CC1(C)CO1,"InChI=1S/C4H8O/c1-4(2)3-5-4/h3H2,1-2H3"
gdb_88,6.57648,5.31603,3.98453,1.3822,45.85,-0.2494,0.0776,0.327,401.4888,0.113237,-232.33341,-232.327734,-232.32679,-232.36147,CC1(O)CC1,"InChI=1S/C4H8O/c1-4(5)2-3-4/h5H,2-3H2,1H3"
gdb_89,12.18399,5.1384,3.78868,2.5732,40.19,-0.263,0.0277,0.2907,352.0378,0.080558,-247.201165,-247.196699,-247.195755,-247.22841,N=C1CCO1,"InChI=1S/C3H5NO/c4-3-1-2-5-3/h4H,1-2H2"
gdb_90,10.79571,4.78732,3.54292,2.7119,42.77,-0.2415,-0.0194,0.2222,379.6371,0.090544,-231.15578,-231.150804,-231.149859,-231.184401,O=C1CCC1,InChI=1S/C4H6O/c5-4-2-1-3-4/h1-3H2
gdb_91,12.23436,4.97895,3.70561,3.6671,39.73,-0.25,0.038,0.288,355.0934,0.080442,-247.225618,-247.220897,-247.219953,-247.253218,O=C1CCN1,"InChI=1S/C3H5NO/c5-3-1-2-4-3/h1-2H2,(H,4,5)"
gdb_92,12.44643,5.23328,3.86599,3.9339,35.4,-0.2788,0.0089,0.2878,336.0792,0.068574,-267.106213,-267.101929,-267.100985,-267.13332,O=C1CCO1,InChI=1S/C3H4O2/c4-3-1-2-5-3/h1-2H2
gdb_93,11.54185,4.90368,3.63309,2.5257,39.34,-0.2437,-0.0258,0.2179,359.152,0.07965,-247.190194,-247.185543,-247.184599,-247.217688,O=C1CNC1,"InChI=1S/C3H5NO/c5-3-1-4-2-3/h4H,1-2H2"
gdb_94,12.18264,4.94228,3.68162,0.8477,35.94,-0.2647,-0.0352,0.2295,344.5473,0.066989,-267.068488,-267.063976,-267.063032,-267.095887,O=C1COC1,InChI=1S/C3H4O2/c4-3-1-5-2-3/h1-2H2
gdb_95,9.63416,4.10254,3.28665,0.095,52.94,-0.2896,0.0927,0.3823,455.0215,0.138424,-196.407957,-196.40245,-196.401505,-196.436159,CC1CCC1,"InChI=1S/C5H10/c1-5-3-2-4-5/h5H,2-4H2,1H3"
gdb_96,9.93129,4.56362,3.63704,1.6826,45.72,-0.241,0.0915,0.3325,407.6909,0.11459,-232.33123,-232.325877,-232.324933,-232.359589,CC1CCO1,"InChI=1S/C4H8O/c1-4-2-3-5-4/h4H,2-3H2,1H3"
gdb_97,10.13697,4.32512,3.50912,1.8995,45.45,-0.2419,0.0814,0.3233,414.1575,0.114694,-232.325947,-232.320548,-232.319604,-232.354576,CC1COC1,"InChI=1S/C4H8O/c1-4-2-5-3-4/h4H,2-3H2,1H3"
gdb_98,10.09703,4.26865,3.40487,1.4604,45.55,-0.256,0.0801,0.3361,413.9118,0.115063,-232.333258,-232.328097,-232.327153,-232.361103,OC1CCC1,"InChI=1S/C4H8O/c5-4-2-1-3-4/h4-5H,1-3H2"
gdb_99,10.85394,4.52867,3.62328,2.4158,38.58,-0.2465,0.0604,0.3069,374.4087,0.091005,-268.248371,-268.243234,-268.24229,-268.276572,OC1COC1,"InChI=1S/C3H6O2/c4-3-1-5-2-3/h3-4H,1-2H2"
gdb_100,7.14221,4.37083,3.30265,0.1023,52.92,-0.2632,0.094,0.3573,465.3301,0.137341,-196.406419,-196.40034,-196.399396,-196.435152,CC1CC1C,"InChI=1S/C5H10/c1-4-3-5(4)2/h4-5H,3H2,1-2H3"
gdb_101,7.36997,4.78662,3.53123,1.3092,45.84,-0.2518,0.0822,0.334,418.298,0.113827,-232.32907,-232.323327,-232.322383,-232.357426,CC1CC1O,"InChI=1S/C4H8O/c1-3-2-4(3)5/h3-5H,2H2,1H3"
gdb_102,7.53724,4.74514,3.54049,1.2483,49.79,-0.2199,0.0931,0.313,432.5081,0.125556,-212.438188,-212.432286,-212.431342,-212.466725,CC1CN1C,"InChI=1S/C4H9N/c1-4-3-5(4)2/h4H,3H2,1-2H3"
gdb_103,8.15202,4.38313,3.43318,1.8159,46.02,-0.2573,0.0984,0.3557,432.2224,0.113178,-232.334436,-232.32857,-232.327626,-232.363064,CC1OC1C,"InChI=1S/C4H8O/c1-3-4(2)5-3/h3-4H,1-2H3"
gdb_104,7.51163,5.3853,3.80314,2.4925,38.43,-0.2369,0.0642,0.3011,370.2795,0.090396,-268.251114,-268.245852,-268.244908,-268.278934,OC1CC1O,"InChI=1S/C3H6O2/c4-2-1-3(2)5/h2-5H,1H2"
gdb_105,7.20812,7.20681,6.22176,0.0002,49.82,-0.2974,0.1082,0.4056,328.2069,0.116844,-195.158734,-195.154774,-195.15383,-195.185188,C1C2CC1C2,"InChI=1S/C5H8/c1-4-2-5(1)3-4/h4-5H,1-3H2"
gdb_106,7.76429,7.54763,6.46247,1.8725,42.39,-0.2352,0.0994,0.3346,298.4772,0.092109,-231.069318,-231.065445,-231.064501,-231.095721,C1C2CC1O2,"InChI=1S/C4H6O/c1-3-2-4(1)5-3/h3-4H,1-2H2"
gdb_107,19.32586,2.84998,2.52198,0.4777,45.22,-0.2633,0.0345,0.2978,470.3666,0.065276,-192.736096,-192.730524,-192.72958,-192.764175,C#CCC#C,"InChI=1S/C5H4/c1-3-5-4-2/h1-2H,5H2"
gdb_108,20.01906,2.89728,2.57099,3.5925,40.56,-0.2911,0.0111,0.3022,448.7393,0.05503,-208.842347,-208.837159,-208.836215,-208.87023,C#CCC#N,"InChI=1S/C4H3N/c1-2-3-4-5/h1H,3H2"
gdb_109,21.0592,2.92609,2.61064,3.6958,36.12,-0.3494,-0.0151,0.3344,429.0927,0.044642,-224.94466,-224.939832,-224.938888,-224.972334,N#CCC#N,InChI=1S/C3H2N2/c4-2-1-3-5/h1H2
gdb_110,24.42532,2.5579,2.40769,2.0711,41.41,-0.2583,-0.0337,0.2245,483.1343,0.065029,-229.918003,-229.912379,-229.911435,-229.946855,O=CCC#C,"InChI=1S/C4H4O/c1-2-3-4-5/h1,4H,3H2"
gdb_111,26.22693,2.56863,2.42417,2.172,36.79,-0.2868,-0.0568,0.23,464.3999,0.054694,-246.023231,-246.017964,-246.017019,-246.051902,O=CCC#N,"InChI=1S/C3H3NO/c4-2-1-3-5/h3H,1H2"
gdb_112,11.16406,4.28269,3.09529,5.0884,38.8,-0.2491,-0.0216,0.2276,391.0845,0.068192,-263.280728,-263.275534,-263.27459,-263.308973,N=CNC=O,"InChI=1S/C2H4N2O/c3-1-4-2-5/h1-2H,(H2,3,4,5)"
gdb_113,46.2984,2.58674,2.44986,4.2338,35.69,-0.2934,-0.0298,0.2636,460.7073,0.055229,-283.156647,-283.151564,-283.15062,-283.184645,N=COC=O,InChI=1S/C2H3NO2/c3-1-5-2-4/h1-3H
gdb_114,11.40917,4.38216,3.16609,5.2904,34.31,-0.2608,-0.0416,0.2191,372.7845,0.055704,-283.179781,-283.17476,-283.173816,-283.207861,O=CNC=O,"InChI=1S/C2H3NO2/c4-1-3-2-5/h1-2H,(H,3,4,5)"
gdb_115,160.02654,2.04896,2.04896,1.1881,54.54,-0.242,-0.0085,0.2335,576.5936,0.065688,-192.762455,-192.756657,-192.755713,-192.790147,CC#CC#C,"InChI=1S/C5H4/c1-3-5-4-2/h1H,2H3"
gdb_116,159.56146,2.07623,2.07623,5.1545,47.82,-0.2871,-0.0377,0.2494,553.2094,0.055566,-208.863267,-208.85788,-208.856936,-208.890804,CC#CC#N,InChI=1S/C4H3N/c1-2-3-4-5/h1H3
gdb_117,43.05987,2.11932,2.04564,3.783,45.67,-0.2642,-0.0592,0.2051,568.7849,0.065532,-229.928448,-229.922366,-229.921422,-229.958956,CC#CC=O,"InChI=1S/C4H4O/c1-2-3-4-5/h4H,1H3"
gdb_118,25.23558,2.07322,1.96278,1.2486,46.92,-0.2421,0.0368,0.2789,613.8892,0.089036,-231.111403,-231.104707,-231.103763,-231.142502,CC#CCO,"InChI=1S/C4H6O/c1-2-3-4-5/h5H,4H2,1H3"
gdb_119,20.50649,2.07478,1.95249,0.078,53.93,-0.2401,0.0631,0.3033,652.4812,0.112761,-195.196751,-195.18988,-195.188936,-195.228146,CCC#CC,"InChI=1S/C5H8/c1-3-5-4-2/h3H2,1-2H3"
gdb_120,27.37372,2.3551,2.22921,2.9091,46.78,-0.2481,0.0251,0.2732,567.546,0.10111,-248.395289,-248.388824,-248.38788,-248.425185,COC=NC,"InChI=1S/C3H7NO/c1-4-3-5-2/h3H,1-2H3"
gdb_121,23.52902,2.22059,2.10822,0.7752,51.47,-0.2586,0.0583,0.3169,593.0141,0.112736,-195.186228,-195.179881,-195.178937,-195.215412,CCCC#C,"InChI=1S/C5H8/c1-3-5-4-2/h1H,4-5H2,2H3"
gdb_122,23.89209,2.25168,2.1394,4.0641,46.62,-0.3185,0.0365,0.355,569.5065,0.102603,-211.295163,-211.289209,-211.288265,-211.324151,CCCC#N,"InChI=1S/C4H7N/c1-2-3-4-5/h2-3H2,1H3"
gdb_123,27.0505,2.37302,2.25333,4.1469,43.52,-0.249,0.0208,0.2698,535.2152,0.091346,-227.324775,-227.318937,-227.317993,-227.353619,CNCC#N,"InChI=1S/C3H6N2/c1-5-3-2-4/h5H,3H2,1H3"
gdb_124,29.26507,2.42505,2.30445,1.3623,45.04,-0.2565,0.0324,0.2889,532.4302,0.088734,-231.092208,-231.086089,-231.085144,-231.121215,COCC#C,"InChI=1S/C4H6O/c1-3-4-5-2/h1H,4H2,2H3"
gdb_125,29.69812,2.46416,2.34273,4.5445,40.22,-0.2859,0.008,0.2939,509.5881,0.078474,-247.198,-247.192237,-247.191293,-247.226866,COCC#N,"InChI=1S/C3H5NO/c1-5-3-2-4/h3H2,1H3"
gdb_126,26.63096,2.28907,2.16465,1.3892,44.05,-0.2624,0.0549,0.3174,542.7424,0.089329,-231.10631,-231.100171,-231.099227,-231.135302,OCCC#C,"InChI=1S/C4H6O/c1-2-3-4-5/h1,5H,3-4H2"
gdb_127,27.12022,2.32375,2.19911,3.7158,39.41,-0.2914,0.0323,0.3237,519.4529,0.079045,-247.21445,-247.20867,-247.207726,-247.243281,OCCC#N,"InChI=1S/C3H5NO/c4-2-1-3-5/h5H,1,3H2"
gdb_128,20.60318,2.12564,2.08237,2.7552,47.03,-0.2487,-0.0195,0.2292,599.5103,0.112697,-232.36363,-232.357283,-232.356339,-232.39356,CCCC=O,"InChI=1S/C4H8O/c1-2-3-4-5/h4H,2-3H2,1H3"
gdb_129,12.29542,2.95298,2.69965,3.694,43.88,-0.2499,0.0335,0.2834,490.704,0.102695,-248.436061,-248.429994,-248.429049,-248.466001,CCNC=O,"InChI=1S/C3H7NO/c1-2-4-3-5/h3H,2H2,1H3,(H,4,5)"
gdb_130,18.87188,2.54729,2.47133,4.0425,40.48,-0.2778,0.0091,0.2868,510.9124,0.089832,-268.307873,-268.301991,-268.301047,-268.337439,CCOC=O,"InChI=1S/C3H6O2/c1-2-5-3-4/h3H,2H2,1H3"
gdb_131,29.05433,2.28555,2.17705,2.7959,40.04,-0.2577,-0.0282,0.2295,546.3932,0.088447,-268.27324,-268.267033,-268.266088,-268.30312,COCC=O,"InChI=1S/C3H6O2/c1-5-3-2-4/h2H,3H2,1H3"
gdb_132,22.23659,2.16652,2.13287,1.4229,39.92,-0.2536,-0.0285,0.225,550.4469,0.089449,-268.282665,-268.276602,-268.275658,-268.312338,OCCC=O,"InChI=1S/C3H6O2/c4-2-1-3-5/h2,5H,1,3H2"
gdb_133,17.04187,1.92713,1.82903,0.0603,56.8,-0.3105,0.0925,0.403,721.0614,0.160138,-197.629416,-197.622321,-197.621376,-197.659721,CCCCC,"InChI=1S/C5H12/c1-3-5-4-2/h3-5H2,1-2H3"
gdb_134,18.74523,1.96959,1.86471,1.3815,49.63,-0.2615,0.0813,0.3428,669.0122,0.136722,-233.549368,-233.542485,-233.54154,-233.579515,CCCCO,"InChI=1S/C4H10O/c1-2-3-4-5/h5H,2-4H2,1H3"
gdb_135,20.12848,2.11047,2.00594,0.9755,50.27,-0.25,0.0926,0.3426,647.6919,0.136321,-233.542445,-233.535569,-233.534624,-233.572603,CCCOC,"InChI=1S/C4H10O/c1-3-4-5-2/h3-4H2,1-2H3"
gdb_136,17.9608,2.23958,2.09578,0.9301,50.62,-0.2483,0.0931,0.3414,631.0818,0.136152,-233.547877,-233.541027,-233.540083,-233.578016,CCOCC,"InChI=1S/C4H10O/c1-3-5-4-2/h3-4H2,1-2H3"
gdb_137,12.80895,2.7832,2.48922,2.2019,42.99,-0.261,0.0821,0.3431,522.4181,0.113563,-269.465281,-269.45898,-269.458036,-269.494828,COCCO,"InChI=1S/C3H8O2/c1-5-3-2-4/h4H,2-3H2,1H3"
gdb_138,20.79686,2.01268,1.9004,2.7191,42.52,-0.2607,0.0779,0.3386,618.0376,0.113242,-269.468415,-269.461727,-269.460783,-269.498456,OCCCO,"InChI=1S/C3H8O2/c4-2-1-3-5/h4-5H,1-3H2"
gdb_139,15.9285,3.34091,3.17008,0.8635,48.65,-0.2425,0.0503,0.2928,429.6736,0.090505,-193.963318,-193.958152,-193.957208,-193.990986,C#CC1CC1,"InChI=1S/C5H6/c1-2-5-3-4-5/h1,5H,3-4H2"
gdb_140,17.05252,3.4088,3.26202,1.2763,45.22,-0.2422,0.0322,0.2744,408.3613,0.079399,-210.001565,-209.996559,-209.995615,-210.029132,C#CC1CN1,"InChI=1S/C4H5N/c1-2-4-3-5-4/h1,4-5H,3H2"
gdb_141,18.6968,3.40509,3.26056,1.7013,41.39,-0.265,0.0189,0.2839,397.8388,0.066467,-229.879598,-229.87469,-229.873746,-229.907107,C#CC1CO1,"InChI=1S/C4H4O/c1-2-4-3-5-4/h1,4H,3H2"
gdb_142,15.97776,3.43771,3.25625,4.1966,43.5,-0.2931,0.0289,0.322,407.3682,0.080403,-210.071468,-210.066701,-210.065757,-210.098937,N#CC1CC1,"InChI=1S/C4H5N/c5-3-4-1-2-4/h4H,1-2H2"
gdb_143,17.10357,3.50921,3.35299,2.8377,40.21,-0.2775,0.0076,0.2851,386.5557,0.069125,-226.107205,-226.102575,-226.10163,-226.134578,N#CC1CN1,"InChI=1S/C3H4N2/c4-1-3-2-5-3/h3,5H,2H2"
gdb_144,18.70863,3.50788,3.35304,3.6533,36.45,-0.3077,-0.0072,0.3004,376.0875,0.056139,-245.983375,-245.978827,-245.977883,-246.010694,N#CC1CO1,"InChI=1S/C3H3NO/c4-1-3-2-5-3/h3H,2H2"
gdb_145,16.01056,3.17029,3.01951,3.147,44.1,-0.2486,-0.0157,0.2329,436.2586,0.090683,-231.145151,-231.140101,-231.139157,-231.173071,O=CC1CC1,"InChI=1S/C4H6O/c5-3-4-1-2-4/h3-4H,1-2H2"
gdb_146,12.11336,4.15999,3.92501,2.03,40.19,-0.2639,-0.0381,0.2258,363.3567,0.079887,-247.184334,-247.179519,-247.178575,-247.211988,O=CC1CN1,"InChI=1S/C3H5NO/c5-2-3-1-4-3/h2-4H,1H2"
gdb_147,18.45912,3.25271,3.1231,2.3951,36.8,-0.2636,-0.0418,0.2217,402.0419,0.066465,-267.060326,-267.055484,-267.05454,-267.088115,O=CC1CO1,"InChI=1S/C3H4O2/c4-1-3-2-5-3/h1,3H,2H2"
gdb_148,14.7497,3.94953,3.42803,3.2517,40.77,-0.2555,-0.0013,0.2542,383.6013,0.079595,-247.192524,-247.187626,-247.186682,-247.22031,O=CN1CC1,"InChI=1S/C3H5NO/c5-3-4-1-2-4/h3H,1-2H2"
gdb_149,11.92252,3.07744,2.77702,0.095,52.9,-0.2723,0.0986,0.3709,514.3053,0.137725,-196.40532,-196.399392,-196.398448,-196.434166,CCC1CC1,"InChI=1S/C5H10/c1-2-5-3-4-5/h5H,2-4H2,1H3"
gdb_150,13.16352,3.25269,2.93666,1.7468,45.95,-0.2623,0.0976,0.3599,471.3094,0.113861,-232.328175,-232.322501,-232.321557,-232.356864,CCC1CO1,"InChI=1S/C4H8O/c1-2-4-3-5-4/h4H,2-3H2,1H3"
gdb_151,12.65097,3.37781,3.01126,1.0617,50.07,-0.2299,0.095,0.3249,474.34,0.126034,-212.439286,-212.433577,-212.432633,-212.467838,CCN1CC1,"InChI=1S/C4H9N/c1-2-5-3-4-5/h2-4H2,1H3"
gdb_152,13.06284,3.49477,3.12333,1.0906,46.29,-0.244,0.0955,0.3395,452.0432,0.113725,-232.3174,-232.311743,-232.310798,-232.345925,COC1CC1,"InChI=1S/C4H8O/c1-5-4-2-3-4/h4H,2-3H2,1H3"
gdb_153,12.75002,3.20516,2.88061,1.3201,46.01,-0.2601,0.079,0.339,468.6229,0.1143,-232.324966,-232.319256,-232.318312,-232.35363,OCC1CC1,"InChI=1S/C4H8O/c5-3-4-1-2-4/h4-5H,1-3H2"
gdb_154,13.52261,3.29848,2.97514,2.9395,42.64,-0.2436,0.0677,0.3113,445.0397,0.103108,-248.364357,-248.358808,-248.357864,-248.392932,OCC1CN1,"InChI=1S/C3H7NO/c5-2-3-1-4-3/h3-5H,1-2H2"
gdb_155,13.91383,3.41925,3.06432,1.7822,38.7,-0.2641,0.0777,0.3418,424.287,0.090736,-268.248806,-268.243491,-268.242547,-268.277228,OCC1CO1,"InChI=1S/C3H6O2/c4-1-3-2-5-3/h3-4H,1-2H2"
gdb_156,7.29736,7.21425,3.92627,0.1413,50.34,-0.2335,0.0325,0.2661,375.5096,0.116471,-195.226072,-195.221411,-195.220467,-195.253489,C1CC=CC1,"InChI=1S/C5H8/c1-2-4-5-3-1/h1-2H,3-5H2"
gdb_157,8.50694,8.12007,4.38248,1.6299,38.7,-0.2479,0.0241,0.272,315.6279,0.081779,-247.215049,-247.210764,-247.20982,-247.242343,C1CN=CO1,"InChI=1S/C3H5NO/c1-2-5-3-4-1/h3H,1-2H2"
gdb_158,8.03792,7.90647,4.19499,1.5715,43.73,-0.2303,0.0188,0.2491,336.0014,0.092218,-231.142581,-231.138099,-231.137155,-231.169932,C1OCC=C1,"InChI=1S/C4H6O/c1-2-4-5-3-1/h1-2H,3-4H2"
gdb_159,6.46711,6.46539,3.72933,0.001,52.,-0.3078,0.0844,0.3922,414.0869,0.140316,-196.432825,-196.427608,-196.426663,-196.462198,C1CCCC1,InChI=1S/C5H10/c1-2-4-5-3-1/h1-5H2
gdb_160,7.13328,6.90764,3.97481,1.465,45.06,-0.2479,0.0825,0.3304,374.1439,0.116649,-232.351764,-232.346824,-232.34588,-232.380488,C1CCOC1,InChI=1S/C4H8O/c1-2-4-5-3-1/h1-4H2
gdb_161,7.8609,7.51415,4.27374,1.3482,38.2,-0.2572,0.0865,0.3437,333.797,0.092697,-268.273739,-268.269015,-268.268071,-268.302293,C1COCO1,InChI=1S/C3H6O2/c1-2-5-3-4-1/h1-3H2
gdb_162,9.13872,6.09542,4.76786,0.2527,48.92,-0.2519,0.0987,0.3506,350.7167,0.116089,-195.179738,-195.175335,-195.174391,-195.206606,C1C2CCC12,"InChI=1S/C5H8/c1-2-5-3-4(1)5/h4-5H,1-3H2"
gdb_163,10.16649,6.4527,5.07931,1.7167,41.77,-0.2337,0.0853,0.319,315.0958,0.091972,-231.093096,-231.088957,-231.088013,-231.119749,C1C2COC12,"InChI=1S/C4H6O/c1-3-2-5-4(1)3/h3-4H,1-2H2"
gdb_164,9.60877,6.57366,5.00982,1.8518,41.8,-0.2517,0.0951,0.3468,317.7261,0.091787,-231.102112,-231.097923,-231.096979,-231.128841,C1CC2OC12,"InChI=1S/C4H6O/c1-2-4-3(1)5-4/h3-4H,1-2H2"
gdb_165,9.66859,9.44683,4.77821,2.2277,39.17,-0.2438,0.0239,0.2677,284.6224,0.071284,-226.144377,-226.140644,-226.1397,-226.170637,N1C=CC=N1,"InChI=1S/C3H4N2/c1-2-4-5-3-1/h1-3H,(H,4,5)"
gdb_166,10.07849,9.91557,4.99818,4.2954,35.66,-0.2641,-0.0023,0.2618,266.8979,0.059084,-242.180146,-242.176561,-242.175617,-242.206312,N1C=CN=N1,"InChI=1S/C2H3N3/c1-2-4-5-3-1/h1-2H,(H,3,4,5)"
gdb_167,10.29348,9.86616,5.03764,2.79,35.01,-0.2705,0.0059,0.2764,264.8693,0.059902,-242.205627,-242.202078,-242.201134,-242.231775,N1C=NC=N1,"InChI=1S/C2H3N3/c1-3-2-5-4-1/h1-2H,(H,3,4,5)"
gdb_168,10.04746,9.93509,4.99548,5.498,35.27,-0.2551,0.0164,0.2715,266.6747,0.059116,-242.196351,-242.192733,-242.191789,-242.222534,N1C=NN=C1,"InChI=1S/C2H3N3/c1-3-2-5-4-1/h1-2H,(H,3,4,5)"
gdb_169,10.3093,9.81117,5.02703,0.0597,35.3,-0.2742,-0.0055,0.2687,265.6333,0.059852,-242.18601,-242.182459,-242.181515,-242.212163,N1N=CC=N1,"InChI=1S/C2H3N3/c1-2-4-5-3-1/h1-2H,(H,3,4,5)"
gdb_170,9.8405,9.63861,4.86926,2.8629,35.74,-0.2677,-0.0138,0.2538,272.9362,0.058014,-245.994065,-245.9905,-245.989556,-246.020256,O1C=CC=N1,InChI=1S/C3H3NO/c1-2-4-5-3-1/h1-3H
gdb_171,10.42602,9.84405,5.06334,3.4411,32.49,-0.2862,-0.044,0.2422,256.5774,0.045382,-262.035127,-262.031571,-262.030627,-262.061292,O1C=CN=N1,InChI=1S/C2H2N2O/c1-2-5-4-3-1/h1-2H
gdb_172,10.39572,10.14933,5.13552,1.126,31.56,-0.3054,-0.0335,0.2719,253.56,0.046608,-262.056533,-262.053124,-262.05218,-262.082625,O1C=NC=N1,InChI=1S/C2H2N2O/c1-3-2-5-4-1/h1-2H
gdb_173,10.38235,10.24473,5.15654,3.1035,31.41,-0.2889,-0.0178,0.2711,252.7276,0.046502,-262.065493,-262.06207,-262.061126,-262.091582,O1C=NN=C1,InChI=1S/C2H2N2O/c1-3-4-2-5-1/h1-2H
gdb_174,10.78306,10.41182,5.2971,2.8915,28.58,-0.331,-0.0643,0.2667,239.8863,0.033398,-278.075775,-278.072348,-278.071404,-278.101859,O1C=NN=N1,InChI=1S/CHN3O/c1-2-3-4-5-1/h1H
gdb_175,10.52537,9.76061,5.06429,3.2148,32.29,-0.3213,-0.0515,0.2698,256.8034,0.045873,-262.017735,-262.014288,-262.013344,-262.043855,O1N=CC=N1,InChI=1S/C2H2N2O/c1-2-4-5-3-1/h1-2H
gdb_176,10.97997,10.24035,5.29863,1.9641,28.86,-0.3379,-0.0815,0.2563,240.038,0.033459,-278.059333,-278.055942,-278.054997,-278.0854,O1N=CN=N1,InChI=1S/CHN3O/c1-2-4-5-3-1/h1H
gdb_177,11.4029,10.6093,5.4959,0.6581,25.66,-0.3671,-0.1073,0.2598,226.0123,0.020349,-294.081616,-294.078226,-294.077281,-294.10766,O1N=NN=N1,InChI=1S/N4O/c1-2-4-5-3-1
gdb_178,8.35402,2.38993,1.87981,0.6411,54.16,-0.2383,-0.0315,0.2068,618.9851,0.081951,-285.217962,-285.211126,-285.210182,-285.248449,CC(=NO)C#C,"InChI=1S/C4H5NO/c1-3-4(2)5-6/h1,6H,2H3"
gdb_179,5.71908,2.66918,1.86162,1.9975,49.13,-0.2502,0.0066,0.2567,639.6693,0.105605,-323.58568,-323.578268,-323.577324,-323.617025,CC(CO)=NO,"InChI=1S/C3H7NO2/c1-3(2-5)4-6/h5-6H,2H2,1H3"
gdb_180,6.7828,2.18539,1.85356,0.6759,56.46,-0.239,0.0173,0.2562,699.8479,0.129195,-287.662612,-287.654946,-287.654001,-287.694375,CCC(C)=NO,"InChI=1S/C4H9NO/c1-3-4(2)5-6/h6H,3H2,1-2H3"
gdb_181,9.1832,2.53155,2.06117,0.8763,53.48,-0.2405,0.0074,0.2479,599.0421,0.107557,-286.438084,-286.4319,-286.430956,-286.468514,ON=C1CCC1,"InChI=1S/C4H7NO/c6-5-4-2-1-3-4/h6H,1-3H2"
gdb_182,9.72664,2.54748,2.08411,1.2383,49.95,-0.23,0.0026,0.2326,576.9778,0.096619,-302.472397,-302.466506,-302.465561,-302.501719,ON=C1CNC1,"InChI=1S/C3H6N2O/c6-5-3-1-4-2-3/h4,6H,1-2H2"
gdb_183,10.19354,2.53906,2.08688,1.1556,46.34,-0.2498,-0.0046,0.2452,562.026,0.084017,-322.351046,-322.345309,-322.344365,-322.380266,ON=C1COC1,"InChI=1S/C3H5NO2/c5-4-3-1-6-2-3/h5H,1-2H2"
gdb_184,5.71326,5.71279,5.71267,0.0003,15.93,-0.4286,0.1935,0.6221,279.3208,0.017147,-437.484875,-437.480956,-437.480011,-437.512059,FC(F)(F)F,"InChI=1S/CF4/c2-1(3,4)5"
gdb_185,9.03286,3.98056,2.76298,3.2823,44.74,-0.1947,0.0288,0.2235,443.1895,0.074595,-301.367422,-301.362374,-301.36143,-301.395667,N=C1NC=CO1,"InChI=1S/C3H4N2O/c4-3-5-1-2-6-3/h1-2H,(H2,4,5)"
gdb_186,9.19863,4.12641,2.84857,3.6351,40.77,-0.2262,0.0118,0.238,424.2581,0.062567,-321.236907,-321.232405,-321.231461,-321.264644,N=C1OC=CO1,"InChI=1S/C3H3NO2/c4-3-5-1-2-6-3/h1-2,4H"
gdb_187,9.01341,3.89637,2.72039,3.6997,43.39,-0.1951,0.0406,0.2357,444.2644,0.075511,-301.405558,-301.400597,-301.399653,-301.433583,O=C1NC=CN1,"InChI=1S/C3H4N2O/c6-3-4-1-2-5-3/h1-2H,(H2,4,5,6)"
gdb_188,9.20111,4.03528,2.80507,4.6537,39.72,-0.2215,0.0207,0.2422,425.4583,0.063077,-321.276274,-321.271636,-321.270692,-321.3041,O=C1NC=CO1,"InChI=1S/C3H3NO2/c5-3-4-1-2-6-3/h1-2H,(H,4,5)"
gdb_189,9.39188,4.18355,2.8943,4.4195,36.02,-0.253,0.0027,0.2556,406.9334,0.050756,-341.145624,-341.141349,-341.140405,-341.173218,O=C1OC=CO1,InChI=1S/C3H2O3/c4-3-5-1-2-6-3/h1-2H
gdb_190,8.61149,3.43237,2.49228,1.9162,55.77,-0.1934,0.0496,0.243,523.1127,0.109918,-249.397368,-249.391707,-249.390763,-249.42627,CC1=CC=CN1,"InChI=1S/C5H7N/c1-5-3-2-4-6-5/h2-4,6H,1H3"
gdb_191,8.84271,3.54533,2.57115,0.5222,51.86,-0.2124,0.0239,0.2363,501.9826,0.097415,-269.267574,-269.262222,-269.261277,-269.2962,CC1=CC=CO1,"InChI=1S/C5H6O/c1-5-3-2-4-6-5/h2-4H,1H3"
gdb_192,9.35773,3.58145,2.6326,2.0636,47.63,-0.2364,0.0066,0.243,481.0455,0.086244,-285.328258,-285.323118,-285.322174,-285.356714,CC1=CN=CO1,"InChI=1S/C4H5NO/c1-4-2-5-3-6-4/h2-3H,1H3"
gdb_193,9.16324,3.7188,2.68951,1.3368,47.52,-0.2371,0.0082,0.2453,474.9666,0.086046,-285.330157,-285.32495,-285.324006,-285.358812,CC1=NC=CO1,"InChI=1S/C4H5NO/c1-4-5-2-3-6-4/h2-3H,1H3"
gdb_194,8.80085,3.53327,2.54719,1.5102,51.62,-0.185,0.0556,0.2406,495.5949,0.099063,-265.441614,-265.436072,-265.435128,-265.470365,NC1=CC=CN1,"InChI=1S/C4H6N2/c5-4-2-1-3-6-4/h1-3,6H,5H2"
gdb_195,9.03471,3.7,2.63327,1.5774,48.3,-0.1844,0.0397,0.2241,472.7151,0.086472,-285.313612,-285.308395,-285.307451,-285.341898,NC1=CC=CO1,"InChI=1S/C4H5NO/c5-4-2-1-3-6-4/h1-3H,5H2"
gdb_196,9.58198,3.73874,2.69846,2.9659,44.3,-0.2049,0.0202,0.2251,451.8468,0.075243,-301.373496,-301.368495,-301.36755,-301.401649,NC1=CN=CO1,"InChI=1S/C3H4N2O/c4-3-1-5-2-6-3/h1-2H,4H2"
gdb_197,9.35884,3.9125,2.76625,1.8589,43.86,-0.2088,0.0284,0.2373,444.8744,0.075481,-301.381127,-301.376265,-301.375321,-301.409022,NC1=NC=CO1,"InChI=1S/C3H4N2O/c4-3-5-1-2-6-3/h1-2H,(H2,4,5)"
gdb_198,8.91138,3.62931,2.57898,0.9982,47.38,-0.1814,0.0635,0.2449,474.5019,0.0864,-285.320198,-285.314886,-285.313942,-285.348469,OC1=CC=CN1,"InChI=1S/C4H5NO/c6-4-2-1-3-5-4/h1-3,5-6H"
gdb_199,9.43187,3.67479,2.64447,2.938,43.45,-0.2022,0.0448,0.247,453.0651,0.075256,-301.377995,-301.372972,-301.372028,-301.40609,OC1=CN=CN1,"InChI=1S/C3H4N2O/c6-3-1-4-2-5-3/h1-2,6H,(H,4,5)"
gdb_200,9.27499,3.84435,2.71784,2.18,43.23,-0.2051,0.0505,0.2555,445.8144,0.075677,-301.389192,-301.38437,-301.383426,-301.417032,OC1=NC=CN1,"InChI=1S/C3H4N2O/c6-3-4-1-2-5-3/h1-2H,(H2,4,5,6)"
gdb_201,8.67353,3.34371,2.44992,1.6978,55.32,-0.1982,0.0533,0.2515,528.9258,0.109903,-249.395323,-249.38964,-249.388696,-249.424242,CC1=CNC=C1,"InChI=1S/C5H7N/c1-5-2-3-6-4-5/h2-4,6H,1H3"
gdb_202,9.00788,3.50963,2.56569,3.3147,51.32,-0.2157,0.0376,0.2533,500.6403,0.098598,-265.457424,-265.451994,-265.45105,-265.486153,CC1=CNC=N1,"InChI=1S/C4H6N2/c1-4-2-5-3-6-4/h2-3H,1H3,(H,5,6)"
gdb_203,8.94272,3.37005,2.48533,0.8398,51.11,-0.2183,0.025,0.2434,512.5694,0.097541,-269.263476,-269.25813,-269.257186,-269.292093,CC1=COC=C1,"InChI=1S/C5H6O/c1-5-2-3-6-4-5/h2-4H,1H3"
gdb_204,9.29377,3.53254,2.60086,1.3204,47.12,-0.2395,0.0074,0.2468,485.0096,0.086195,-285.326726,-285.321574,-285.32063,-285.355221,CC1=COC=N1,"InChI=1S/C4H5NO/c1-4-2-6-3-5-4/h2-3H,1H3"
gdb_205,8.86789,3.46013,2.49766,1.8044,51.67,-0.1741,0.0558,0.2299,500.1351,0.098959,-265.43852,-265.432959,-265.432015,-265.467025,NC1=CNC=C1,"InChI=1S/C4H6N2/c5-4-1-2-6-3-4/h1-3,6H,5H2"
gdb_206,9.23894,3.65185,2.62644,3.0074,47.82,-0.1849,0.0391,0.2241,471.183,0.087869,-281.504579,-281.499371,-281.498427,-281.532762,NC1=CNC=N1,"InChI=1S/C3H5N3/c4-3-1-5-2-6-3/h1-2H,4H2,(H,5,6)"
gdb_207,9.15078,3.49098,2.53565,1.7218,47.62,-0.1947,0.029,0.2237,483.7409,0.086736,-285.306999,-285.301863,-285.300919,-285.33518,NC1=COC=C1,"InChI=1S/C4H5NO/c5-4-1-2-6-3-4/h1-3H,5H2"
gdb_208,9.54923,3.68153,2.66498,1.6737,43.75,-0.2057,0.0107,0.2164,455.3577,0.075457,-301.373831,-301.368911,-301.367967,-301.401842,NC1=COC=N1,"InChI=1S/C3H4N2O/c4-3-1-6-2-5-3/h1-2H,4H2"
gdb_209,8.97547,3.51643,2.52657,1.6811,47.51,-0.1864,0.05,0.2364,480.4033,0.086407,-285.316421,-285.311084,-285.31014,-285.344731,OC1=CNC=C1,"InChI=1S/C4H5NO/c6-4-1-2-5-3-4/h1-3,5-6H"
gdb_210,9.37443,3.72661,2.66657,2.8207,43.71,-0.2006,0.0315,0.2321,450.9127,0.075668,-301.385442,-301.380615,-301.379671,-301.413294,OC1=CNC=N1,"InChI=1S/C3H4N2O/c6-3-1-4-2-5-3/h1-2,6H,(H,4,5)"
gdb_211,9.6847,3.7549,2.70582,0.4508,39.79,-0.2242,0.001,0.2252,435.5044,0.063161,-321.252793,-321.24821,-321.247265,-321.280543,OC1=COC=N1,"InChI=1S/C3H3NO2/c5-3-1-6-2-4-3/h1-2,5H"
gdb_212,8.71953,3.56689,2.57362,2.0318,55.54,-0.2006,0.0463,0.2469,510.1975,0.110002,-249.387499,-249.381908,-249.380963,-249.416542,CN1C=CC=C1,"InChI=1S/C5H7N/c1-6-4-2-3-5-6/h2-5H,1H3"
gdb_213,9.19623,3.61466,2.63799,3.9054,51.11,-0.2216,0.0324,0.2541,488.8221,0.098859,-265.44727,-265.441887,-265.440943,-265.476219,CN1C=CN=C1,"InChI=1S/C4H6N2/c1-6-3-2-5-4-6/h2-4H,1H3"
gdb_214,5.71227,5.71175,2.85601,0.,57.28,-0.2475,0.0029,0.2503,456.6788,0.100175,-232.164586,-232.160188,-232.159244,-232.192047,C1=CC=CC=C1,InChI=1S/C6H6/c1-2-4-6-5-3-1/h1-6H
gdb_215,6.06065,5.83683,2.97332,2.1103,53.03,-0.2518,-0.0225,0.2293,432.2254,0.088683,-248.211932,-248.207665,-248.206721,-248.239325,C1=CC=NC=C1,InChI=1S/C5H5N/c1-2-4-6-5-3-1/h1-5H
gdb_216,6.4337,5.94958,3.09109,0.,49.2,-0.2493,-0.0511,0.1982,408.933,0.07674,-264.255612,-264.251446,-264.250502,-264.282954,C1=CN=CC=N1,InChI=1S/C4H4N2/c1-2-6-4-3-5-1/h1-4H
gdb_217,6.30165,6.09672,3.09875,2.2031,48.47,-0.2531,-0.0415,0.2116,408.2875,0.076933,-264.261826,-264.257646,-264.256702,-264.289179,C1=CN=CN=C1,InChI=1S/C4H4N2/c1-2-5-4-6-3-1/h1-4H
gdb_218,6.4674,6.46702,3.2336,0.0001,43.74,-0.2768,-0.0554,0.2214,384.8085,0.065246,-280.31408,-280.30997,-280.309026,-280.341405,C1=NC=NC=N1,InChI=1S/C3H3N3/c1-4-2-6-3-5-1/h1-3H
gdb_219,4.51049,2.68409,2.68378,0.6082,62.05,-0.2585,0.0629,0.3214,624.7654,0.140054,-234.476516,-234.468849,-234.467905,-234.506959,CC(C)(C)C#C,"InChI=1S/C6H10/c1-5-6(2,3)4/h1H,2-4H3"
gdb_220,4.48834,2.74542,2.74525,3.9525,56.9,-0.3156,0.0438,0.3594,602.0353,0.129886,-250.585843,-250.578524,-250.57758,-250.616127,CC(C)(C)C#N,"InChI=1S/C5H9N/c1-5(2,3)4-6/h1-3H3"
gdb_221,4.64233,2.79473,2.74828,2.8519,53.67,-0.2675,0.0349,0.3024,580.9124,0.119019,-266.630629,-266.623452,-266.622508,-266.660779,CC(C)(N)C#N,"InChI=1S/C4H8N2/c1-4(2,6)3-5/h6H2,1-2H3"
gdb_222,4.76694,2.76751,2.71134,1.7721,54.93,-0.2589,0.0425,0.3014,587.1297,0.116168,-270.399081,-270.391629,-270.390685,-270.429359,CC(C)(O)C#C,"InChI=1S/C5H8O/c1-4-5(2,3)6/h1,6H,2-3H3"
gdb_223,4.7465,2.83377,2.77452,4.8465,49.98,-0.2931,0.0216,0.3148,564.648,0.105718,-286.506282,-286.499096,-286.498152,-286.5365,CC(C)(O)C#N,"InChI=1S/C4H7NO/c1-4(2,6)3-5/h6H,1-2H3"
gdb_224,4.42313,2.76203,2.72257,2.5692,56.92,-0.247,-0.0179,0.2291,611.1634,0.139975,-271.656372,-271.648691,-271.647747,-271.687368,CC(C)(C)C=O,"InChI=1S/C5H10O/c1-5(2,3)4-6/h4H,1-3H3"
gdb_225,4.6175,2.83829,2.80928,2.8176,49.7,-0.2523,-0.0258,0.2265,570.0556,0.115843,-307.582044,-307.57441,-307.573465,-307.613529,CC(C)(O)C=O,"InChI=1S/C4H8O2/c1-4(2,6)3-5/h3,6H,1-2H3"
gdb_226,4.38057,2.60111,2.59415,1.3469,59.72,-0.2638,0.0725,0.3363,650.4504,0.163869,-272.841336,-272.83319,-272.832246,-272.872437,CC(C)(C)CO,"InChI=1S/C5H12O/c1-5(2,3)4-6/h6H,4H2,1-3H3"
gdb_227,4.50357,2.67369,2.67044,0.1987,52.67,-0.2619,0.0727,0.3346,609.3369,0.139933,-308.769557,-308.761514,-308.76057,-308.800675,CC(C)(O)CO,"InChI=1S/C4H10O2/c1-4(2,6)3-5/h5-6H,3H2,1-2H3"
gdb_228,4.2679,2.47516,2.46634,0.0414,66.63,-0.3031,0.0748,0.378,704.4105,0.187572,-236.917458,-236.909222,-236.908277,-236.948672,CCC(C)(C)C,"InChI=1S/C6H14/c1-5-6(2,3)4/h5H2,1-4H3"
gdb_229,4.5327,2.58644,2.52034,1.3435,59.74,-0.2601,0.0658,0.3259,660.7696,0.163685,-272.84753,-272.839427,-272.838483,-272.878675,CCC(C)(C)O,"InChI=1S/C5H12O/c1-4-5(2,3)6/h6H,4H2,1-3H3"
gdb_230,4.35981,2.71989,2.7163,1.0896,60.03,-0.2455,0.079,0.3245,644.1742,0.163225,-272.835594,-272.827416,-272.826471,-272.867062,COC(C)(C)C,"InChI=1S/C5H12O/c1-5(2,3)6-4/h1-4H3"
gdb_231,9.59568,1.744,1.50329,3.5644,56.61,-0.2532,-0.0449,0.2082,786.3721,0.093473,-269.230258,-269.222736,-269.221792,-269.263526,CC#CC(C)=O,InChI=1S/C5H6O/c1-3-4-5(2)6/h1-2H3
gdb_232,10.67595,1.75821,1.52399,4.0759,52.6,-0.2502,-0.016,0.2342,756.8071,0.082966,-285.30044,-285.292874,-285.29193,-285.334226,CC#CC(N)=O,"InChI=1S/C4H5NO/c1-2-3-4(5)6/h1H3,(H2,5,6)"
gdb_233,7.4644,1.70877,1.47982,0.1156,65.24,-0.2404,0.0633,0.3036,861.2875,0.140828,-234.486176,-234.478004,-234.477059,-234.519337,CC#CC(C)C,"InChI=1S/C6H10/c1-4-5-6(2)3/h6H,1-3H3"
gdb_234,8.01526,1.71359,1.49741,1.89,57.94,-0.2492,0.0416,0.2908,819.2949,0.117252,-270.408713,-270.400789,-270.399845,-270.441577,CC#CC(C)O,"InChI=1S/C5H8O/c1-3-4-5(2)6/h5-6H,1-2H3"
gdb_235,7.67676,2.29575,1.87888,2.2729,51.94,-0.246,-0.0185,0.2275,636.8813,0.093109,-269.219315,-269.212283,-269.211339,-269.250569,CC(=O)CC#C,"InChI=1S/C5H6O/c1-3-4-5(2)6/h1H,4H2,2H3"
gdb_236,9.67999,2.17217,1.81363,5.6789,47.48,-0.274,-0.037,0.237,640.5669,0.082597,-285.324641,-285.317853,-285.316909,-285.356331,CC(=O)CC#N,"InChI=1S/C4H5NO/c1-4(6)2-3-5/h2H2,1H3"
gdb_237,9.4168,2.22029,1.85862,3.7732,48.37,-0.2498,0.0244,0.2742,627.6953,0.082749,-285.287913,-285.280928,-285.279984,-285.319587,NC(=O)CC#C,"InChI=1S/C4H5NO/c1-2-3-4(5)6/h1H,3H2,(H2,5,6)"
gdb_238,9.72555,2.25446,1.8741,6.7117,43.68,-0.2741,0.0051,0.2792,603.7082,0.072367,-301.394865,-301.38819,-301.387246,-301.426589,NC(=O)CC#N,"InChI=1S/C3H4N2O/c4-2-1-3(5)6/h1H2,(H2,5,6)"
gdb_239,7.49331,2.71579,2.01778,0.9105,50.18,-0.2611,-0.0177,0.2434,587.7789,0.096761,-302.588564,-302.582194,-302.58125,-302.618688,CC(=N)NC=O,"InChI=1S/C3H6N2O/c1-3(4)5-2-6/h2H,1H3,(H2,4,5,6)"
gdb_240,9.27563,2.24606,1.83479,4.0954,45.3,-0.2723,-0.0251,0.2472,632.4706,0.083113,-322.460671,-322.454075,-322.45313,-322.491611,CC(=N)OC=O,"InChI=1S/C3H5NO2/c1-3(4)6-2-5/h2,4H,1H3"
gdb_241,7.62965,2.075,1.80193,2.6833,48.15,-0.2505,-0.0381,0.2124,667.8025,0.09322,-306.397642,-306.390688,-306.389744,-306.429362,CC(=O)CC=O,"InChI=1S/C4H6O2/c1-4(6)2-3-5/h3H,2H2,1H3"
gdb_242,8.55761,2.46723,1.93829,5.1423,49.82,-0.2397,-0.0114,0.2283,621.2041,0.095742,-302.579654,-302.57277,-302.571825,-302.610884,CC(=O)NC=N,"InChI=1S/C3H6N2O/c1-3(6)5-2-4/h2H,1H3,(H2,4,5,6)"
gdb_243,8.68161,2.49189,1.95985,5.6602,45.18,-0.2511,-0.0298,0.2213,600.473,0.083351,-322.479769,-322.473128,-322.472183,-322.510598,CC(=O)NC=O,"InChI=1S/C3H5NO2/c1-3(6)4-2-5/h2H,1H3,(H,4,5,6)"
gdb_244,9.62372,2.25349,1.84676,0.9137,45.91,-0.2768,-0.0235,0.2533,633.5112,0.083216,-322.464725,-322.458133,-322.457189,-322.495484,CC(=O)OC=N,"InChI=1S/C3H5NO2/c1-3(5)6-2-4/h2,4H,1H3"
gdb_245,8.34296,2.73401,2.06751,2.4787,46.25,-0.2336,-0.0146,0.2189,561.2611,0.08593,-318.647923,-318.641827,-318.640883,-318.67749,NC(=N)NC=O,"InChI=1S/C2H5N3O/c3-2(4)5-1-6/h1H,(H4,3,4,5,6)"
gdb_246,8.23674,2.10689,1.8256,3.7344,44.18,-0.2502,-0.0278,0.2223,637.4959,0.083052,-322.469844,-322.463011,-322.462067,-322.501174,NC(=O)CC=O,"InChI=1S/C3H5NO2/c4-3(6)1-2-5/h2H,1H2,(H2,4,6)"
gdb_247,8.72614,2.55084,1.99804,5.2585,46.05,-0.2443,0.0042,0.2484,586.8385,0.085659,-318.641916,-318.635509,-318.634565,-318.672134,NC(=O)NC=N,"InChI=1S/C2H5N3O/c3-1-5-2(4)6/h1H,(H4,3,4,5,6)"
gdb_248,8.85115,2.58309,2.01992,6.1119,41.58,-0.2548,-0.0128,0.242,566.0758,0.073232,-338.542975,-338.536767,-338.535823,-338.573022,NC(=O)NC=O,"InChI=1S/C2H4N2O2/c3-2(6)4-1-5/h1H,(H3,3,4,5,6)"
gdb_249,10.30398,2.31232,1.8886,1.994,42.07,-0.2743,0.0024,0.2767,600.144,0.0727,-338.531538,-338.524995,-338.52405,-338.562187,NC(=O)OC=N,"InChI=1S/C2H4N2O2/c3-1-6-2(4)5/h1,3H,(H2,4,5)"
gdb_250,7.28576,2.0531,1.72307,0.6828,62.17,-0.259,0.0553,0.3143,738.9549,0.140781,-234.476081,-234.46852,-234.467575,-234.506975,CC(C)CC#C,"InChI=1S/C6H10/c1-4-5-6(2)3/h1,6H,5H2,2-3H3"
gdb_251,7.32032,2.08565,1.74516,3.9826,57.19,-0.3161,0.0346,0.3507,713.1432,0.130632,-250.585183,-250.578,-250.577056,-250.615918,CC(C)CC#N,"InChI=1S/C5H9N/c1-5(2)3-4-6/h5H,3H2,1-2H3"
gdb_252,7.60425,2.09483,1.75454,1.4348,54.82,-0.2622,0.0545,0.3167,692.7907,0.117241,-270.401061,-270.39373,-270.392786,-270.431817,CC(O)CC#C,"InChI=1S/C5H8O/c1-3-4-5(2)6/h1,5-6H,4H2,2H3"
gdb_253,8.13877,2.09686,1.78822,4.9064,50.45,-0.2866,0.0348,0.3214,674.7315,0.106844,-286.508374,-286.501342,-286.500397,-286.539045,CC(O)CC#N,"InChI=1S/C4H7NO/c1-4(6)2-3-5/h4,6H,2H2,1H3"
gdb_254,8.08563,2.19066,1.84258,4.0824,54.43,-0.2371,0.0217,0.2588,671.7683,0.119064,-266.609146,-266.602164,-266.60122,-266.639636,CN(C)CC#N,"InChI=1S/C4H8N2/c1-6(2)4-3-5/h4H2,1-2H3"
gdb_255,7.05919,1.96028,1.67683,2.7416,57.47,-0.2481,-0.0197,0.2284,750.1795,0.140549,-271.653205,-271.645574,-271.644629,-271.685015,CC(C)CC=O,"InChI=1S/C5H10O/c1-5(2)3-4-6/h4-5H,3H2,1-2H3"
gdb_256,6.05601,2.21302,1.97997,3.6603,54.8,-0.2484,0.0348,0.2832,684.3066,0.130467,-287.72789,-287.72048,-287.719536,-287.760264,CC(C)NC=O,"InChI=1S/C4H9NO/c1-4(2)5-3-6/h3-4H,1-2H3,(H,5,6)"
gdb_257,7.4514,2.03598,1.73685,4.1216,51.48,-0.2748,0.0115,0.2863,712.2912,0.117552,-307.60208,-307.594822,-307.593878,-307.634011,CC(C)OC=O,"InChI=1S/C4H8O2/c1-4(2)6-3-5/h3-4H,1-2H3"
gdb_258,7.6927,1.90998,1.63513,3.3205,50.52,-0.2437,-0.0204,0.2232,730.3237,0.11705,-307.577822,-307.570462,-307.569518,-307.609331,CC(O)CC=O,"InChI=1S/C4H8O2/c1-4(6)2-3-5/h3-4,6H,2H2,1H3"
gdb_259,8.00355,1.98325,1.71486,2.7328,54.59,-0.2267,-0.0252,0.2016,722.1956,0.129063,-287.681216,-287.673848,-287.672904,-287.712476,CN(C)CC=O,"InChI=1S/C4H9NO/c1-5(2)3-4-6/h4H,3H2,1-2H3"
gdb_260,8.72739,1.81809,1.54762,1.2601,50.08,-0.2458,-0.0111,0.2348,760.732,0.117054,-307.586014,-307.578343,-307.577399,-307.618405,CC(=O)CCO,"InChI=1S/C4H8O2/c1-4(6)2-3-5/h5H,2-3H2,1H3"
gdb_261,8.36053,1.7817,1.52355,2.5426,57.31,-0.2415,-0.0071,0.2345,817.4605,0.140374,-271.666055,-271.658117,-271.657173,-271.699054,CCCC(C)=O,"InChI=1S/C5H10O/c1-3-4-5(2)6/h3-4H2,1-2H3"
gdb_262,8.69227,1.82351,1.56698,3.4104,53.75,-0.243,0.0359,0.2789,778.0458,0.130316,-287.736841,-287.729087,-287.728143,-287.769373,CCCC(N)=O,"InChI=1S/C4H9NO/c1-2-3-4(5)6/h2-3H2,1H3,(H2,5,6)"
gdb_263,7.47672,2.0437,1.81354,3.4941,54.72,-0.2402,0.0381,0.2783,725.3315,0.130219,-287.734664,-287.726871,-287.725927,-287.767999,CCNC(C)=O,"InChI=1S/C4H9NO/c1-3-5-4(2)6/h3H2,1-2H3,(H,5,6)"
gdb_264,8.47929,1.99776,1.7207,3.5648,50.96,-0.2427,0.0598,0.3025,719.1944,0.120088,-303.795699,-303.788437,-303.787493,-303.827496,CCNC(N)=O,"InChI=1S/C3H8N2O/c1-2-5-3(4)6/h2H2,1H3,(H3,4,5,6)"
gdb_265,8.4155,2.08732,1.72634,1.9371,50.66,-0.2654,0.0196,0.285,719.0142,0.117704,-307.614861,-307.607387,-307.606443,-307.647075,CCOC(C)=O,"InChI=1S/C4H8O2/c1-3-6-4(2)5/h3H2,1-2H3"
gdb_266,8.98436,2.12697,1.75865,2.4228,46.82,-0.2644,0.0591,0.3235,686.248,0.107556,-323.6788,-323.671741,-323.670797,-323.710041,CCOC(N)=O,"InChI=1S/C3H7NO2/c1-2-6-3(4)5/h2H2,1H3,(H2,4,5)"
gdb_267,7.07591,2.3079,2.07473,5.2128,46.17,-0.2494,0.0196,0.2691,624.3195,0.108531,-323.654114,-323.64761,-323.646666,-323.684532,C[NH2+]CC([O-])=O,"InChI=1S/C3H7NO2/c1-4-2-3(5)6/h4H,2H2,1H3,(H,5,6)"
gdb_268,8.89923,1.94768,1.64777,3.6117,51.17,-0.2449,-0.0102,0.2347,743.2534,0.116412,-307.571921,-307.564235,-307.563291,-307.604498,COCC(C)=O,"InChI=1S/C4H8O2/c1-4(5)3-6-2/h3H2,1-2H3"
gdb_269,9.29932,1.99725,1.69178,4.2922,47.53,-0.2464,0.0274,0.2738,706.1403,0.10636,-323.641347,-323.63393,-323.632986,-323.673408,COCC(N)=O,"InChI=1S/C3H7NO2/c1-6-2-3(4)5/h2H2,1H3,(H2,4,5)"
gdb_270,9.17009,1.86544,1.58189,2.1536,46.39,-0.2471,0.0327,0.2798,722.9054,0.106736,-323.657279,-323.649644,-323.6487,-323.69021,NC(=O)CCO,"InChI=1S/C3H7NO2/c4-3(6)1-2-5/h5H,1-2H2,(H2,4,6)"
gdb_271,8.91475,1.86414,1.62849,14.8809,54.51,-0.167,-0.0333,0.1338,714.9069,0.107753,-323.582949,-323.575941,-323.574996,-323.614532,[NH3+]CCC([O-])=O,"InChI=1S/C3H7NO2/c4-2-1-3(5)6/h1-2,4H2,(H,5,6)"
gdb_272,6.8197,1.72205,1.47522,1.3839,60.25,-0.2613,0.0807,0.342,850.8528,0.164714,-272.837559,-272.829406,-272.828462,-272.869568,CC(C)CCO,"InChI=1S/C5H12O/c1-5(2)3-4-6/h5-6H,3-4H2,1-2H3"
gdb_273,7.4215,1.74761,1.51679,0.18,53.18,-0.2583,0.0719,0.3302,802.5075,0.141169,-308.764658,-308.756772,-308.755828,-308.796363,CC(O)CCO,"InChI=1S/C4H10O2/c1-4(6)2-3-5/h4-6H,2-3H2,1H3"
gdb_274,6.59674,1.69478,1.45846,0.0898,67.45,-0.3042,0.0859,0.3901,906.7075,0.188151,-236.917664,-236.909314,-236.90837,-236.949789,CCCC(C)C,"InChI=1S/C6H14/c1-4-5-6(2)3/h6H,4-5H2,1-3H3"
gdb_275,7.1604,1.71893,1.49915,1.3758,60.39,-0.2613,0.0739,0.3352,858.1408,0.164563,-272.84456,-272.836468,-272.835524,-272.876391,CCCC(C)O,"InChI=1S/C5H12O/c1-3-4-5(2)6/h5-6H,3-4H2,1-2H3"
gdb_276,6.73269,1.92812,1.63086,0.9735,61.19,-0.2458,0.0875,0.3333,814.3456,0.163926,-272.839582,-272.831387,-272.830442,-272.871875,CCOC(C)C,"InChI=1S/C5H12O/c1-4-6-5(2)3/h5H,4H2,1-3H3"
gdb_277,6.99745,1.88283,1.60043,0.9451,61.01,-0.2508,0.0876,0.3384,817.8428,0.16427,-272.83269,-272.824541,-272.823597,-272.864643,COCC(C)C,"InChI=1S/C5H12O/c1-5(2)4-6-3/h5H,4H2,1-3H3"
gdb_278,6.31223,2.13733,1.91565,2.2037,53.61,-0.2581,0.0777,0.3359,711.2834,0.141325,-308.759135,-308.751467,-308.750523,-308.790567,COCC(C)O,"InChI=1S/C4H10O2/c1-4(5)3-6-2/h4-5H,3H2,1-2H3"
gdb_279,5.28135,3.3693,2.10993,0.0005,47.03,-0.2408,-0.0826,0.1582,581.337,0.092927,-306.406578,-306.399338,-306.398393,-306.43831,CC(=O)C(C)=O,InChI=1S/C4H6O2/c1-3(5)4(2)6/h1-2H3
gdb_280,5.34084,3.5511,2.16491,1.9354,48.43,-0.2483,-0.0515,0.1968,562.5203,0.09552,-302.580808,-302.574009,-302.573065,-302.611309,CC(=O)C(N)=N,"InChI=1S/C3H6N2O/c1-2(6)3(4)5/h1H3,(H3,4,5)"
gdb_281,5.43774,3.54714,2.17517,1.1652,43.45,-0.2416,-0.0632,0.1784,547.5835,0.083247,-322.482659,-322.475927,-322.474982,-322.513285,CC(=O)C(N)=O,"InChI=1S/C3H5NO2/c1-2(5)3(4)6/h1H3,(H2,4,6)"
gdb_282,5.47512,3.91202,2.28171,8.5052,41.06,-0.2349,-0.0376,0.1973,506.6426,0.073524,-338.530072,-338.524237,-338.523292,-338.559249,NC(=[NH2+])C([O-])=O,"InChI=1S/C2H4N2O2/c3-1(4)2(5)6/h(H3,3,4)(H,5,6)"
gdb_283,5.64251,3.73654,2.24793,0.0024,39.85,-0.2422,-0.0321,0.21,513.8164,0.073748,-338.559964,-338.553802,-338.552858,-338.589499,NC(=O)C(N)=O,"InChI=1S/C2H4N2O2/c3-1(5)2(4)6/h(H2,3,5)(H2,4,6)"
gdb_284,4.73706,2.78011,2.2501,2.5905,56.8,-0.2389,-0.0081,0.2308,650.5524,0.140412,-271.665153,-271.657306,-271.656362,-271.697004,CC(C)C(C)=O,"InChI=1S/C5H10O/c1-4(2)5(3)6/h4H,1-3H3"
gdb_285,4.90809,2.61486,2.52356,3.4399,53.35,-0.2409,0.0371,0.278,617.1359,0.130071,-287.737498,-287.729645,-287.728701,-287.770224,CC(C)C(N)=O,"InChI=1S/C4H9NO/c1-3(2)4(5)6/h3H,1-2H3,(H2,5,6)"
gdb_286,4.85146,3.44622,2.14957,5.0933,45.76,-0.251,0.0174,0.2683,578.6969,0.108391,-323.665247,-323.658667,-323.657723,-323.695493,CC([NH3+])C([O-])=O,"InChI=1S/C3H7NO2/c1-2(4)3(5)6/h2H,4H2,1H3,(H,5,6)"
gdb_287,4.86781,3.19439,2.14328,2.9304,49.94,-0.263,-0.0258,0.2371,606.3478,0.117268,-307.594137,-307.586914,-307.58597,-307.625022,CC(O)C(C)=O,"InChI=1S/C4H8O2/c1-3(5)4(2)6/h3,5H,1-2H3"
gdb_288,5.05033,3.24897,2.23698,4.1096,46.24,-0.26,0.0186,0.2786,574.3293,0.10692,-323.665987,-323.658861,-323.657917,-323.69684,CC(O)C(N)=O,"InChI=1S/C3H7NO2/c1-2(5)3(4)6/h2,5H,1H3,(H2,4,6)"
gdb_289,4.91512,3.39317,2.0861,3.5335,54.99,-0.2342,0.0354,0.2696,622.3344,0.129864,-287.723848,-287.716142,-287.715198,-287.755519,CN(C)C(C)=O,InChI=1S/C4H9NO/c1-4(6)5(2)3/h1-3H3
gdb_290,5.07057,3.5194,2.14443,3.6689,50.94,-0.2306,0.0604,0.2909,591.7927,0.119711,-303.785832,-303.778493,-303.777549,-303.816841,CN(C)C(N)=O,"InChI=1S/C3H8N2O/c1-5(2)3(4)6/h1-2H3,(H2,4,6)"
gdb_291,4.19798,2.86549,1.86359,0.,66.87,-0.3016,0.0822,0.3838,747.1084,0.187721,-236.916033,-236.907667,-236.906723,-236.94792,CC(C)C(C)C,"InChI=1S/C6H14/c1-5(2)6(3)4/h5-6H,1-4H3"
gdb_292,4.47958,2.66966,2.28942,1.414,59.83,-0.2613,0.0684,0.3297,675.0478,0.164151,-272.843742,-272.8356,-272.834656,-272.875156,CC(C)C(C)O,"InChI=1S/C5H12O/c1-4(2)5(3)6/h4-6H,1-3H3"
gdb_293,4.73128,2.64326,2.42091,0.1664,52.62,-0.2564,0.0643,0.3208,632.2372,0.140737,-308.772292,-308.764288,-308.763343,-308.804403,CC(O)C(C)O,"InChI=1S/C4H10O2/c1-3(5)4(2)6/h3-6H,1-2H3"
gdb_294,4.94405,3.06969,2.80861,0.0245,63.32,-0.2837,0.0812,0.3649,603.4335,0.165997,-235.699029,-235.692187,-235.691243,-235.728837,CC1(C)CCC1,"InChI=1S/C6H12/c1-6(2)4-3-5-6/h3-5H2,1-2H3"
gdb_295,5.10608,3.28695,2.96998,1.636,56.17,-0.2392,0.0812,0.3205,560.0105,0.141947,-271.626697,-271.619919,-271.618974,-271.656931,CC1(C)CCO1,"InChI=1S/C5H10O/c1-5(2)3-4-6-5/h3-4H2,1-2H3"
gdb_296,5.16119,3.14248,2.83176,1.888,56.09,-0.2425,0.0728,0.3154,569.1031,0.142192,-271.618179,-271.611373,-271.610429,-271.649191,CC1(C)COC1,"InChI=1S/C5H10O/c1-5(2)3-6-4-5/h3-4H2,1-2H3"
gdb_297,5.17369,3.14505,2.90044,1.3454,56.29,-0.2526,0.0743,0.3269,562.0396,0.142376,-271.627826,-271.621262,-271.620317,-271.657345,CC1(O)CCC1,"InChI=1S/C5H10O/c1-5(6)3-2-4-5/h6H,2-4H2,1H3"
gdb_298,5.46124,3.21403,2.92761,2.486,49.2,-0.246,0.0616,0.3076,527.7516,0.118569,-307.544712,-307.538272,-307.537328,-307.574452,CC1(O)COC1,"InChI=1S/C4H8O2/c1-4(5)2-6-3-4/h5H,2-3H2,1H3"
gdb_299,5.09266,2.97394,2.52892,1.2792,56.93,-0.2497,0.083,0.3327,599.392,0.141365,-271.621961,-271.61481,-271.613865,-271.652008,CC1(C)CC1O,"InChI=1S/C5H10O/c1-5(2)3-4(5)6/h4,6H,3H2,1-2H3"
gdb_300,5.24096,3.07084,2.60289,1.9707,49.85,-0.2427,0.0794,0.3221,557.5787,0.117602,-307.546144,-307.539271,-307.538327,-307.575926,CC1(O)CC1O,"InChI=1S/C4H8O2/c1-4(6)2-3(4)5/h3,5-6H,2H2,1H3"
gdb_301,4.93979,2.82688,2.43235,0.0963,64.09,-0.2558,0.0887,0.3445,649.5784,0.16489,-235.698987,-235.691505,-235.69056,-235.729399,CC1CC1(C)C,"InChI=1S/C6H12/c1-5-4-6(5,2)3/h5H,4H2,1-3H3"
gdb_302,5.09412,2.91073,2.50204,1.2745,56.95,-0.2458,0.0798,0.3256,607.2163,0.141106,-271.623957,-271.616756,-271.615812,-271.654105,CC1CC1(C)O,"InChI=1S/C5H10O/c1-4-3-5(4,2)6/h4,6H,3H2,1-2H3"
gdb_303,5.42634,2.9036,2.43856,1.7972,56.95,-0.2545,0.0923,0.3468,616.1558,0.140619,-271.630416,-271.623061,-271.622116,-271.660915,CC1OC1(C)C,"InChI=1S/C5H10O/c1-4-5(2,3)6-4/h4H,1-3H3"
gdb_304,5.05749,3.02686,2.58542,1.1514,60.96,-0.219,0.0873,0.3063,612.8334,0.153033,-251.732828,-251.725481,-251.724536,-251.763141,CN1CC1(C)C,"InChI=1S/C5H11N/c1-5(2)4-6(5)3/h4H2,1-3H3"
gdb_305,9.20563,2.65868,2.33419,2.8604,51.41,-0.2598,0.0305,0.2903,567.9978,0.108342,-286.498235,-286.492393,-286.491449,-286.527464,CC1CC(=N)O1,"InChI=1S/C4H7NO/c1-3-2-4(5)6-3/h3,5H,2H2,1H3"
gdb_306,9.35988,2.40174,2.08257,2.8997,53.83,-0.2394,-0.0163,0.2231,615.4797,0.118664,-270.446915,-270.440714,-270.43977,-270.476747,CC1CC(=O)C1,"InChI=1S/C5H8O/c1-4-2-5(6)3-4/h4H,2-3H2,1H3"
gdb_307,9.37628,2.54337,2.24698,3.855,50.75,-0.2465,0.0387,0.2852,578.1159,0.108284,-286.519735,-286.513686,-286.512742,-286.549288,CC1CC(=O)N1,"InChI=1S/C4H7NO/c1-3-2-4(6)5-3/h3H,2H2,1H3,(H,5,6)"
gdb_308,9.32445,2.68104,2.36185,4.16,46.42,-0.2737,0.0124,0.2861,549.3072,0.096346,-306.403144,-306.397481,-306.396537,-306.432231,CC1CC(=O)O1,"InChI=1S/C4H6O2/c1-3-2-4(5)6-3/h3H,2H2,1H3"
gdb_309,10.23307,2.52788,2.17036,2.5981,51.1,-0.2304,-0.0233,0.2071,581.4874,0.107085,-286.476486,-286.470495,-286.469551,-286.505845,CN1CC(=O)C1,"InChI=1S/C4H7NO/c1-5-2-4(6)3-5/h2-3H2,1H3"
gdb_310,9.88123,2.46668,2.12799,3.0457,46.78,-0.242,-0.0206,0.2214,568.1088,0.095023,-306.369631,-306.363717,-306.362773,-306.399081,OC1CC(=O)C1,"InChI=1S/C4H6O2/c5-3-1-4(6)2-3/h3,5H,1-2H2"
gdb_311,7.8794,2.19453,2.00483,0.1412,64.11,-0.2832,0.0906,0.3739,708.7554,0.166237,-235.700285,-235.693375,-235.69243,-235.730474,CC1CC(C)C1,"InChI=1S/C6H12/c1-5-3-6(2)4-5/h5-6H,3-4H2,1-2H3"
gdb_312,7.09839,2.5176,2.36131,1.5588,56.92,-0.2399,0.0942,0.3341,627.2141,0.14242,-271.628346,-271.621668,-271.620724,-271.658548,CC1CC(C)O1,"InChI=1S/C5H10O/c1-4-3-5(2)6-4/h4-5H,3H2,1-2H3"
gdb_313,8.21533,2.25023,2.04733,1.398,56.88,-0.253,0.0788,0.3318,659.729,0.142766,-271.62464,-271.618,-271.617056,-271.65458,CC1CC(O)C1,"InChI=1S/C5H10O/c1-4-2-5(6)3-4/h4-6H,2-3H2,1H3"
gdb_314,8.45455,2.48661,2.27352,1.5574,53.9,-0.2196,0.0838,0.3034,603.8647,0.131404,-287.657053,-287.650703,-287.649759,-287.686678,CN1CC(O)C1,"InChI=1S/C4H9NO/c1-5-2-4(6)3-5/h4,6H,2-3H2,1H3"
gdb_315,8.74308,2.25286,2.04782,1.3233,49.09,-0.2525,0.0691,0.3216,617.3904,0.119358,-307.548619,-307.542315,-307.541371,-307.578204,OC1CC(O)C1,"InChI=1S/C4H8O2/c5-3-1-4(6)2-3/h3-6H,1-2H2"
gdb_316,5.99752,3.39906,3.39861,0.2077,61.09,-0.2934,0.0984,0.3917,520.6157,0.144312,-234.455424,-234.449921,-234.448977,-234.483864,CC12CC(C1)C2,"InChI=1S/C6H10/c1-6-2-5(3-6)4-6/h5H,2-4H2,1H3"
gdb_317,6.22463,3.60361,3.5536,1.8191,53.68,-0.2307,0.1012,0.3319,482.6135,0.119521,-270.370102,-270.364657,-270.363713,-270.398537,CC12CC(C1)O2,"InChI=1S/C5H8O/c1-5-2-4(3-5)6-5/h4H,2-3H2,1H3"
gdb_318,6.36553,3.40958,3.40949,1.9709,57.23,-0.2257,0.0834,0.3091,503.8125,0.132764,-250.478855,-250.473446,-250.472502,-250.507275,CC12CN(C1)C2,"InChI=1S/C5H9N/c1-5-2-6(3-5)4-5/h2-4H2,1H3"
gdb_319,6.11821,3.56308,3.551,1.329,53.49,-0.2587,0.0809,0.3397,476.4978,0.120826,-270.382725,-270.377533,-270.376589,-270.410876,OC12CC(C1)C2,"InChI=1S/C5H8O/c6-5-1-4(2-5)3-5/h4,6H,1-3H2"
gdb_320,6.47877,3.57961,3.5684,1.7613,50.04,-0.2445,0.0682,0.3126,459.4671,0.109323,-286.408473,-286.403385,-286.402441,-286.436586,OC12CN(C1)C2,"InChI=1S/C4H7NO/c6-4-1-5(2-4)3-4/h6H,1-3H2"
gdb_321,6.57168,2.87944,2.00217,3.1111,50.23,-0.28,-0.0898,0.1902,559.9421,0.04691,-266.763445,-266.757444,-266.7565,-266.792861,O=C(C#C)C#C,InChI=1S/C5H2O/c1-3-5(6)4-2/h1-2H
gdb_322,6.60238,2.92418,2.0266,3.7814,44.9,-0.3156,-0.121,0.1947,539.3608,0.036304,-282.861121,-282.855418,-282.854474,-282.890406,O=C(C#C)C#N,InChI=1S/C4HNO/c1-2-4(6)3-5/h1H
gdb_323,6.73683,2.93617,2.04492,0.6341,39.71,-0.3538,-0.1562,0.1977,520.8737,0.02554,-298.95295,-298.94752,-298.946576,-298.982096,O=C(C#N)C#N,InChI=1S/C3N2O/c4-1-3(6)2-5
gdb_324,8.66117,2.47638,1.92577,4.3138,43.98,-0.2672,-0.1181,0.1491,570.4143,0.046458,-303.934323,-303.928202,-303.927258,-303.964386,O=CC(=O)C#C,"InChI=1S/C4H2O2/c1-2-4(6)3-5/h1,3H"
gdb_325,8.71899,2.49294,1.93864,1.4415,38.68,-0.2978,-0.1503,0.1475,551.5682,0.035739,-320.029854,-320.024005,-320.023061,-320.059734,O=CC(=O)C#N,InChI=1S/C3HNO2/c4-1-3(6)2-5/h2H
gdb_326,10.85937,2.22469,1.84643,3.4458,37.46,-0.2606,-0.1455,0.1151,583.5476,0.045968,-341.097446,-341.091177,-341.090233,-341.128555,O=CC(=O)C=O,InChI=1S/C3H2O3/c4-1-3(6)2-5/h1-2H
gdb_327,5.48874,2.75881,1.95689,0.6022,56.95,-0.2622,0.034,0.2962,627.8377,0.093567,-232.02593,-232.019028,-232.018084,-232.056008,CC(C#C)C#C,"InChI=1S/C6H6/c1-4-6(3)5-2/h1-2,6H,3H3"
gdb_328,5.52804,2.80821,1.98441,3.7481,51.99,-0.2879,0.0116,0.2995,605.1461,0.083296,-248.132701,-248.126157,-248.125213,-248.162616,CC(C#C)C#N,"InChI=1S/C5H5N/c1-3-5(2)4-6/h1,5H,2H3"
gdb_329,5.61395,2.83765,2.00723,4.1272,47.23,-0.3433,-0.0129,0.3304,583.9904,0.072887,-264.235803,-264.229597,-264.228653,-264.265543,CC(C#N)C#N,"InChI=1S/C4H4N2/c1-4(2-5)3-6/h4H,1H3"
gdb_330,5.6601,2.84529,2.01169,2.5088,48.67,-0.2798,-0.003,0.2768,583.2106,0.072434,-264.171923,-264.165508,-264.164564,-264.201717,NC(C#C)C#N,"InChI=1S/C4H4N2/c1-2-4(6)3-5/h1,4H,6H2"
gdb_331,5.74651,2.87292,2.03264,3.6178,43.93,-0.3037,-0.0279,0.2758,562.9596,0.061962,-280.273691,-280.267611,-280.266667,-280.303301,NC(C#N)C#N,"InChI=1S/C3H3N3/c4-1-3(6)2-5/h3H,6H2"
gdb_332,5.71265,2.8187,2.00322,1.3299,49.83,-0.2708,0.0039,0.2747,588.5174,0.070081,-267.944278,-267.937674,-267.93673,-267.97414,OC(C#C)C#C,"InChI=1S/C5H4O/c1-3-5(6)4-2/h1-2,5-6H"
gdb_333,5.7683,2.8663,2.03108,3.263,45.03,-0.3019,-0.0199,0.2821,566.4572,0.05969,-284.048718,-284.042467,-284.041523,-284.078408,OC(C#C)C#N,"InChI=1S/C4H3NO/c1-2-4(6)3-5/h1,4,6H"
gdb_334,5.87397,2.89114,2.05305,2.3093,40.41,-0.3463,-0.0464,0.3,546.2842,0.04917,-300.148891,-300.142982,-300.142038,-300.178386,OC(C#N)C#N,"InChI=1S/C3H2N2O/c4-1-3(6)2-5/h3,6H"
gdb_335,5.76079,2.56761,1.90777,2.3065,52.76,-0.2536,-0.0324,0.2213,632.3767,0.093434,-269.207716,-269.20074,-269.199796,-269.238596,CC(C=O)C#C,"InChI=1S/C5H6O/c1-3-5(2)4-6/h1,4-5H,2H3"
gdb_336,6.06166,2.54178,1.91991,2.7273,47.71,-0.2801,-0.0545,0.2256,611.9888,0.083083,-285.313284,-285.306637,-285.305693,-285.344071,CC(C=O)C#N,"InChI=1S/C4H5NO/c1-4(2-5)3-6/h3-4H,1H3"
gdb_337,6.90658,2.63327,2.09593,2.1664,45.31,-0.2709,-0.0493,0.2216,567.4229,0.070272,-305.130184,-305.123844,-305.1229,-305.160099,OC(C=O)C#C,"InChI=1S/C4H4O2/c1-2-4(6)3-5/h1,3-4,6H"
gdb_338,7.04619,2.65258,2.11311,2.9799,40.49,-0.3073,-0.0733,0.234,547.2998,0.059833,-321.233569,-321.227582,-321.226638,-321.263248,OC(C=O)C#N,"InChI=1S/C3H3NO2/c4-1-3(6)2-5/h2-3,6H"
gdb_339,5.40263,2.49803,1.88284,3.0426,48.36,-0.2559,-0.0573,0.1986,637.0667,0.093292,-306.383308,-306.376314,-306.37537,-306.414827,CC(C=O)C=O,"InChI=1S/C4H6O2/c1-4(2-5)3-6/h2-4H,1H3"
gdb_340,9.01877,2.42338,1.93317,2.4166,51.06,-0.2595,-0.0171,0.2424,607.0428,0.096802,-302.579718,-302.573326,-302.572382,-302.60969,CN(C=N)C=O,"InChI=1S/C3H6N2O/c1-5(2-4)3-6/h2-4H,1H3"
gdb_341,9.04216,2.43702,1.943,0.6161,45.8,-0.2725,-0.0352,0.2374,588.7943,0.084124,-322.477268,-322.470851,-322.469907,-322.507813,CN(C=O)C=O,"InChI=1S/C3H5NO2/c1-4(2-5)3-6/h2-3H,1H3"
gdb_342,7.13566,2.54107,2.18191,3.3417,41.69,-0.2649,-0.0663,0.1986,555.1885,0.070094,-342.307696,-342.301481,-342.300537,-342.33778,OC(C=O)C=O,"InChI=1S/C3H4O3/c4-1-3(6)2-5/h1-3,6H"
gdb_343,8.69706,2.39967,1.90493,5.1006,50.92,-0.2622,-0.0399,0.2223,616.0271,0.084203,-281.480993,-281.474271,-281.473326,-281.51108,CN=C(N)C#N,"InChI=1S/C3H5N3/c1-6-3(5)2-4/h1H3,(H2,5,6)"
gdb_344,9.49914,2.31209,1.88308,2.7489,50.95,-0.2476,-0.0605,0.187,629.4902,0.095327,-302.564379,-302.557593,-302.556649,-302.594563,CN=C(N)C=O,"InChI=1S/C3H6N2O/c1-5-3(4)2-6/h2H,1H3,(H2,4,5)"
gdb_345,8.71587,2.21187,1.80306,2.733,53.26,-0.264,-0.0552,0.2087,663.4092,0.09367,-269.216969,-269.210012,-269.209068,-269.247773,CCC(=O)C#C,"InChI=1S/C5H6O/c1-3-5(6)4-2/h1H,4H2,2H3"
gdb_346,8.70299,2.23063,1.81499,3.5163,48.11,-0.2976,-0.0854,0.2122,643.1284,0.08307,-285.317454,-285.31081,-285.309865,-285.34803,CCC(=O)C#N,"InChI=1S/C4H5NO/c1-2-4(6)3-5/h2H2,1H3"
gdb_347,8.75975,2.3713,1.88895,3.0753,50.21,-0.2527,-0.0407,0.2121,618.7695,0.084889,-281.484877,-281.478065,-281.477121,-281.515408,CNC(=N)C#N,"InChI=1S/C3H5N3/c1-6-3(5)2-4/h1H3,(H2,5,6)"
gdb_348,8.88595,2.34892,1.87991,3.6839,51.,-0.2591,-0.0243,0.2349,627.8913,0.0833,-285.282532,-285.275639,-285.274695,-285.313335,CNC(=O)C#C,"InChI=1S/C4H5NO/c1-3-4(6)5-2/h1H,2H3,(H,5,6)"
gdb_349,9.60396,2.43366,1.96569,1.7556,46.66,-0.2806,-0.0424,0.2382,595.6777,0.071026,-305.155985,-305.149492,-305.148548,-305.186165,COC(=O)C#C,"InChI=1S/C4H4O2/c1-3-4(5)6-2/h1H,2H3"
gdb_350,9.53061,2.46518,1.98316,4.0593,41.61,-0.3197,-0.0717,0.248,575.2916,0.06048,-321.254976,-321.248781,-321.247837,-321.285034,COC(=O)C#N,InChI=1S/C3H3NO2/c1-6-3(5)2-4/h1H3
gdb_351,8.88065,2.27616,1.83245,4.1336,46.43,-0.2661,-0.0573,0.2088,617.4214,0.070046,-305.130313,-305.123605,-305.122661,-305.160728,OCC(=O)C#C,"InChI=1S/C4H4O2/c1-2-4(6)3-5/h1,5H,3H2"
gdb_352,8.85788,2.30124,1.84768,4.1197,41.54,-0.3004,-0.0881,0.2122,596.5667,0.059291,-321.230055,-321.223616,-321.222672,-321.260329,OCC(=O)C#N,"InChI=1S/C3H3NO2/c4-1-3(6)2-5/h5H,2H2"
gdb_353,6.71474,2.47373,1.84838,1.0401,47.28,-0.2515,-0.0944,0.1571,641.1289,0.093575,-306.392828,-306.385878,-306.384934,-306.424157,CCC(=O)C=O,"InChI=1S/C4H6O2/c1-2-4(6)3-5/h3H,2H2,1H3"
gdb_354,9.85085,2.21586,1.83111,3.7361,49.61,-0.2388,-0.0681,0.1707,643.2539,0.095538,-302.558547,-302.551612,-302.550668,-302.589229,CNC(=N)C=O,"InChI=1S/C3H6N2O/c1-5-3(4)2-6/h2H,1H3,(H2,4,5)"
gdb_355,10.0137,2.20959,1.83112,5.2806,45.79,-0.2505,-0.0726,0.178,633.9378,0.083118,-322.454079,-322.447243,-322.446299,-322.485128,CNC(=O)C=O,"InChI=1S/C3H5NO2/c1-4-3(6)2-5/h2H,1H3,(H,4,6)"
gdb_356,10.36953,2.31178,1.91314,3.7746,40.92,-0.2683,-0.0862,0.1821,600.9282,0.070937,-342.329232,-342.322736,-342.321792,-342.359811,COC(=O)C=O,"InChI=1S/C3H4O3/c1-6-3(5)2-4/h2H,1H3"
gdb_357,10.18019,2.11712,1.7719,5.1353,41.26,-0.2516,-0.0953,0.1563,627.7041,0.069653,-342.297848,-342.291172,-342.290228,-342.328622,OCC(=O)C=O,"InChI=1S/C3H4O3/c4-1-3(6)2-5/h1,5H,2H2"
gdb_358,8.93073,1.94183,1.65971,2.5012,57.,-0.2412,-0.0057,0.2356,770.4633,0.140552,-271.666841,-271.658902,-271.657958,-271.699649,CCC(=O)CC,"InChI=1S/C5H10O/c1-3-5(6)4-2/h3-4H2,1-2H3"
gdb_359,9.27952,1.97063,1.67949,3.84,50.24,-0.2429,-0.0073,0.2356,723.3895,0.116949,-307.58009,-307.572434,-307.571489,-307.612431,CCC(=O)CO,"InChI=1S/C4H8O2/c1-2-4(6)3-5/h5H,2-3H2,1H3"
gdb_360,8.85645,2.05431,1.76094,3.4247,54.61,-0.2422,0.0378,0.28,725.6801,0.130452,-287.732329,-287.724552,-287.723608,-287.764875,CCC(=O)NC,"InChI=1S/C4H9NO/c1-3-4(6)5-2/h3H2,1-2H3,(H,5,6)"
gdb_361,9.53439,2.13951,1.80586,1.6323,50.2,-0.268,0.0192,0.2871,694.4729,0.118017,-307.61045,-307.602997,-307.602053,-307.642398,CCC(=O)OC,"InChI=1S/C4H8O2/c1-3-4(5)6-2/h3H2,1-2H3"
gdb_362,9.16916,2.08247,1.78086,4.3706,47.75,-0.2433,0.0274,0.2707,681.2313,0.106577,-323.644468,-323.636751,-323.635807,-323.67712,CNC(=O)CO,"InChI=1S/C3H7NO2/c1-4-3(6)2-5/h5H,2H2,1H3,(H,4,6)"
gdb_363,9.81743,2.15461,1.81196,3.5856,51.35,-0.2383,0.067,0.3052,689.1369,0.119461,-303.787203,-303.779425,-303.778481,-303.819322,CNC(=O)NC,"InChI=1S/C3H8N2O/c1-4-3(6)5-2/h1-2H3,(H2,4,5,6)"
gdb_364,10.0298,2.24766,1.87969,2.2967,47.42,-0.2496,0.0662,0.3158,657.9646,0.107261,-323.6692,-323.661699,-323.660754,-323.701214,CNC(=O)OC,"InChI=1S/C3H7NO2/c1-4-3(5)6-2/h1-2H3,(H,4,5)"
gdb_365,9.70719,2.14704,1.81406,1.6419,46.49,-0.2466,0.015,0.2616,669.5959,0.107439,-323.652284,-323.644911,-323.643967,-323.684119,COC(=O)CN,"InChI=1S/C3H7NO2/c1-6-3(5)2-4/h2,4H2,1H3"
gdb_366,10.04823,2.20536,1.85033,2.8141,43.25,-0.2705,0.0032,0.2737,640.0833,0.094874,-343.531666,-343.524693,-343.523749,-343.562703,COC(=O)CO,"InChI=1S/C3H6O3/c1-6-3(5)2-4/h4H,2H2,1H3"
gdb_367,9.64235,1.99929,1.69878,5.1141,43.53,-0.2447,-0.01,0.2348,677.014,0.09331,-343.492484,-343.485107,-343.484162,-343.524104,OCC(=O)CO,"InChI=1S/C3H6O3/c4-1-3(6)2-5/h4-5H,1-2H2"
gdb_368,5.62304,2.78995,1.93208,0.8775,55.68,-0.2427,0.0334,0.2761,667.2341,0.129176,-287.697316,-287.689416,-287.688472,-287.729866,COC(C)=NC,InChI=1S/C4H9NO/c1-4(5-2)6-3/h1-3H3
gdb_369,6.77272,2.23073,1.78456,1.3163,55.08,-0.2613,0.0553,0.3166,682.8459,0.117465,-270.3961,-270.388643,-270.387698,-270.426967,CC(CO)C#C,"InChI=1S/C5H8O/c1-3-5(2)4-6/h1,5-6H,4H2,2H3"
gdb_370,6.78215,2.26625,1.80707,3.7371,50.15,-0.2896,0.035,0.3246,658.6943,0.107232,-286.504534,-286.497432,-286.496488,-286.535239,CC(CO)C#N,"InChI=1S/C4H7NO/c1-4(2-5)3-6/h4,6H,3H2,1H3"
gdb_371,6.4208,2.16929,1.73642,0.7089,62.36,-0.2575,0.0581,0.3157,736.4751,0.14095,-234.474088,-234.466434,-234.46549,-234.505226,CCC(C)C#C,"InChI=1S/C6H10/c1-4-6(3)5-2/h1,6H,5H2,2-3H3"
gdb_372,6.42417,2.20162,1.75659,4.0632,57.23,-0.3144,0.0383,0.3527,712.3282,0.130797,-250.583259,-250.575974,-250.57503,-250.614218,CCC(C)C#N,"InChI=1S/C5H9N/c1-3-5(2)4-6/h5H,3H2,1-2H3"
gdb_373,6.84522,2.20034,1.78254,2.8538,54.01,-0.2695,0.0286,0.298,689.9612,0.119956,-266.626759,-266.619585,-266.618641,-266.657544,CCC(N)C#N,"InChI=1S/C4H8N2/c1-2-4(6)3-5/h4H,2,6H2,1H3"
gdb_374,7.14633,2.18885,1.78723,1.3296,55.33,-0.2649,0.0332,0.2982,693.4546,0.117373,-270.397474,-270.390091,-270.389147,-270.428268,CCC(O)C#C,"InChI=1S/C5H8O/c1-3-5(6)4-2/h1,5-6H,4H2,2H3"
gdb_375,7.1361,2.21726,1.80468,3.3465,50.37,-0.3028,0.0117,0.3145,670.8765,0.107081,-286.50404,-286.497024,-286.49608,-286.534653,CCC(O)C#N,"InChI=1S/C4H7NO/c1-2-4(6)3-5/h4,6H,2H2,1H3"
gdb_376,6.53292,2.30631,1.82542,4.4075,54.08,-0.2424,0.0288,0.2711,680.4479,0.119301,-266.615452,-266.608241,-266.607297,-266.646318,CNC(C)C#N,"InChI=1S/C4H8N2/c1-4(3-5)6-2/h4,6H,1-2H3"
gdb_377,6.54157,2.38245,1.86601,1.41,55.84,-0.2538,0.0395,0.2933,675.6208,0.116766,-270.38418,-270.376713,-270.375769,-270.415376,COC(C)C#C,"InChI=1S/C5H8O/c1-4-5(2)6-3/h1,5H,2-3H3"
gdb_378,4.3707,3.32059,2.02436,3.2128,50.59,-0.2865,0.0177,0.3042,619.0012,0.106659,-286.495035,-286.487984,-286.48704,-286.525708,COC(C)C#N,"InChI=1S/C4H7NO/c1-4(3-5)6-2/h4H,1-2H3"
gdb_379,7.18808,2.28721,1.83758,4.5745,46.66,-0.2619,0.0215,0.2834,634.7561,0.096396,-302.545112,-302.538187,-302.537242,-302.575574,NC(CO)C#N,"InChI=1S/C3H6N2O/c4-1-3(5)2-6/h3,6H,2,5H2"
gdb_380,7.05534,2.24882,1.81798,4.8739,50.26,-0.2534,0.0266,0.28,658.1766,0.109366,-282.667163,-282.660209,-282.659265,-282.697592,NCC(N)C#N,"InChI=1S/C3H7N3/c4-1-3(6)2-5/h3H,1,4,6H2"
gdb_381,7.3849,2.26347,1.83608,3.5369,46.88,-0.2549,0.0078,0.2627,640.0746,0.096532,-302.545562,-302.538783,-302.537839,-302.575827,NCC(O)C#N,"InChI=1S/C3H6N2O/c4-1-3(6)2-5/h3,6H,1,4H2"
gdb_382,7.64075,2.25059,1.83982,2.1731,48.25,-0.2624,0.0188,0.2813,638.4935,0.094585,-306.320806,-306.313986,-306.313042,-306.351017,OCC(O)C#C,"InChI=1S/C4H6O2/c1-2-4(6)3-5/h1,4-6H,3H2"
gdb_383,7.60375,2.27643,1.85366,2.1065,43.5,-0.2878,-0.0038,0.2839,617.6379,0.084113,-322.425235,-322.418738,-322.417794,-322.455292,OCC(O)C#N,"InChI=1S/C3H5NO2/c4-1-3(6)2-5/h3,5-6H,2H2"
gdb_384,5.49762,2.51451,1.86401,1.4722,50.03,-0.2523,-0.0219,0.2304,656.247,0.117353,-307.574899,-307.567493,-307.566549,-307.606203,CC(CO)C=O,"InChI=1S/C4H8O2/c1-4(2-5)3-6/h2,4,6H,3H2,1H3"
gdb_385,5.92856,2.12695,1.72359,2.7619,57.5,-0.2451,-0.0181,0.227,739.4896,0.140783,-271.651913,-271.644175,-271.643231,-271.683985,CCC(C)C=O,"InChI=1S/C5H10O/c1-3-5(2)4-6/h4-5H,3H2,1-2H3"
gdb_386,8.00702,2.15035,1.83174,2.216,50.71,-0.2736,-0.0372,0.2365,676.7821,0.117766,-307.581989,-307.574957,-307.574013,-307.612724,CCC(O)C=O,"InChI=1S/C4H8O2/c1-2-4(6)3-5/h3-4,6H,2H2,1H3"
gdb_387,6.74283,2.26803,1.90839,3.8246,55.18,-0.2407,0.0328,0.2735,680.8869,0.130695,-287.720383,-287.713033,-287.712089,-287.75175,CCN(C)C=O,"InChI=1S/C4H9NO/c1-3-5(2)4-6/h4H,3H2,1-2H3"
gdb_388,7.46103,2.22365,1.82004,2.7851,50.45,-0.2545,-0.0276,0.2269,676.5067,0.116572,-307.566593,-307.559107,-307.558163,-307.598185,COC(C)C=O,"InChI=1S/C4H8O2/c1-4(3-5)6-2/h3-4H,1-2H3"
gdb_389,8.22625,2.23737,1.90488,1.2875,43.58,-0.2662,-0.0476,0.2186,618.5337,0.094809,-343.5036,-343.497024,-343.49608,-343.533909,OCC(O)C=O,"InChI=1S/C3H6O3/c4-1-3(6)2-5/h1,3,5-6H,2H2"
gdb_390,7.1409,1.93367,1.65547,2.6348,53.08,-0.2607,0.0735,0.3342,743.5937,0.141197,-308.75909,-308.751086,-308.750141,-308.790858,CC(CO)CO,"InChI=1S/C4H10O2/c1-4(2-5)3-6/h4-6H,2-3H2,1H3"
gdb_391,6.53322,1.83734,1.58068,0.067,67.19,-0.303,0.0843,0.3874,855.476,0.188227,-236.916125,-236.907738,-236.906794,-236.948351,CCC(C)CC,"InChI=1S/C6H14/c1-4-6(3)5-2/h6H,4-5H2,1-3H3"
gdb_392,6.83866,1.88641,1.61861,1.3482,60.09,-0.2625,0.0783,0.3408,798.4108,0.164837,-272.838189,-272.830053,-272.829108,-272.870013,CCC(C)CO,"InChI=1S/C5H12O/c1-3-5(2)4-6/h5-6H,3-4H2,1-2H3"
gdb_393,4.54162,2.61906,1.81897,1.0377,60.6,-0.248,0.0861,0.3341,743.1891,0.164188,-272.834623,-272.826448,-272.825504,-272.866669,CCC(C)OC,"InChI=1S/C5H12O/c1-4-5(2)6-3/h5H,4H2,1-3H3"
gdb_394,7.30037,1.88258,1.63985,1.4336,60.24,-0.2621,0.0721,0.3342,805.7386,0.164626,-272.844804,-272.836705,-272.835761,-272.876509,CCC(O)CC,"InChI=1S/C5H12O/c1-3-5(6)4-2/h5-6H,3-4H2,1-2H3"
gdb_395,7.70308,1.93499,1.67435,2.3512,52.93,-0.256,0.0618,0.3178,748.8236,0.141924,-308.768073,-308.760556,-308.759611,-308.799183,CCC(O)CO,"InChI=1S/C4H10O2/c1-2-4(6)3-5/h4-6H,2-3H2,1H3"
gdb_396,5.34544,2.4935,2.04825,2.2435,53.28,-0.2545,0.079,0.3335,670.6307,0.141335,-308.757315,-308.74959,-308.748646,-308.788936,COC(C)CO,"InChI=1S/C4H10O2/c1-4(3-5)6-2/h4-5H,3H2,1-2H3"
gdb_397,8.07928,1.9819,1.70664,1.7715,45.75,-0.2606,0.049,0.3096,694.4975,0.118969,-344.689237,-344.682195,-344.681251,-344.719856,OCC(O)CO,"InChI=1S/C3H8O3/c4-1-3(6)2-5/h3-6H,1-2H2"
gdb_398,5.65815,3.06401,2.39381,0.7654,59.61,-0.24,0.0571,0.2972,582.3195,0.118255,-233.255259,-233.2487,-233.247756,-233.284774,CC1(CC1)C#C,"InChI=1S/C6H8/c1-3-6(2)4-5-6/h1H,4-5H2,2H3"
gdb_399,5.6186,3.15251,2.43943,4.1425,54.31,-0.2853,0.037,0.3224,559.2985,0.108158,-249.363808,-249.357626,-249.356681,-249.393152,CC1(CC1)C#N,"InChI=1S/C5H7N/c1-5(4-6)2-3-5/h2-3H2,1H3"
gdb_400,5.918,3.08345,2.40985,1.9146,56.,-0.2444,0.0441,0.2885,564.5299,0.106988,-249.293044,-249.286674,-249.285729,-249.322437,CC1(CN1)C#C,"InChI=1S/C5H7N/c1-3-5(2)4-6-5/h1,6H,4H2,2H3"
gdb_401,5.87456,3.17277,2.45596,4.9191,50.81,-0.2743,0.0226,0.2969,541.8201,0.096715,-265.399968,-265.393944,-265.393,-265.429201,CC1(CN1)C#N,"InChI=1S/C4H6N2/c1-4(2-5)3-6-4/h6H,3H2,1H3"
gdb_402,6.03973,3.14206,2.43199,1.7508,52.23,-0.2616,0.0263,0.2879,548.2216,0.094019,-269.176124,-269.169791,-269.168847,-269.205558,CC1(CO1)C#C,"InChI=1S/C5H6O/c1-3-5(2)4-6-5/h1H,4H2,2H3"
gdb_403,5.99149,3.23476,2.47902,3.8379,47.2,-0.3007,0.0031,0.3038,525.818,0.083704,-285.281032,-285.275044,-285.2741,-285.310299,CC1(CO1)C#N,"InChI=1S/C4H5NO/c1-4(2-5)3-6-4/h3H2,1H3"
gdb_404,5.89466,3.14775,2.48009,3.0748,51.03,-0.2722,0.029,0.3012,537.6808,0.09733,-265.408147,-265.402167,-265.401223,-265.437265,NC1(CC1)C#N,"InChI=1S/C4H6N2/c5-3-4(6)1-2-4/h1-2,6H2"
gdb_405,6.13748,3.07004,2.45758,1.2031,52.54,-0.2424,0.035,0.2774,544.2268,0.094491,-269.176442,-269.170213,-269.169268,-269.205661,OC1(CC1)C#C,"InChI=1S/C5H6O/c1-2-5(6)3-4-5/h1,6H,3-4H2"
gdb_406,6.09849,3.15469,2.5059,3.5524,47.42,-0.2828,0.0136,0.2964,521.6025,0.084237,-285.282853,-285.276998,-285.276054,-285.311886,OC1(CC1)C#N,"InChI=1S/C4H5NO/c5-3-4(6)1-2-4/h6H,1-2H2"
gdb_407,5.91437,3.00538,2.3965,2.9392,54.61,-0.2482,-0.0141,0.2341,572.0979,0.118497,-270.439135,-270.432679,-270.431735,-270.468877,CC1(CC1)C=O,"InChI=1S/C5H8O/c1-5(4-6)2-3-5/h4H,2-3H2,1H3"
gdb_408,6.11932,3.04137,2.41582,3.0447,50.74,-0.2483,-0.0234,0.2249,553.6489,0.107129,-286.477365,-286.471021,-286.470076,-286.507087,CC1(CN1)C=O,"InChI=1S/C4H7NO/c1-4(3-6)2-5-4/h3,5H,2H2,1H3"
gdb_409,6.21253,3.0959,2.43202,2.2978,47.26,-0.2592,-0.0374,0.2218,538.1677,0.094183,-306.358581,-306.352296,-306.351351,-306.388334,CC1(CO1)C=O,"InChI=1S/C4H6O2/c1-4(2-5)3-6-4/h2H,3H2,1H3"
gdb_410,6.6913,3.03598,2.50133,2.375,48.35,-0.2519,-0.0315,0.2204,528.8623,0.094927,-306.364186,-306.358187,-306.357242,-306.393465,OC1(CC1)C=O,"InChI=1S/C4H6O2/c5-3-4(6)1-2-4/h3,6H,1-2H2"
gdb_411,5.32426,2.84956,2.38565,1.3206,56.77,-0.2616,0.0757,0.3373,610.3779,0.142009,-271.618137,-271.611049,-271.610104,-271.648484,CC1(CO)CC1,"InChI=1S/C5H10O/c1-5(4-6)2-3-5/h6H,2-4H2,1H3"
gdb_412,5.30044,2.98932,2.47639,2.1168,52.8,-0.2463,0.0724,0.3186,582.3057,0.13149,-287.663174,-287.656474,-287.65553,-287.693286,CC1(CO)CN1,"InChI=1S/C4H9NO/c1-4(3-6)2-5-4/h5-6H,2-3H2,1H3"
gdb_413,5.44881,3.03126,2.49382,1.7232,49.21,-0.2611,0.081,0.3421,566.509,0.118491,-307.545713,-307.539052,-307.538108,-307.575814,CC1(CO)CO1,"InChI=1S/C4H8O2/c1-4(2-5)3-6-4/h5H,2-3H2,1H3"
gdb_414,5.14779,2.74148,2.30804,0.1151,63.52,-0.2627,0.0859,0.3486,658.7763,0.165551,-235.696677,-235.689426,-235.688482,-235.727158,CCC1(C)CC1,"InChI=1S/C6H12/c1-3-6(2)4-5-6/h3-5H2,1-2H3"
gdb_415,5.34711,2.88729,2.39735,1.7595,56.33,-0.2587,0.0877,0.3465,616.3779,0.141536,-271.623066,-271.616004,-271.61506,-271.653614,CCC1(C)CO1,"InChI=1S/C5H10O/c1-3-5(2)4-6-5/h3-4H2,1-2H3"
gdb_416,5.61124,2.75377,2.3805,1.3751,56.44,-0.2519,0.0723,0.3242,618.4343,0.141819,-271.621836,-271.614856,-271.613912,-271.652038,CCC1(O)CC1,"InChI=1S/C5H10O/c1-2-5(6)3-4-5/h6H,2-4H2,1H3"
gdb_417,5.26363,3.09609,2.52678,1.104,56.8,-0.245,0.0897,0.3348,596.0747,0.141327,-271.611366,-271.604301,-271.603357,-271.641692,COC1(C)CC1,"InChI=1S/C5H10O/c1-5(6-2)3-4-5/h3-4H2,1-2H3"
gdb_418,5.94194,2.85945,2.4711,2.0651,49.73,-0.2421,0.0639,0.306,568.4896,0.1187,-307.544316,-307.537691,-307.536747,-307.574152,OCC1(O)CC1,"InChI=1S/C4H8O2/c5-3-4(6)1-2-4/h5-6H,1-3H2"
gdb_419,4.70272,3.90423,2.33651,2.6766,53.75,-0.2374,-0.0163,0.2211,567.3641,0.118901,-270.447268,-270.440964,-270.44002,-270.477179,CC1CCC1=O,"InChI=1S/C5H8O/c1-4-2-3-5(4)6/h4H,2-3H2,1H3"
gdb_420,5.09171,3.88977,2.43681,3.5654,50.52,-0.2452,0.0373,0.2825,539.0137,0.108515,-286.517094,-286.510925,-286.509981,-286.54679,CC1CNC1=O,"InChI=1S/C4H7NO/c1-3-2-5-4(3)6/h3H,2H2,1H3,(H,5,6)"
gdb_421,5.19024,3.89243,2.45819,2.5239,50.92,-0.2615,0.0284,0.2899,537.9634,0.108616,-286.493052,-286.487128,-286.486184,-286.522434,CC1COC1=N,"InChI=1S/C4H7NO/c1-3-2-6-4(3)5/h3,5H,2H2,1H3"
gdb_422,5.28041,3.90606,2.48055,3.9998,46.04,-0.2726,0.0099,0.2825,521.9194,0.096641,-306.397746,-306.391983,-306.391039,-306.427029,CC1COC1=O,"InChI=1S/C4H6O2/c1-3-2-6-4(3)5/h3H,2H2,1H3"
gdb_423,4.90898,3.93292,2.38617,2.556,50.49,-0.2421,-0.0238,0.2182,545.7113,0.107628,-286.484904,-286.478789,-286.477845,-286.514513,CC1NCC1=O,"InChI=1S/C4H7NO/c1-3-4(6)2-5-3/h3,5H,2H2,1H3"
gdb_424,5.12788,3.90547,2.45414,0.9705,46.89,-0.2575,-0.0323,0.2252,525.6219,0.094977,-306.365166,-306.359174,-306.35823,-306.394728,CC1OCC1=O,"InChI=1S/C4H6O2/c1-3-4(5)2-6-3/h3H,2H2,1H3"
gdb_425,4.92227,4.22037,2.37488,3.6013,51.94,-0.2414,0.0394,0.2809,542.8932,0.108561,-286.514923,-286.508751,-286.507807,-286.544706,CN1CCC1=O,"InChI=1S/C4H7NO/c1-5-3-2-4(5)6/h2-3H2,1H3"
gdb_426,5.33196,3.90126,2.45716,1.33,47.4,-0.2491,0.0196,0.2687,518.7658,0.097893,-302.535621,-302.529817,-302.528873,-302.564883,NC1COC1=N,"InChI=1S/C3H6N2O/c4-2-1-6-3(2)5/h2,5H,1,4H2"
gdb_427,5.44207,3.89064,2.47394,2.9069,42.57,-0.2481,0.0012,0.2493,503.6554,0.085902,-322.439472,-322.433831,-322.432887,-322.468624,NC1COC1=O,"InChI=1S/C3H5NO2/c4-2-1-6-3(2)5/h2H,1,4H2"
gdb_428,4.87211,4.14032,2.44584,2.1771,46.67,-0.2509,-0.0284,0.2226,517.5463,0.095379,-306.368494,-306.362423,-306.361478,-306.398118,OC1CCC1=O,"InChI=1S/C4H6O2/c5-3-1-2-4(3)6/h3,5H,1-2H2"
gdb_429,5.28799,4.0728,2.50583,2.5208,43.41,-0.2475,0.0204,0.2679,495.5449,0.08494,-322.436757,-322.430835,-322.429891,-322.46623,OC1CNC1=O,"InChI=1S/C3H5NO2/c5-2-1-4-3(2)6/h2,5H,1H2,(H,4,6)"
gdb_430,5.38555,4.06938,2.52801,1.2035,43.85,-0.2717,0.0123,0.284,494.7347,0.084855,-322.412936,-322.407158,-322.406214,-322.44232,OC1COC1=N,"InChI=1S/C3H5NO2/c4-3-2(5)1-6-3/h2,4-5H,1H2"
gdb_431,5.55098,4.00493,2.53231,3.0125,39.11,-0.2674,-0.0058,0.2616,481.5842,0.072889,-342.315546,-342.309972,-342.309028,-342.344721,OC1COC1=O,"InChI=1S/C3H4O3/c4-2-1-6-3(2)5/h2,4H,1H2"
gdb_432,4.34218,3.60938,2.38799,0.1206,63.28,-0.2822,0.0842,0.3663,624.4665,0.166462,-235.696852,-235.689979,-235.689035,-235.726894,CC1CCC1C,"InChI=1S/C6H12/c1-5-3-4-6(5)2/h5-6H,3-4H2,1-2H3"
gdb_433,4.44325,3.84688,2.49161,1.3078,56.23,-0.2522,0.0751,0.3274,575.9494,0.142966,-271.622539,-271.615882,-271.614937,-271.652386,CC1CCC1O,"InChI=1S/C5H10O/c1-4-2-3-5(4)6/h4-6H,2-3H2,1H3"
gdb_434,4.43292,3.8862,2.44563,1.7671,56.23,-0.2398,0.085,0.3248,585.5983,0.142555,-271.620997,-271.61422,-271.613276,-271.651656,CC1COC1C,"InChI=1S/C5H10O/c1-4-3-6-5(4)2/h4-5H,3H2,1-2H3"
gdb_435,4.53978,4.15272,2.54101,2.3269,49.4,-0.2442,0.0626,0.3069,539.14,0.118783,-307.544728,-307.538101,-307.537157,-307.575262,CC1OCC1O,"InChI=1S/C4H8O2/c1-3-4(5)2-6-3/h3-5H,2H2,1H3"
gdb_436,4.68086,3.99775,2.60447,1.022,49.03,-0.2476,0.0591,0.3067,529.6164,0.11984,-307.55036,-307.544139,-307.543195,-307.579988,OC1CCC1O,"InChI=1S/C4H8O2/c5-3-1-2-4(3)6/h3-6H,1-2H2"
gdb_437,8.5241,3.71634,2.63002,3.4388,48.64,-0.2323,-0.0049,0.2275,470.3702,0.08707,-281.491976,-281.486859,-281.485915,-281.520391,N=C1CN=CN1,"InChI=1S/C3H5N3/c4-3-1-5-2-6-3/h2H,1H2,(H2,4,5,6)"
gdb_438,7.38256,3.60727,2.49744,2.5958,50.91,-0.2409,-0.0164,0.2245,502.2039,0.096841,-269.263802,-269.258575,-269.257631,-269.292553,O=C1CC=CC1,"InChI=1S/C5H6O/c6-5-3-1-2-4-5/h1-2H,3-4H2"
gdb_439,8.19502,3.72327,2.60109,3.246,47.64,-0.2165,-0.0013,0.2152,473.5305,0.08615,-285.335887,-285.330807,-285.329863,-285.364182,O=C1CC=CN1,"InChI=1S/C4H5NO/c6-4-2-1-3-5-4/h1,3H,2H2,(H,5,6)"
gdb_440,8.65423,3.76058,2.66467,2.525,43.5,-0.25,-0.0182,0.2318,452.4227,0.075083,-301.395982,-301.391168,-301.390224,-301.424079,O=C1CN=CN1,"InChI=1S/C3H4N2O/c6-3-1-4-2-5-3/h2H,1H2,(H,4,5,6)"
gdb_441,8.78743,3.90713,2.7507,1.6338,39.3,-0.2793,-0.0315,0.2478,433.0637,0.062716,-321.271406,-321.26687,-321.265926,-321.299312,O=C1CN=CO1,"InChI=1S/C3H3NO2/c5-3-1-4-2-6-3/h2H,1H2"
gdb_442,8.14926,3.83837,2.65279,3.3473,50.58,-0.2462,-0.0302,0.216,472.0954,0.086685,-285.311823,-285.307013,-285.306068,-285.339869,N=C1OCC=C1,"InChI=1S/C4H5NO/c5-4-2-1-3-6-4/h1-2,5H,3H2"
gdb_443,7.42718,3.57756,2.48815,3.5709,52.33,-0.2366,-0.0429,0.1938,505.106,0.097695,-269.27132,-269.266149,-269.265204,-269.299973,O=C1CCC=C1,"InChI=1S/C5H6O/c6-5-3-1-2-4-5/h1,3H,2,4H2"
gdb_444,8.13281,3.73274,2.59999,4.2248,48.42,-0.2428,-0.0263,0.2166,475.489,0.086559,-285.336744,-285.331604,-285.33066,-285.36533,O=C1NCC=C1,"InChI=1S/C4H5NO/c6-4-2-1-3-5-4/h1-2H,3H2,(H,5,6)"
gdb_445,7.1744,3.54699,2.53157,3.1568,50.78,-0.2549,0.0316,0.2866,515.9607,0.110489,-286.516174,-286.51087,-286.509925,-286.544899,N=C1CCCO1,"InChI=1S/C4H7NO/c5-4-2-1-3-6-4/h5H,1-3H2"
gdb_446,7.91279,3.67077,2.62431,1.8361,43.66,-0.272,0.0187,0.2907,475.1154,0.08643,-322.434119,-322.429025,-322.428081,-322.462711,N=C1COCO1,"InChI=1S/C3H5NO2/c4-3-1-5-2-6-3/h4H,1-2H2"
gdb_447,7.9234,3.7995,2.67986,4.2769,43.85,-0.2556,0.0548,0.3105,471.4994,0.08682,-322.44415,-322.439107,-322.438163,-322.472719,N=C1OCCO1,"InChI=1S/C3H5NO2/c4-3-5-1-2-6-3/h4H,1-2H2"
gdb_448,6.60272,3.33567,2.39369,2.8451,52.83,-0.235,-0.0124,0.2226,547.0211,0.120921,-270.47247,-270.466895,-270.465951,-270.501576,O=C1CCCC1,InChI=1S/C5H8O/c6-5-3-1-2-4-5/h1-4H2
gdb_449,7.16888,3.44429,2.46252,3.7977,49.83,-0.237,0.0377,0.2747,521.6537,0.110762,-286.542391,-286.536964,-286.53602,-286.571234,O=C1CCCN1,"InChI=1S/C4H7NO/c6-4-2-1-3-5-4/h1-3H2,(H,5,6)"
gdb_450,7.26973,3.57574,2.54917,4.3159,45.82,-0.2646,0.0149,0.2795,499.82,0.098309,-306.418503,-306.413341,-306.412397,-306.447148,O=C1CCCO1,InChI=1S/C4H6O2/c5-4-2-1-3-6-4/h1-3H2
gdb_451,7.15925,3.46557,2.4869,1.8765,46.04,-0.2439,-0.0253,0.2186,504.709,0.096958,-306.386594,-306.381259,-306.380315,-306.415468,O=C1CCOC1,InChI=1S/C4H6O2/c5-4-1-2-6-3-4/h1-3H2
gdb_452,8.01043,3.70601,2.64411,2.7134,38.99,-0.2775,-0.0003,0.2772,459.0271,0.074203,-342.335241,-342.330282,-342.329338,-342.36377,O=C1COCO1,InChI=1S/C3H4O3/c4-3-1-5-2-6-3/h1-2H2
gdb_453,7.69225,3.61351,2.57546,3.9802,46.25,-0.2457,0.0629,0.3086,491.6466,0.100038,-302.599262,-302.594109,-302.593165,-302.627663,O=C1NCCN1,"InChI=1S/C3H6N2O/c6-3-4-1-2-5-3/h1-2H2,(H2,4,5,6)"
gdb_454,7.85701,3.72703,2.64004,4.8739,42.52,-0.2632,0.052,0.3152,473.1926,0.087482,-322.47672,-322.471693,-322.470748,-322.505169,O=C1NCCO1,"InChI=1S/C3H5NO2/c5-3-4-1-2-6-3/h1-2H2,(H,4,5)"
gdb_455,8.03253,3.84232,2.70377,5.0601,38.98,-0.2935,0.0401,0.3336,455.3293,0.074926,-342.352279,-342.34739,-342.346446,-342.380838,O=C1OCCO1,InChI=1S/C3H4O3/c4-3-5-1-2-6-3/h1-2H2
gdb_456,6.95584,3.02672,2.23957,0.2336,62.6,-0.2238,0.037,0.2608,609.4914,0.144201,-234.522504,-234.51632,-234.515375,-234.551976,CC1=CCCC1,"InChI=1S/C6H10/c1-6-4-2-3-5-6/h4H,2-3,5H2,1H3"
gdb_457,7.64601,3.12341,2.31329,1.8189,55.75,-0.2252,0.0249,0.2501,566.4241,0.119949,-270.43928,-270.433217,-270.432273,-270.468829,CC1=CCOC1,"InChI=1S/C5H8O/c1-5-2-3-6-4-5/h2H,3-4H2,1H3"
gdb_458,7.74998,3.42753,2.48701,1.2483,50.7,-0.2399,0.0319,0.2718,530.0606,0.109278,-286.516879,-286.510983,-286.510039,-286.546498,CC1=NCCO1,"InChI=1S/C4H7NO/c1-4-5-2-3-6-4/h2-3H2,1H3"
gdb_459,6.71122,3.17565,2.34459,0.1489,61.16,-0.2335,0.0313,0.2648,587.2379,0.144419,-234.516241,-234.51027,-234.509326,-234.545523,CC1CC=CC1,"InChI=1S/C6H10/c1-6-4-2-3-5-6/h2-3,6H,4-5H2,1H3"
gdb_460,6.95109,3.605,2.72215,1.8411,49.49,-0.246,0.0261,0.2721,504.1131,0.109554,-286.510514,-286.504912,-286.503968,-286.539796,CC1CN=CO1,"InChI=1S/C4H7NO/c1-4-2-5-3-6-4/h3-4H,2H2,1H3"
gdb_461,5.80128,3.66753,2.83902,1.4817,53.91,-0.2461,0.0209,0.267,510.4532,0.120948,-270.441325,-270.435739,-270.434794,-270.470141,OC1CC=CC1,"InChI=1S/C5H8O/c6-5-3-1-2-4-5/h1-2,5-6H,3-4H2"
gdb_462,6.66135,3.16539,2.35961,0.1605,61.66,-0.2341,0.03,0.2642,589.2794,0.144442,-234.516409,-234.510406,-234.509462,-234.545692,CC1CCC=C1,"InChI=1S/C6H10/c1-6-4-2-3-5-6/h2,4,6H,3,5H2,1H3"
gdb_463,7.02791,3.53681,2.66173,1.5301,49.75,-0.2473,0.0239,0.2712,509.7285,0.109629,-286.508233,-286.502604,-286.50166,-286.53756,CC1COC=N1,"InChI=1S/C4H7NO/c1-4-2-6-3-5-4/h3-4H,2H2,1H3"
gdb_464,6.77781,3.51016,2.61055,1.4505,55.,-0.2302,0.0182,0.2484,531.8706,0.120101,-270.437636,-270.4318,-270.430856,-270.466917,CC1OCC=C1,"InChI=1S/C5H8O/c1-5-3-2-4-6-5/h2-3,5H,4H2,1H3"
gdb_465,6.1547,3.46524,2.63178,1.7344,54.16,-0.2491,0.0142,0.2633,528.2233,0.121083,-270.441145,-270.435384,-270.43444,-270.470414,OC1CCC=C1,"InChI=1S/C5H8O/c6-5-3-1-2-4-5/h1,3,5-6H,2,4H2"
gdb_466,6.22174,2.91216,2.1948,0.0756,63.03,-0.3044,0.0828,0.3872,641.8924,0.168121,-235.723792,-235.71718,-235.716236,-235.754746,CC1CCCC1,"InChI=1S/C6H12/c1-6-4-2-3-5-6/h6H,2-5H2,1H3"
gdb_467,6.55719,3.16956,2.37365,1.5053,56.51,-0.2379,0.0868,0.3246,586.3351,0.144187,-271.647465,-271.641158,-271.640214,-271.67776,CC1CCCO1,"InChI=1S/C5H10O/c1-5-3-2-4-6-5/h5H,2-4H2,1H3"
gdb_468,6.72379,3.02517,2.29024,1.7082,56.14,-0.2381,0.0839,0.322,594.9572,0.144241,-271.642927,-271.63658,-271.635636,-271.673114,CC1CCOC1,"InChI=1S/C5H10O/c1-5-2-3-6-4-5/h5H,2-4H2,1H3"
gdb_469,7.02085,3.30173,2.50629,1.2942,49.23,-0.2502,0.0904,0.3406,539.3012,0.120486,-307.569255,-307.563241,-307.562296,-307.599195,CC1COCO1,"InChI=1S/C4H8O2/c1-4-2-5-3-6-4/h4H,2-3H2,1H3"
gdb_470,7.01872,3.42197,2.53081,1.0448,49.6,-0.2542,0.0896,0.3439,537.0339,0.120277,-307.573371,-307.567272,-307.566327,-307.603679,CC1OCCO1,"InChI=1S/C4H8O2/c1-4-5-2-3-6-4/h4H,2-3H2,1H3"
gdb_471,5.20474,3.4934,2.76418,1.3247,55.74,-0.2601,0.0738,0.3338,550.8423,0.144785,-271.648392,-271.642208,-271.641264,-271.678618,OC1CCCC1,"InChI=1S/C5H10O/c6-5-3-1-2-4-5/h5-6H,1-4H2"
gdb_472,5.60949,3.62344,2.87618,1.5931,49.05,-0.2428,0.0712,0.314,508.516,0.120836,-307.56626,-307.560326,-307.559382,-307.595858,OC1CCOC1,"InChI=1S/C4H8O2/c5-4-1-2-6-3-4/h4-5H,1-3H2"
gdb_473,3.56333,3.56313,2.51002,0.0164,63.6,-0.2571,0.0841,0.3412,642.4422,0.165387,-235.694216,-235.686596,-235.685652,-235.725092,CC1C(C)C1C,"InChI=1S/C6H12/c1-4-5(2)6(4)3/h4-6H,1-3H3"
gdb_474,3.86929,3.62098,2.67648,1.3139,56.45,-0.2441,0.0725,0.3165,589.5057,0.141848,-271.61858,-271.611272,-271.610327,-271.649185,CC1C(C)C1O,"InChI=1S/C5H10O/c1-3-4(2)5(3)6/h3-6H,1-2H3"
gdb_475,3.88714,3.62397,2.64105,1.3293,60.42,-0.2104,0.0826,0.293,607.6457,0.153308,-251.727102,-251.719552,-251.718607,-251.758017,CC1C(C)N1C,"InChI=1S/C5H11N/c1-4-5(2)6(4)3/h4-5H,1-3H3"
gdb_476,4.14245,3.72097,2.84576,1.9714,49.27,-0.2301,0.0537,0.2838,539.3304,0.118633,-307.540766,-307.533965,-307.53302,-307.570981,CC1C(O)C1O,"InChI=1S/C4H8O2/c1-2-3(5)4(2)6/h2-6H,1H3"
gdb_477,4.20573,4.20358,3.19021,0.6618,41.57,-0.2552,0.0505,0.3058,476.1977,0.096192,-343.468335,-343.462548,-343.461604,-343.497233,OC1C(O)C1O,InChI=1S/C3H6O3/c4-1-2(5)3(1)6/h1-6H
gdb_478,5.88257,3.5926,2.86567,0.3029,60.48,-0.243,0.0951,0.338,542.9521,0.143756,-234.474951,-234.469056,-234.468112,-234.50378,CC12CC1CC2,"InChI=1S/C6H10/c1-6-3-2-5(6)4-6/h5H,2-4H2,1H3"
gdb_479,6.0133,3.92776,3.04795,1.6329,53.34,-0.2287,0.0868,0.3155,498.0795,0.119588,-270.392444,-270.386783,-270.385839,-270.421106,CC12CC1CO2,"InChI=1S/C5H8O/c1-5-2-4(5)3-6-5/h4H,2-3H2,1H3"
gdb_480,6.30494,3.69329,2.91269,1.8852,53.11,-0.2293,0.0805,0.3098,506.8939,0.119607,-270.388222,-270.382545,-270.381601,-270.416941,CC12CC1OC2,"InChI=1S/C5H8O/c1-5-2-4(5)6-3-5/h4H,2-3H2,1H3"
gdb_481,6.49682,3.64898,2.93229,1.8535,53.26,-0.2442,0.0955,0.3397,508.8551,0.119394,-270.401391,-270.39568,-270.394736,-270.430118,CC12CCC1O2,"InChI=1S/C5H8O/c1-5-3-2-4(5)6-5/h4H,2-3H2,1H3"
gdb_482,6.06624,3.74807,2.96204,1.1413,53.1,-0.2475,0.0834,0.3309,499.7541,0.120085,-270.397623,-270.392001,-270.391057,-270.426196,OC12CC1CC2,"InChI=1S/C5H8O/c6-5-2-1-4(5)3-5/h4,6H,1-3H2"
gdb_483,6.50004,3.85598,3.01225,2.2569,45.92,-0.2318,0.0706,0.3024,464.135,0.095993,-306.309029,-306.303682,-306.302738,-306.337396,OC12CC1OC2,"InChI=1S/C4H6O2/c5-4-1-3(4)6-2-4/h3,5H,1-2H2"
gdb_484,619867.68314,1.33455,1.33454,0.0151,72.39,-0.2465,-0.0565,0.19,802.1485,0.046718,-229.615446,-229.609222,-229.608278,-229.639949,C#CC#CC#C,InChI=1S/C6H2/c1-3-5-6-4-2/h1-2H
gdb_485,0,1.34015,1.34015,4.5941,63.48,-0.284,-0.085,0.199,777.4112,0.036829,-245.711897,-245.706152,-245.705208,-245.733762,C#CC#CC#N,InChI=1S/C5HN/c1-2-3-4-5-6/h1H
gdb_486,0.,1.344106,1.344106,0.,55.28,-0.3277,-0.1164,0.2113,754.2424,0.027023,-261.802956,-261.79743,-261.796485,-261.828854,N#CC#CC#N,InChI=1S/C4N2/c5-3-1-2-4-6
gdb_487,25.04915,1.45902,1.40244,0.0008,57.87,-0.2615,0.0391,0.3006,799.7895,0.093925,-232.030352,-232.023466,-232.022522,-232.06066,C#CCCC#C,"InChI=1S/C6H6/c1-3-5-6-4-2/h1-2H,5-6H2"
gdb_488,25.27902,1.46993,1.41333,3.4446,52.71,-0.2821,0.0193,0.3014,773.7747,0.083685,-248.137789,-248.131277,-248.130333,-248.167922,C#CCCC#N,"InChI=1S/C5H5N/c1-2-3-4-5-6/h1H,3-4H2"
gdb_489,25.56861,1.4803,1.4239,0.0004,47.69,-0.3397,-0.0013,0.3384,748.3461,0.073373,-264.243028,-264.236876,-264.235932,-264.27298,N#CCCC#N,InChI=1S/C4H4N2/c5-3-1-2-4-6/h1-2H2
gdb_490,54.35121,1.34851,1.31587,3.248,59.66,-0.275,-0.0922,0.1828,801.3233,0.047327,-266.777425,-266.77129,-266.770346,-266.806816,O=CC#CC#C,"InChI=1S/C5H2O/c1-2-3-4-5-6/h1,5H"
gdb_491,53.05616,1.35517,1.32142,2.4648,51.47,-0.3053,-0.1211,0.1843,776.7874,0.03702,-282.871678,-282.865901,-282.864957,-282.900943,O=CC#CC#N,InChI=1S/C4HNO/c5-3-1-2-4-6/h4H
gdb_492,27.62689,1.33139,1.32381,2.3737,48.1,-0.2894,-0.0927,0.1966,801.4852,0.0471,-303.940271,-303.933923,-303.932979,-303.970909,O=CC#CC=O,InChI=1S/C4H2O2/c5-3-1-2-4-6/h3-4H
gdb_493,9.41986,2.01611,1.74724,3.3466,50.16,-0.2698,0.0135,0.2834,665.5192,0.083043,-285.242094,-285.235491,-285.234547,-285.272892,N=COCC#C,"InChI=1S/C4H5NO/c1-2-3-6-4-5/h1,4-5H,3H2"
gdb_494,9.90773,2.00413,1.75551,3.3728,45.57,-0.2899,-0.0071,0.2828,646.0972,0.07256,-301.345683,-301.339414,-301.33847,-301.376371,N=COCC#N,"InChI=1S/C3H4N2O/c4-1-2-6-3-5/h3,5H,2H2"
gdb_495,20.3785,1.39567,1.35792,2.1557,52.99,-0.2549,-0.0302,0.2247,817.4048,0.093631,-269.20692,-269.199987,-269.199043,-269.238076,O=CCCC#C,"InChI=1S/C5H6O/c1-2-3-4-5-6/h1,5H,3-4H2"
gdb_496,20.93178,1.40036,1.36378,2.4084,48.12,-0.274,-0.0464,0.2276,792.702,0.083388,-285.313674,-285.307112,-285.306168,-285.344659,O=CCCC#N,"InChI=1S/C4H5NO/c5-3-1-2-4-6/h4H,1-2H2"
gdb_497,12.81085,1.74827,1.68822,3.3746,49.89,-0.2561,0.0191,0.2752,691.5345,0.083614,-285.276634,-285.270024,-285.269079,-285.307545,O=CNCC#C,"InChI=1S/C4H5NO/c1-2-3-5-4-6/h1,4H,3H2,(H,5,6)"
gdb_498,11.45832,1.83316,1.76977,3.6197,44.97,-0.2788,-0.0017,0.2772,652.22,0.073313,-301.382062,-301.375865,-301.37492,-301.412562,O=CNCC#N,"InChI=1S/C3H4N2O/c4-1-2-5-3-6/h3H,2H2,(H,5,6)"
gdb_499,10.361,1.92543,1.71402,3.7921,45.77,-0.2819,-0.0051,0.2768,660.5683,0.070779,-305.145002,-305.13858,-305.137636,-305.175765,O=COCC#C,"InChI=1S/C4H4O2/c1-2-3-6-4-5/h1,4H,3H2"
gdb_500,11.5039,1.86186,1.69559,3.8224,41.37,-0.3057,-0.0259,0.2797,649.8622,0.060309,-321.247305,-321.241236,-321.240291,-321.277891,O=COCC#N,"InChI=1S/C3H3NO2/c4-1-2-6-3-5/h3H,2H2"
gdb_501,15.05755,1.57467,1.51807,2.1434,45.71,-0.2626,-0.0461,0.2165,741.954,0.082446,-322.42132,-322.414586,-322.413642,-322.453432,N=COCC=O,"InChI=1S/C3H5NO2/c4-3-6-2-1-5/h1,3-4H,2H2"
gdb_502,18.86105,1.34062,1.32968,0.0008,48.98,-0.2578,-0.0386,0.2193,826.9499,0.093635,-306.384286,-306.377325,-306.376381,-306.416352,O=CCCC=O,"InChI=1S/C4H6O2/c5-3-1-2-4-6/h3-4H,1-2H2"
gdb_503,12.11679,1.70392,1.61189,3.1684,45.39,-0.2579,-0.0377,0.2203,701.3499,0.083436,-322.45625,-322.449687,-322.448743,-322.487435,O=CCNC=O,"InChI=1S/C3H5NO2/c5-2-1-4-3-6/h2-3H,1H2,(H,4,6)"
gdb_504,20.75251,1.47057,1.44259,1.8826,41.52,-0.2773,-0.0513,0.226,751.1914,0.070248,-342.324182,-342.31767,-342.316725,-342.355599,O=CCOC=O,"InChI=1S/C3H4O3/c4-1-2-6-3-5/h1,3H,2H2"
gdb_505,80.09637,1.11623,1.11623,0.0009,71.63,-0.2265,0.0026,0.2291,1041.5974,0.094213,-232.0639,-232.056277,-232.055333,-232.096384,CC#CC#CC,InChI=1S/C6H6/c1-3-5-6-4-2/h1-2H3
gdb_506,12.46112,1.50218,1.36312,0.7462,59.23,-0.2479,0.0422,0.2901,849.0499,0.093655,-232.036378,-232.028964,-232.028019,-232.069081,CC#CCC#C,"InChI=1S/C6H6/c1-3-5-6-4-2/h1H,5H2,2H3"
gdb_507,12.89478,1.51089,1.37546,4.0685,54.4,-0.2693,0.0206,0.2899,822.8323,0.083392,-248.143861,-248.136834,-248.13589,-248.176127,CC#CCC#N,"InChI=1S/C5H5N/c1-2-3-4-5-6/h4H2,1H3"
gdb_508,16.14416,1.34674,1.28155,2.7868,55.38,-0.2463,-0.0269,0.2194,887.4234,0.093413,-269.218553,-269.211092,-269.210148,-269.252047,CC#CCC=O,"InChI=1S/C5H6O/c1-2-3-4-5-6/h5H,4H2,1H3"
gdb_509,9.0195,2.12799,1.74027,4.5664,52.58,-0.2408,-0.0172,0.2236,680.2345,0.095665,-302.567313,-302.560613,-302.559669,-302.597876,CN=CNC=O,"InChI=1S/C3H6N2O/c1-4-2-5-3-6/h2-3H,1H3,(H,4,5,6)"
gdb_510,31.68669,1.43776,1.38714,4.1826,49.06,-0.2771,-0.0239,0.2532,807.2438,0.082782,-322.442708,-322.436104,-322.43516,-322.473001,CN=COC=O,"InChI=1S/C3H5NO2/c1-4-2-6-3-5/h2-3H,1H3"
gdb_511,21.91055,1.33512,1.27835,1.2338,67.,-0.2405,-0.0092,0.2313,897.8437,0.094569,-232.050342,-232.043419,-232.042475,-232.080639,CCC#CC#C,"InChI=1S/C6H6/c1-3-5-6-4-2/h1H,4H2,2H3"
gdb_512,21.9297,1.34235,1.28507,5.2846,59.94,-0.2842,-0.0374,0.2468,871.1625,0.084479,-248.151318,-248.144801,-248.143857,-248.18147,CCC#CC#N,"InChI=1S/C5H5N/c1-2-3-4-5-6/h2H2,1H3"
gdb_513,28.31357,1.31903,1.27032,1.9151,59.6,-0.2442,-0.024,0.2202,858.0993,0.070848,-267.963366,-267.956622,-267.955678,-267.993506,OCC#CC#C,"InChI=1S/C5H4O/c1-2-3-4-5-6/h1,6H,5H2"
gdb_514,28.35195,1.3265,1.27733,5.7112,52.46,-0.2849,-0.0526,0.2323,831.3517,0.060584,-284.062954,-284.056563,-284.055619,-284.092997,OCC#CC#N,"InChI=1S/C4H3NO/c5-3-1-2-4-6/h6H,4H2"
gdb_515,20.01298,1.29514,1.23498,3.9327,57.54,-0.2632,-0.0579,0.2053,914.8563,0.094355,-269.216495,-269.209287,-269.208342,-269.248873,CCC#CC=O,"InChI=1S/C5H6O/c1-2-3-4-5-6/h5H,2H2,1H3"
gdb_516,23.98185,1.28659,1.23046,3.9039,50.43,-0.2682,-0.0625,0.2057,870.3354,0.07066,-305.129953,-305.123003,-305.122059,-305.161238,OCC#CC=O,"InChI=1S/C4H4O2/c5-3-1-2-4-6/h3,6H,4H2"
gdb_517,14.22676,1.26311,1.19433,0.,65.82,-0.239,0.0588,0.2979,1025.2475,0.141612,-234.484521,-234.476522,-234.475578,-234.518462,CCC#CCC,"InChI=1S/C6H10/c1-3-5-6-4-2/h3-4H2,1-2H3"
gdb_518,12.55557,1.27566,1.25351,1.263,58.63,-0.2418,0.0372,0.279,959.5388,0.117895,-270.39928,-270.39147,-270.390525,-270.432574,CCC#CCO,"InChI=1S/C5H8O/c1-2-3-4-5-6/h6H,2,5H2,1H3"
gdb_519,14.89645,1.24544,1.24233,1.4538,51.62,-0.2515,0.0292,0.2807,921.7788,0.09418,-306.313706,-306.306114,-306.305169,-306.345991,OCC#CCO,"InChI=1S/C4H6O2/c5-3-1-2-4-6/h5-6H,3-4H2"
gdb_520,10.01609,1.67405,1.47386,2.8394,57.34,-0.2447,0.0282,0.2729,829.3437,0.129694,-287.683128,-287.675482,-287.674538,-287.715221,CCN=COC,"InChI=1S/C4H9NO/c1-3-5-4-6-2/h4H,3H2,1-2H3"
gdb_521,19.69511,1.20925,1.16405,1.514,57.94,-0.2431,0.0619,0.305,987.2389,0.117711,-270.405973,-270.397985,-270.397041,-270.439567,CC#CCCO,"InChI=1S/C5H8O/c1-2-3-4-5-6/h6H,4-5H2,1H3"
gdb_522,17.88474,1.19749,1.15436,0.1495,65.57,-0.2397,0.0646,0.3043,1048.5765,0.141123,-234.48564,-234.477444,-234.4765,-234.519304,CCCC#CC,"InChI=1S/C6H10/c1-3-5-6-4-2/h3,5H2,1-2H3"
gdb_523,21.32017,1.26339,1.22011,0.9061,59.21,-0.2424,0.0413,0.2837,974.5309,0.117121,-270.392759,-270.384807,-270.383863,-270.426097,COCC#CC,"InChI=1S/C5H8O/c1-3-4-5-6-2/h5H2,1-2H3"
gdb_524,21.2057,1.36147,1.31075,2.8689,58.57,-0.2456,0.0272,0.2729,926.9585,0.129432,-287.689262,-287.681558,-287.680614,-287.721527,CCOC=NC,"InChI=1S/C4H9NO/c1-3-6-4-5-2/h4H,3H2,1-2H3"
gdb_525,14.85379,1.31677,1.24669,0.835,62.82,-0.2579,0.0587,0.3166,950.8272,0.141225,-234.474613,-234.466965,-234.466021,-234.506066,CCCCC#C,"InChI=1S/C6H10/c1-3-5-6-4-2/h1H,4-6H2,2H3"
gdb_526,15.21364,1.3216,1.25359,4.1681,57.89,-0.3164,0.0376,0.354,924.0066,0.13111,-250.583643,-250.576387,-250.575443,-250.614891,CCCCC#N,"InChI=1S/C5H9N/c1-2-3-4-5-6/h2-4H2,1H3"
gdb_527,15.53869,1.41482,1.33271,4.2405,54.99,-0.2476,0.023,0.2706,867.8577,0.119718,-266.616319,-266.609198,-266.608253,-266.64743,CCNCC#N,"InChI=1S/C4H8N2/c1-2-6-4-3-5/h6H,2,4H2,1H3"
gdb_528,15.41191,1.48321,1.38825,1.2818,56.58,-0.2547,0.0346,0.2893,851.4059,0.11701,-270.386138,-270.378715,-270.377771,-270.417487,CCOCC#C,"InChI=1S/C5H8O/c1-3-5-6-4-2/h1H,4-5H2,2H3"
gdb_529,15.60527,1.49376,1.39916,4.5806,51.68,-0.2825,0.0109,0.2934,824.9588,0.106754,-286.492223,-286.485166,-286.484222,-286.52342,CCOCC#N,"InChI=1S/C4H7NO/c1-2-6-4-3-5/h2,4H2,1H3"
gdb_530,17.75615,1.40782,1.33715,1.0683,56.07,-0.2584,0.0547,0.3131,867.686,0.117433,-270.387395,-270.379973,-270.379028,-270.418719,COCCC#C,"InChI=1S/C5H8O/c1-3-4-5-6-2/h1H,4-5H2,2H3"
gdb_531,18.36601,1.41178,1.34418,3.7667,51.25,-0.2751,0.0324,0.3075,842.1422,0.107193,-286.495416,-286.488353,-286.487409,-286.526586,COCCC#N,"InChI=1S/C4H7NO/c1-6-4-2-3-5/h2,4H2,1H3"
gdb_532,16.26187,1.32932,1.25757,1.8394,55.5,-0.2594,0.0564,0.3158,894.418,0.117709,-270.393902,-270.386433,-270.385489,-270.425267,OCCCC#C,"InChI=1S/C5H8O/c1-2-3-4-5-6/h1,6H,3-5H2"
gdb_533,16.69433,1.33442,1.26475,4.9959,50.66,-0.282,0.0354,0.3174,867.7431,0.107556,-286.502445,-286.49537,-286.494426,-286.533599,OCCCC#N,"InChI=1S/C4H7NO/c5-3-1-2-4-6/h6H,1-2,4H2"
gdb_534,14.90738,1.23565,1.20615,2.8209,58.27,-0.248,-0.0188,0.2292,976.3209,0.141084,-271.652242,-271.644564,-271.64362,-271.684489,CCCCC=O,"InChI=1S/C5H10O/c1-2-3-4-5-6/h5H,2-4H2,1H3"
gdb_535,9.17284,1.64437,1.5162,3.6925,54.88,-0.2492,0.034,0.2832,810.6686,0.131133,-287.724713,-287.717322,-287.716377,-287.756983,CCCNC=O,"InChI=1S/C4H9NO/c1-2-3-5-4-6/h4H,2-3H2,1H3,(H,5,6)"
gdb_536,15.46437,1.39898,1.37994,4.1439,51.52,-0.2771,0.0095,0.2866,860.792,0.118294,-307.596472,-307.589259,-307.588314,-307.62831,CCCOC=O,"InChI=1S/C4H8O2/c1-2-3-6-4-5/h4H,2-3H2,1H3"
gdb_537,18.93096,1.35129,1.29188,2.899,51.36,-0.2564,-0.027,0.2294,890.8485,0.11665,-307.567279,-307.559743,-307.558799,-307.599503,CCOCC=O,"InChI=1S/C4H8O2/c1-2-6-4-3-5/h3H,2,4H2,1H3"
gdb_538,18.07094,1.30977,1.28212,2.8428,51.64,-0.2544,-0.0258,0.2285,896.28,0.117214,-307.563525,-307.556074,-307.55513,-307.595647,COCCC=O,"InChI=1S/C4H8O2/c1-6-4-2-3-5/h3H,2,4H2,1H3"
gdb_539,16.56594,1.24175,1.21031,3.2791,51.08,-0.2512,-0.0209,0.2303,920.2045,0.117582,-307.571937,-307.564452,-307.563508,-307.604035,OCCCC=O,"InChI=1S/C4H8O2/c5-3-1-2-4-6/h3,6H,1-2,4H2"
gdb_540,10.82745,1.75781,1.61458,4.0088,48.01,-0.2477,0.0352,0.2828,722.62,0.108023,-323.647099,-323.640154,-323.63921,-323.678439,OCCNC=O,"InChI=1S/C3H7NO2/c5-2-1-4-3-6/h3,5H,1-2H2,(H,4,6)"
gdb_541,10.28968,1.73795,1.57616,3.0286,48.93,-0.27,0.0147,0.2847,745.4967,0.107385,-323.61489,-323.607894,-323.60695,-323.646631,OCCOC=N,"InChI=1S/C3H7NO2/c4-3-6-2-1-5/h3-5H,1-2H2"
gdb_542,7.43799,2.17321,1.82085,3.2052,44.01,-0.281,0.0033,0.2843,648.7955,0.095121,-343.517848,-343.511052,-343.510108,-343.54935,OCCOC=O,"InChI=1S/C3H6O3/c4-1-2-6-3-5/h3-4H,1-2H2"
gdb_543,14.60008,1.12793,1.08923,0.,68.01,-0.3039,0.0917,0.3957,1142.2706,0.188559,-236.917873,-236.909445,-236.908501,-236.950436,CCCCCC,"InChI=1S/C6H14/c1-3-5-6-4-2/h3-6H2,1-2H3"
gdb_544,15.80144,1.13541,1.09517,1.3185,60.77,-0.2614,0.0813,0.3427,1080.8627,0.16513,-272.837907,-272.829692,-272.828748,-272.870294,CCCCCO,"InChI=1S/C5H12O/c1-2-3-4-5-6/h6H,2-5H2,1H3"
gdb_545,16.48602,1.20376,1.16243,1.0198,61.48,-0.2496,0.0912,0.3409,1051.6942,0.164797,-272.83072,-272.822537,-272.821593,-272.863117,CCCCOC,"InChI=1S/C5H12O/c1-3-4-5-6-2/h3-5H2,1-2H3"
gdb_546,15.76768,1.26349,1.21402,0.8667,61.68,-0.2481,0.0928,0.3409,1024.2518,0.164575,-272.836211,-272.828014,-272.82707,-272.868652,CCCOCC,"InChI=1S/C5H12O/c1-3-5-6-4-2/h3-5H2,1-2H3"
gdb_547,8.61403,1.65582,1.48653,2.2344,54.23,-0.2599,0.0832,0.3431,833.3905,0.14179,-308.759185,-308.751559,-308.750615,-308.791113,CCOCCO,"InChI=1S/C4H10O2/c1-2-6-4-3-5/h5H,2-4H2,1H3"
gdb_548,18.03364,1.21229,1.16922,2.365,54.26,-0.2515,0.078,0.3295,991.9169,0.141312,-308.749822,-308.741831,-308.740887,-308.78212,COCCCO,"InChI=1S/C4H10O2/c1-6-4-2-3-5/h5H,2-4H2,1H3"
gdb_549,19.04993,1.28796,1.24432,0.0023,54.79,-0.2512,0.0848,0.336,963.7244,0.141011,-308.741915,-308.733932,-308.732988,-308.774251,COCCOC,"InChI=1S/C4H10O2/c1-5-3-4-6-2/h3-4H2,1-2H3"
gdb_550,17.20216,1.14331,1.10143,0.0002,53.58,-0.2614,0.0773,0.3388,1019.4799,0.141711,-308.757991,-308.749984,-308.74904,-308.79022,OCCCCO,"InChI=1S/C4H10O2/c5-3-1-2-4-6/h5-6H,1-4H2"
gdb_551,9.7394,2.33341,2.0649,0.7819,59.52,-0.2544,0.0501,0.3045,624.2663,0.119752,-233.25376,-233.247695,-233.24675,-233.283102,C#CC1CCC1,"InChI=1S/C6H8/c1-2-6-4-3-5-6/h1,6H,3-5H2"
gdb_552,9.56893,2.53695,2.27029,1.8509,51.95,-0.2535,0.0206,0.274,567.0194,0.095784,-269.170508,-269.164562,-269.163618,-269.200269,C#CC1CCO1,"InChI=1S/C5H6O/c1-2-5-3-4-6-5/h1,5H,3-4H2"
gdb_553,10.17573,2.39853,2.15322,1.2731,51.72,-0.2533,0.0374,0.2907,579.431,0.095926,-269.170061,-269.164157,-269.163213,-269.199558,C#CC1COC1,"InChI=1S/C5H6O/c1-2-5-3-6-4-5/h1,5H,3-4H2"
gdb_554,9.7226,2.37649,2.09674,4.1766,54.24,-0.3085,0.0282,0.3367,599.6434,0.109648,-249.362379,-249.35669,-249.355746,-249.391553,N#CC1CCC1,"InChI=1S/C5H7N/c6-4-5-2-1-3-5/h5H,1-3H2"
gdb_555,8.19482,2.68797,2.48393,3.0536,50.2,-0.2526,0.0144,0.267,538.446,0.098381,-265.398572,-265.392993,-265.392048,-265.427692,N#CC1CCN1,"InChI=1S/C4H6N2/c5-3-4-1-2-6-4/h4,6H,1-2H2"
gdb_556,9.33153,2.61233,2.34471,4.2848,46.71,-0.2807,-0.0024,0.2783,539.6838,0.085545,-285.275928,-285.270351,-285.269407,-285.30544,N#CC1CCO1,"InChI=1S/C4H5NO/c5-3-4-1-2-6-4/h4H,1-2H2"
gdb_557,10.16978,2.44557,2.18948,2.742,46.76,-0.2731,0.0136,0.2867,555.134,0.085731,-285.276468,-285.270937,-285.269993,-285.305789,N#CC1COC1,"InChI=1S/C4H5NO/c5-1-4-2-6-3-4/h4H,2-3H2"
gdb_558,9.64201,2.2122,1.97612,2.8867,54.48,-0.2459,-0.023,0.2229,636.1846,0.119748,-270.431243,-270.425177,-270.424232,-270.46122,O=CC1CCC1,"InChI=1S/C5H8O/c6-4-5-2-1-3-5/h4-5H,1-3H2"
gdb_559,9.75537,2.43167,2.1475,2.8301,46.71,-0.2487,-0.0357,0.2129,575.5626,0.095537,-306.349558,-306.343561,-306.342617,-306.37988,O=CC1CCO1,"InChI=1S/C4H6O2/c5-3-4-1-2-6-4/h3-4H,1-2H2"
gdb_560,9.92569,2.31264,2.09564,1.1864,46.85,-0.2557,-0.0341,0.2215,583.4738,0.095867,-306.347185,-306.341242,-306.340298,-306.377564,O=CC1COC1,"InChI=1S/C4H6O2/c5-1-4-2-6-3-4/h1,4H,2-3H2"
gdb_561,9.72204,2.56437,2.11019,4.2072,52.08,-0.2396,0.0265,0.2661,586.133,0.108991,-286.498779,-286.492684,-286.49174,-286.529456,O=CN1CCC1,"InChI=1S/C4H7NO/c6-4-5-2-1-3-5/h4H,1-3H2"
gdb_562,9.86113,2.62587,2.15831,2.0739,52.85,-0.2475,0.0325,0.28,592.3635,0.108198,-286.484121,-286.477884,-286.47694,-286.514266,CN=C1CCO1,"InChI=1S/C4H7NO/c1-5-4-2-3-6-4/h2-3H2,1H3"
gdb_563,7.95497,2.17512,1.87197,0.0792,63.82,-0.2855,0.0897,0.3752,724.2171,0.16689,-235.696227,-235.689406,-235.688462,-235.726646,CCC1CCC1,"InChI=1S/C6H12/c1-2-6-4-3-5-6/h6H,2-5H2,1H3"
gdb_564,8.13109,2.39776,2.05141,1.6234,56.72,-0.2406,0.087,0.3276,657.946,0.143052,-271.620156,-271.61347,-271.612526,-271.650802,CCC1CCO1,"InChI=1S/C5H10O/c1-2-5-3-4-6-5/h5H,2-4H2,1H3"
gdb_565,8.33933,2.2348,1.94718,1.9413,56.22,-0.2416,0.0778,0.3194,675.7455,0.143134,-271.614305,-271.607578,-271.606634,-271.645328,CCC1COC1,"InChI=1S/C5H10O/c1-2-5-3-6-4-5/h5H,2-4H2,1H3"
gdb_566,8.62281,2.36504,2.02665,1.0403,57.2,-0.2445,0.0871,0.3316,657.4853,0.143075,-271.612772,-271.606218,-271.605273,-271.642958,COC1CCC1,"InChI=1S/C5H10O/c1-6-5-3-2-4-5/h5H,2-4H2,1H3"
gdb_567,9.2142,2.40798,2.08586,2.1966,49.83,-0.247,0.0697,0.3167,615.1353,0.119168,-307.528446,-307.522006,-307.521062,-307.558945,COC1COC1,"InChI=1S/C4H8O2/c1-5-4-2-6-3-4/h4H,2-3H2,1H3"
gdb_568,8.32944,2.22945,1.91437,1.2955,56.81,-0.2613,0.0775,0.3388,673.3675,0.143443,-271.616401,-271.609777,-271.608832,-271.646705,OCC1CCC1,"InChI=1S/C5H10O/c6-4-5-2-1-3-5/h5-6H,1-4H2"
gdb_569,8.09856,2.57394,2.18192,2.5785,49.25,-0.2475,0.0698,0.3174,592.6958,0.120269,-307.541973,-307.535777,-307.534833,-307.572115,OCC1CCO1,"InChI=1S/C4H8O2/c5-3-4-1-2-6-4/h4-5H,1-3H2"
gdb_570,8.4595,2.35385,2.05709,2.2789,49.3,-0.2432,0.0686,0.3118,614.496,0.119781,-307.534482,-307.528025,-307.527081,-307.565064,OCC1COC1,"InChI=1S/C4H8O2/c5-1-4-2-6-3-4/h4-5H,1-3H2"
gdb_571,10.85908,1.95333,1.7863,0.6877,58.69,-0.2584,0.0556,0.314,694.8847,0.118801,-233.249538,-233.243054,-233.24211,-233.279588,C#CCC1CC1,"InChI=1S/C6H8/c1-2-3-6-4-5-6/h1,6H,3-5H2"
gdb_572,12.11067,1.99826,1.83642,1.9719,51.81,-0.2611,0.0484,0.3095,653.8855,0.094784,-269.170665,-269.164427,-269.163483,-269.200589,C#CCC1CO1,"InChI=1S/C5H6O/c1-2-3-5-4-6-5/h1,5H,3-4H2"
gdb_573,7.39757,2.68675,2.36455,0.8803,54.94,-0.239,0.0381,0.2771,568.5035,0.107234,-249.281074,-249.274838,-249.273894,-249.310679,C#CCN1CC1,"InChI=1S/C5H7N/c1-2-3-6-4-5-6/h1H,3-5H2"
gdb_574,10.97625,1.97735,1.8089,4.0027,53.78,-0.3029,0.0346,0.3375,669.5084,0.108659,-249.358446,-249.352356,-249.351412,-249.388285,N#CCC1CC1,"InChI=1S/C5H7N/c6-4-3-5-1-2-5/h5H,1-3H2"
gdb_575,11.47792,2.02229,1.84983,4.3345,50.4,-0.2641,0.0237,0.2878,642.9501,0.097425,-265.396194,-265.390273,-265.389329,-265.425905,N#CCC1CN1,"InChI=1S/C4H6N2/c5-2-1-4-3-6-4/h4,6H,1,3H2"
gdb_576,12.33614,2.01791,1.85819,4.8091,46.97,-0.2893,0.0256,0.3149,629.6714,0.084551,-285.2779,-285.272042,-285.271098,-285.307635,N#CCC1CO1,"InChI=1S/C4H5NO/c5-2-1-4-3-6-4/h4H,1,3H2"
gdb_577,11.77386,2.11484,1.92267,4.358,50.95,-0.2611,0.0199,0.281,625.5614,0.096776,-265.386781,-265.380879,-265.379935,-265.416377,N#CCN1CC1,InChI=1S/C4H6N2/c5-1-2-6-3-4-6/h2-4H2
gdb_578,12.91115,1.97178,1.85558,3.3988,52.29,-0.2588,0.0211,0.2799,666.8787,0.107686,-286.46722,-286.46095,-286.460006,-286.497552,N=COC1CC1,"InChI=1S/C4H7NO/c5-3-6-4-1-2-4/h3-5H,1-2H2"
gdb_579,11.9149,1.76899,1.6621,2.7826,54.2,-0.2458,-0.0201,0.2258,725.196,0.118731,-270.427802,-270.42131,-270.420366,-270.45852,O=CCC1CC1,"InChI=1S/C5H8O/c6-4-3-5-1-2-5/h4-5H,1-3H2"
gdb_580,10.19911,1.95836,1.83171,2.6802,50.56,-0.2489,-0.0268,0.2221,666.334,0.107552,-286.466852,-286.460524,-286.45958,-286.497584,O=CCC1CN1,"InChI=1S/C4H7NO/c6-2-1-4-3-5-4/h2,4-5H,1,3H2"
gdb_581,13.22277,1.83311,1.72507,2.8138,47.21,-0.2535,-0.0285,0.2249,676.0308,0.094736,-306.349032,-306.342772,-306.341828,-306.379643,O=CCC1CO1,"InChI=1S/C4H6O2/c5-2-1-4-3-6-4/h2,4H,1,3H2"
gdb_582,12.0259,1.88839,1.78884,2.6644,50.88,-0.2497,-0.0251,0.2245,677.2239,0.106753,-286.459793,-286.453456,-286.452512,-286.49031,O=CCN1CC1,"InChI=1S/C4H7NO/c6-4-3-5-1-2-5/h4H,1-3H2"
gdb_583,9.03104,2.42288,2.07708,3.5897,50.79,-0.2469,0.0288,0.2757,602.5288,0.108445,-286.498633,-286.492413,-286.491469,-286.528974,O=CNC1CC1,"InChI=1S/C4H7NO/c6-3-5-4-1-2-4/h3-4H,1-2H2,(H,5,6)"
gdb_584,13.07302,1.97457,1.86172,3.9549,47.46,-0.2762,0.0022,0.2785,647.0438,0.09542,-306.370119,-306.364013,-306.363068,-306.400339,O=COC1CC1,"InChI=1S/C4H6O2/c5-3-6-4-1-2-4/h3-4H,1-2H2"
gdb_585,13.64625,1.58265,1.55333,0.1421,63.06,-0.2264,0.0572,0.2837,812.7972,0.118893,-233.262752,-233.255758,-233.254814,-233.294462,CC#CC1CC1,"InChI=1S/C6H8/c1-2-3-6-4-5-6/h6H,4-5H2,1H3"
gdb_586,14.44522,1.59752,1.57509,1.9282,59.57,-0.229,0.0408,0.2698,786.3624,0.107787,-249.301818,-249.294959,-249.294015,-249.334039,CC#CC1CN1,"InChI=1S/C5H7N/c1-2-3-5-4-6-5/h5-6H,4H2,1H3"
gdb_587,15.66421,1.58647,1.56432,2.024,55.68,-0.2473,0.0288,0.276,776.9091,0.094802,-269.180682,-269.17392,-269.172976,-269.212626,CC#CC1CO1,"InChI=1S/C5H6O/c1-2-3-5-4-6-5/h5H,4H2,1H3"
gdb_588,10.46011,1.59727,1.52425,0.1174,64.07,-0.2707,0.0954,0.3661,856.0996,0.166165,-235.693825,-235.686573,-235.685628,-235.724945,CCCC1CC1,"InChI=1S/C6H12/c1-2-3-6-4-5-6/h6H,2-5H2,1H3"
gdb_589,11.41382,1.64753,1.57691,1.6966,57.14,-0.2621,0.0961,0.3582,804.8416,0.142296,-271.616723,-271.60974,-271.608796,-271.64766,CCCC1CO1,"InChI=1S/C5H10O/c1-2-3-5-4-6-5/h5H,2-4H2,1H3"
gdb_590,11.0212,1.70786,1.62134,1.0196,61.14,-0.2296,0.0931,0.3227,802.0898,0.154458,-251.727632,-251.720578,-251.719634,-251.758499,CCCN1CC1,"InChI=1S/C5H11N/c1-2-3-6-4-5-6/h2-5H2,1H3"
gdb_591,10.98354,1.8194,1.73248,0.9952,57.69,-0.2424,0.0952,0.3376,757.9582,0.14199,-271.611192,-271.60423,-271.603286,-271.641993,CCOC1CC1,"InChI=1S/C5H10O/c1-2-6-5-3-4-5/h5H,2-4H2,1H3"
gdb_592,11.38234,1.74877,1.65851,0.9417,57.75,-0.2495,0.0923,0.3419,774.9385,0.142346,-271.606364,-271.599345,-271.598401,-271.637363,COCC1CC1,"InChI=1S/C5H10O/c1-6-4-5-2-3-5/h5H,2-4H2,1H3"
gdb_593,11.96296,1.78051,1.69355,2.561,54.33,-0.2447,0.0781,0.3228,746.2516,0.1312,-287.645651,-287.638806,-287.637862,-287.676543,COCC1CN1,"InChI=1S/C4H9NO/c1-6-3-4-2-5-4/h4-5H,2-3H2,1H3"
gdb_594,12.94847,1.75438,1.68147,2.483,50.75,-0.2579,0.0832,0.3412,738.5038,0.118336,-307.526911,-307.520151,-307.519207,-307.557716,COCC1CO1,"InChI=1S/C4H8O2/c1-5-2-4-3-6-4/h4H,2-3H2,1H3"
gdb_595,11.05396,1.62236,1.54412,1.392,56.79,-0.2617,0.0807,0.3424,799.4573,0.142775,-271.61389,-271.606856,-271.605911,-271.644826,OCCC1CC1,"InChI=1S/C5H10O/c6-4-3-5-1-2-5/h5-6H,1-4H2"
gdb_596,12.16882,1.6735,1.59554,1.0902,49.89,-0.2659,0.0771,0.343,749.2911,0.118831,-307.536544,-307.529757,-307.528812,-307.567353,OCCC1CO1,"InChI=1S/C4H8O2/c5-2-1-4-3-6-4/h4-5H,1-3H2"
gdb_597,8.50794,2.06188,2.01331,2.7069,54.01,-0.2447,0.0883,0.333,666.2034,0.131706,-287.651399,-287.644917,-287.643972,-287.681656,OCCN1CC1,"InChI=1S/C4H9NO/c6-4-3-5-1-2-5/h6H,1-4H2"
gdb_598,6.06795,2.83481,2.21906,0.8753,59.69,-0.24,0.0508,0.2907,602.7793,0.118547,-233.255379,-233.248816,-233.247872,-233.285091,CC1CC1C#C,"InChI=1S/C6H8/c1-3-6-4-5(6)2/h1,5-6H,4H2,2H3"
gdb_599,6.09231,2.90988,2.26761,4.1979,54.41,-0.2867,0.0307,0.3174,577.6433,0.108412,-249.363949,-249.35778,-249.356836,-249.393472,CC1CC1C#N,"InChI=1S/C5H7N/c1-4-2-5(4)3-6/h4-5H,2H2,1H3"
gdb_600,6.43371,2.81399,2.21821,1.6946,56.27,-0.2454,0.0378,0.2832,588.8624,0.107167,-249.294409,-249.287993,-249.287049,-249.324064,CC1NC1C#C,"InChI=1S/C5H7N/c1-3-5-4(2)6-5/h1,4-6H,2H3"
gdb_601,6.46428,2.88269,2.26314,4.7574,51.08,-0.2776,0.016,0.2936,564.4965,0.09686,-265.401151,-265.395097,-265.394153,-265.430631,CC1NC1C#N,"InChI=1S/C4H6N2/c1-3-4(2-5)6-3/h3-4,6H,1H3"
gdb_602,6.69318,2.83589,2.25456,1.7653,52.44,-0.2601,0.0209,0.281,570.9634,0.094333,-269.176979,-269.170664,-269.16972,-269.206571,CC1OC1C#C,"InChI=1S/C5H6O/c1-3-5-4(2)6-5/h1,4-5H,2H3"
gdb_603,6.69577,2.91901,2.30451,3.7031,47.35,-0.2985,-0.0034,0.2951,546.1016,0.083973,-285.281493,-285.275526,-285.274582,-285.310917,CC1OC1C#N,"InChI=1S/C4H5NO/c1-3-4(2-5)6-3/h3-4H,1H3"
gdb_604,6.6252,2.92578,2.32381,0.9125,56.55,-0.2293,0.0338,0.2631,568.893,0.106781,-249.285024,-249.278639,-249.277695,-249.314555,CN1CC1C#C,"InChI=1S/C5H7N/c1-3-5-4-6(5)2/h1,5H,4H2,2H3"
gdb_605,6.63385,3.00975,2.37975,3.0219,51.35,-0.2579,0.0112,0.2692,543.9463,0.096563,-265.391486,-265.38548,-265.384535,-265.420818,CN1CC1C#N,"InChI=1S/C4H6N2/c1-6-3-4(6)2-5/h4H,3H2,1H3"
gdb_606,6.3441,3.06012,2.36016,1.2269,52.51,-0.2506,0.0359,0.2864,545.6297,0.094612,-269.177232,-269.17084,-269.169895,-269.206904,OC1CC1C#C,"InChI=1S/C5H6O/c1-2-4-3-5(4)6/h1,4-6H,3H2"
gdb_607,6.56461,2.98095,2.34689,4.0674,47.52,-0.278,0.0249,0.3029,534.1305,0.08473,-285.284456,-285.2786,-285.277655,-285.313705,OC1CC1C#N,"InChI=1S/C4H5NO/c5-2-3-1-4(3)6/h3-4,6H,1H2"
gdb_608,6.66589,2.4248,2.01739,3.3091,55.07,-0.2446,-0.0158,0.2288,637.5147,0.118807,-270.434394,-270.427936,-270.426992,-270.464394,CC1CC1C=O,"InChI=1S/C5H8O/c1-4-2-5(4)3-6/h3-5H,2H2,1H3"
gdb_609,6.88653,2.7336,2.31906,3.6028,51.56,-0.2505,0.0039,0.2544,574.3964,0.10755,-286.48657,-286.480311,-286.479366,-286.516357,CC1CN1C=O,"InChI=1S/C4H7NO/c1-4-2-5(4)3-6/h3-4H,2H2,1H3"
gdb_610,6.92044,2.46124,2.05055,3.196,51.36,-0.2482,-0.0262,0.222,616.9206,0.107279,-286.474509,-286.468144,-286.4672,-286.50452,CC1NC1C=O,"InChI=1S/C4H7NO/c1-3-4(2-6)5-3/h2-5H,1H3"
gdb_611,5.82523,3.24687,2.56193,3.1275,47.64,-0.2601,-0.0431,0.2169,529.1334,0.094493,-306.353871,-306.347682,-306.346738,-306.383531,CC1OC1C=O,"InChI=1S/C4H6O2/c1-3-4(2-5)6-3/h2-4H,1H3"
gdb_612,5.71808,3.36103,2.64621,1.4054,51.92,-0.2353,-0.0384,0.1969,527.941,0.107142,-286.46347,-286.45723,-286.456285,-286.493035,CN1CC1C=O,"InChI=1S/C4H7NO/c1-5-2-4(5)3-6/h3-4H,2H2,1H3"
gdb_613,7.11842,2.52096,2.1016,4.3878,47.84,-0.2437,-0.0148,0.2289,586.8932,0.095101,-306.355655,-306.349478,-306.348534,-306.385395,OC1CC1C=O,"InChI=1S/C4H6O2/c5-2-3-1-4(3)6/h2-4,6H,1H2"
gdb_614,6.93163,2.19523,1.89616,1.3825,57.04,-0.2572,0.0794,0.3366,693.1326,0.142338,-271.614051,-271.606889,-271.605945,-271.644868,CC1CC1CO,"InChI=1S/C5H10O/c1-4-2-5(4)3-6/h4-6H,2-3H2,1H3"
gdb_615,7.16614,2.26831,2.01306,2.3104,53.26,-0.2467,0.072,0.3186,656.974,0.131723,-287.660591,-287.653782,-287.652837,-287.691203,CC1NC1CO,"InChI=1S/C4H9NO/c1-3-4(2-6)5-3/h3-6H,2H2,1H3"
gdb_616,7.62733,2.2553,2.01567,2.0793,49.75,-0.2622,0.0801,0.3423,644.5398,0.118625,-307.54321,-307.53641,-307.535466,-307.573837,CC1OC1CO,"InChI=1S/C4H8O2/c1-3-4(2-5)6-3/h3-5H,2H2,1H3"
gdb_617,6.69746,2.14548,1.86009,0.117,64.01,-0.263,0.094,0.357,743.8195,0.165775,-235.694798,-235.687424,-235.686479,-235.72575,CCC1CC1C,"InChI=1S/C6H12/c1-3-6-4-5(6)2/h5-6H,3-4H2,1-2H3"
gdb_618,6.86289,2.25726,1.95048,1.2983,56.83,-0.2517,0.0822,0.3338,686.1164,0.142271,-271.617434,-271.610415,-271.609471,-271.647992,CCC1CC1O,"InChI=1S/C5H10O/c1-2-4-3-5(4)6/h4-6H,2-3H2,1H3"
gdb_619,5.66502,2.6546,2.10535,1.2559,60.65,-0.22,0.0865,0.3065,665.4811,0.154112,-251.726162,-251.719021,-251.718077,-251.756782,CCC1CN1C,"InChI=1S/C5H11N/c1-3-5-4-6(5)2/h5H,3-4H2,1-2H3"
gdb_620,7.38907,2.19903,1.96031,1.7551,57.13,-0.2567,0.0971,0.3538,697.2201,0.141773,-271.622821,-271.615682,-271.614738,-271.653657,CCC1OC1C,"InChI=1S/C5H10O/c1-3-5-4(2)6-5/h4-5H,3H2,1-2H3"
gdb_621,7.05136,2.30446,1.97525,1.1836,61.07,-0.2199,0.0929,0.3128,698.3614,0.153906,-251.729571,-251.722367,-251.721423,-251.760315,CCN1CC1C,"InChI=1S/C5H11N/c1-3-6-4-5(6)2/h5H,3-4H2,1-2H3"
gdb_622,7.39312,2.28821,1.96985,2.1379,53.82,-0.2232,0.0695,0.2927,657.2536,0.130565,-287.644079,-287.637059,-287.636114,-287.674798,CN1CC1CO,"InChI=1S/C4H9NO/c1-5-2-4(5)3-6/h4,6H,2-3H2,1H3"
gdb_623,6.71147,2.48794,2.11039,0.9946,57.42,-0.2416,0.093,0.3346,657.4178,0.141831,-271.608843,-271.601738,-271.600794,-271.639467,COC1CC1C,"InChI=1S/C5H10O/c1-4-3-5(4)6-2/h4-5H,3H2,1-2H3"
gdb_624,5.89878,3.01749,2.33352,1.6821,49.79,-0.2289,0.0739,0.3028,577.6746,0.118463,-307.529289,-307.52268,-307.521736,-307.559352,COC1CC1O,"InChI=1S/C4H8O2/c1-6-4-2-3(4)5/h3-5H,2H2,1H3"
gdb_625,7.09242,2.32143,1.99737,1.0353,49.8,-0.25,0.079,0.329,634.7594,0.11882,-307.536915,-307.530074,-307.52913,-307.567447,OCC1CC1O,"InChI=1S/C4H8O2/c5-2-3-1-4(3)6/h3-6H,1-2H2"
gdb_626,7.20671,2.61755,2.28942,2.6757,54.41,-0.2425,-0.0086,0.2339,601.0355,0.118794,-270.446608,-270.440064,-270.43912,-270.476956,CC(=O)C1CC1,"InChI=1S/C5H8O/c1-4(6)5-2-3-5/h5H,2-3H2,1H3"
gdb_627,7.41334,2.70699,2.32818,2.4621,50.98,-0.257,-0.0237,0.2334,575.1919,0.107728,-286.486509,-286.480161,-286.479216,-286.51658,CC(=O)C1CN1,"InChI=1S/C4H7NO/c1-3(6)4-2-5-4/h4-5H,2H2,1H3"
gdb_628,6.85154,2.84394,2.33507,2.0825,46.79,-0.251,-0.027,0.224,553.6096,0.094448,-306.361448,-306.355078,-306.354134,-306.391783,CC(=O)C1CO1,"InChI=1S/C4H6O2/c1-3(5)4-2-6-4/h4H,2H2,1H3"
gdb_629,6.6552,3.12376,2.30532,3.0813,51.15,-0.2455,0.0075,0.253,562.6793,0.107159,-286.492357,-286.485815,-286.484871,-286.52312,CC(=O)N1CC1,"InChI=1S/C4H7NO/c1-4(6)5-2-3-5/h2-3H2,1H3"
gdb_630,7.46591,2.71457,2.35807,3.4477,50.64,-0.2454,0.033,0.2784,567.2524,0.10842,-286.517424,-286.510949,-286.510005,-286.547621,NC(=O)C1CC1,"InChI=1S/C4H7NO/c5-4(6)3-1-2-3/h3H,1-2H2,(H2,5,6)"
gdb_631,7.71528,2.80429,2.40124,3.5751,47.16,-0.2521,0.0176,0.2697,541.7218,0.097486,-302.557878,-302.551643,-302.550699,-302.587728,NC(=O)C1CN1,"InChI=1S/C3H6N2O/c4-3(6)2-1-5-2/h2,5H,1H2,(H2,4,6)"
gdb_632,7.51963,2.90459,2.40633,2.4867,42.9,-0.2507,0.012,0.2627,523.6706,0.084825,-322.435505,-322.429655,-322.42871,-322.464827,NC(=O)C1CO1,"InChI=1S/C3H5NO2/c4-3(5)2-1-6-2/h2H,1H2,(H2,4,5)"
gdb_633,7.06864,3.21566,2.41699,3.0016,47.01,-0.2459,0.0373,0.2831,527.9789,0.097247,-302.558699,-302.552674,-302.55173,-302.588453,NC(=O)N1CC1,"InChI=1S/C3H6N2O/c4-3(6)5-1-2-5/h1-2H2,(H2,4,6)"
gdb_634,5.6833,2.57368,1.96324,0.0271,63.63,-0.2725,0.0939,0.3665,699.4861,0.165637,-235.695309,-235.68805,-235.687106,-235.725942,CC(C)C1CC1,"InChI=1S/C6H12/c1-5(2)6-3-4-6/h5-6H,3-4H2,1-2H3"
gdb_635,5.81881,2.78085,2.29593,1.7161,56.23,-0.2618,0.0883,0.3501,620.6879,0.142058,-271.61643,-271.609509,-271.608565,-271.646826,CC(C)C1CO1,"InChI=1S/C5H10O/c1-4(2)5-3-6-5/h4-5H,3H2,1-2H3"
gdb_636,5.80625,2.85249,2.11206,1.0303,60.85,-0.2299,0.0898,0.3196,650.5166,0.153893,-251.731545,-251.724533,-251.723589,-251.761786,CC(C)N1CC1,"InChI=1S/C5H11N/c1-5(2)6-3-4-6/h5H,3-4H2,1-2H3"
gdb_637,6.01713,2.59419,2.00512,1.5102,56.58,-0.2585,0.0791,0.3376,658.5353,0.142089,-271.619912,-271.612845,-271.611901,-271.650485,CC(O)C1CC1,"InChI=1S/C5H10O/c1-4(6)5-2-3-5/h4-6H,2-3H2,1H3"
gdb_638,6.30735,2.76922,2.37269,2.731,52.97,-0.2355,0.0627,0.2983,593.3138,0.13137,-287.661454,-287.654667,-287.653723,-287.691623,CC(O)C1CN1,"InChI=1S/C4H9NO/c1-3(6)4-2-5-4/h3-6H,2H2,1H3"
gdb_639,6.45091,2.82383,2.41929,1.5413,49.27,-0.265,0.0859,0.351,573.6363,0.118887,-307.545457,-307.539022,-307.538078,-307.57526,CC(O)C1CO1,"InChI=1S/C4H8O2/c1-3(5)4-2-6-4/h3-5H,2H2,1H3"
gdb_640,7.19567,2.94512,2.66214,0.1291,60.62,-0.2618,0.0944,0.3562,568.3062,0.143903,-234.472577,-234.4667,-234.465756,-234.50179,C1CC11CCC1,InChI=1S/C6H10/c1-2-6(3-1)4-5-6/h1-5H2
gdb_641,7.74808,3.11668,2.80799,1.6374,53.44,-0.224,0.0811,0.3051,524.6466,0.119866,-270.394284,-270.388609,-270.387665,-270.423475,C1CC11CCO1,InChI=1S/C5H8O/c1-2-5(1)3-4-6-5/h1-4H2
gdb_642,7.87479,2.95258,2.68219,1.8251,53.32,-0.241,0.0696,0.3106,534.4491,0.120166,-270.389803,-270.384161,-270.383217,-270.418893,C1CC11COC1,InChI=1S/C5H8O/c1-2-5(1)3-6-4-5/h1-4H2
gdb_643,8.1915,3.01004,2.71509,1.9279,49.82,-0.2449,0.0588,0.3037,513.7183,0.108945,-286.43116,-286.425701,-286.424756,-286.460065,C1NC11COC1,"InChI=1S/C4H7NO/c1-4(5-1)2-6-3-4/h5H,1-3H2"
gdb_644,7.69236,3.03473,2.71562,1.8101,53.28,-0.2579,0.0764,0.3343,531.2446,0.120036,-270.399529,-270.393975,-270.393031,-270.428396,C1OC11CCC1,InChI=1S/C5H8O/c1-2-5(3-1)4-6-5/h1-4H2
gdb_645,8.47292,3.05155,2.7368,1.7363,46.16,-0.2554,0.0656,0.3209,497.7555,0.096163,-306.313924,-306.308576,-306.307632,-306.342736,C1OC11COC1,InChI=1S/C4H6O2/c1-4(2-5-1)3-6-4/h1-3H2
gdb_646,5.83369,4.67863,4.29188,0.1535,56.94,-0.2223,0.0181,0.2404,430.2843,0.122474,-233.260156,-233.255731,-233.254787,-233.287494,C1C2CC1C=C2,"InChI=1S/C6H8/c1-2-6-3-5(1)4-6/h1-2,5-6H,3-4H2"
gdb_647,6.23406,4.83811,4.45696,1.7949,49.13,-0.2346,0.0008,0.2354,397.1306,0.098138,-269.175627,-269.171364,-269.17042,-269.20288,C1C2OC1C=C2,"InChI=1S/C5H6O/c1-2-5-3-4(1)6-5/h1-2,4-5H,3H2"
gdb_648,5.27135,4.42599,3.97117,0.047,59.48,-0.2957,0.0922,0.3879,471.6447,0.146796,-234.491176,-234.486445,-234.485501,-234.518869,C1C2CC1CC2,"InChI=1S/C6H10/c1-2-6-3-5(1)4-6/h5-6H,1-4H2"
gdb_649,5.60754,4.61367,4.23469,1.6503,52.41,-0.2355,0.0984,0.3339,432.4575,0.122543,-270.407057,-270.402557,-270.401612,-270.434586,C1C2CC1OC2,"InChI=1S/C5H8O/c1-4-2-5(1)6-3-4/h4-5H,1-3H2"
gdb_650,5.58407,4.58758,4.13652,1.6655,52.01,-0.2427,0.0923,0.335,437.149,0.122563,-270.411205,-270.406628,-270.405684,-270.438825,C1C2CCC1O2,"InChI=1S/C5H8O/c1-2-5-3-4(1)6-5/h4-5H,1-3H2"
gdb_651,6.86385,3.29296,3.06483,0.1283,60.85,-0.2892,0.1047,0.3939,531.2527,0.144734,-234.447743,-234.442324,-234.44138,-234.476188,CC1C2CC1C2,"InChI=1S/C6H10/c1-4-5-2-6(4)3-5/h4-6H,2-3H2,1H3"
gdb_652,7.23422,3.33967,3.08029,1.993,53.28,-0.2338,0.0894,0.3232,501.501,0.120022,-270.359564,-270.354228,-270.353283,-270.387995,CC1C2CC1O2,"InChI=1S/C5H8O/c1-3-4-2-5(3)6-4/h3-5H,2H2,1H3"
gdb_653,7.03621,3.45239,3.19279,1.4563,53.19,-0.2526,0.0751,0.3278,484.8841,0.121175,-270.375081,-270.369961,-270.369017,-270.403214,OC1C2CC1C2,"InChI=1S/C5H8O/c6-5-3-1-4(5)2-3/h3-6H,1-2H2"
gdb_654,7.4502,3.53716,3.25337,1.8437,46.16,-0.2388,0.0631,0.3019,452.7784,0.096525,-306.286325,-306.281284,-306.28034,-306.314443,OC1C2CC1O2,"InChI=1S/C4H6O2/c5-4-2-1-3(4)6-2/h2-5H,1H2"
gdb_655,5.08056,4.85085,2.70226,1.1836,54.57,-0.2427,0.0243,0.2671,504.8171,0.12179,-270.435807,-270.430526,-270.429581,-270.46427,C1CC=CCO1,"InChI=1S/C5H8O/c1-2-4-6-5-3-1/h1-2H,3-5H2"
gdb_656,4.72529,4.53743,2.54778,0.2447,61.37,-0.2343,0.0337,0.268,552.2096,0.145885,-234.520624,-234.515101,-234.514157,-234.549276,C1CCC=CC1,"InChI=1S/C6H10/c1-2-4-6-5-3-1/h1-2H,3-6H2"
gdb_657,5.24143,5.03103,2.79755,2.2186,49.97,-0.2453,0.0278,0.2732,479.7591,0.111001,-286.504546,-286.49943,-286.498486,-286.532964,C1COC=NC1,"InChI=1S/C4H7NO/c1-2-5-4-6-3-1/h4H,1-3H2"
gdb_658,4.29007,4.28816,2.44709,0.,62.98,-0.2913,0.087,0.3783,593.5711,0.169722,-235.729507,-235.723729,-235.722785,-235.758349,C1CCCCC1,InChI=1S/C6H12/c1-2-4-6-5-3-1/h1-6H2
gdb_659,4.66273,4.48592,2.58971,1.3202,56.25,-0.2429,0.0894,0.3324,545.362,0.146029,-271.646263,-271.640803,-271.639858,-271.67485,C1CCOCC1,InChI=1S/C5H10O/c1-2-4-6-5-3-1/h1-5H2
gdb_660,5.07767,4.68874,2.73815,0.,49.61,-0.2351,0.0954,0.3304,498.9247,0.122092,-307.560718,-307.555511,-307.554567,-307.589116,C1COCCO1,InChI=1S/C4H8O2/c1-2-6-4-3-5-1/h1-4H2
gdb_661,4.99775,4.8056,2.7505,1.8428,49.04,-0.2601,0.0912,0.3513,497.6429,0.122388,-307.568767,-307.563615,-307.562671,-307.597128,C1COCOC1,InChI=1S/C4H8O2/c1-2-5-4-6-3-1/h1-4H2
gdb_662,6.13317,3.90634,3.01538,0.1319,59.31,-0.2634,0.0842,0.3476,515.3423,0.144832,-234.470922,-234.465379,-234.464435,-234.500807,C1CC2CCC12,"InChI=1S/C6H10/c1-2-6-4-3-5(1)6/h5-6H,1-4H2"
gdb_663,6.56573,4.1169,3.18137,1.7554,52.42,-0.2393,0.0766,0.3159,472.7184,0.121217,-270.393737,-270.3886,-270.387656,-270.422285,C1CC2OCC12,"InChI=1S/C5H8O/c1-2-5-4(1)3-6-5/h4-5H,1-3H2"
gdb_664,7.05665,4.31839,3.33279,1.2594,45.53,-0.2484,0.0584,0.3068,432.6079,0.097397,-306.313133,-306.30834,-306.307396,-306.341231,C1OC2COC12,"InChI=1S/C4H6O2/c1-3-4(5-1)2-6-3/h3-4H,1-2H2"
gdb_665,5.91086,3.28043,3.20017,0.1799,59.83,-0.2481,0.0932,0.3413,534.5684,0.144219,-234.469383,-234.46358,-234.462636,-234.498209,CC1C2CCC12,"InChI=1S/C6H10/c1-4-5-2-3-6(4)5/h4-6H,2-3H2,1H3"
gdb_666,6.35478,3.46444,3.31917,1.6332,52.65,-0.2325,0.0823,0.3148,493.3705,0.120159,-270.384937,-270.379379,-270.378435,-270.413623,CC1C2COC12,"InChI=1S/C5H8O/c1-3-4-2-6-5(3)4/h3-5H,2H2,1H3"
gdb_667,6.04615,3.50039,3.42472,1.3959,52.57,-0.2452,0.0769,0.3221,485.374,0.120797,-270.394458,-270.388966,-270.388022,-270.422979,OC1C2CCC12,"InChI=1S/C5H8O/c6-5-3-1-2-4(3)5/h3-6H,1-2H2"
gdb_668,6.48448,3.75961,3.55888,1.6786,45.07,-0.2374,0.0597,0.2971,442.4333,0.096937,-306.308471,-306.30339,-306.302446,-306.33666,OC1C2COC12,"InChI=1S/C4H6O2/c5-3-2-1-6-4(2)3/h2-5H,1H2"
gdb_669,6.33505,4.50061,3.19825,0.2073,57.35,-0.2245,0.0251,0.2495,467.6418,0.122084,-233.293627,-233.288816,-233.287872,-233.321386,C1C2CC=CC12,"InChI=1S/C6H8/c1-2-5-4-6(5)3-1/h1-2,5-6H,3-4H2"
gdb_670,7.07853,5.03226,3.55918,1.5227,45.26,-0.2458,0.015,0.2608,400.9456,0.086946,-285.279992,-285.275658,-285.274714,-285.307405,C1C2OC=NC12,"InChI=1S/C4H5NO/c1-3-4(1)6-2-5-3/h2-4H,1H2"
gdb_671,6.50302,4.64374,3.2459,1.4999,53.83,-0.2299,0.0171,0.247,448.9341,0.11066,-249.332005,-249.32733,-249.326385,-249.359675,C1C=CC2NC12,"InChI=1S/C5H7N/c1-2-4-5(3-1)6-4/h1-2,4-6H,3H2"
gdb_672,6.57145,4.78438,3.30569,1.8478,49.74,-0.2454,0.0022,0.2477,431.9465,0.097836,-269.215705,-269.211119,-269.210174,-269.243333,C1C=CC2OC12,"InChI=1S/C5H6O/c1-2-4-5(3-1)6-4/h1-2,4-5H,3H2"
gdb_673,5.54659,4.21741,3.10185,0.1741,59.15,-0.2611,0.0913,0.3524,507.8818,0.146218,-234.503085,-234.497918,-234.496974,-234.531247,C1C2CCCC12,"InChI=1S/C6H10/c1-2-5-4-6(5)3-1/h5-6H,1-4H2"
gdb_674,5.9367,4.46406,3.25447,1.3987,51.92,-0.2271,0.0914,0.3186,466.8514,0.121999,-270.417842,-270.412868,-270.411924,-270.445903,C1C2CCOC12,"InChI=1S/C5H8O/c1-2-6-5-3-4(1)5/h4-5H,1-3H2"
gdb_675,6.05816,4.41757,3.28824,1.5611,52.46,-0.2482,0.0925,0.3407,464.1143,0.122247,-270.422403,-270.417487,-270.416543,-270.450398,C1C2COCC12,"InChI=1S/C5H8O/c1-4-2-6-3-5(1)4/h4-5H,1-3H2"
gdb_676,6.42281,4.72462,3.44212,1.059,44.8,-0.2313,0.0896,0.3209,425.5561,0.097684,-306.33485,-306.330075,-306.329131,-306.362777,C1C2OCOC12,"InChI=1S/C4H6O2/c1-3-4(1)6-2-5-3/h3-4H,1-2H2"
gdb_677,5.709,4.53256,3.23119,1.8302,52.03,-0.2561,0.0972,0.3533,469.3823,0.12194,-270.430832,-270.425853,-270.424909,-270.458919,C1CC2OC2C1,"InChI=1S/C5H8O/c1-2-4-5(3-1)6-4/h4-5H,1-3H2"
gdb_678,6.23318,4.54157,3.29214,2.8893,49.31,-0.2391,0.0757,0.3149,447.8562,0.110626,-286.460642,-286.455788,-286.454844,-286.48866,C1OCC2NC12,"InChI=1S/C4H7NO/c1-3-4(5-3)2-6-1/h3-5H,1-2H2"
gdb_679,6.30588,4.67992,3.35105,2.2543,45.53,-0.2557,0.0964,0.3521,430.9118,0.097778,-306.344083,-306.33932,-306.338376,-306.372064,C1OCC2OC12,"InChI=1S/C4H6O2/c1-3-4(6-3)2-5-1/h3-4H,1-2H2"
gdb_680,8.93185,3.58847,2.97765,2.6904,47.76,-0.2622,0.0182,0.2804,453.9067,0.085607,-285.255563,-285.250809,-285.249865,-285.283461,N=C1OC2CC12,"InChI=1S/C4H5NO/c5-4-2-1-3(2)6-4/h2-3,5H,1H2"
gdb_681,7.92922,3.48635,2.82936,3.2426,50.48,-0.2407,-0.0079,0.2329,478.8605,0.097002,-269.221561,-269.216562,-269.215618,-269.249768,O=C1CC2CC12,"InChI=1S/C5H6O/c6-5-2-3-1-4(3)5/h3-4H,1-2H2"
gdb_682,7.87898,3.80242,3.00635,3.8131,46.41,-0.25,-0.0123,0.2378,448.6348,0.085415,-285.267165,-285.2623,-285.261356,-285.29523,O=C1CC2CN12,"InChI=1S/C4H5NO/c6-4-1-3-2-5(3)4/h3H,1-2H2"
gdb_683,8.20591,3.53643,2.86085,3.691,46.97,-0.2405,-0.0181,0.2224,461.278,0.085259,-285.253877,-285.248957,-285.248013,-285.282045,O=C1CC2NC12,"InChI=1S/C4H5NO/c6-3-1-2-4(3)5-2/h2,4-5H,1H2"
gdb_684,8.31088,3.61027,2.9094,2.7712,43.08,-0.2489,-0.031,0.2179,444.2643,0.072489,-305.134491,-305.129673,-305.128729,-305.162619,O=C1CC2OC12,"InChI=1S/C4H4O2/c5-2-1-3-4(2)6-3/h3-4H,1H2"
gdb_685,8.52805,3.52052,2.89772,2.1794,47.14,-0.2495,-0.0245,0.225,458.1637,0.085331,-285.25588,-285.251056,-285.250112,-285.28391,O=C1CN2CC12,"InChI=1S/C4H5NO/c6-4-2-5-1-3(4)5/h3H,1-2H2"
gdb_686,8.48055,3.58211,2.96781,3.7175,46.67,-0.2475,0.0085,0.2561,453.1664,0.086125,-285.279236,-285.27448,-285.273536,-285.307131,O=C1NC2CC12,"InChI=1S/C4H5NO/c6-4-2-1-3(2)5-4/h2-3H,1H2,(H,5,6)"
gdb_687,9.08323,3.62121,3.02005,4.1654,42.62,-0.2803,-0.0009,0.2794,436.863,0.073601,-305.159206,-305.154609,-305.153665,-305.187032,O=C1OC2CC12,"InChI=1S/C4H4O2/c5-4-2-1-3(2)6-4/h2-3H,1H2"
gdb_688,6.26967,3.38781,2.82139,0.2782,59.74,-0.2504,0.0931,0.3435,545.883,0.143977,-234.470813,-234.465,-234.464056,-234.49964,CC1CC2CC12,"InChI=1S/C6H10/c1-4-2-5-3-6(4)5/h4-6H,2-3H2,1H3"
gdb_689,6.51241,3.58887,2.9665,1.8181,52.62,-0.2504,0.0893,0.3397,504.2055,0.119783,-270.394309,-270.388733,-270.387789,-270.422993,CC1CC2OC12,"InChI=1S/C5H8O/c1-3-2-4-5(3)6-4/h3-5H,2H2,1H3"
gdb_690,6.83781,3.52199,3.0011,1.6252,52.69,-0.2317,0.0887,0.3204,503.2217,0.11981,-270.389386,-270.383858,-270.382914,-270.417957,CC1OC2CC12,"InChI=1S/C5H8O/c1-3-4-2-5(4)6-3/h3-5H,2H2,1H3"
gdb_691,6.44379,3.58724,2.94944,1.4055,52.75,-0.25,0.0768,0.3269,499.0357,0.12054,-270.396464,-270.390923,-270.389979,-270.425102,OC1CC2CC12,"InChI=1S/C5H8O/c6-5-2-3-1-4(3)5/h3-6H,1-2H2"
gdb_692,6.47529,3.78861,3.09072,2.6703,49.06,-0.2377,0.0756,0.3133,471.5514,0.109636,-286.438448,-286.433283,-286.432339,-286.466745,OC1CC2NC12,"InChI=1S/C4H7NO/c6-3-1-2-4(3)5-2/h2-6H,1H2"
gdb_693,6.64811,3.82504,3.12955,1.9201,45.31,-0.2521,0.0773,0.3294,456.2711,0.096669,-306.320451,-306.315325,-306.31438,-306.348781,OC1CC2OC12,"InChI=1S/C4H6O2/c5-2-1-3-4(2)6-3/h2-5H,1H2"
gdb_694,6.88853,3.57139,3.00581,1.7907,49.2,-0.235,0.0621,0.2971,480.0539,0.108991,-286.432515,-286.427104,-286.426159,-286.461069,OC1CN2CC12,"InChI=1S/C4H7NO/c6-4-2-5-1-3(4)5/h3-4,6H,1-2H2"
gdb_695,8.06963,4.05535,4.05535,0.,57.31,-0.2893,0.1064,0.3958,432.3178,0.121716,-233.217482,-233.213109,-233.212165,-233.244779,C1C2C3CC2C13,"InChI=1S/C6H8/c1-3-5-2-6(3)4(1)5/h3-6H,1-2H2"
gdb_696,8.31313,4.25097,4.22223,1.6815,53.69,-0.2293,0.0946,0.324,410.3314,0.109902,-249.24868,-249.244386,-249.243442,-249.275913,C1C2C3CN2C13,"InChI=1S/C5H7N/c1-4-3-2-6(4)5(1)3/h3-5H,1-2H2"
gdb_697,8.56689,4.1967,4.11734,1.8496,49.26,-0.2321,0.0778,0.3099,399.7024,0.097292,-269.12958,-269.125375,-269.124431,-269.156785,C1C2C3OC2C13,"InChI=1S/C5H6O/c1-2-4-3(1)5(2)6-4/h2-5H,1H2"
gdb_698,8.63601,4.17475,4.17436,1.5668,49.54,-0.2251,0.0625,0.2876,396.1319,0.09889,-265.283843,-265.279706,-265.278762,-265.310999,N1C2C3NC2C13,InChI=1S/C4H6N2/c5-1-2-4(5)3(1)6-2/h1-6H
gdb_699,8.8663,4.23287,4.1998,1.4437,45.55,-0.2396,0.0534,0.2929,381.938,0.085719,-285.160699,-285.156611,-285.155667,-285.187831,N1C2C3OC2C13,InChI=1S/C4H5NO/c5-1-3-2(5)4(1)6-3/h1-5H
gdb_700,9.10592,4.2604,4.2604,0.,41.73,-0.2495,0.0447,0.2942,367.7712,0.072528,-305.036659,-305.032628,-305.031683,-305.063763,O1C2C3OC2C13,InChI=1S/C4H4O2/c5-1-2-4(5)3(1)6-2/h1-4H
gdb_701,9.20498,2.24291,2.01331,0.,60.97,-0.2473,0.0925,0.3399,665.6195,0.143702,-234.469389,-234.463258,-234.462314,-234.499031,C1CC1C1CC1,"InChI=1S/C6H10/c1-2-5(1)6-3-4-6/h5-6H,1-4H2"
gdb_702,10.07023,2.28283,2.06299,1.8416,53.86,-0.2596,0.0938,0.3534,624.9793,0.119787,-270.392715,-270.386836,-270.385891,-270.422223,C1CC1C1CO1,"InChI=1S/C5H8O/c1-2-4(1)5-3-6-5/h4-5H,1-3H2"
gdb_703,8.24798,2.66153,2.59489,1.0782,56.86,-0.2188,0.0925,0.3114,568.5492,0.132005,-250.500016,-250.494143,-250.493199,-250.5293,C1CC1N1CC1,"InChI=1S/C5H9N/c1-2-5(1)6-3-4-6/h5H,1-4H2"
gdb_704,8.59504,2.64585,2.63113,2.8886,53.03,-0.2328,0.0704,0.3032,550.0663,0.121976,-266.553159,-266.547497,-266.546553,-266.582241,C1NC1C1CN1,"InChI=1S/C4H8N2/c1-3(5-1)4-2-6-4/h3-6H,1-2H2"
gdb_705,10.64531,2.29727,2.08154,2.6444,50.31,-0.2493,0.0746,0.3238,605.2204,0.108598,-286.432042,-286.426314,-286.42537,-286.461426,C1NC1C1CO1,"InChI=1S/C4H7NO/c1-3(5-1)4-2-6-4/h3-5H,1-2H2"
gdb_706,8.58988,2.85701,2.76639,1.903,45.96,-0.2647,0.0726,0.3373,507.0283,0.096139,-306.31359,-306.308102,-306.307158,-306.34263,C1OC1C1CO1,"InChI=1S/C4H6O2/c1-3(5-1)4-2-6-4/h3-4H,1-2H2"
gdb_707,7.4064,3.88262,3.77802,0.339,55.33,-0.2073,0.0868,0.2941,449.4946,0.121076,-233.219124,-233.214384,-233.21344,-233.2467,C1C2C1C1CC21,"InChI=1S/C6H8/c1-3-4(1)6-2-5(3)6/h3-6H,1-2H2"
gdb_708,7.5551,4.04959,3.93446,1.6601,52.06,-0.2059,0.0799,0.2857,426.3704,0.109564,-249.25941,-249.254832,-249.253888,-249.286862,C1C2C1C1NC21,"InChI=1S/C5H7N/c1-2-3(1)5-4(2)6-5/h2-6H,1H2"
gdb_709,7.66602,4.16292,4.02296,1.8604,48.16,-0.2318,0.0634,0.2952,409.078,0.09688,-269.144656,-269.140183,-269.139239,-269.172057,C1C2C1C1OC21,"InChI=1S/C5H6O/c1-2-3(1)5-4(2)6-5/h2-5H,1H2"
gdb_710,7.69936,4.03933,3.91927,1.5349,52.,-0.2206,0.0711,0.2917,427.1373,0.109407,-249.257629,-249.253018,-249.252074,-249.285119,C1C2C1N1CC21,"InChI=1S/C5H7N/c1-3-4(1)6-2-5(3)6/h3-5H,1-2H2"
gdb_711,7.83461,4.13288,3.97847,2.8506,48.92,-0.2009,0.0708,0.2717,409.7592,0.097677,-265.289023,-265.284536,-265.283592,-265.316426,N1C2C1C1NC21,InChI=1S/C4H6N2/c5-1-2(5)4-3(1)6-4/h1-6H
gdb_712,7.96507,4.25305,4.06914,3.3094,44.98,-0.2233,0.0552,0.2785,392.5089,0.085037,-285.174014,-285.169639,-285.168695,-285.20136,N1C2C1C1OC21,InChI=1S/C4H5NO/c5-1-2(5)4-3(1)6-4/h1-5H
gdb_713,8.11323,4.36927,4.15208,3.1711,41.15,-0.256,0.0396,0.2955,376.0072,0.072361,-305.057353,-305.053089,-305.052145,-305.084646,O1C2C1C1OC21,InChI=1S/C4H4O2/c5-1-2(5)4-3(1)6-4/h1-4H
gdb_714,6.1754,5.44278,4.33078,1.7558,52.12,-0.2359,0.0934,0.3294,400.0483,0.110586,-249.280474,-249.276201,-249.275257,-249.307696,C1C2C3C1CN23,"InChI=1S/C5H7N/c1-3-2-6-4(1)5(3)6/h3-5H,1-2H2"
gdb_715,5.97304,5.2497,4.16578,0.2808,55.83,-0.2442,0.1074,0.3515,420.7831,0.122208,-233.24225,-233.237852,-233.236908,-233.269547,C1C2C3CC1C23,"InChI=1S/C6H8/c1-3-2-5-4(1)6(3)5/h3-6H,1-2H2"
gdb_716,6.30002,5.36887,4.24885,1.6922,52.04,-0.2409,0.0905,0.3314,402.5187,0.110858,-249.292101,-249.287806,-249.286862,-249.319353,C1C2C3CC1N23,"InChI=1S/C5H7N/c1-3-2-5-4(1)6(3)5/h3-5H,1-2H2"
gdb_717,6.18567,5.559,4.35023,1.6597,52.16,-0.2238,0.0883,0.3121,397.6097,0.110471,-249.269471,-249.265191,-249.264247,-249.29668,C1C2C3CN1C23,"InChI=1S/C5H7N/c1-3-4-2-6(1)5(3)4/h3-5H,1-2H2"
gdb_718,6.29327,5.52309,4.39133,1.7566,48.29,-0.2298,0.084,0.3137,384.9781,0.097855,-269.154939,-269.150758,-269.149814,-269.182103,C1C2C3OC1C23,"InChI=1S/C5H6O/c1-2-4-3(1)6-5(2)4/h2-5H,1H2"
gdb_719,6.96309,5.38545,5.38524,0.0001,51.49,-0.2242,0.085,0.3092,362.9129,0.097379,-231.975652,-231.971606,-231.970662,-232.002516,C12C3C1C1C2C31,InChI=1S/C6H6/c1-2-3(1)6-4(1)5(2)6/h1-6H
gdb_720,7.20593,5.64602,5.53085,1.9051,47.5,-0.2152,0.0669,0.2821,344.2262,0.085878,-248.018573,-248.014653,-248.013709,-248.045371,C12C3C1N1C2C31,InChI=1S/C5H5N/c1-2-3(1)6-4(1)5(2)6/h1-5H
gdb_721,6.27422,5.98676,3.06356,3.9853,48.99,-0.2329,-0.0503,0.1826,412.1508,0.076104,-264.226909,-264.222683,-264.221738,-264.254291,C1=CN=NC=C1,InChI=1S/C4H4N2/c1-2-4-6-5-3-1/h1-4H
gdb_722,6.37607,6.29157,3.16677,4.753,45.02,-0.2556,-0.0696,0.186,391.8571,0.063368,-280.24835,-280.244113,-280.243169,-280.275768,C1=CN=NN=C1,InChI=1S/C3H3N3/c1-2-4-6-5-3-1/h1-3H
gdb_723,6.85315,6.3438,3.29432,0.0004,41.23,-0.2475,-0.1121,0.1355,369.6437,0.051463,-296.285473,-296.281268,-296.280324,-296.312924,C1=NN=CN=N1,InChI=1S/C2H2N4/c1-3-5-2-6-4-1/h1-2H
gdb_724,6.76114,6.45723,3.30285,2.5272,40.74,-0.2631,-0.1005,0.1627,369.079,0.051491,-296.296482,-296.292265,-296.291321,-296.323929,C1=NN=NC=N1,InChI=1S/C2H2N4/c1-3-2-5-6-4-1/h1-2H
gdb_725,6.64966,6.41692,3.26561,4.38,41.36,-0.2639,-0.0979,0.166,372.8252,0.050401,-296.265627,-296.261303,-296.260359,-296.293176,C1=NN=NN=C1,InChI=1S/C2H2N4/c1-2-4-6-5-3-1/h1-2H
gdb_726,9.07138,3.47643,2.55327,2.6766,51.32,-0.2317,0.026,0.2577,501.8132,0.09876,-265.44066,-265.435164,-265.43422,-265.469825,CC1=CC=NN1,"InChI=1S/C4H6N2/c1-4-2-3-5-6-4/h2-3H,1H3,(H,5,6)"
gdb_727,9.28026,3.56436,2.61716,3.1194,48.06,-0.2527,-0.0071,0.2456,483.7794,0.08558,-285.293918,-285.288674,-285.28773,-285.322634,CC1=CC=NO1,"InChI=1S/C4H5NO/c1-4-2-3-5-6-4/h2-3H,1H3"
gdb_728,9.49204,3.5053,2.60151,4.8091,47.65,-0.251,0.0018,0.2527,483.3848,0.086723,-281.476832,-281.471555,-281.470611,-281.50559,CC1=CN=NN1,"InChI=1S/C3H5N3/c1-3-2-4-6-5-3/h2H,1H3,(H,4,5,6)"
gdb_729,9.75353,3.57369,2.65866,4.0664,44.67,-0.2707,-0.0356,0.2351,466.4947,0.073075,-301.335636,-301.330443,-301.329499,-301.364219,CC1=CN=NO1,"InChI=1S/C3H4N2O/c1-3-2-4-5-6-3/h2H,1H3"
gdb_730,9.10398,3.38084,2.50355,2.2444,51.05,-0.2321,0.028,0.2601,508.6768,0.098771,-265.437885,-265.43239,-265.431446,-265.467001,CC1=CNN=C1,"InChI=1S/C4H6N2/c1-4-2-5-6-3-4/h2-3H,1H3,(H,5,6)"
gdb_731,9.39394,3.54635,2.61617,4.1169,47.56,-0.2499,0.0027,0.2526,482.4411,0.086525,-281.476938,-281.471586,-281.470642,-281.506126,CC1=CNN=N1,"InChI=1S/C3H5N3/c1-3-2-4-6-5-3/h2H,1H3,(H,4,5,6)"
gdb_732,9.1962,3.39821,2.5201,3.2522,47.4,-0.2549,-0.008,0.247,496.1172,0.08571,-285.288405,-285.283174,-285.28223,-285.317103,CC1=CON=C1,"InChI=1S/C4H5NO/c1-4-2-5-6-3-4/h2-3H,1H3"
gdb_733,9.36373,3.56633,2.62477,3.6981,44.18,-0.2697,-0.0371,0.2326,471.3661,0.073073,-301.332569,-301.327367,-301.326423,-301.361273,CC1=CON=N1,"InChI=1S/C3H4N2O/c1-3-2-6-5-4-3/h2H,1H3"
gdb_734,9.44739,3.63796,2.67033,3.1055,46.94,-0.2565,0.011,0.2675,474.9449,0.087311,-281.505078,-281.499734,-281.49879,-281.534576,CC1=NC=NN1,"InChI=1S/C3H5N3/c1-3-4-2-5-6-3/h2H,1H3,(H,4,5,6)"
gdb_735,9.67338,3.72795,2.73673,1.8949,43.55,-0.2874,-0.0235,0.2639,457.4821,0.074104,-301.359287,-301.354167,-301.353223,-301.388116,CC1=NC=NO1,"InChI=1S/C3H4N2O/c1-3-4-2-5-6-3/h2H,1H3"
gdb_736,8.97305,3.51644,2.56659,1.9119,51.26,-0.2393,0.0296,0.2689,500.7111,0.098676,-265.440996,-265.435575,-265.43463,-265.469779,CC1=NNC=C1,"InChI=1S/C4H6N2/c1-4-2-3-5-6-4/h2-3H,1H3,(H,5,6)"
gdb_737,9.32124,3.6878,2.68634,2.3091,47.01,-0.2566,0.0134,0.27,473.5053,0.087309,-281.504745,-281.499538,-281.498594,-281.533357,CC1=NNC=N1,"InChI=1S/C3H5N3/c1-3-4-2-5-6-3/h2H,1H3,(H,4,5,6)"
gdb_738,9.45338,3.55163,2.62373,0.5006,47.14,-0.2584,0.0012,0.2596,481.1012,0.087282,-281.482952,-281.47767,-281.476726,-281.511891,CC1=NNN=C1,"InChI=1S/C3H5N3/c1-3-2-4-6-5-3/h2H,1H3,(H,4,5,6)"
gdb_739,9.77353,3.71834,2.73933,2.0655,43.44,-0.2882,-0.0242,0.264,456.0168,0.075037,-297.52358,-297.518433,-297.517488,-297.55255,CC1=NNN=N1,"InChI=1S/C2H4N4/c1-2-3-5-6-4-2/h1H3,(H,3,4,5,6)"
gdb_740,9.19708,3.52282,2.58813,2.8649,47.54,-0.2618,-0.0052,0.2566,487.3888,0.085647,-285.292217,-285.28705,-285.286106,-285.320703,CC1=NOC=C1,"InChI=1S/C4H5NO/c1-4-2-3-6-5-4/h2-3H,1H3"
gdb_741,9.57415,3.68605,2.7061,1.0701,43.3,-0.2916,-0.0228,0.2687,460.9254,0.074202,-301.357553,-301.352551,-301.351607,-301.385939,CC1=NOC=N1,"InChI=1S/C3H4N2O/c1-3-4-2-6-5-3/h2H,1H3"
gdb_742,9.49364,3.55271,2.6275,3.7027,43.87,-0.3017,-0.0417,0.26,471.0874,0.073559,-301.316399,-301.311329,-301.310385,-301.344913,CC1=NON=C1,"InChI=1S/C3H4N2O/c1-3-2-4-6-5-3/h2H,1H3"
gdb_743,9.72565,3.72581,2.7397,2.7404,40.37,-0.3198,-0.0698,0.25,446.7216,0.061106,-317.361117,-317.356099,-317.355155,-317.389628,CC1=NON=N1,InChI=1S/C2H3N3O/c1-2-3-5-6-4-2/h1H3
gdb_744,9.0053,3.72959,2.68228,2.2871,51.67,-0.2378,0.0247,0.2625,484.7442,0.098746,-265.433051,-265.427628,-265.426683,-265.462467,CN1C=CC=N1,"InChI=1S/C4H6N2/c1-6-4-2-3-5-6/h2-4H,1H3"
gdb_745,9.46656,3.76303,2.73947,4.458,47.81,-0.2576,0.0014,0.2591,465.914,0.086738,-281.469893,-281.46469,-281.463746,-281.498675,CN1C=CN=N1,"InChI=1S/C3H5N3/c1-6-3-2-4-5-6/h2-3H,1H3"
gdb_746,9.51162,3.77655,2.75015,3.1995,47.14,-0.2624,0.0091,0.2716,463.9201,0.0876,-281.495234,-281.490084,-281.48914,-281.523946,CN1C=NC=N1,"InChI=1S/C3H5N3/c1-6-3-4-2-5-6/h2-3H,1H3"
gdb_747,9.5155,3.65372,2.68514,5.9568,46.86,-0.2491,0.0168,0.2659,471.1624,0.086813,-281.482892,-281.477525,-281.476581,-281.512576,CN1C=NN=C1,"InChI=1S/C3H5N3/c1-6-2-4-5-3-6/h2-3H,1H3"
gdb_748,9.84085,3.80249,2.79136,5.7041,43.54,-0.2827,-0.0149,0.2678,448.3989,0.074633,-297.510804,-297.505584,-297.50464,-297.5407,CN1C=NN=N1,"InChI=1S/C2H4N4/c1-6-2-3-4-5-6/h2H,1H3"
gdb_749,9.28884,3.90083,2.79631,0.4905,47.91,-0.2587,-0.0011,0.2577,460.0451,0.087299,-281.476967,-281.471735,-281.470791,-281.506215,CN1N=CC=N1,"InChI=1S/C3H5N3/c1-6-4-2-3-5-6/h2-3H,1H3"
gdb_750,9.81413,3.92888,2.85647,2.7916,43.9,-0.2907,-0.0245,0.2662,441.7219,0.075306,-297.516418,-297.511409,-297.510464,-297.545036,CN1N=CN=N1,"InChI=1S/C2H4N4/c1-6-4-2-3-5-6/h2H,1H3"
gdb_751,10.19566,3.95813,2.90382,4.7538,40.22,-0.3198,-0.0474,0.2723,426.1476,0.062337,-313.537245,-313.532152,-313.531208,-313.567192,CN1N=NN=N1,InChI=1S/CH3N5/c1-6-4-2-3-5-6/h1H3
gdb_752,9.50387,3.97742,2.80395,3.3378,41.36,-0.2313,-0.0026,0.2287,427.0036,0.063044,-317.396153,-317.391436,-317.390492,-317.424066,N=C1NC=NO1,"InChI=1S/C2H3N3O/c3-2-4-1-5-6-2/h1H,(H2,3,4,5)"
gdb_753,9.82355,3.90975,2.79668,1.4387,41.35,-0.2243,-0.0198,0.2045,426.0399,0.063337,-313.554802,-313.549799,-313.548855,-313.582997,N=C1NN=NN1,"InChI=1S/CH3N5/c2-1-3-5-6-4-1/h(H3,2,3,4,5,6)"
gdb_754,9.71668,4.11648,2.8915,1.7372,37.52,-0.2634,-0.0221,0.2413,408.4841,0.050594,-337.265273,-337.260902,-337.259958,-337.292965,N=C1OC=NO1,"InChI=1S/C2H2N2O2/c3-2-5-1-4-6-2/h1,3H"
gdb_755,10.15434,4.1248,2.93327,1.3883,34.59,-0.2947,-0.0759,0.2189,394.0664,0.037566,-353.269456,-353.265112,-353.264168,-353.297148,N=C1ON=NO1,InChI=1S/CHN3O2/c2-1-5-3-4-6-1/h2H
gdb_756,9.26884,3.6096,2.61073,3.385,47.71,-0.206,0.038,0.244,473.2325,0.087866,-281.48553,-281.480242,-281.479298,-281.513921,NC1=CC=NN1,"InChI=1S/C3H5N3/c4-3-1-2-5-6-3/h1-2H,(H3,4,5,6)"
gdb_757,9.47028,3.73148,2.68299,3.8286,44.81,-0.218,0.0127,0.2307,454.2223,0.0748,-301.343578,-301.338618,-301.337674,-301.371585,NC1=CC=NO1,"InChI=1S/C3H4N2O/c4-3-1-2-5-6-3/h1-2H,4H2"
gdb_758,9.71187,3.64488,2.66238,5.383,44.26,-0.2234,0.0126,0.236,454.6522,0.075741,-297.520999,-297.515908,-297.514964,-297.549226,NC1=CN=NN1,"InChI=1S/C2H4N4/c3-2-1-4-6-5-2/h1H,(H3,3,4,5,6)"
gdb_759,9.94981,3.71927,2.71196,5.0217,41.95,-0.2338,-0.0171,0.2167,438.4749,0.061867,-317.386479,-317.381399,-317.380455,-317.414547,NC1=CN=NO1,"InChI=1S/C2H3N3O/c3-2-1-4-5-6-2/h1H,3H2"
gdb_760,9.31893,3.50517,2.55541,2.6547,47.66,-0.1956,0.0301,0.2257,479.6864,0.087859,-281.480583,-281.475278,-281.474334,-281.509007,NC1=CNN=C1,"InChI=1S/C3H5N3/c4-3-1-5-6-2-3/h1-2H,4H2,(H,5,6)"
gdb_761,9.64217,3.69719,2.68224,4.0185,44.3,-0.2126,0.0044,0.217,452.8301,0.075973,-297.523583,-297.518606,-297.517662,-297.55163,NC1=CNN=N1,"InChI=1S/C2H4N4/c3-2-1-4-6-5-2/h1H,(H3,3,4,5,6)"
gdb_762,9.42742,3.52572,2.57455,3.9291,44.15,-0.2186,-0.0048,0.2138,467.0228,0.074853,-301.330754,-301.325742,-301.324798,-301.358946,NC1=CON=C1,"InChI=1S/C3H4N2O/c4-3-1-5-6-2-3/h1-2H,4H2"
gdb_763,9.69666,3.72109,2.69764,4.0976,40.94,-0.2311,-0.0346,0.1965,441.012,0.062456,-317.377404,-317.372496,-317.371552,-317.405485,NC1=CON=N1,"InChI=1S/C2H3N3O/c3-2-1-6-5-4-2/h1H,3H2"
gdb_764,9.66876,3.80816,2.74184,3.6291,43.39,-0.2268,0.0283,0.255,445.3236,0.076735,-297.554699,-297.549748,-297.548803,-297.582689,NC1=NC=NN1,"InChI=1S/C2H4N4/c3-2-4-1-5-6-2/h1H,(H3,3,4,5,6)"
gdb_765,9.86886,3.93452,2.81731,3.0643,40.19,-0.2475,0.0015,0.249,427.0676,0.063595,-317.41389,-317.409159,-317.408214,-317.441698,NC1=NC=NO1,"InChI=1S/C2H3N3O/c3-2-4-1-5-6-2/h1H,(H2,3,4,5)"
gdb_766,9.17106,3.66535,2.6282,1.7832,47.71,-0.2006,0.0347,0.2353,471.2006,0.088014,-281.489179,-281.48403,-281.483086,-281.517285,NC1=NNC=C1,"InChI=1S/C3H5N3/c4-3-1-2-5-6-3/h1-2H,(H3,4,5,6)"
gdb_767,9.53874,3.86975,2.76025,1.9435,43.5,-0.2143,0.0189,0.2332,443.4355,0.076774,-297.555801,-297.550925,-297.549981,-297.583688,NC1=NNC=N1,"InChI=1S/C2H4N4/c3-2-4-1-5-6-2/h1H,(H3,3,4,5,6)"
gdb_768,9.67915,3.70809,2.6898,1.525,43.82,-0.2181,0.006,0.2241,451.4203,0.076571,-297.530335,-297.525359,-297.524415,-297.558364,NC1=NNN=C1,"InChI=1S/C2H4N4/c3-2-1-4-6-5-2/h1H,(H3,3,4,5,6)"
gdb_769,10.01649,3.90958,2.81885,2.3205,40.14,-0.2385,-0.0191,0.2194,425.7517,0.064539,-313.573888,-313.56915,-313.568206,-313.6017,NC1=NNN=N1,"InChI=1S/CH3N5/c2-1-3-5-6-4-1/h(H3,2,3,4,5,6)"
gdb_770,9.39312,3.67878,2.65177,3.1792,44.1,-0.2328,0.0029,0.2357,457.8147,0.07509,-301.341304,-301.336451,-301.335506,-301.36923,NC1=NOC=C1,"InChI=1S/C3H4N2O/c4-3-1-2-6-5-3/h1-2H,(H2,4,5)"
gdb_771,9.79231,3.875,2.78226,1.8006,39.9,-0.2447,-0.0138,0.2309,430.7491,0.06371,-317.409527,-317.404846,-317.403902,-317.437319,NC1=NOC=N1,"InChI=1S/C2H3N3O/c3-2-4-1-6-5-2/h1H,(H2,3,5)"
gdb_772,9.71106,3.71523,2.69493,4.3899,40.64,-0.2516,-0.0343,0.2173,441.3213,0.062933,-317.364547,-317.359794,-317.35885,-317.392436,NC1=NON=C1,"InChI=1S/C2H3N3O/c3-2-1-4-6-5-2/h1H,(H2,3,5)"
gdb_773,10.00708,3.92257,2.82346,3.6429,37.11,-0.2663,-0.0625,0.2038,416.0147,0.050629,-333.411326,-333.406666,-333.405722,-333.439115,NC1=NON=N1,"InChI=1S/CH2N4O/c2-1-3-5-6-4-1/h(H2,2,4)"
gdb_774,9.51486,3.93819,2.78534,2.7251,39.58,-0.2283,0.0138,0.2421,424.7483,0.064276,-317.447668,-317.44298,-317.442036,-317.475538,O=C1NC=NN1,"InChI=1S/C2H3N3O/c6-2-3-1-4-5-2/h1H,(H2,3,4,5,6)"
gdb_775,9.67134,4.03934,2.8493,5.0233,36.38,-0.2655,-0.0128,0.2527,409.3135,0.05129,-337.302324,-337.297902,-337.296958,-337.330027,O=C1NC=NO1,"InChI=1S/C2H2N2O2/c5-2-3-1-4-6-2/h1H,(H,3,4,5)"
gdb_776,9.9632,3.97553,2.84165,0.3207,36.4,-0.261,-0.0285,0.2325,407.6505,0.051932,-333.464063,-333.459537,-333.458592,-333.491833,O=C1NN=NN1,"InChI=1S/CH2N4O/c6-1-2-4-5-3-1/h(H2,2,3,4,5,6)"
gdb_777,10.15858,4.07493,2.90831,2.925,33.27,-0.2987,-0.059,0.2397,392.3951,0.038735,-353.321142,-353.31678,-353.315835,-353.348826,O=C1NN=NO1,"InChI=1S/CHN3O2/c5-1-2-3-4-6-1/h(H,2,4,5)"
gdb_778,9.89124,4.17925,2.93792,3.3641,32.83,-0.2998,-0.0327,0.2672,391.4571,0.038724,-357.171724,-357.167571,-357.166627,-357.199275,O=C1OC=NO1,InChI=1S/C2HNO3/c4-2-5-1-3-6-2/h1H
gdb_779,10.34972,4.18995,2.98252,1.0079,30.02,-0.3348,-0.088,0.2469,377.0208,0.025718,-373.17391,-373.16979,-373.168845,-373.201448,O=C1ON=NO1,InChI=1S/CN2O3/c4-1-5-2-3-6-1
gdb_780,9.38962,3.68604,2.64694,2.8587,43.41,-0.2185,0.0394,0.258,453.3207,0.075424,-301.36359,-301.358611,-301.357667,-301.391634,OC1=CC=NN1,"InChI=1S/C3H4N2O/c6-3-1-2-4-5-3/h1-2H,(H2,4,5,6)"
gdb_781,9.42952,3.56336,2.58609,0.8594,43.61,-0.2132,0.0237,0.2369,460.0724,0.075398,-301.357437,-301.352423,-301.351479,-301.385553,OC1=CNN=C1,"InChI=1S/C3H4N2O/c6-3-1-4-5-2-3/h1-2,6H,(H,4,5)"
gdb_782,9.78282,3.77389,2.72332,2.8417,40.29,-0.2326,-0.0042,0.2284,432.8267,0.063735,-317.402836,-317.398234,-317.39729,-317.43057,OC1=CNN=N1,"InChI=1S/C2H3N3O/c6-2-1-3-5-4-2/h1H,(H2,3,4,5,6)"
gdb_783,9.81968,3.89319,2.78789,2.1239,39.16,-0.2453,0.025,0.2703,425.543,0.064546,-317.434422,-317.429848,-317.428904,-317.462134,OC1=NC=NN1,"InChI=1S/C2H3N3O/c6-2-3-1-4-5-2/h1H,(H2,3,4,5,6)"
gdb_784,9.29881,3.73993,2.6672,2.1199,43.57,-0.2207,0.0271,0.2478,451.1913,0.075725,-301.369263,-301.364445,-301.363501,-301.397117,OC1=NNC=C1,"InChI=1S/C3H4N2O/c6-3-1-2-4-5-3/h1-2H,(H2,4,5,6)"
gdb_785,9.69787,3.94239,2.80294,2.8755,39.4,-0.2392,0.0082,0.2475,424.4139,0.064531,-317.433049,-317.428506,-317.427562,-317.460725,OC1=NNC=N1,"InChI=1S/C2H3N3O/c6-2-3-1-4-5-2/h1H,(H2,3,4,5,6)"
gdb_786,9.81669,3.7809,2.7296,1.2703,39.79,-0.2405,-0.0028,0.2377,431.818,0.064229,-317.408548,-317.403907,-317.402963,-317.436318,OC1=NNN=C1,"InChI=1S/C2H3N3O/c6-2-1-3-5-4-2/h1H,(H2,3,4,5,6)"
gdb_787,10.18544,3.98278,2.8632,0.8171,36.17,-0.269,-0.0312,0.2378,406.9969,0.052337,-333.449362,-333.444983,-333.444039,-333.476952,OC1=NNN=N1,"InChI=1S/CH2N4O/c6-1-2-4-5-3-1/h(H2,2,3,4,5,6)"
gdb_788,9.52134,3.75318,2.69202,1.6519,40.1,-0.2581,-0.0063,0.2518,438.1162,0.062841,-321.219665,-321.215152,-321.214207,-321.247368,OC1=NOC=C1,"InChI=1S/C3H3NO2/c5-3-1-2-6-4-3/h1-2H,(H,4,5)"
gdb_789,9.95029,3.94579,2.82538,2.7179,35.95,-0.2744,-0.0275,0.2469,412.1914,0.0514,-337.28389,-337.279525,-337.27858,-337.311504,OC1=NOC=N1,"InChI=1S/C2H2N2O2/c5-2-3-1-6-4-2/h1H,(H,4,5)"
gdb_790,10.15061,3.99473,2.86659,2.5588,33.31,-0.3005,-0.0778,0.2227,397.7928,0.038285,-353.283458,-353.279122,-353.278177,-353.311065,OC1=NON=N1,"InChI=1S/CHN3O2/c5-1-2-4-6-3-1/h(H,3,5)"
gdb_791,7.73481,1.18757,1.0428,0.9081,69.69,-0.2248,-0.0214,0.2034,1093.1501,0.110277,-324.519277,-324.510558,-324.509614,-324.554872,CC#CC(C)=NO,"InChI=1S/C5H7NO/c1-3-4-5(2)6-7/h7H,1-2H3"
gdb_792,6.12319,1.43744,1.3165,0.4796,62.57,-0.2492,0.0065,0.2556,906.4382,0.110179,-324.50612,-324.49791,-324.496966,-324.539,CC(CC#C)=NO,"InChI=1S/C5H7NO/c1-3-4-5(2)6-7/h1,7H,4H2,2H3"
gdb_793,6.17177,1.44882,1.32144,3.5818,57.7,-0.2661,-0.0126,0.2536,880.8138,0.099907,-340.613712,-340.605857,-340.604913,-340.646583,CC(CC#N)=NO,"InChI=1S/C4H6N2O/c1-4(6-7)2-3-5/h7H,2H2,1H3"
gdb_794,6.11744,1.42368,1.28103,2.0372,58.32,-0.2459,-0.0382,0.2077,906.7981,0.110176,-361.684892,-361.676647,-361.675703,-361.718785,CC(CC=O)=NO,"InChI=1S/C4H7NO2/c1-4(5-7)2-3-6/h3,7H,2H2,1H3"
gdb_795,6.38612,1.21078,1.09517,0.8991,60.51,-0.2419,0.0103,0.2523,1051.1719,0.134383,-362.871515,-362.862829,-362.861885,-362.905081,CC(CCO)=NO,"InChI=1S/C4H9NO2/c1-4(5-7)2-3-6/h6-7H,2-3H2,1H3"
gdb_796,6.2683,1.20744,1.0926,0.7013,67.93,-0.2382,0.0178,0.256,1110.8362,0.157642,-326.951186,-326.942216,-326.941272,-326.984994,CCCC(C)=NO,"InChI=1S/C5H11NO/c1-3-4-5(2)6-7/h7H,3-4H2,1-2H3"
gdb_797,4.807,1.54627,1.41468,0.7169,60.44,-0.2497,0.0055,0.2552,903.075,0.134033,-362.862736,-362.854073,-362.853129,-362.8963,COCC(C)=NO,"InChI=1S/C4H9NO2/c1-4(5-6)3-7-2/h6H,3H2,1-2H3"
gdb_798,4.37128,1.2263,0.96903,0.,71.35,-0.2278,-0.0326,0.1952,1148.5611,0.127289,-416.988831,-416.979509,-416.978565,-417.023066,CC(=NO)C(C)=NO,"InChI=1S/C4H8N2O2/c1-3(5-7)4(2)6-8/h7-8H,1-2H3"
gdb_799,4.76954,2.01437,1.42869,3.3526,54.53,-0.2537,-0.0387,0.215,792.723,0.100061,-377.773452,-377.765448,-377.764504,-377.805944,CC(=NO)C(N)=O,"InChI=1S/C3H6N2O2/c1-2(5-7)3(4)6/h7H,1H3,(H2,4,6)"
gdb_800,3.95026,1.85752,1.43164,0.5991,67.04,-0.2393,0.0188,0.2581,904.2528,0.157266,-326.951067,-326.942156,-326.941212,-326.984134,CC(C)C(C)=NO,"InChI=1S/C5H11NO/c1-4(2)5(3)6-7/h4,7H,1-3H3"
gdb_801,4.56843,1.61921,1.53383,1.4965,60.35,-0.2437,0.0114,0.255,867.5699,0.133694,-362.875317,-362.866609,-362.865665,-362.908204,CC(O)C(C)=NO,"InChI=1S/C4H9NO2/c1-3(5-7)4(2)6/h4,6-7H,1-2H3"
gdb_802,7.59857,1.49645,1.32512,1.0383,65.04,-0.2394,0.0102,0.2496,910.3952,0.135534,-325.72997,-325.722501,-325.721557,-325.761646,CC1CC(C1)=NO,"InChI=1S/C5H9NO/c1-4-2-5(3-4)6-7/h4,7H,2-3H2,1H3"
gdb_803,8.25733,1.54097,1.35814,0.896,62.27,-0.2202,0.0053,0.2255,874.4591,0.123935,-341.759398,-341.752112,-341.751167,-341.790591,CN1CC(C1)=NO,"InChI=1S/C4H8N2O/c1-6-2-4(3-6)5-7/h7H,2-3H2,1H3"
gdb_804,8.02753,1.50998,1.33081,1.6073,57.9,-0.2421,0.0067,0.2488,858.7692,0.111964,-361.653332,-361.646166,-361.645221,-361.684535,ON=C1CC(O)C1,"InChI=1S/C4H7NO2/c6-4-1-3(2-4)5-7/h4,6-7H,1-2H2"
gdb_805,3.81358,2.32951,1.44614,0.468,62.61,-0.2418,-0.0602,0.1816,762.5217,0.063418,-322.057728,-322.05057,-322.049625,-322.088638,ON=C(C#C)C#C,"InChI=1S/C5H3NO/c1-3-5(4-2)6-7/h1-2,7H"
gdb_806,3.52485,2.14842,1.44961,0.6625,64.81,-0.2383,-0.031,0.2072,830.6001,0.110998,-324.505365,-324.497426,-324.496481,-324.537589,CCC(=NO)C#C,"InChI=1S/C5H7NO/c1-3-5(4-2)6-7/h1,7H,4H2,2H3"
gdb_807,3.61016,2.25874,1.4015,1.7906,57.99,-0.237,-0.0314,0.2056,796.2944,0.086869,-360.421732,-360.413882,-360.412938,-360.453809,OCC(=NO)C#C,"InChI=1S/C4H5NO2/c1-2-4(3-6)5-7/h1,6-7H,3H2"
gdb_808,3.31007,1.92301,1.3919,0.6108,67.1,-0.2392,0.0153,0.2545,933.3907,0.158157,-326.949535,-326.940745,-326.939801,-326.982785,CCC(CC)=NO,"InChI=1S/C5H11NO/c1-3-5(4-2)6-7/h7H,3-4H2,1-2H3"
gdb_809,3.46941,1.97798,1.393,2.0392,59.69,-0.2503,0.0051,0.2553,881.0455,0.13466,-362.87271,-362.864226,-362.863282,-362.905493,CCC(CO)=NO,"InChI=1S/C4H9NO2/c1-2-4(3-6)5-7/h6-7H,2-3H2,1H3"
gdb_810,4.42854,2.04144,1.49562,0.8203,64.68,-0.24,0.0099,0.2499,827.5468,0.135736,-325.729906,-325.722384,-325.72144,-325.76154,CC1CCC1=NO,"InChI=1S/C5H9NO/c1-4-2-3-5(4)6-7/h4,7H,2-3H2,1H3"
gdb_811,4.70096,2.01823,1.50599,1.1445,61.33,-0.2291,0.004,0.2331,807.1883,0.124472,-341.767606,-341.760258,-341.759314,-341.798909,CC1NCC1=NO,"InChI=1S/C4H8N2O/c1-3-4(6-7)2-5-3/h3,5,7H,2H2,1H3"
gdb_812,4.97998,1.98261,1.52483,1.103,57.57,-0.2477,-0.0022,0.2454,788.5191,0.111826,-361.648305,-361.641082,-361.640138,-361.679561,CC1OCC1=NO,"InChI=1S/C4H7NO2/c1-3-4(5-6)2-7-3/h3,6H,2H2,1H3"
gdb_813,4.61505,2.06552,1.51842,0.9638,57.41,-0.2503,-0.002,0.2483,780.2381,0.111986,-361.65225,-361.644826,-361.643881,-361.684083,ON=C1CCC1O,"InChI=1S/C4H7NO2/c6-4-2-1-3(4)5-7/h4,6-7H,1-2H2"
gdb_814,6.54536,2.01636,1.5711,0.6622,61.44,-0.2347,0.011,0.2457,750.3356,0.113734,-324.550139,-324.543733,-324.542789,-324.580435,ON=C1CC=CC1,"InChI=1S/C5H7NO/c7-6-5-3-1-2-4-5/h1-2,7H,3-4H2"
gdb_815,6.62487,1.97278,1.54898,1.3282,64.84,-0.2178,-0.0249,0.1929,764.0667,0.114241,-324.555069,-324.548544,-324.5476,-324.585842,ON=C1CCC=C1,"InChI=1S/C5H7NO/c7-6-5-3-1-2-4-5/h1,3,7H,2,4H2"
gdb_816,7.07707,1.99273,1.57507,2.4693,61.8,-0.1873,-0.0122,0.1751,733.962,0.103108,-340.601771,-340.595453,-340.594509,-340.631769,ON=C1CNC=C1,"InChI=1S/C4H6N2O/c7-6-4-1-2-5-3-4/h1-2,5,7H,3H2"
gdb_817,5.88512,1.90585,1.51808,0.9192,63.6,-0.2369,0.0136,0.2505,805.7743,0.137803,-325.758431,-325.751655,-325.750711,-325.789148,ON=C1CCCC1,"InChI=1S/C5H9NO/c7-6-5-3-1-2-4-5/h7H,1-4H2"
gdb_818,6.27036,1.96016,1.55944,1.01,56.58,-0.2485,0.0026,0.2511,756.6641,0.113817,-361.673369,-361.666802,-361.665858,-361.703919,ON=C1CCOC1,"InChI=1S/C4H7NO2/c6-5-4-1-2-7-3-4/h6H,1-3H2"
gdb_819,4.9656,1.81417,1.48451,0.6127,64.26,-0.2304,0.0138,0.2442,847.5087,0.135269,-325.72807,-325.720165,-325.719221,-325.760836,CC(=NO)C1CC1,"InChI=1S/C5H9NO/c1-4(6-7)5-2-3-5/h5,7H,2-3H2,1H3"
gdb_820,4.99843,1.86787,1.51199,1.6908,60.85,-0.2316,0.0017,0.2333,816.0754,0.124288,-341.769746,-341.76207,-341.761126,-341.802021,CC(=NO)C1CN1,"InChI=1S/C4H8N2O/c1-3(6-7)4-2-5-4/h4-5,7H,2H2,1H3"
gdb_821,6.64696,1.61865,1.43804,1.5017,57.93,-0.2458,-0.0027,0.2432,829.7464,0.111634,-361.650084,-361.642701,-361.641757,-361.681597,CC(=NO)C1CO1,"InChI=1S/C4H7NO2/c1-3(5-6)4-2-7-4/h4,6H,2H2,1H3"
gdb_822,7.38103,1.89293,1.6709,1.2435,61.76,-0.23,0.0164,0.2464,740.1344,0.113561,-324.502429,-324.496159,-324.495215,-324.532357,ON=C1CC2CC12,"InChI=1S/C5H7NO/c7-6-5-2-3-1-4(3)5/h3-4,7H,1-2H2"
gdb_823,7.63332,1.89883,1.67376,2.0903,58.33,-0.2319,0.0083,0.2402,722.119,0.101982,-340.536374,-340.530232,-340.529288,-340.56622,ON=C1CC2NC12,"InChI=1S/C4H6N2O/c7-6-3-1-2-4(3)5-2/h2,4-5,7H,1H2"
gdb_824,7.73,1.91252,1.68404,1.8161,54.24,-0.2513,-0.0028,0.2485,703.5367,0.089232,-360.418556,-360.412533,-360.411589,-360.448358,ON=C1CC2OC12,"InChI=1S/C4H5NO2/c6-5-2-1-3-4(2)7-3/h3-4,6H,1H2"
gdb_825,7.87938,1.89649,1.68418,0.9303,58.41,-0.2324,0.002,0.2344,719.4536,0.101956,-340.537496,-340.531385,-340.530441,-340.567299,ON=C1CN2CC12,"InChI=1S/C4H6N2O/c7-5-3-1-6-2-4(3)6/h4,7H,1-2H2"
gdb_826,5.69142,2.88373,2.88354,2.0892,30.55,-0.3166,0.0022,0.3188,466.6507,0.033373,-414.351653,-414.346269,-414.345325,-414.38067,FC(F)(F)C#C,"InChI=1S/C3HF3/c1-2-3(4,5)6/h1H"
gdb_827,5.68671,2.9472,2.94705,1.5146,26.67,-0.3831,-0.0244,0.3587,446.1697,0.022798,-430.448052,-430.442982,-430.442038,-430.476876,FC(F)(F)C#N,"InChI=1S/C2F3N/c3-2(4,5)1-6"
gdb_828,5.47818,2.98206,2.92952,1.5527,26.44,-0.2957,-0.0714,0.2243,454.0732,0.033264,-451.528971,-451.523486,-451.522541,-451.558621,FC(F)(F)C=O,"InChI=1S/C2HF3O/c3-2(4,5)1-6/h1H"
gdb_829,5.28606,2.80689,2.77246,2.7647,32.38,-0.2571,0.0697,0.3268,506.0529,0.070118,-432.85289,-432.846825,-432.845881,-432.882725,NCC(F)(F)F,"InChI=1S/C2H4F3N/c3-2(4,5)1-6/h1,6H2"
gdb_830,5.33241,2.85142,2.80545,3.0238,29.26,-0.2955,0.0532,0.3488,487.4189,0.057079,-452.728039,-452.721943,-452.720999,-452.758105,OCC(F)(F)F,"InChI=1S/C2H3F3O/c3-2(4,5)1-6/h6H,1H2"
gdb_831,5.21686,2.75151,2.72562,2.0586,35.84,-0.3543,0.0922,0.4465,529.7582,0.080927,-416.814878,-416.80872,-416.807775,-416.84483,CCC(F)(F)F,"InChI=1S/C3H5F3/c1-2-3(4,5)6/h2H2,1H3"
gdb_832,6.81068,1.91942,1.52577,1.7549,68.34,-0.1894,0.0527,0.2421,823.6177,0.137355,-288.690999,-288.683565,-288.682621,-288.722372,CC1=CC(C)=CN1,"InChI=1S/C6H9N/c1-5-3-6(2)7-4-5/h3-4,7H,1-2H3"
gdb_833,7.14925,1.9371,1.55351,0.6525,64.17,-0.2072,0.0287,0.2359,801.4743,0.124978,-308.562031,-308.554959,-308.554015,-308.592994,CC1=CC(C)=CO1,"InChI=1S/C6H8O/c1-5-3-6(2)7-4-5/h3-4H,1-2H3"
gdb_834,6.91133,1.95756,1.54351,1.7982,64.62,-0.1686,0.0552,0.2239,789.8474,0.126359,-304.734226,-304.726872,-304.725928,-304.765329,CC1=CC(N)=CN1,"InChI=1S/C5H8N2/c1-4-2-5(6)3-7-4/h2-3,7H,6H2,1H3"
gdb_835,7.24104,1.97969,1.57321,1.4862,60.58,-0.1872,0.0328,0.22,767.2702,0.114169,-324.605613,-324.598744,-324.5978,-324.636154,CC1=CC(N)=CO1,"InChI=1S/C5H7NO/c1-4-2-5(6)3-7-4/h2-3H,6H2,1H3"
gdb_836,6.99764,1.96734,1.55044,1.9591,60.27,-0.1793,0.0498,0.229,767.312,0.113818,-324.612179,-324.605034,-324.60409,-324.643156,CC1=CC(O)=CN1,"InChI=1S/C5H7NO/c1-4-2-5(7)3-6-4/h2-3,6-7H,1H3"
gdb_837,7.3351,1.98909,1.58013,2.07,56.37,-0.1985,0.0258,0.2243,745.1526,0.101451,-344.482088,-344.475321,-344.474377,-344.51269,CC1=CC(O)=CO1,"InChI=1S/C5H6O2/c1-4-2-5(6)3-7-4/h2-3,6H,1H3"
gdb_838,6.96792,1.94593,1.54426,1.4975,64.21,-0.1791,0.0592,0.2383,791.4086,0.126516,-304.73536,-304.728088,-304.727144,-304.766384,CC1=CNC(N)=C1,"InChI=1S/C5H8N2/c1-4-2-5(6)7-3-4/h2-3,7H,6H2,1H3"
gdb_839,7.07489,1.96699,1.55388,0.8606,59.72,-0.1782,0.0676,0.2458,766.9122,0.113849,-324.614194,-324.607134,-324.606189,-324.644825,CC1=CNC(O)=C1,"InChI=1S/C5H7NO/c1-4-2-5(7)6-3-4/h2-3,6-7H,1H3"
gdb_840,6.86805,2.13225,1.64364,1.8932,55.58,-0.198,0.0562,0.2542,722.6311,0.103147,-340.686134,-340.679625,-340.678681,-340.716208,CC1=CNC(O)=N1,"InChI=1S/C4H6N2O/c1-3-2-5-4(7)6-3/h2H,1H3,(H2,5,6,7)"
gdb_841,7.32966,1.97888,1.57631,1.5216,60.58,-0.1811,0.045,0.2261,766.5941,0.114088,-324.608363,-324.601467,-324.600523,-324.638872,CC1=COC(N)=C1,"InChI=1S/C5H7NO/c1-4-2-5(6)7-3-4/h2-3H,6H2,1H3"
gdb_842,7.12861,2.13449,1.6621,1.5474,56.14,-0.2026,0.0352,0.2377,723.5225,0.103063,-340.678945,-340.67244,-340.671496,-340.708998,CC1=COC(N)=N1,"InChI=1S/C4H6N2O/c1-3-2-7-4(5)6-3/h2H,1H3,(H2,5,6)"
gdb_843,7.28598,2.14214,1.67258,2.5185,51.67,-0.2205,0.0268,0.2473,703.0693,0.090583,-360.553317,-360.54707,-360.546126,-360.583218,CC1=COC(O)=N1,"InChI=1S/C4H5NO2/c1-3-2-7-4(6)5-3/h2H,1H3,(H,5,6)"
gdb_844,6.63097,2.06353,1.60515,3.2012,64.01,-0.206,0.0397,0.2457,780.073,0.125973,-304.75578,-304.748592,-304.747648,-304.787046,CC1=NC(C)=CN1,"InChI=1S/C5H8N2/c1-4-3-6-5(2)7-4/h3H,1-2H3,(H,6,7)"
gdb_845,6.96415,2.07749,1.63256,1.0064,59.82,-0.2274,0.014,0.2414,759.2008,0.113597,-324.627681,-324.620808,-324.619864,-324.658563,CC1=NC(C)=CO1,"InChI=1S/C5H7NO/c1-4-3-7-5(2)6-4/h3H,1-2H3"
gdb_846,7.04294,2.13598,1.6589,1.2965,56.39,-0.1971,0.0174,0.2145,724.1518,0.1028,-340.674744,-340.668051,-340.667106,-340.705321,CC1=NC(N)=CO1,"InChI=1S/C4H6N2O/c1-3-6-4(5)2-7-3/h2H,5H2,1H3"
gdb_847,6.79394,2.13479,1.64101,2.949,56.23,-0.1921,0.0343,0.2263,722.6235,0.10294,-340.683837,-340.677145,-340.676201,-340.714865,CC1=NC(O)=CN1,"InChI=1S/C4H6N2O/c1-3-5-2-4(7)6-3/h2,7H,1H3,(H,5,6)"
gdb_848,7.13045,2.15289,1.6708,1.1474,52.27,-0.2136,0.0085,0.2221,701.6757,0.090513,-360.554015,-360.547651,-360.546706,-360.584384,CC1=NC(O)=CO1,"InChI=1S/C4H5NO2/c1-3-5-4(6)2-7-3/h2,6H,1H3"
gdb_849,7.07262,1.9847,1.56256,1.9695,60.5,-0.1637,0.0612,0.225,757.9357,0.115518,-320.778636,-320.771439,-320.770495,-320.80942,NC1=CC(N)=CN1,"InChI=1S/C4H7N3/c5-3-1-4(6)7-2-3/h1-2,7H,5-6H2"
gdb_850,7.42232,2.02384,1.59668,2.4064,56.9,-0.1699,0.0513,0.2213,732.6467,0.103242,-340.652252,-340.645531,-340.644587,-340.682369,NC1=CC(N)=CO1,"InChI=1S/C4H6N2O/c5-3-1-4(6)7-2-3/h1-2H,5-6H2"
gdb_851,7.16586,1.99277,1.56923,2.2284,56.13,-0.174,0.0553,0.2293,735.898,0.102905,-340.65658,-340.649529,-340.648585,-340.687437,NC1=CC(O)=CN1,"InChI=1S/C4H6N2O/c5-4-1-3(7)2-6-4/h1-2,6-7H,5H2"
gdb_852,7.5174,2.03418,1.60388,2.7516,52.68,-0.1779,0.0453,0.2232,710.6391,0.090519,-360.528914,-360.522283,-360.521339,-360.559077,NC1=CC(O)=CO1,"InChI=1S/C4H5NO2/c5-4-1-3(6)2-7-4/h1-2,6H,5H2"
gdb_853,7.17716,2.00712,1.57227,1.1622,55.95,-0.1633,0.0709,0.2342,733.6699,0.102791,-340.657508,-340.65047,-340.649526,-340.687921,NC1=CNC(O)=C1,"InChI=1S/C4H6N2O/c5-3-1-4(7)6-2-3/h1-2,6-7H,5H2"
gdb_854,6.948,2.19023,1.66874,1.7543,51.9,-0.1739,0.0622,0.2361,688.6177,0.092224,-356.732791,-356.726366,-356.725421,-356.762581,NC1=CNC(O)=N1,"InChI=1S/C3H5N3O/c4-2-1-5-3(7)6-2/h1H,4H2,(H2,5,6,7)"
gdb_855,7.3681,2.20598,1.7008,2.3447,48.16,-0.195,0.0349,0.2299,668.3308,0.079813,-376.600944,-376.594888,-376.593944,-376.63045,NC1=COC(O)=N1,"InChI=1S/C3H4N2O2/c4-2-1-7-3(6)5-2/h1H,4H2,(H,5,6)"
gdb_856,7.20274,2.19711,1.68935,2.1678,52.57,-0.182,0.0417,0.2236,688.8067,0.092273,-356.726146,-356.719817,-356.718873,-356.75582,NC1=NC(N)=CO1,"InChI=1S/C3H5N3O/c4-2-1-7-3(5)6-2/h1H,4H2,(H2,5,6)"
gdb_857,6.92112,2.18825,1.66798,3.1172,52.28,-0.1786,0.0495,0.2281,688.7054,0.092282,-356.732185,-356.72579,-356.724846,-356.761938,NC1=NC(O)=CN1,"InChI=1S/C3H5N3O/c4-3-5-1-2(7)6-3/h1,7H,(H3,4,5,6)"
gdb_858,7.29061,2.21579,1.70181,2.3094,48.44,-0.1945,0.0344,0.2288,666.4198,0.07996,-376.605641,-376.59963,-376.598686,-376.635072,NC1=NC(O)=CO1,"InChI=1S/C3H4N2O2/c4-3-5-2(6)1-7-3/h1,6H,(H2,4,5)"
gdb_859,7.26724,2.01738,1.57904,2.0191,51.69,-0.1714,0.0648,0.2362,711.4937,0.090094,-360.535142,-360.528204,-360.52726,-360.565607,OC1=CC(O)=CN1,"InChI=1S/C4H5NO2/c6-3-1-4(7)5-2-3/h1-2,5-7H"
gdb_860,7.03262,2.20898,1.68098,1.7847,47.72,-0.1866,0.0565,0.2431,666.0864,0.079974,-376.613178,-376.60711,-376.606166,-376.642645,OC1=NC(O)=CN1,"InChI=1S/C3H4N2O2/c6-2-1-4-3(7)5-2/h1,6H,(H2,4,5,7)"
gdb_861,6.31859,2.01406,1.55685,1.8965,68.88,-0.1849,0.0493,0.2342,810.2976,0.137479,-288.692943,-288.685603,-288.684659,-288.724105,CC1=CC=C(C)N1,"InChI=1S/C6H9N/c1-5-3-4-6(2)7-5/h3-4,7H,1-2H3"
gdb_862,6.18675,2.12951,1.61604,0.1269,64.89,-0.2015,0.0273,0.2289,776.8712,0.124938,-308.565933,-308.558908,-308.557964,-308.596797,CC1=CC=C(C)O1,"InChI=1S/C6H8O/c1-5-3-4-6(2)7-5/h3-4H,1-2H3"
gdb_863,6.44142,2.04316,1.57601,1.4242,64.74,-0.1766,0.0551,0.2317,779.2426,0.126563,-304.737186,-304.729942,-304.728998,-304.768244,CC1=CC=C(N)N1,"InChI=1S/C5H8N2/c1-4-2-3-5(6)7-4/h2-3,7H,6H2,1H3"
gdb_864,6.30608,2.17788,1.63864,1.3555,61.51,-0.1764,0.0421,0.2186,744.0315,0.114106,-324.611571,-324.604717,-324.603773,-324.642046,CC1=CC=C(N)O1,"InChI=1S/C5H7NO/c1-4-2-3-5(6)7-4/h2-3H,6H2,1H3"
gdb_865,6.51354,2.06991,1.58627,0.8444,60.4,-0.1738,0.0626,0.2364,755.0624,0.113974,-324.615795,-324.608802,-324.607858,-324.646355,CC1=CC=C(O)N1,"InChI=1S/C5H7NO/c1-4-2-3-5(7)6-4/h2-3,6-7H,1H3"
gdb_866,6.63363,2.1472,1.65556,1.7659,60.38,-0.2243,0.0129,0.2372,750.3418,0.11372,-324.629068,-324.622246,-324.621302,-324.659799,CC1=CN=C(C)O1,"InChI=1S/C5H7NO/c1-4-3-6-5(2)7-4/h3H,1-2H3"
gdb_867,6.80587,2.19976,1.68265,1.9777,56.83,-0.1993,0.0322,0.2315,716.5148,0.103202,-340.679724,-340.673242,-340.672298,-340.709771,CC1=CN=C(N)O1,"InChI=1S/C4H6N2O/c1-3-2-6-4(5)7-3/h2H,1H3,(H2,5,6)"
gdb_868,7.08496,2.09405,1.63277,2.3274,55.95,-0.1961,0.0513,0.2474,726.3185,0.103349,-340.685408,-340.678933,-340.677989,-340.715468,CC1=CN=C(O)N1,"InChI=1S/C4H6N2O/c1-3-2-5-4(7)6-3/h2H,1H3,(H2,5,6,7)"
gdb_869,6.96249,2.21142,1.69608,0.7781,52.25,-0.2163,0.0262,0.2425,695.4339,0.091041,-360.557411,-360.551281,-360.550336,-360.587232,CC1=CN=C(O)O1,"InChI=1S/C4H5NO2/c1-3-2-5-4(6)7-3/h2H,1H3,(H,5,6)"
gdb_870,6.75591,2.19842,1.6798,2.5916,57.19,-0.196,0.0257,0.2217,717.3895,0.102764,-340.673967,-340.667285,-340.666341,-340.704398,CC1=NC=C(N)O1,"InChI=1S/C4H6N2O/c1-3-6-2-4(5)7-3/h2H,5H2,1H3"
gdb_871,6.9795,2.09462,1.62747,2.6666,56.19,-0.1933,0.0472,0.2404,727.3056,0.102709,-340.676441,-340.669701,-340.668757,-340.70692,CC1=NC=C(O)N1,"InChI=1S/C4H6N2O/c1-3-5-2-4(7)6-3/h2,7H,1H3,(H,5,6)"
gdb_872,6.57421,2.07019,1.59473,0.3173,60.48,-0.171,0.0618,0.2327,748.8092,0.115679,-320.781098,-320.773963,-320.773018,-320.812029,NC1=CC=C(N)N1,"InChI=1S/C4H7N3/c5-3-1-2-4(6)7-3/h1-2,7H,5-6H2"
gdb_873,6.45502,2.19638,1.65676,2.0265,57.35,-0.1783,0.0406,0.2189,715.172,0.103132,-340.656176,-340.649457,-340.648513,-340.686492,NC1=CC=C(N)O1,"InChI=1S/C4H6N2O/c5-3-1-2-4(6)7-3/h1-2H,5-6H2"
gdb_874,6.63826,2.09321,1.60499,0.343,55.88,-0.1749,0.0646,0.2395,725.6234,0.102908,-340.65962,-340.652573,-340.651629,-340.69137,NC1=CC=C(O)N1,"InChI=1S/C4H6N2O/c5-3-1-2-4(7)6-3/h1-2,6-7H,5H2"
gdb_875,6.52191,2.21118,1.66614,2.0293,52.69,-0.1916,0.0354,0.227,693.7941,0.090593,-360.534222,-360.527751,-360.526806,-360.564276,NC1=CC=C(O)O1,"InChI=1S/C4H5NO2/c5-3-1-2-4(6)7-3/h1-2,6H,5H2"
gdb_876,6.98062,2.21842,1.70172,2.9043,52.81,-0.2014,0.0306,0.232,687.7705,0.092201,-356.724041,-356.71771,-356.716766,-356.753876,NC1=CN=C(N)O1,"InChI=1S/C3H5N3O/c4-2-1-6-3(5)7-2/h1H,4H2,(H2,5,6)"
gdb_877,7.22586,2.12285,1.65302,1.9578,51.7,-0.1914,0.055,0.2464,696.1402,0.092363,-356.72869,-356.722257,-356.721312,-356.758866,NC1=CN=C(O)N1,"InChI=1S/C3H5N3O/c4-2-1-5-3(7)6-2/h1H,4H2,(H2,5,6,7)"
gdb_878,7.15097,2.2289,1.71504,1.1577,48.35,-0.2191,0.0241,0.2432,666.9129,0.080017,-376.602183,-376.596199,-376.595255,-376.631802,NC1=CN=C(O)O1,"InChI=1S/C3H4N2O2/c4-2-1-5-3(6)7-2/h1H,4H2,(H,5,6)"
gdb_879,6.70299,2.129,1.61579,0.4363,51.65,-0.1637,0.0726,0.2363,700.6426,0.09023,-360.536972,-360.53016,-360.529215,-360.567257,OC1=CC=C(O)N1,"InChI=1S/C4H5NO2/c6-3-1-2-4(7)5-3/h1-2,5-7H"
gdb_880,7.27394,2.15911,1.66492,1.5885,47.59,-0.1858,0.0621,0.2479,671.6545,0.079713,-376.605347,-376.599148,-376.598203,-376.635026,OC1=CN=C(O)N1,"InChI=1S/C3H4N2O2/c6-2-1-4-3(7)5-2/h1,6H,(H2,4,5,7)"
gdb_881,6.6808,2.22439,1.68627,3.5255,57.83,-0.1875,0.0349,0.2224,712.3352,0.102241,-340.667287,-340.660561,-340.659617,-340.697882,CC1=CNC(=N)O1,"InChI=1S/C4H6N2O/c1-3-2-6-4(5)7-3/h2H,1H3,(H2,5,6)"
gdb_882,6.87267,2.12729,1.64107,3.995,56.15,-0.1889,0.0448,0.2337,721.2931,0.103178,-340.702898,-340.696288,-340.695344,-340.73311,CC1=CNC(=O)N1,"InChI=1S/C4H6N2O/c1-3-2-5-4(7)6-3/h2H,1H3,(H2,5,6,7)"
gdb_883,6.80041,2.23383,1.69925,4.7534,52.51,-0.2119,0.0277,0.2397,692.3648,0.090742,-360.576433,-360.57016,-360.569216,-360.606411,CC1=CNC(=O)O1,"InChI=1S/C4H5NO2/c1-3-2-5-4(6)7-3/h2H,1H3,(H,5,6)"
gdb_884,7.01377,2.14767,1.66123,3.7223,57.33,-0.1893,0.035,0.2243,720.44,0.102362,-340.665581,-340.658927,-340.657983,-340.695967,CC1=COC(=N)N1,"InChI=1S/C4H6N2O/c1-3-2-7-4(5)6-3/h2H,1H3,(H2,5,6)"
gdb_885,6.92502,2.25558,1.71963,3.9101,53.41,-0.2175,0.0207,0.2382,691.3594,0.090314,-360.537947,-360.531853,-360.530908,-360.56777,CC1=COC(=N)O1,"InChI=1S/C4H5NO2/c1-3-2-6-4(5)7-3/h2,5H,1H3"
gdb_886,7.11928,2.15393,1.67086,5.1359,52.05,-0.2139,0.0278,0.2418,700.8791,0.090834,-360.574465,-360.568217,-360.567273,-360.604415,CC1=COC(=O)N1,"InChI=1S/C4H5NO2/c1-3-2-7-4(6)5-3/h2H,1H3,(H,5,6)"
gdb_887,7.03954,2.26209,1.73043,4.8929,48.41,-0.2414,0.0124,0.2538,672.3819,0.078484,-380.446861,-380.440987,-380.440042,-380.476551,CC1=COC(=O)O1,"InChI=1S/C4H4O3/c1-3-2-6-4(5)7-3/h2H,1H3"
gdb_888,6.75419,2.28607,1.71468,4.0951,53.96,-0.176,0.0503,0.2263,679.0822,0.091449,-356.710498,-356.704045,-356.703101,-356.740474,NC1=CNC(=N)O1,"InChI=1S/C3H5N3O/c4-2-1-6-3(5)7-2/h1H,4H2,(H2,5,6)"
gdb_889,6.98295,2.17101,1.66436,4.7064,52.31,-0.1795,0.0543,0.2338,689.3551,0.092148,-356.745773,-356.739247,-356.738303,-356.775816,NC1=CNC(=O)N1,"InChI=1S/C3H5N3O/c4-2-1-5-3(7)6-2/h1H,4H2,(H2,5,6,7)"
gdb_890,6.90575,2.29329,1.72565,5.1829,48.82,-0.1911,0.0466,0.2378,659.6148,0.07952,-376.620836,-376.614507,-376.613563,-376.65086,NC1=CNC(=O)O1,"InChI=1S/C3H4N2O2/c4-2-1-5-3(6)7-2/h1H,4H2,(H,5,6)"
gdb_891,7.09891,2.27719,1.74028,3.0803,49.51,-0.2198,0.0181,0.2379,662.8337,0.079235,-376.582598,-376.576571,-376.575627,-376.612425,NC1=COC(=N)O1,"InChI=1S/C3H4N2O2/c4-2-1-6-3(5)7-2/h1,5H,4H2"
gdb_892,7.22458,2.20437,1.6968,5.6891,48.4,-0.2028,0.0398,0.2427,668.2968,0.079953,-376.617653,-376.611591,-376.610647,-376.647296,NC1=COC(=O)N1,"InChI=1S/C3H4N2O2/c4-2-1-7-3(6)5-2/h1H,4H2,(H,5,6)"
gdb_893,7.14769,2.32787,1.76012,5.5589,44.88,-0.2178,0.0334,0.2512,639.068,0.067459,-396.491525,-396.485743,-396.484799,-396.521021,NC1=COC(=O)O1,"InChI=1S/C3H3NO3/c4-2-1-6-3(5)7-2/h1H,4H2"
gdb_894,6.84057,2.29947,1.72428,2.3767,49.46,-0.1858,0.0486,0.2344,658.0445,0.078652,-376.587741,-376.58136,-376.580416,-376.617825,OC1=CNC(=N)O1,"InChI=1S/C3H4N2O2/c4-3-5-1-2(6)7-3/h1,6H,(H2,4,5)"
gdb_895,7.05598,2.19625,1.67491,4.6832,47.88,-0.1833,0.0512,0.2345,666.7767,0.079218,-376.622507,-376.61597,-376.615026,-376.652743,OC1=CNC(=O)N1,"InChI=1S/C3H4N2O2/c6-2-1-4-3(7)5-2/h1,6H,(H2,4,5,7)"
gdb_896,6.9758,2.31012,1.73541,3.114,44.36,-0.2031,0.0458,0.2489,638.5325,0.066802,-396.498209,-396.491977,-396.491032,-396.528328,OC1=CNC(=O)O1,"InChI=1S/C3H3NO3/c5-2-1-4-3(6)7-2/h1,5H,(H,4,6)"
gdb_897,7.18299,2.22298,1.69761,4.0805,49.23,-0.1871,0.0426,0.2297,665.4617,0.078724,-376.585,-376.578618,-376.577674,-376.615192,OC1=COC(=N)N1,"InChI=1S/C3H4N2O2/c4-3-5-2(6)1-7-3/h1,6H,(H2,4,5)"
gdb_898,7.08554,2.34257,1.76052,2.3081,45.36,-0.2123,0.0416,0.2538,636.5841,0.066442,-396.458774,-396.452748,-396.451803,-396.488863,OC1=COC(=N)O1,"InChI=1S/C3H3NO3/c4-3-6-1-2(5)7-3/h1,4-5H"
gdb_899,7.22498,2.34498,1.77037,3.6671,40.61,-0.2319,0.0286,0.2605,618.2559,0.054586,-416.367317,-416.36152,-416.360576,-416.397228,OC1=COC(=O)O1,"InChI=1S/C3H2O4/c4-2-1-6-3(5)7-2/h1,4H"
gdb_900,6.6962,1.99188,1.56575,1.8384,68.21,-0.1961,0.0494,0.2455,805.9643,0.137493,-288.680991,-288.67366,-288.672716,-288.712459,CN1C=CC(C)=C1,"InChI=1S/C6H9N/c1-6-3-4-7(2)5-6/h3-5H,1-2H3"
gdb_901,6.88602,2.02282,1.58289,1.8575,64.76,-0.1719,0.0525,0.2244,773.113,0.126581,-304.724431,-304.71724,-304.716296,-304.755642,CN1C=CC(N)=C1,"InChI=1S/C5H8N2/c1-7-3-2-5(6)4-7/h2-4H,6H2,1H3"
gdb_902,6.96625,2.03651,1.59188,1.7744,60.31,-0.1841,0.0475,0.2317,750.6495,0.114013,-324.602433,-324.595443,-324.594499,-324.633577,CN1C=CC(O)=C1,"InChI=1S/C5H7NO/c1-6-3-2-5(7)4-6/h2-4,7H,1H3"
gdb_903,7.22374,2.01491,1.60711,3.5741,63.83,-0.2122,0.0367,0.249,777.9635,0.12626,-304.743934,-304.736809,-304.735865,-304.775338,CN1C=NC(C)=C1,"InChI=1S/C5H8N2/c1-5-3-7(2)4-6-5/h3-4H,1-2H3"
gdb_904,7.48187,2.05024,1.62925,3.1927,60.5,-0.1822,0.0386,0.2207,744.091,0.115616,-320.79136,-320.784536,-320.783592,-320.821974,CN1C=NC(N)=C1,"InChI=1S/C4H7N3/c1-7-2-4(5)6-3-7/h2-3H,5H2,1H3"
gdb_905,7.60574,2.0668,1.64202,3.0931,56.09,-0.1973,0.0318,0.229,720.9454,0.103405,-340.672417,-340.665966,-340.665022,-340.70269,CN1C=NC(O)=C1,"InChI=1S/C4H6N2O/c1-6-2-4(7)5-3-6/h2-3,7H,1H3"
gdb_906,5.9881,2.83597,1.92452,3.2038,55.61,-0.2413,-0.0317,0.2096,604.8294,0.081241,-339.459869,-339.454631,-339.453687,-339.488948,N=C1C=COC=N1,"InChI=1S/C4H4N2O/c5-4-1-2-7-3-6-4/h1-3,5H"
gdb_907,5.94332,2.9643,1.97783,6.8848,55.72,-0.2328,-0.0391,0.1937,593.0185,0.081923,-335.643923,-335.638467,-335.637523,-335.67368,N=C1N=CNC=N1,"InChI=1S/C3H4N4/c4-3-6-1-5-2-7-3/h1-2H,(H2,4,5,6,7)"
gdb_908,6.1468,2.96763,2.00138,4.1255,51.09,-0.2655,-0.0496,0.2159,575.5169,0.069314,-355.514134,-355.508965,-355.508021,-355.543475,N=C1N=COC=N1,"InChI=1S/C3H3N3O/c4-3-5-1-7-2-6-3/h1-2,4H"
gdb_909,5.72339,2.70335,1.8361,6.5185,58.94,-0.2147,-0.0104,0.2043,636.0533,0.093386,-323.433262,-323.427849,-323.426905,-323.462306,O=C1C=CNC=C1,"InChI=1S/C5H5NO/c7-5-1-3-6-4-2-5/h1-4H,(H,6,7)"
gdb_910,5.86771,2.83938,1.91346,7.3926,54.43,-0.2323,-0.0284,0.2039,604.9605,0.081579,-339.489014,-339.483703,-339.482759,-339.518156,O=C1C=CNC=N1,"InChI=1S/C4H4N2O/c7-4-1-2-5-3-6-4/h1-3H,(H,5,6,7)"
gdb_911,5.89605,2.71273,1.85792,3.7714,54.33,-0.2372,-0.0374,0.1998,617.7884,0.080615,-343.296547,-343.291344,-343.2904,-343.325521,O=C1C=COC=C1,InChI=1S/C5H4O2/c6-5-1-3-7-4-2-5/h1-4H
gdb_912,6.05207,2.8452,1.93535,4.7817,49.87,-0.2557,-0.0481,0.2076,587.4329,0.068731,-359.354596,-359.349462,-359.348518,-359.383694,O=C1C=COC=N1,InChI=1S/C4H3NO2/c6-4-1-2-7-3-5-4/h1-3H
gdb_913,6.21503,2.98117,2.01475,5.2453,45.42,-0.2737,-0.0602,0.2136,558.3529,0.056738,-375.410333,-375.405204,-375.40426,-375.440082,O=C1N=COC=N1,InChI=1S/C3H2N2O2/c6-3-4-1-7-2-5-3/h1-2H
gdb_914,6.10992,2.93275,1.98159,2.5204,55.13,-0.2379,-0.0605,0.1774,590.8998,0.082644,-335.656557,-335.651353,-335.650409,-335.685593,N=C1NC=NC=N1,"InChI=1S/C3H4N4/c4-3-6-1-5-2-7-3/h1-2H,(H2,4,5,6,7)"
gdb_915,5.64138,2.86433,1.89976,3.2154,61.04,-0.2142,-0.0473,0.167,626.3181,0.092406,-323.407987,-323.402581,-323.401637,-323.437096,N=C1OC=CC=C1,"InChI=1S/C5H5NO/c6-5-3-1-2-4-7-5/h1-4,6H"
gdb_916,5.80101,2.9884,1.97234,4.7952,56.62,-0.2368,-0.069,0.1678,597.0822,0.080364,-339.455981,-339.45062,-339.449675,-339.485369,N=C1OC=CC=N1,"InChI=1S/C4H4N2O/c5-4-6-2-1-3-7-4/h1-3,5H"
gdb_917,5.76839,2.94566,1.94992,2.6467,57.,-0.2342,-0.0702,0.164,600.6297,0.080481,-339.450073,-339.444769,-339.443825,-339.47919,N=C1OC=CN=C1,"InChI=1S/C4H4N2O/c5-4-3-6-1-2-7-4/h1-3,5H"
gdb_918,5.96876,2.87856,1.94199,1.2327,56.03,-0.2407,-0.0592,0.1815,601.5686,0.080879,-339.465889,-339.460617,-339.459673,-339.49494,N=C1OC=NC=C1,"InChI=1S/C4H4N2O/c5-4-1-2-6-3-7-4/h1-3,5H"
gdb_919,6.13696,3.00966,2.01934,3.1519,51.37,-0.2666,-0.0812,0.1854,572.3677,0.068918,-355.516778,-355.511553,-355.510609,-355.54606,N=C1OC=NC=N1,"InChI=1S/C3H3N3O/c4-3-6-1-5-2-7-3/h1-2,4H"
gdb_920,5.67614,2.78831,1.8698,4.0148,59.34,-0.2165,-0.0382,0.1783,629.1283,0.093535,-323.448965,-323.443695,-323.442751,-323.477888,O=C1NC=CC=C1,"InChI=1S/C5H5NO/c7-5-3-1-2-4-6-5/h1-4H,(H,6,7)"
gdb_921,5.85008,2.92013,1.94784,5.7625,54.88,-0.2398,-0.0592,0.1806,598.3612,0.081719,-339.498757,-339.49358,-339.492636,-339.527754,O=C1NC=CC=N1,"InChI=1S/C4H4N2O/c7-4-5-2-1-3-6-4/h1-3H,(H,5,6,7)"
gdb_922,5.82073,2.86312,1.91913,3.9263,55.68,-0.2327,-0.0614,0.1713,603.4675,0.08157,-339.489875,-339.484713,-339.483769,-339.51876,O=C1NC=CN=C1,"InChI=1S/C4H4N2O/c7-4-3-5-1-2-6-4/h1-3H,(H,6,7)"
gdb_923,6.00403,2.80433,1.91151,2.1772,54.42,-0.2462,-0.0495,0.1966,604.0391,0.082053,-339.50409,-339.49897,-339.498026,-339.532954,O=C1NC=NC=C1,"InChI=1S/C4H4N2O/c7-4-1-2-5-3-6-4/h1-3H,(H,5,6,7)"
gdb_924,6.18662,2.94248,1.99406,4.2703,49.71,-0.2704,-0.0708,0.1996,573.4433,0.070235,-355.556836,-355.551792,-355.550848,-355.585782,O=C1NC=NC=N1,"InChI=1S/C3H3N3O/c7-3-5-1-4-2-6-3/h1-2H,(H,4,5,6,7)"
gdb_925,5.7214,2.8745,1.91326,4.4021,55.47,-0.2389,-0.06,0.1788,608.2681,0.080268,-343.312201,-343.306972,-343.306028,-343.34119,O=C1OC=CC=C1,InChI=1S/C5H4O2/c6-5-3-1-2-4-7-5/h1-4H
gdb_926,5.88606,3.00405,1.98895,5.4728,51.09,-0.2659,-0.0815,0.1844,579.0954,0.068208,-359.361259,-359.356051,-359.355107,-359.390504,O=C1OC=CC=N1,InChI=1S/C4H3NO2/c6-4-5-2-1-3-7-4/h1-3H
gdb_927,5.85939,2.95546,1.96455,3.0076,51.72,-0.2579,-0.0857,0.1722,582.7982,0.068294,-359.351415,-359.346295,-359.345351,-359.380383,O=C1OC=CN=C1,InChI=1S/C4H3NO2/c6-4-3-5-1-2-7-4/h1-3H
gdb_928,6.0484,2.89053,1.95584,2.3383,50.57,-0.2693,-0.0727,0.1966,583.7262,0.06869,-359.369049,-359.363934,-359.36299,-359.398,O=C1OC=NC=C1,InChI=1S/C4H3NO2/c6-4-1-2-5-3-7-4/h1-3H
gdb_929,6.22215,3.02768,2.03665,3.3389,45.97,-0.2954,-0.0947,0.2008,554.5818,0.05672,-375.420808,-375.415714,-375.41477,-375.449982,O=C1OC=NC=N1,InChI=1S/C3H2N2O2/c6-3-5-1-4-2-7-3/h1-2H
gdb_930,5.55639,2.51908,1.75211,0.325,69.91,-0.2361,0.0045,0.2407,716.7466,0.127387,-271.458576,-271.452298,-271.451354,-271.490149,CC1=CC=CC=C1,"InChI=1S/C7H8/c1-7-5-3-2-4-6-7/h2-6H,1H3"
gdb_931,5.88686,2.52653,1.78742,2.5781,65.39,-0.2489,-0.0177,0.2312,691.3554,0.115921,-287.507193,-287.501083,-287.500139,-287.538062,CC1=CC=NC=C1,"InChI=1S/C6H7N/c1-6-2-4-7-5-3-6/h2-5H,1H3"
gdb_932,5.72119,2.5835,1.79964,2.344,65.6,-0.248,-0.0209,0.2272,688.9823,0.115957,-287.506415,-287.500353,-287.499409,-287.536739,CC1=CN=CC=C1,"InChI=1S/C6H7N/c1-6-3-2-4-7-5-6/h2-5H,1H3"
gdb_933,5.89436,2.6957,1.87112,0.5825,61.88,-0.2438,-0.0469,0.1969,657.0932,0.103975,-303.553222,-303.547289,-303.546344,-303.583364,CC1=CN=CC=N1,"InChI=1S/C5H6N2/c1-5-4-6-2-3-7-5/h2-4H,1H3"
gdb_934,5.91694,2.64168,1.84728,2.678,60.88,-0.2478,-0.0379,0.2099,662.268,0.104175,-303.556846,-303.550797,-303.549852,-303.588065,CC1=CN=CN=C1,"InChI=1S/C5H6N2/c1-5-2-6-4-7-3-5/h2-4H,1H3"
gdb_935,5.72552,2.6336,1.82416,1.7418,65.77,-0.2473,-0.0197,0.2276,683.4613,0.115841,-287.508781,-287.502724,-287.50178,-287.539114,CC1=NC=CC=C1,"InChI=1S/C6H7N/c1-6-4-2-3-5-7-6/h2-5H,1H3"
gdb_936,5.90331,2.75259,1.89923,1.565,61.2,-0.2443,-0.0361,0.2082,651.2143,0.103946,-303.560907,-303.554892,-303.553948,-303.591796,CC1=NC=CC=N1,"InChI=1S/C5H6N2/c1-5-6-3-2-4-7-5/h2-4H,1H3"
gdb_937,5.89436,2.6957,1.87112,0.5825,61.88,-0.2438,-0.0469,0.1969,657.0932,0.103975,-303.553222,-303.547289,-303.546344,-303.583364,CC1=NC=CN=C1,"InChI=1S/C5H6N2/c1-5-4-6-2-3-7-5/h2-4H,1H3"
gdb_938,6.06085,2.64818,1.86411,2.4107,60.93,-0.2484,-0.0362,0.2122,657.9913,0.104172,-303.56035,-303.554385,-303.553441,-303.590692,CC1=NC=NC=C1,"InChI=1S/C5H6N2/c1-5-2-3-6-4-7-5/h2-4H,1H3"
gdb_939,6.2471,2.77153,1.94282,0.7915,56.17,-0.2666,-0.0481,0.2184,626.0342,0.092318,-319.615129,-319.609177,-319.608233,-319.646346,CC1=NC=NC=N1,"InChI=1S/C4H5N3/c1-4-6-2-5-3-7-4/h2-3H,1H3"
gdb_940,5.63915,2.59726,1.78123,1.6318,67.3,-0.1991,0.0086,0.2077,683.6836,0.116849,-287.509315,-287.503525,-287.502581,-287.538453,NC1=CC=CC=C1,"InChI=1S/C6H7N/c7-6-4-2-1-3-5-6/h1-5H,7H2"
gdb_941,5.80863,2.66674,1.83068,3.1429,63.26,-0.2124,-0.0137,0.1987,656.1003,0.105287,-303.556664,-303.55101,-303.550066,-303.585747,NC1=CN=CC=C1,"InChI=1S/C5H6N2/c6-5-2-1-3-7-4-5/h1-4H,6H2"
gdb_942,5.97861,2.80387,1.91107,2.024,59.71,-0.2239,-0.0358,0.1881,622.827,0.093523,-319.610683,-319.605193,-319.604249,-319.639659,NC1=CN=CC=N1,"InChI=1S/C4H5N3/c5-4-3-6-1-2-7-4/h1-3H,(H2,5,7)"
gdb_943,6.01047,2.73055,1.88051,3.7857,58.89,-0.2275,-0.0332,0.1943,629.4268,0.093496,-319.606765,-319.601195,-319.600251,-319.635829,NC1=CN=CN=C1,"InChI=1S/C4H5N3/c5-4-1-6-3-7-2-4/h1-3H,5H2"
gdb_944,5.80255,2.73605,1.86194,1.8847,63.35,-0.2112,-0.0104,0.2008,649.0553,0.105483,-303.566436,-303.560858,-303.559914,-303.595433,NC1=NC=CC=C1,"InChI=1S/C5H6N2/c6-5-3-1-2-4-7-5/h1-4H,(H2,6,7)"
gdb_945,5.96876,2.88574,1.94665,0.6185,58.83,-0.2261,-0.0272,0.1989,615.2639,0.093849,-319.624414,-319.618911,-319.617967,-319.653407,NC1=NC=CC=N1,"InChI=1S/C4H5N3/c5-4-6-2-1-3-7-4/h1-3H,(H2,5,6,7)"
gdb_946,5.97845,2.80397,1.9111,2.0249,59.71,-0.2239,-0.0357,0.1881,622.82,0.093523,-319.610687,-319.605198,-319.604254,-319.639661,NC1=NC=CN=C1,"InChI=1S/C4H5N3/c5-4-3-6-1-2-7-4/h1-3H,(H2,5,7)"
gdb_947,6.14402,2.75995,1.90595,3.6179,58.46,-0.2369,-0.0189,0.218,622.7457,0.093894,-319.62156,-319.616041,-319.615097,-319.650559,NC1=NC=NC=C1,"InChI=1S/C4H5N3/c5-4-1-2-6-3-7-4/h1-3H,(H2,5,6,7)"
gdb_948,6.31354,2.91643,1.99492,2.6127,53.66,-0.2547,-0.0356,0.2191,589.2643,0.081891,-335.683118,-335.677266,-335.676322,-335.713378,NC1=NC=NC=N1,"InChI=1S/C3H4N4/c4-3-6-1-5-2-7-3/h1-2H,(H2,4,5,6,7)"
gdb_949,5.67429,2.62513,1.79479,1.255,62.42,-0.2191,0.001,0.2201,662.6765,0.104479,-307.387663,-307.382167,-307.381222,-307.416622,OC1=CC=CC=C1,"InChI=1S/C6H6O/c7-6-4-2-1-3-5-6/h1-5,7H"
gdb_950,6.01624,2.63801,1.83388,2.6912,58.03,-0.251,-0.0094,0.2417,636.9469,0.093196,-323.437779,-323.432484,-323.43154,-323.466639,OC1=CC=NC=C1,"InChI=1S/C5H5NO/c7-5-1-3-6-4-2-5/h1-4H,(H,6,7)"
gdb_951,5.84547,2.69484,1.8445,3.3459,58.48,-0.2336,-0.0218,0.2118,635.5898,0.092899,-323.433551,-323.428186,-323.427242,-323.462458,OC1=CN=CC=C1,"InChI=1S/C5H5NO/c7-5-2-1-3-6-4-5/h1-4,7H"
gdb_952,6.0306,2.83994,1.93072,1.3923,54.78,-0.2486,-0.0474,0.2013,601.9397,0.081528,-339.491316,-339.486232,-339.485288,-339.52006,OC1=CN=CC=N1,"InChI=1S/C4H4N2O/c7-4-3-5-1-2-6-4/h1-3H,(H,6,7)"
gdb_953,6.04892,2.75968,1.89509,2.7383,54.08,-0.2509,-0.0425,0.2084,609.0979,0.081173,-339.482903,-339.477651,-339.476706,-339.51177,OC1=CN=CN=C1,"InChI=1S/C4H4N2O/c7-4-1-5-3-6-2-4/h1-3,7H"
gdb_954,5.84962,2.77344,1.88142,1.0777,58.38,-0.2342,-0.0209,0.2133,627.5405,0.093502,-323.448833,-323.443647,-323.442703,-323.47761,OC1=NC=CC=C1,"InChI=1S/C5H5NO/c7-5-3-1-2-4-6-5/h1-4H,(H,6,7)"
gdb_955,6.04127,2.91204,1.96491,2.4022,53.76,-0.2562,-0.0416,0.2146,595.6777,0.081975,-339.501361,-339.496327,-339.495383,-339.530088,OC1=NC=CC=N1,"InChI=1S/C4H4N2O/c7-4-5-2-1-3-6-4/h1-3H,(H,5,6,7)"
gdb_956,6.0306,2.83994,1.93072,1.3923,54.78,-0.2486,-0.0474,0.2013,601.9397,0.081528,-339.491316,-339.486232,-339.485288,-339.52006,OC1=NC=CN=C1,"InChI=1S/C4H4N2O/c7-4-3-5-1-2-6-4/h1-3H,(H,6,7)"
gdb_957,6.19703,2.7938,1.92566,1.3708,53.65,-0.2607,-0.0323,0.2284,601.9424,0.082009,-339.501781,-339.49673,-339.495786,-339.530512,OC1=NC=NC=C1,"InChI=1S/C4H4N2O/c7-4-1-2-5-3-6-4/h1-3H,(H,5,6,7)"
gdb_958,6.39619,2.93895,2.01369,1.4464,48.86,-0.2773,-0.0535,0.2238,570.3717,0.070515,-355.557059,-355.552144,-355.5512,-355.58575,OC1=NC=NC=N1,"InChI=1S/C3H3N3O/c7-3-5-1-4-2-6-3/h1-2H,(H,4,5,6,7)"
gdb_959,3.52096,3.19779,1.71141,1.7538,67.73,-0.1892,0.0522,0.2415,743.04,0.137298,-288.69006,-288.682557,-288.681613,-288.722085,CC1=C(C)C=CN1,"InChI=1S/C6H9N/c1-5-3-4-7-6(5)2/h3-4,7H,1-2H3"
gdb_960,3.54573,3.27791,1.74006,0.7256,63.61,-0.2067,0.0281,0.2348,722.7251,0.125018,-308.561061,-308.553987,-308.553043,-308.592172,CC1=C(C)C=CO1,"InChI=1S/C6H8O/c1-5-3-4-7-6(5)2/h3-4H,1-2H3"
gdb_961,3.51132,3.36338,1.75533,3.4972,63.54,-0.2061,0.0383,0.2443,716.3821,0.126183,-304.752598,-304.745444,-304.7445,-304.783881,CC1=C(C)N=CN1,"InChI=1S/C5H8N2/c1-4-5(2)7-3-6-4/h3H,1-2H3,(H,6,7)"
gdb_962,3.51438,3.46311,1.78289,1.8213,59.48,-0.2264,0.0118,0.2382,697.1342,0.11377,-324.624987,-324.618145,-324.617201,-324.655847,CC1=C(C)N=CO1,"InChI=1S/C5H7NO/c1-4-5(2)7-3-6-4/h3H,1-2H3"
gdb_963,3.64667,3.22757,1.73951,1.4211,64.04,-0.1744,0.0523,0.2267,713.5505,0.126463,-304.73336,-304.72601,-304.725066,-304.764728,CC1=C(N)C=CN1,"InChI=1S/C5H8N2/c1-4-5(6)2-3-7-4/h2-3,7H,6H2,1H3"
gdb_964,3.59036,3.37098,1.76228,1.5904,60.29,-0.1862,0.0313,0.2175,694.6533,0.114142,-324.604397,-324.597486,-324.596542,-324.635134,CC1=C(N)C=CO1,"InChI=1S/C5H7NO/c1-4-5(6)2-3-7-4/h2-3H,6H2,1H3"
gdb_965,3.60275,3.52939,1.80743,1.819,56.25,-0.1969,0.0129,0.2099,669.2522,0.102952,-340.671493,-340.664765,-340.663821,-340.702175,CC1=C(N)N=CO1,"InChI=1S/C4H6N2O/c1-3-4(5)6-2-7-3/h2H,5H2,1H3"
gdb_966,3.62755,3.21941,1.7398,1.0524,63.33,-0.1911,0.0569,0.248,714.7866,0.126567,-304.735224,-304.727928,-304.726984,-304.76661,CC1=C(N)NC=C1,"InChI=1S/C5H8N2/c1-4-2-3-7-5(4)6/h2-3,7H,6H2,1H3"
gdb_967,3.69883,3.29997,1.7675,1.5911,60.16,-0.1802,0.0407,0.2209,693.8386,0.11402,-324.606601,-324.599633,-324.598689,-324.637445,CC1=C(N)OC=C1,"InChI=1S/C5H7NO/c1-4-2-3-7-5(4)6/h2-3H,6H2,1H3"
gdb_968,3.63168,3.48374,1.81545,2.2985,55.55,-0.2294,0.0104,0.2398,669.1394,0.102795,-340.670034,-340.663334,-340.66239,-340.700658,CC1=C(N)OC=N1,"InChI=1S/C4H6N2O/c1-3-4(5)7-2-6-3/h2H,5H2,1H3"
gdb_969,3.68209,3.27141,1.75124,1.4469,60.22,-0.1779,0.0499,0.2278,693.774,0.113648,-324.612512,-324.605191,-324.604247,-324.644231,CC1=C(O)C=CN1,"InChI=1S/C5H7NO/c1-4-5(7)2-3-6-4/h2-3,6-7H,1H3"
gdb_970,3.65621,3.38968,1.77845,1.5353,56.4,-0.1959,0.0248,0.2208,674.4643,0.101384,-344.481904,-344.475038,-344.474094,-344.512774,CC1=C(O)C=CO1,"InChI=1S/C5H6O2/c1-4-5(6)2-3-7-4/h2-3,6H,1H3"
gdb_971,3.69328,3.43506,1.79975,2.7987,56.22,-0.1912,0.0328,0.224,667.3045,0.103236,-340.681309,-340.674722,-340.673778,-340.711601,CC1=C(O)N=CN1,"InChI=1S/C4H6N2O/c1-3-4(7)6-2-5-3/h2,7H,1H3,(H,5,6)"
gdb_972,3.67496,3.54982,1.82623,0.4735,52.43,-0.2113,0.0055,0.2168,648.8899,0.09071,-360.551444,-360.545112,-360.544168,-360.581576,CC1=C(O)N=CO1,"InChI=1S/C4H5NO2/c1-3-4(6)5-2-7-3/h2,6H,1H3"
gdb_973,3.70058,3.2529,1.74999,0.8011,59.47,-0.1768,0.0585,0.2353,694.6721,0.113634,-324.613156,-324.605898,-324.604954,-324.644885,CC1=C(O)NC=C1,"InChI=1S/C5H7NO/c1-4-2-3-6-5(4)7/h2-3,6-7H,1H3"
gdb_974,3.65083,3.44963,1.79343,2.6012,55.6,-0.194,0.0466,0.2407,668.6975,0.102517,-340.673964,-340.667071,-340.666127,-340.704955,CC1=C(O)NC=N1,"InChI=1S/C4H6N2O/c1-3-4(7)6-2-5-3/h2,7H,1H3,(H,5,6)"
gdb_975,3.75065,3.37672,1.79893,1.0632,56.37,-0.1862,0.0306,0.2168,665.0627,0.10378,-340.652012,-340.645558,-340.644614,-340.68188,NC1=C(N)C=CO1,"InChI=1S/C4H6N2O/c5-3-1-2-7-4(3)6/h1-2H,5-6H2"
gdb_976,3.76313,3.54653,1.84847,1.5706,52.49,-0.1975,0.0211,0.2186,638.8503,0.092357,-356.716094,-356.709739,-356.708794,-356.746043,NC1=C(N)N=CO1,"InChI=1S/C3H5N3O/c4-2-3(5)7-1-6-2/h1H,4-5H2"
gdb_977,3.72774,3.33162,1.77579,0.5059,55.7,-0.1802,0.0547,0.2349,667.2553,0.103194,-340.656656,-340.64971,-340.648766,-340.687313,NC1=C(O)C=CN1,"InChI=1S/C4H6N2O/c5-4-3(7)1-2-6-4/h1-2,6-7H,5H2"
gdb_978,3.80501,3.40231,1.80937,0.8686,52.74,-0.1809,0.0344,0.2153,645.8036,0.090579,-360.52561,-360.519011,-360.518067,-360.555895,NC1=C(O)C=CO1,"InChI=1S/C4H5NO2/c5-4-3(6)1-2-7-4/h1-2,6H,5H2"
gdb_979,3.70737,3.52573,1.82466,1.8025,51.68,-0.1938,0.0369,0.2308,640.9807,0.09253,-356.725069,-356.718674,-356.71773,-356.755109,NC1=C(O)N=CN1,"InChI=1S/C3H5N3O/c4-2-3(7)6-1-5-2/h1,7H,4H2,(H,5,6)"
gdb_980,3.71229,3.65256,1.8566,0.9287,48.31,-0.2056,0.009,0.2146,621.2675,0.079623,-376.594067,-376.587743,-376.586799,-376.624388,NC1=C(O)N=CO1,"InChI=1S/C3H4N2O2/c4-2-3(6)5-1-7-2/h1,6H,4H2"
gdb_981,3.93123,3.24201,1.79361,0.4919,55.52,-0.1754,0.0638,0.2392,662.2233,0.103906,-340.65899,-340.652523,-340.651579,-340.688806,NC1=C(O)NC=C1,"InChI=1S/C4H6N2O/c5-3-1-2-6-4(3)7/h1-2,6-7H,5H2"
gdb_982,3.85467,3.4526,1.83893,1.4602,51.67,-0.1938,0.0447,0.2385,636.6865,0.092694,-356.722498,-356.716277,-356.715333,-356.752206,NC1=C(O)NC=N1,"InChI=1S/C3H5N3O/c4-2-3(7)6-1-5-2/h1,7H,4H2,(H,5,6)"
gdb_983,3.79505,3.41067,1.81011,0.5369,52.28,-0.1856,0.0309,0.2165,646.3254,0.090801,-360.526636,-360.520161,-360.519217,-360.556668,NC1=C(O)OC=C1,"InChI=1S/C4H5NO2/c5-3-1-2-7-4(3)6/h1-2,6H,5H2"
gdb_984,3.87258,3.32076,1.79473,1.2175,51.73,-0.1747,0.0573,0.232,645.3143,0.090592,-360.533083,-360.526491,-360.525547,-360.563056,OC1=C(O)C=CN1,"InChI=1S/C4H5NO2/c6-3-1-2-5-4(3)7/h1-2,5-7H"
gdb_985,3.74627,3.5992,1.83563,1.6377,48.07,-0.1804,0.0395,0.2198,620.4427,0.0793,-376.599676,-376.593189,-376.592245,-376.629756,OC1=C(O)N=CN1,"InChI=1S/C3H4N2O2/c6-2-3(7)5-1-4-2/h1,6-7H,(H,4,5)"
gdb_986,3.63958,3.07952,1.70321,1.553,67.02,-0.1946,0.0566,0.2512,744.2742,0.137461,-288.688929,-288.68158,-288.680636,-288.720008,CC1=CNC=C1C,"InChI=1S/C6H9N/c1-5-3-7-4-6(5)2/h3-4,7H,1-2H3"
gdb_987,3.75676,3.12372,1.72832,1.7114,63.55,-0.1733,0.0597,0.2329,715.206,0.126502,-304.732336,-304.725068,-304.724124,-304.763129,CC1=CNC=C1N,"InChI=1S/C5H8N2/c1-4-2-7-3-5(4)6/h2-3,7H,6H2,1H3"
gdb_988,3.79082,3.15201,1.73965,1.7284,59.45,-0.1843,0.0539,0.2382,695.8608,0.113814,-324.610229,-324.60306,-324.602116,-324.641094,CC1=CNC=C1O,"InChI=1S/C5H7NO/c1-4-2-6-3-5(4)7/h2-3,6-7H,1H3"
gdb_989,3.65038,3.1105,1.71507,1.0697,62.57,-0.2131,0.0299,0.243,727.9662,0.125199,-308.557865,-308.550869,-308.549925,-308.588663,CC1=COC=C1C,"InChI=1S/C6H8O/c1-5-3-7-4-6(5)2/h3-4H,1-2H3"
gdb_990,3.78434,3.15078,1.7422,1.8042,59.23,-0.1927,0.0345,0.2272,698.3486,0.114432,-324.601619,-324.594822,-324.593877,-324.632012,CC1=COC=C1N,"InChI=1S/C5H7NO/c1-4-2-7-3-5(4)6/h2-3H,6H2,1H3"
gdb_991,3.92426,3.15025,1.75905,1.2377,59.91,-0.1708,0.064,0.2348,684.8792,0.115587,-320.776316,-320.769025,-320.768081,-320.807481,NC1=CNC=C1N,"InChI=1S/C4H7N3/c5-3-1-7-2-4(3)6/h1-2,7H,5-6H2"
gdb_992,4.0274,3.14161,1.78163,3.1268,55.54,-0.1829,0.0472,0.23,664.0796,0.103814,-340.655117,-340.648528,-340.647584,-340.68519,NC1=CNC=C1O,"InChI=1S/C4H6N2O/c5-3-1-6-2-4(3)7/h1-2,6-7H,5H2"
gdb_993,3.9698,3.17387,1.77495,1.5036,55.75,-0.1911,0.0401,0.2312,667.5396,0.103842,-340.645995,-340.639435,-340.63849,-340.676096,NC1=COC=C1N,"InChI=1S/C4H6N2O/c5-3-1-7-2-4(3)6/h1-2H,5-6H2"
gdb_994,3.99575,3.21991,1.78313,2.9398,51.69,-0.1861,0.0534,0.2395,646.5172,0.090062,-360.531175,-360.524066,-360.523122,-360.562402,OC1=CNC=C1O,"InChI=1S/C4H5NO2/c6-3-1-5-2-4(3)7/h1-2,5-7H"
gdb_995,3.88827,3.17034,1.78537,2.0775,67.42,-0.191,0.0511,0.2421,718.2272,0.137574,-288.682324,-288.675088,-288.674144,-288.713769,CN1C=CC=C1C,"InChI=1S/C6H9N/c1-6-4-3-5-7(6)2/h3-5H,1-2H3"
gdb_996,3.96414,3.23238,1.8133,1.725,63.78,-0.1817,0.0545,0.2363,691.1415,0.12689,-304.72746,-304.720443,-304.719499,-304.758236,CN1C=CC=C1N,"InChI=1S/C5H8N2/c1-7-4-2-3-5(7)6/h2-4H,6H2,1H3"
gdb_997,4.06611,3.26467,1.83192,1.1867,59.45,-0.1787,0.0612,0.24,669.783,0.114073,-324.60605,-324.599064,-324.59812,-324.637077,CN1C=CC=C1O,"InChI=1S/C5H7NO/c1-6-4-2-3-5(6)7/h2-4,7H,1H3"
gdb_998,3.87635,3.32907,1.83223,3.7673,62.88,-0.2105,0.0365,0.2471,691.9459,0.126291,-304.744503,-304.737403,-304.736458,-304.77634,CN1C=CN=C1C,"InChI=1S/C5H8N2/c1-5-6-3-4-7(5)2/h3-4H,1-2H3"
gdb_999,4.05002,3.44685,1.88426,2.452,55.05,-0.2013,0.0473,0.2485,643.5085,0.103382,-340.675814,-340.669226,-340.668282,-340.707078,CN1C=CN=C1O,"InChI=1S/C4H6N2O/c1-6-3-2-5-4(6)7/h2-3H,1H3,(H,5,7)"
gdb_1000,3.9276,3.21907,1.80917,4.0475,62.88,-0.211,0.0372,0.2483,697.1187,0.126618,-304.742823,-304.735902,-304.734958,-304.77362,CN1C=NC=C1C,"InChI=1S/C5H8N2/c1-5-3-6-4-7(5)2/h3-4H,1-2H3"
gdb_1001,4.14183,3.3009,1.85838,3.2284,55.16,-0.1984,0.047,0.2454,648.2207,0.103022,-340.664901,-340.65818,-340.657236,-340.695735,CN1C=NC=C1O,"InChI=1S/C4H6N2O/c1-6-3-5-2-4(6)7/h2-3,7H,1H3"
gdb_1002,4.12084,3.39907,1.8849,3.4953,55.38,-0.1908,0.0385,0.2293,642.7623,0.103394,-340.693392,-340.686888,-340.685944,-340.72369,CN1C=CNC1=O,"InChI=1S/C4H6N2O/c1-6-3-2-5-4(6)7/h2-3H,1H3,(H,5,7)"
gdb_1003,4.11426,3.43358,1.89409,3.115,56.61,-0.1889,0.0283,0.2172,643.3484,0.102517,-340.654874,-340.648235,-340.647291,-340.686744,CN1C=COC1=N,"InChI=1S/C4H6N2O/c1-6-2-3-7-4(6)5/h2-3,5H,1H3"
gdb_1004,4.18683,3.45516,1.91599,4.5793,51.5,-0.2148,0.0208,0.2355,624.5552,0.091043,-360.564233,-360.558066,-360.557121,-360.594356,CN1C=COC1=O,"InChI=1S/C4H5NO2/c1-5-2-3-7-4(5)6/h2-3H,1H3"
gdb_1005,9.01478,1.96543,1.61363,1.6894,67.41,-0.2014,0.0006,0.202,717.6309,0.0915,-286.248451,-286.24246,-286.241516,-286.277934,C#CC1=CC=CN1,"InChI=1S/C6H5N/c1-2-6-4-3-5-7-6/h1,3-5,7H"
gdb_1006,9.28384,2.00762,1.65067,0.9458,63.52,-0.2176,-0.0207,0.1969,695.0087,0.078838,-306.113519,-306.107793,-306.106849,-306.142861,C#CC1=CC=CO1,"InChI=1S/C6H4O/c1-2-6-4-3-5-7-6/h1,3-5H"
gdb_1007,9.56141,1.96898,1.63275,3.156,62.39,-0.2202,-0.0122,0.208,695.7367,0.080209,-302.306196,-302.300429,-302.299484,-302.335569,C#CC1=CN=CN1,"InChI=1S/C5H4N2/c1-2-5-3-6-4-7-5/h1,3-4H,(H,6,7)"
gdb_1008,9.85901,2.01037,1.66986,1.2645,58.6,-0.238,-0.035,0.203,673.579,0.067576,-322.172641,-322.167108,-322.166164,-322.201892,C#CC1=CN=CO1,"InChI=1S/C5H3NO/c1-2-5-3-6-4-7-5/h1,3-4H"
gdb_1009,9.37045,2.03398,1.67122,3.6066,62.77,-0.2204,-0.0156,0.2049,686.5481,0.080084,-302.30389,-302.298152,-302.297208,-302.333219,C#CC1=NC=CN1,"InChI=1S/C5H4N2/c1-2-5-6-3-4-7-5/h1,3-4H,(H,6,7)"
gdb_1010,9.64623,2.07877,1.71022,1.4875,58.76,-0.2403,-0.039,0.2013,664.2358,0.067428,-322.169697,-322.16418,-322.163236,-322.198917,C#CC1=NC=CO1,"InChI=1S/C5H3NO/c1-2-5-6-3-4-7-5/h1,3-4H"
gdb_1011,8.97887,1.99206,1.63035,4.4099,60.82,-0.2336,-0.0234,0.2101,691.8345,0.081553,-302.353948,-302.348406,-302.347462,-302.383224,N#CC1=CC=CN1,"InChI=1S/C5H4N2/c6-4-5-2-1-3-7-5/h1-3,7H"
gdb_1012,9.26235,2.03346,1.6674,4.7027,56.92,-0.2523,-0.0466,0.2057,670.0093,0.068754,-322.216227,-322.210914,-322.20997,-322.245374,N#CC1=CC=CO1,InChI=1S/C5H3NO/c6-4-5-2-1-3-7-5/h1-3H
gdb_1013,9.51816,1.99547,1.64963,3.5836,56.07,-0.2551,-0.0376,0.2175,670.2864,0.070143,-318.409788,-318.404445,-318.403501,-318.438964,N#CC1=CN=CN1,"InChI=1S/C4H3N3/c5-1-4-2-6-3-7-4/h2-3H,(H,6,7)"
gdb_1014,9.83231,2.03584,1.68662,2.7733,52.24,-0.2763,-0.0623,0.214,648.9718,0.057354,-338.273162,-338.268017,-338.267072,-338.302227,N#CC1=CN=CO1,InChI=1S/C4H2N2O/c5-1-4-2-6-3-7-4/h2-3H
gdb_1015,9.3393,2.06141,1.68868,5.4748,56.52,-0.2529,-0.0417,0.2111,661.5936,0.06991,-318.406529,-318.401195,-318.400251,-318.435662,N#CC1=NC=CN1,"InChI=1S/C4H3N3/c5-3-4-6-1-2-7-4/h1-2H,(H,6,7)"
gdb_1016,9.63697,2.10471,1.72744,4.7347,52.55,-0.2753,-0.0673,0.208,640.2059,0.057098,-338.268974,-338.263825,-338.262881,-338.298006,N#CC1=NC=CO1,InChI=1S/C4H2N2O/c5-3-4-6-1-2-7-4/h1-2H
gdb_1017,9.0876,1.91529,1.58189,2.834,65.16,-0.2054,0.0167,0.2222,727.2033,0.091471,-286.24688,-286.240878,-286.239934,-286.276357,C#CC1=CNC=C1,"InChI=1S/C6H5N/c1-2-6-3-4-7-5-6/h1,3-5,7H"
gdb_1018,9.45643,1.98007,1.63725,4.1333,61.03,-0.2181,0.005,0.2231,696.2961,0.080033,-302.303791,-302.298031,-302.297086,-302.333127,C#CC1=CNC=N1,"InChI=1S/C5H4N2/c1-2-5-3-6-4-7-5/h1,3-4H,(H,6,7)"
gdb_1019,9.38813,1.91752,1.5923,0.4381,60.39,-0.2252,-0.0079,0.2173,710.3239,0.078918,-306.112153,-306.106413,-306.105469,-306.141522,C#CC1=COC=C1,"InChI=1S/C6H4O/c1-2-6-3-4-7-5-6/h1,3-5H"
gdb_1020,9.771,1.98032,1.6466,1.6111,56.32,-0.2394,-0.021,0.2184,680.202,0.067486,-322.17057,-322.165034,-322.16409,-322.199819,C#CC1=COC=N1,"InChI=1S/C5H3NO/c1-2-5-3-7-4-6-5/h1,3-4H"
gdb_1021,9.05071,1.94203,1.59894,6.359,58.94,-0.2362,-0.0066,0.2296,700.6498,0.081599,-302.355005,-302.349469,-302.348525,-302.384265,N#CC1=CNC=C1,"InChI=1S/C5H4N2/c6-3-5-1-2-7-4-5/h1-2,4,7H"
gdb_1022,9.42679,2.00693,1.65466,7.3289,54.88,-0.2538,-0.0199,0.2339,670.6291,0.070003,-318.40967,-318.404343,-318.403399,-318.438795,N#CC1=CNC=N1,"InChI=1S/C4H3N3/c5-1-4-2-6-3-7-4/h2-3H,(H,6,7)"
gdb_1023,9.34682,1.94393,1.60924,3.9819,54.46,-0.2568,-0.0328,0.224,684.2208,0.068859,-322.217569,-322.212244,-322.2113,-322.246743,N#CC1=COC=C1,"InChI=1S/C5H3NO/c6-3-5-1-2-7-4-5/h1-2,4H"
gdb_1024,9.73534,2.0068,1.66383,4.6457,50.44,-0.2774,-0.0473,0.2302,654.9897,0.057283,-338.273553,-338.268409,-338.267465,-338.302609,N#CC1=COC=N1,InChI=1S/C4H2N2O/c5-1-4-2-7-3-6-4/h2-3H
gdb_1025,8.01267,2.00775,1.60547,4.3627,61.64,-0.2294,-0.0431,0.1863,709.7198,0.092096,-323.42867,-323.422913,-323.421969,-323.458213,O=CC1=CC=CN1,"InChI=1S/C5H5NO/c7-4-5-2-1-3-6-5/h1-4,6H"
gdb_1026,8.19008,2.09692,1.66948,4.0399,57.19,-0.249,-0.0596,0.1894,679.6311,0.079467,-343.292778,-343.287243,-343.286298,-343.32225,O=CC1=CC=CO1,InChI=1S/C5H4O2/c6-4-5-2-1-3-7-5/h1-4H
gdb_1027,8.37541,2.0182,1.62631,4.5223,56.2,-0.2497,-0.0566,0.193,687.6518,0.080641,-339.483894,-339.478286,-339.477342,-339.513413,O=CC1=CN=CN1,"InChI=1S/C4H4N2O/c7-2-4-1-5-3-6-4/h1-3H,(H,5,6)"
gdb_1028,8.66141,2.09492,1.68691,1.8419,51.99,-0.2678,-0.0741,0.1937,658.7293,0.0681,-359.350089,-359.344702,-359.343758,-359.379518,O=CC1=CN=CO1,InChI=1S/C4H3NO2/c6-2-4-1-5-3-7-4/h1-3H
gdb_1029,8.35462,2.06683,1.65693,5.8712,57.43,-0.2477,-0.0592,0.1885,681.5642,0.080405,-339.479764,-339.47419,-339.473246,-339.509221,O=CC1=NC=CN1,"InChI=1S/C4H4N2O/c7-3-4-5-1-2-6-4/h1-3H,(H,5,6)"
gdb_1030,8.58513,2.10593,1.6911,4.3222,52.75,-0.2688,-0.0791,0.1897,660.3451,0.067721,-359.345792,-359.340374,-359.339429,-359.375205,O=CC1=NC=CO1,InChI=1S/C4H3NO2/c6-3-4-5-1-2-7-4/h1-3H
gdb_1031,7.99151,1.98603,1.59071,4.6613,58.98,-0.2273,-0.0298,0.1975,713.4916,0.092211,-323.427722,-323.421948,-323.421004,-323.457314,O=CC1=CNC=C1,"InChI=1S/C5H5NO/c7-4-5-1-2-6-3-5/h1-4,6H"
gdb_1032,8.39202,2.03273,1.63636,6.8913,55.26,-0.2422,-0.0372,0.205,686.5487,0.080548,-339.481708,-339.476121,-339.475177,-339.511215,O=CC1=CNC=N1,"InChI=1S/C4H4N2O/c7-2-4-1-5-3-6-4/h1-3H,(H,5,6)"
gdb_1033,8.20067,1.98937,1.60099,3.0141,54.04,-0.2469,-0.0513,0.1956,697.2754,0.079382,-343.290242,-343.284619,-343.283675,-343.319839,O=CC1=COC=C1,InChI=1S/C5H4O2/c6-3-5-1-2-7-4-5/h1-4H
gdb_1034,8.6338,2.03384,1.64608,4.2594,50.43,-0.2599,-0.0583,0.2016,670.2078,0.067869,-359.346839,-359.341418,-359.340474,-359.376316,O=CC1=COC=N1,InChI=1S/C4H3NO2/c6-1-4-2-7-3-5-4/h1-3H
gdb_1035,8.02784,2.14145,1.6905,2.3278,58.85,-0.2311,-0.0376,0.1934,681.5415,0.092027,-323.431776,-323.426165,-323.425221,-323.461175,O=CN1C=CC=C1,InChI=1S/C5H5NO/c7-5-6-3-1-2-4-6/h1-5H
gdb_1036,8.34961,2.15952,1.71576,2.9341,53.77,-0.2518,-0.0549,0.1969,659.4371,0.080507,-339.486095,-339.4806,-339.479656,-339.51549,O=CN1C=CN=C1,InChI=1S/C4H4N2O/c7-4-6-2-1-5-3-6/h1-4H
gdb_1037,7.59148,2.1449,1.68999,3.1203,57.57,-0.1875,0.0308,0.2183,711.5285,0.101895,-340.64862,-340.641626,-340.640682,-340.680619,CN=C1NC=CO1,"InChI=1S/C4H6N2O/c1-5-4-6-2-3-7-4/h2-3H,1H3,(H,5,6)"
gdb_1038,7.79662,2.1608,1.70977,3.0669,53.52,-0.2156,0.0162,0.2318,695.4697,0.090007,-360.518768,-360.512366,-360.511421,-360.549979,CN=C1OC=CO1,"InChI=1S/C4H5NO2/c1-5-4-6-2-3-7-4/h2-3H,1H3"
gdb_1039,6.59188,1.86801,1.60406,1.8514,67.23,-0.1938,0.0483,0.2422,804.5223,0.138636,-288.685117,-288.678228,-288.677284,-288.716282,CCC1=CC=CN1,"InChI=1S/C6H9N/c1-2-6-4-3-5-7-6/h3-5,7H,2H2,1H3"
gdb_1040,6.74576,1.93938,1.6488,0.4655,63.28,-0.2123,0.0232,0.2355,775.2868,0.126129,-308.555641,-308.54904,-308.548096,-308.586483,CCC1=CC=CO1,"InChI=1S/C6H8O/c1-2-6-4-3-5-7-6/h3-5H,2H2,1H3"
gdb_1041,7.07354,1.93836,1.66451,2.097,58.91,-0.2358,0.0065,0.2423,754.0224,0.11492,-324.616343,-324.609931,-324.608986,-324.64706,CCC1=CN=CO1,"InChI=1S/C5H7NO/c1-2-5-3-6-4-7-5/h3-4H,2H2,1H3"
gdb_1042,6.73652,1.9268,1.67619,3.4175,62.81,-0.2142,0.0354,0.2496,770.3793,0.127282,-304.746925,-304.740221,-304.739277,-304.778331,CCC1=NC=CN1,"InChI=1S/C5H8N2/c1-2-5-6-3-4-7-5/h3-4H,2H2,1H3,(H,6,7)"
gdb_1043,6.93387,2.00405,1.70772,1.3811,58.79,-0.2364,0.0081,0.2445,743.444,0.114793,-324.618078,-324.61163,-324.610686,-324.649035,CCC1=NC=CO1,"InChI=1S/C5H7NO/c1-2-5-6-3-4-7-5/h3-4H,2H2,1H3"
gdb_1044,6.90242,1.93564,1.66111,1.4034,63.67,-0.1857,0.0529,0.2386,766.8327,0.127397,-304.721921,-304.71512,-304.714175,-304.752964,CNC1=CC=CN1,"InChI=1S/C5H8N2/c1-6-5-3-2-4-7-5/h2-4,6-7H,1H3"
gdb_1045,7.31556,2.06921,1.66088,1.5031,60.74,-0.1783,0.0405,0.2189,737.9509,0.114677,-324.594534,-324.587887,-324.586943,-324.625443,CNC1=CC=CO1,"InChI=1S/C5H7NO/c1-6-5-3-2-4-7-5/h2-4,6H,1H3"
gdb_1046,7.6972,2.05903,1.67953,3.0627,56.58,-0.1976,0.0213,0.2189,717.2702,0.103519,-340.654582,-340.648167,-340.647223,-340.685303,CNC1=CN=CO1,"InChI=1S/C4H6N2O/c1-5-4-2-6-3-7-4/h2-3,5H,1H3"
gdb_1047,7.77972,2.09934,1.67563,1.8321,56.04,-0.1999,0.0319,0.2318,716.9014,0.103522,-340.663929,-340.657502,-340.656558,-340.694315,CNC1=NC=CO1,"InChI=1S/C4H6N2O/c1-5-4-6-2-3-7-4/h2-3H,1H3,(H,5,6)"
gdb_1048,7.38584,2.08673,1.64418,3.0463,59.96,-0.1782,0.063,0.2411,734.5473,0.114342,-324.593866,-324.587081,-324.586137,-324.626459,COC1=CC=CN1,"InChI=1S/C5H7NO/c1-7-5-3-2-4-6-5/h2-4,6H,1H3"
gdb_1049,7.53035,2.17416,1.70529,1.0339,56.25,-0.1935,0.0365,0.23,704.1997,0.102091,-344.468531,-344.462063,-344.461119,-344.500052,COC1=CC=CO1,"InChI=1S/C5H6O2/c1-6-5-3-2-4-7-5/h2-4H,1H3"
gdb_1050,7.76234,2.07104,1.65204,3.1775,55.42,-0.2003,0.0447,0.2449,716.6718,0.103704,-340.657197,-340.650893,-340.649949,-340.687429,COC1=CN=CN1,"InChI=1S/C4H6N2O/c1-7-4-2-5-3-6-4/h2-3H,1H3,(H,5,6)"
gdb_1051,7.84504,2.13557,1.73916,2.8014,52.12,-0.2212,0.0114,0.2326,684.9652,0.090865,-360.527122,-360.520858,-360.519914,-360.558357,COC1=CN=CO1,"InChI=1S/C4H5NO2/c1-6-4-2-5-3-7-4/h2-3H,1H3"
gdb_1052,7.73587,2.15357,1.70266,2.1716,55.34,-0.2009,0.0513,0.2522,703.9166,0.103673,-340.667053,-340.660679,-340.659735,-340.697351,COC1=NC=CN1,"InChI=1S/C4H6N2O/c1-7-4-5-2-3-6-4/h2-3H,1H3,(H,5,6)"
gdb_1053,7.9364,2.20291,1.74328,0.2234,51.5,-0.2226,0.0234,0.246,681.0569,0.091378,-360.53692,-360.530866,-360.529922,-360.566989,COC1=NC=CO1,"InChI=1S/C4H5NO2/c1-6-4-5-2-3-7-4/h2-3H,1H3"
gdb_1054,7.52485,2.00997,1.6151,1.6418,54.6,-0.2412,0.0052,0.2464,730.6555,0.104021,-340.659506,-340.653104,-340.652159,-340.690582,NCC1=NC=CO1,"InChI=1S/C4H6N2O/c5-3-4-6-1-2-7-4/h1-2H,3,5H2"
gdb_1055,7.08663,1.97225,1.59693,2.1981,60.33,-0.1958,0.0403,0.236,749.0718,0.115349,-324.605411,-324.598887,-324.597943,-324.636004,OCC1=CC=CN1,"InChI=1S/C5H7NO/c7-4-5-2-1-3-6-5/h1-3,6-7H,4H2"
gdb_1056,7.33028,1.94003,1.57714,1.3285,55.81,-0.22,0.014,0.234,740.7571,0.102792,-344.473681,-344.467394,-344.46645,-344.504224,OCC1=CC=CO1,"InChI=1S/C5H6O2/c6-4-5-2-1-3-7-5/h1-3,6H,4H2"
gdb_1057,7.49983,1.92913,1.56793,4.8687,55.77,-0.215,0.0302,0.2452,740.2332,0.103681,-340.660061,-340.653531,-340.652587,-340.691257,OCC1=CN=CN1,"InChI=1S/C4H6N2O/c7-2-4-1-5-3-6-4/h1,3,7H,2H2,(H,5,6)"
gdb_1058,7.64752,1.95347,1.59203,1.7385,51.44,-0.243,-0.0015,0.2415,718.7942,0.091537,-360.533387,-360.527283,-360.526339,-360.563802,OCC1=CN=CO1,"InChI=1S/C4H5NO2/c6-2-4-1-5-3-7-4/h1,3,6H,2H2"
gdb_1059,7.36199,2.06799,1.64156,3.2061,55.38,-0.2134,0.0357,0.2491,715.2911,0.103891,-340.667317,-340.660909,-340.659965,-340.697997,OCC1=NC=CN1,"InChI=1S/C4H6N2O/c7-3-4-5-1-2-6-4/h1-2,7H,3H2,(H,5,6)"
gdb_1060,7.6326,2.07474,1.648,2.6712,51.28,-0.2485,-0.0038,0.2447,698.6762,0.09107,-360.53729,-360.530993,-360.530048,-360.568252,OCC1=NC=CO1,"InChI=1S/C4H5NO2/c6-3-4-5-1-2-7-4/h1-2,6H,3H2"
gdb_1061,6.64589,1.81588,1.56812,1.7799,66.7,-0.1989,0.0515,0.2504,816.0269,0.138594,-288.683173,-288.676268,-288.675324,-288.714329,CCC1=CNC=C1,"InChI=1S/C6H9N/c1-2-6-3-4-7-5-6/h3-5,7H,2H2,1H3"
gdb_1062,6.87706,1.90268,1.62971,3.33,62.72,-0.2162,0.0365,0.2527,778.6349,0.127344,-304.745635,-304.738997,-304.738053,-304.776487,CCC1=CNC=N1,"InChI=1S/C5H8N2/c1-2-5-3-6-4-7-5/h3-4H,2H2,1H3,(H,6,7)"
gdb_1063,6.83457,1.8199,1.57283,0.8155,62.32,-0.2185,0.0238,0.2423,799.0433,0.126187,-308.55123,-308.54462,-308.543676,-308.582129,CCC1=COC=C1,"InChI=1S/C6H8O/c1-2-6-3-4-7-5-6/h3-5H,2H2,1H3"
gdb_1064,7.33744,1.92844,1.55638,1.3152,57.91,-0.2387,0.0086,0.2473,771.9223,0.114746,-324.614459,-324.608044,-324.6071,-324.645273,CCC1=COC=N1,"InChI=1S/C5H7NO/c1-2-5-3-7-4-6-5/h3-4H,2H2,1H3"
gdb_1065,7.25818,1.95273,1.55954,1.3933,63.62,-0.1704,0.0575,0.2278,778.171,0.127208,-304.720708,-304.713909,-304.712965,-304.751168,CNC1=CNC=C1,"InChI=1S/C5H8N2/c1-6-5-2-3-7-4-5/h2-4,6-7H,1H3"
gdb_1066,7.54213,2.00977,1.61323,2.7506,59.78,-0.1787,0.0416,0.2203,747.0292,0.115965,-320.78699,-320.780414,-320.77947,-320.817365,CNC1=CNC=N1,"InChI=1S/C4H7N3/c1-5-4-2-6-3-7-4/h2-3,5H,1H3,(H,6,7)"
gdb_1067,7.43399,1.95952,1.57102,1.735,59.38,-0.1898,0.0312,0.221,760.656,0.114923,-324.589539,-324.583091,-324.582147,-324.619783,CNC1=COC=C1,"InChI=1S/C5H7NO/c1-6-5-2-3-7-4-5/h2-4,6H,1H3"
gdb_1068,7.74692,2.01171,1.62084,1.601,55.52,-0.1986,0.0135,0.2122,731.0147,0.103561,-340.656628,-340.650307,-340.649363,-340.686868,CNC1=COC=N1,"InChI=1S/C4H6N2O/c1-5-4-2-7-3-6-4/h2-3,5H,1H3"
gdb_1069,7.41932,2.02645,1.60798,2.4475,59.51,-0.1888,0.0518,0.2406,745.1256,0.114821,-324.595526,-324.588995,-324.588051,-324.625787,COC1=CNC=C1,"InChI=1S/C5H7NO/c1-7-5-2-3-6-4-5/h2-4,6H,1H3"
gdb_1070,7.76066,2.11389,1.67889,2.5599,55.93,-0.1948,0.0329,0.2277,709.3547,0.103582,-340.661797,-340.655427,-340.654483,-340.692242,COC1=CNC=N1,"InChI=1S/C4H6N2O/c1-7-4-2-5-3-6-4/h2-3H,1H3,(H,5,6)"
gdb_1071,7.59039,2.03649,1.62227,0.9543,55.31,-0.2094,0.0248,0.2342,727.1103,0.102566,-344.463291,-344.457126,-344.456181,-344.493322,COC1=COC=C1,"InChI=1S/C5H6O2/c1-6-5-2-3-7-4-5/h2-4H,1H3"
gdb_1072,7.98132,2.11068,1.687,0.1961,51.81,-0.2164,0.0031,0.2194,693.5577,0.091093,-360.529236,-360.523085,-360.52214,-360.559696,COC1=COC=N1,"InChI=1S/C4H5NO2/c1-6-4-2-7-3-5-4/h2-3H,1H3"
gdb_1073,7.09786,1.87907,1.53531,2.786,59.22,-0.2053,0.0423,0.2476,767.5661,0.115456,-324.604156,-324.597624,-324.59668,-324.63484,OCC1=CNC=C1,"InChI=1S/C5H7NO/c7-4-5-1-2-6-3-5/h1-3,6-7H,4H2"
gdb_1074,7.48287,1.97168,1.57582,2.0241,55.16,-0.2147,0.0385,0.2532,734.8105,0.103636,-340.664407,-340.657874,-340.65693,-340.695448,OCC1=CNC=N1,"InChI=1S/C4H6N2O/c7-2-4-1-5-3-6-4/h1,3,7H,2H2,(H,5,6)"
gdb_1075,7.30669,1.89202,1.53715,1.4662,54.83,-0.2247,0.0168,0.2415,750.9907,0.102952,-344.47097,-344.464719,-344.463775,-344.50138,OCC1=COC=C1,"InChI=1S/C5H6O2/c6-3-5-1-2-7-4-5/h1-2,4,6H,3H2"
gdb_1076,7.66386,1.97544,1.58613,1.1142,50.99,-0.2382,0.0079,0.2461,718.2476,0.091162,-360.532987,-360.526716,-360.525772,-360.563644,OCC1=COC=N1,"InChI=1S/C4H5NO2/c6-1-4-2-7-3-5-4/h2-3,6H,1H2"
gdb_1077,6.54145,1.94185,1.69169,2.0863,66.65,-0.1997,0.0474,0.247,778.2199,0.138541,-288.67872,-288.671959,-288.671014,-288.709817,CCN1C=CC=C1,"InChI=1S/C6H9N/c1-2-7-5-3-4-6-7/h3-6H,2H2,1H3"
gdb_1078,6.90896,1.94575,1.696,4.0161,62.11,-0.2201,0.0337,0.2538,758.3035,0.12739,-304.738393,-304.731835,-304.730891,-304.769404,CCN1C=CN=C1,"InChI=1S/C5H8N2/c1-2-7-4-3-6-5-7/h3-5H,2H2,1H3"
gdb_1079,6.48147,2.87979,2.04562,2.0543,64.43,-0.196,0.0558,0.2518,623.248,0.116366,-287.441165,-287.435599,-287.434654,-287.47071,C1CC2=CC=CN12,"InChI=1S/C6H7N/c1-2-6-3-5-7(6)4-1/h1-2,4H,3,5H2"
gdb_1080,6.83236,2.87298,2.07586,4.057,59.93,-0.2157,0.0412,0.2569,601.861,0.105329,-303.497783,-303.49251,-303.491566,-303.526838,C1CC2=CN=CN12,"InChI=1S/C5H6N2/c1-2-7-4-6-3-5(1)7/h3-4H,1-2H2"
gdb_1081,6.65405,2.97219,2.10967,3.7353,59.69,-0.2158,0.0431,0.259,596.5324,0.105012,-303.49932,-303.493938,-303.492994,-303.528757,C1CC2=NC=CN12,"InChI=1S/C5H6N2/c1-3-7-4-2-6-5(1)7/h2,4H,1,3H2"
gdb_1082,4.39373,1.35983,1.35982,0.1784,76.21,-0.2404,0.0683,0.3086,1045.3699,0.168385,-273.775864,-273.766335,-273.765391,-273.810583,CC#CC(C)(C)C,"InChI=1S/C7H12/c1-5-6-7(2,3)4/h1-4H3"
gdb_1083,4.63514,1.37628,1.36228,1.3077,69.1,-0.2426,0.0502,0.2928,1005.3115,0.144474,-309.69928,-309.689948,-309.689004,-309.734317,CC#CC(C)(C)O,"InChI=1S/C6H10O/c1-4-5-6(2,3)7/h7H,1-3H3"
gdb_1084,4.29531,1.67601,1.65965,0.6059,72.66,-0.2593,0.0514,0.3107,881.4735,0.1684,-273.765811,-273.756977,-273.756033,-273.798006,CC(C)(C)CC#C,"InChI=1S/C7H12/c1-5-6-7(2,3)4/h1H,6H2,2-4H3"
gdb_1085,4.30148,1.69852,1.68386,3.9293,67.57,-0.3136,0.0317,0.3453,854.0061,0.158246,-289.875063,-289.866599,-289.865655,-289.907126,CC(C)(C)CC#N,"InChI=1S/C6H11N/c1-6(2,3)4-5-7/h4H2,1-3H3"
gdb_1086,4.55848,1.70964,1.67157,1.8257,65.74,-0.2559,0.0511,0.307,842.7392,0.144458,-309.692626,-309.683893,-309.682949,-309.724866,CC(C)(O)CC#C,"InChI=1S/C6H10O/c1-4-5-6(2,3)7/h1,7H,5H2,2-3H3"
gdb_1087,4.55717,1.73356,1.69244,4.8099,60.82,-0.2844,0.026,0.3105,815.6747,0.134293,-325.801523,-325.793214,-325.79227,-325.83355,CC(C)(O)CC#N,"InChI=1S/C5H9NO/c1-5(2,7)3-4-6/h7H,3H2,1-2H3"
gdb_1088,4.13542,1.63335,1.60648,2.673,67.84,-0.2463,-0.0226,0.2237,893.1598,0.168384,-310.940764,-310.931873,-310.930928,-310.974254,CC(C)(C)CC=O,"InChI=1S/C6H12O/c1-6(2,3)4-5-7/h5H,4H2,1-3H3"
gdb_1089,4.06818,1.91561,1.83111,3.6006,64.64,-0.2461,0.032,0.2781,808.3652,0.158248,-327.017113,-327.008592,-327.007648,-327.049127,CC(C)(C)NC=O,"InChI=1S/C5H11NO/c1-5(2,3)6-4-7/h4H,1-3H3,(H,6,7)"
gdb_1090,4.34643,1.65721,1.64286,4.3411,61.5,-0.267,0.0121,0.2791,858.7256,0.145148,-346.890723,-346.882225,-346.881281,-346.923014,CC(C)(C)OC=O,"InChI=1S/C5H10O2/c1-5(2,3)7-4-6/h4H,1-3H3"
gdb_1091,4.45348,1.59897,1.58665,3.4854,60.84,-0.2411,-0.0169,0.2242,867.4989,0.144446,-346.871133,-346.862389,-346.861444,-346.904195,CC(C)(O)CC=O,"InChI=1S/C5H10O2/c1-5(2,7)3-4-6/h4,7H,3H2,1-2H3"
gdb_1092,4.10653,1.40201,1.38219,1.3499,70.67,-0.2609,0.0731,0.334,1017.7512,0.192336,-312.125621,-312.11614,-312.115196,-312.159175,CC(C)(C)CCO,"InChI=1S/C6H14O/c1-6(2,3)4-5-7/h7H,4-5H2,1-3H3"
gdb_1093,4.34045,1.43807,1.39965,0.1324,63.64,-0.2573,0.0644,0.3217,969.783,0.168637,-348.056024,-348.046794,-348.04585,-348.0892,CC(C)(O)CCO,"InChI=1S/C5H12O2/c1-5(2,7)3-4-6/h6-7H,3-4H2,1-2H3"
gdb_1094,4.0274,1.38811,1.37066,0.0484,77.88,-0.2997,0.0761,0.3758,1075.9653,0.215798,-276.205821,-276.196156,-276.195211,-276.239455,CCCC(C)(C)C,"InChI=1S/C7H16/c1-5-6-7(2,3)4/h5-6H2,1-4H3"
gdb_1095,4.25341,1.42238,1.38683,1.2727,70.88,-0.2594,0.0658,0.3252,1028.318,0.192,-312.136049,-312.126599,-312.125655,-312.169395,CCCC(C)(C)O,"InChI=1S/C6H14O/c1-4-5-6(2,3)7/h7H,4-5H2,1-3H3"
gdb_1096,4.06598,1.55413,1.52831,0.9971,71.47,-0.244,0.0805,0.3245,977.9934,0.191545,-312.129019,-312.119517,-312.118573,-312.162768,CCOC(C)(C)C,"InChI=1S/C6H14O/c1-5-7-6(2,3)4/h5H2,1-4H3"
gdb_1097,4.18284,1.52738,1.51528,0.9723,71.53,-0.2516,0.0782,0.3298,977.2869,0.191792,-312.122696,-312.11323,-312.112286,-312.156004,COCC(C)(C)C,"InChI=1S/C6H14O/c1-6(2,3)5-7-4/h5H2,1-4H3"
gdb_1098,4.31774,1.54329,1.53705,0.3832,64.38,-0.254,0.0761,0.3301,932.5617,0.168052,-348.050463,-348.041129,-348.040185,-348.083789,COCC(C)(C)O,"InChI=1S/C5H12O2/c1-5(2,6)4-7-3/h6H,4H2,1-3H3"
gdb_1099,3.17463,2.2915,1.90776,2.5974,67.15,-0.2367,-0.0077,0.229,809.0495,0.168115,-310.952875,-310.943784,-310.94284,-310.985913,CC(=O)C(C)(C)C,"InChI=1S/C6H12O/c1-5(7)6(2,3)4/h1-4H3"
gdb_1100,3.2778,2.35057,1.96982,2.5591,60.44,-0.2405,-0.0104,0.2301,764.3556,0.144105,-346.883049,-346.874108,-346.873164,-346.91654,CC(=O)C(C)(C)O,"InChI=1S/C5H10O2/c1-4(6)5(2,3)7/h7H,1-3H3"
gdb_1101,3.26136,2.33804,1.95343,3.3918,63.51,-0.2389,0.0359,0.2747,777.3008,0.157531,-327.02501,-327.015844,-327.014899,-327.058801,CC(C)(C)C(N)=O,"InChI=1S/C5H11NO/c1-5(2,3)4(6)7/h1-3H3,(H2,6,7)"
gdb_1102,3.31871,2.42975,2.02271,5.0399,56.21,-0.2472,0.0241,0.2713,729.6326,0.13588,-362.957353,-362.949399,-362.948455,-362.989148,CC(C)([NH3+])C([O-])=O,"InChI=1S/C4H9NO2/c1-4(2,5)3(6)7/h5H2,1-2H3,(H,6,7)"
gdb_1103,3.38775,2.35583,1.99745,4.672,56.9,-0.24,0.0336,0.2736,738.2224,0.133636,-362.945802,-362.936966,-362.936022,-362.978979,CC(C)(O)C(N)=O,"InChI=1S/C4H9NO2/c1-4(2,7)3(5)6/h7H,1-2H3,(H2,5,6)"
gdb_1104,2.98694,2.14771,1.78753,0.0493,77.05,-0.2968,0.0736,0.3704,897.8057,0.215354,-276.202586,-276.192913,-276.191969,-276.235995,CC(C)C(C)(C)C,"InChI=1S/C7H16/c1-6(2)7(3,4)5/h6H,1-5H3"
gdb_1105,3.0668,2.21152,1.83806,1.3142,70.16,-0.26,0.0673,0.3273,851.0397,0.192033,-312.133805,-312.124516,-312.123572,-312.16637,CC(C)C(C)(C)O,"InChI=1S/C6H14O/c1-5(2)6(3,4)7/h5,7H,1-4H3"
gdb_1106,3.05647,2.20295,1.84239,1.4315,69.98,-0.259,0.068,0.327,848.8521,0.192044,-312.131841,-312.122522,-312.121578,-312.164423,CC(O)C(C)(C)C,"InChI=1S/C6H14O/c1-5(7)6(2,3)4/h5,7H,1-4H3"
gdb_1107,3.14334,2.26158,1.89442,1.6833,63.11,-0.2613,0.0648,0.3261,803.23,0.168225,-348.061993,-348.052811,-348.051867,-348.094469,CC(O)C(C)(C)O,"InChI=1S/C5H12O2/c1-4(6)5(2,3)7/h4,6-7H,1-3H3"
gdb_1108,5.39663,1.7612,1.35024,5.0811,59.77,-0.2441,-0.011,0.2331,882.3031,0.123971,-341.886521,-341.878277,-341.877333,-341.920548,CC(=N)NC(C)=O,"InChI=1S/C4H8N2O/c1-3(5)6-4(2)7/h1-2H3,(H2,5,6,7)"
gdb_1109,5.61461,1.79045,1.37102,5.6702,56.17,-0.2454,0.0094,0.2548,846.5743,0.113783,-357.949026,-357.941268,-357.940324,-357.980991,CC(=N)NC(N)=O,"InChI=1S/C3H7N3O/c1-2(4)6-3(5)7/h1H3,(H4,4,5,6,7)"
gdb_1110,5.12958,1.82838,1.62036,2.203,55.55,-0.2761,-0.008,0.2681,802.9087,0.110816,-361.758902,-361.750809,-361.749864,-361.792213,CC(=N)OC(C)=O,"InChI=1S/C4H7NO2/c1-3(5)7-4(2)6/h5H,1-2H3"
gdb_1111,5.54577,1.92748,1.4431,4.0603,52.65,-0.2671,-0.0025,0.2646,798.185,0.100727,-377.829134,-377.821606,-377.820662,-377.861613,CC(=N)OC(N)=O,"InChI=1S/C3H6N2O2/c1-2(4)7-3(5)6/h4H,1H3,(H2,5,6)"
gdb_1112,4.10896,1.96497,1.54732,1.4832,58.71,-0.2492,-0.0424,0.2068,819.2534,0.121652,-345.700085,-345.691786,-345.690842,-345.733546,CC(=O)CC(C)=O,"InChI=1S/C5H8O2/c1-4(6)3-5(2)7/h3H2,1-2H3"
gdb_1113,5.19895,1.74247,1.38065,2.5427,55.21,-0.2461,-0.0319,0.2142,848.6613,0.111856,-361.774979,-361.767214,-361.76627,-361.807669,CC(=O)CC(N)=O,"InChI=1S/C4H7NO2/c1-3(6)2-4(5)7/h2H2,1H3,(H2,5,7)"
gdb_1114,5.47524,1.74154,1.34345,5.8524,56.02,-0.2424,-0.0193,0.2232,875.003,0.110956,-361.779217,-361.770918,-361.769974,-361.812848,CC(=O)NC(C)=O,"InChI=1S/C4H7NO2/c1-3(6)5-4(2)7/h1-2H3,(H,5,6,7)"
gdb_1115,5.5419,1.84966,1.40223,0.6907,57.44,-0.2297,-0.0025,0.2272,831.5653,0.113594,-357.951284,-357.9435,-357.942555,-357.984165,CC(=O)NC(N)=N,"InChI=1S/C3H7N3O/c1-2(7)6-3(4)5/h1H3,(H4,4,5,6,7)"
gdb_1116,5.68971,1.76256,1.37597,6.0988,52.35,-0.2467,-0.004,0.2427,837.6449,0.100878,-377.842223,-377.834389,-377.833445,-377.874949,CC(=O)NC(N)=O,"InChI=1S/C3H6N2O2/c1-2(6)5-3(4)7/h1H3,(H3,4,5,6,7)"
gdb_1117,4.45898,1.29871,1.11497,0.6587,52.49,-0.1945,0.0443,0.2387,1015.4306,0.099507,-377.830859,-377.821977,-377.821033,-377.866584,NC(=[NH2+])CC([O-])=O,"InChI=1S/C3H6N2O2/c4-2(5)1-3(6)7/h1H2,(H3,4,5)(H,6,7)"
gdb_1118,5.24232,1.81227,1.43005,3.3056,51.31,-0.2438,0.0098,0.2536,801.7128,0.101907,-377.848074,-377.840535,-377.839591,-377.880298,NC(=O)CC(N)=O,"InChI=1S/C3H6N2O2/c4-2(6)1-3(5)7/h1H2,(H2,4,6)(H2,5,7)"
gdb_1119,5.89401,1.77448,1.42578,5.8161,48.57,-0.2545,0.0149,0.2695,798.2635,0.090779,-393.905418,-393.898035,-393.897091,-393.937268,NC(=O)NC(N)=O,"InChI=1S/C2H5N3O2/c3-1(6)5-2(4)7/h(H5,3,4,5,6,7)"
gdb_1120,4.73278,1.48466,1.31265,2.4533,67.94,-0.2422,-0.0085,0.2337,1002.4251,0.168505,-310.955296,-310.946184,-310.94524,-310.98921,CC(C)CC(C)=O,"InChI=1S/C6H12O/c1-5(2)4-6(3)7/h5H,4H2,1-3H3"
gdb_1121,4.79558,1.49909,1.38222,3.3356,64.34,-0.2438,0.0346,0.2784,953.6413,0.158321,-327.026688,-327.017676,-327.016732,-327.060725,CC(C)CC(N)=O,"InChI=1S/C5H11NO/c1-4(2)3-5(6)7/h4H,3H2,1-2H3,(H2,6,7)"
gdb_1122,4.6446,1.45012,1.43132,3.4322,65.8,-0.2393,0.0393,0.2786,972.5251,0.157934,-327.026488,-327.017308,-327.016364,-327.062373,CC(C)NC(C)=O,"InChI=1S/C5H11NO/c1-4(2)6-5(3)7/h4H,1-3H3,(H,6,7)"
gdb_1123,4.85105,1.59183,1.41258,3.3841,61.44,-0.2412,0.0598,0.301,918.228,0.147968,-343.087962,-343.079469,-343.078525,-343.120797,CC(C)NC(N)=O,"InChI=1S/C4H10N2O/c1-3(2)6-4(5)7/h3H,1-2H3,(H3,5,6,7)"
gdb_1124,4.72316,1.68356,1.45841,1.851,61.37,-0.2644,0.0201,0.2846,906.2239,0.145537,-346.908492,-346.899733,-346.898788,-346.942268,CC(C)OC(C)=O,"InChI=1S/C5H10O2/c1-4(2)7-5(3)6/h4H,1-3H3"
gdb_1125,4.87307,1.71279,1.48636,2.2997,57.6,-0.2643,0.0599,0.3242,869.2448,0.135443,-362.972786,-362.964484,-362.96354,-363.005362,CC(C)OC(N)=O,"InChI=1S/C4H9NO2/c1-3(2)7-4(5)6/h3H,1-2H3,(H2,5,6)"
gdb_1126,5.02567,1.67693,1.32561,6.4355,57.38,-0.246,0.0311,0.2771,893.6488,0.137025,-362.957295,-362.94969,-362.948746,-362.98903,CC([NH3+])CC([O-])=O,"InChI=1S/C4H9NO2/c1-3(5)2-4(6)7/h3H,2,5H2,1H3,(H,6,7)"
gdb_1127,4.5272,1.62205,1.39604,3.5646,61.19,-0.2379,-0.0081,0.2299,917.6721,0.145363,-346.87926,-346.870545,-346.869601,-346.912809,CC(O)CC(C)=O,"InChI=1S/C5H10O2/c1-4(6)3-5(2)7/h4,6H,3H2,1-2H3"
gdb_1128,5.33936,1.64693,1.31797,4.7725,57.81,-0.2486,0.0191,0.2677,901.9055,0.135762,-362.958208,-362.94998,-362.949036,-362.990904,CC(O)CC(N)=O,"InChI=1S/C4H9NO2/c1-3(6)2-4(5)7/h3,6H,2H2,1H3,(H2,5,7)"
gdb_1129,5.07689,1.59409,1.52644,5.0268,57.61,-0.2454,0.0192,0.2646,863.0532,0.136073,-362.937518,-362.929719,-362.928774,-362.969586,C[NH+](C)CC([O-])=O,"InChI=1S/C4H9NO2/c1-5(2)3-4(6)7/h3H2,1-2H3,(H,6,7)"
gdb_1130,4.07049,1.34846,1.28363,0.0889,77.99,-0.2993,0.0791,0.3784,1110.9484,0.216054,-276.20592,-276.196248,-276.195304,-276.240153,CC(C)CC(C)C,"InChI=1S/C7H16/c1-6(2)5-7(3)4/h6-7H,5H2,1-4H3"
gdb_1131,4.32241,1.38154,1.30878,1.3628,71.24,-0.2617,0.0712,0.3329,1057.3976,0.192564,-312.132858,-312.123425,-312.122481,-312.166682,CC(C)CC(C)O,"InChI=1S/C6H14O/c1-5(2)4-6(3)7/h5-7H,4H2,1-3H3"
gdb_1132,4.06437,1.54353,1.36761,1.0249,71.72,-0.2419,0.0805,0.3224,1021.1314,0.191749,-312.131398,-312.121927,-312.120983,-312.165172,CC(C)OC(C)C,"InChI=1S/C6H14O/c1-5(2)7-6(3)4/h5-6H,1-4H3"
gdb_1133,4.54798,1.37242,1.35519,0.5234,64.36,-0.2526,0.0745,0.3271,1009.7692,0.169012,-348.060054,-348.050872,-348.049928,-348.093433,CC(O)CC(C)O,"InChI=1S/C5H12O2/c1-4(6)3-5(2)7/h4-7H,3H2,1-2H3"
gdb_1134,5.12285,1.99541,1.88873,3.0346,62.19,-0.257,0.0325,0.2895,753.875,0.13577,-325.793945,-325.786706,-325.785761,-325.824817,CC1(C)CC(=N)O1,"InChI=1S/C5H9NO/c1-5(2)3-4(6)7-5/h6H,3H2,1-2H3"
gdb_1135,4.92901,1.86219,1.77689,2.9233,64.37,-0.2386,-0.0171,0.2215,792.7756,0.146177,-309.738198,-309.730638,-309.729694,-309.769847,CC1(C)CC(=O)C1,"InChI=1S/C6H10O/c1-6(2)3-5(7)4-6/h3-4H2,1-2H3"
gdb_1136,5.16316,1.91285,1.81172,3.9727,61.35,-0.2442,0.04,0.2842,767.4844,0.135678,-325.812885,-325.805432,-325.804488,-325.844193,CC1(C)CC(=O)N1,"InChI=1S/C5H9NO/c1-5(2)3-4(7)6-5/h3H2,1-2H3,(H,6,7)"
gdb_1137,5.1632,2.0099,1.89504,4.3041,57.07,-0.2696,0.015,0.2846,734.218,0.123755,-345.698757,-345.691694,-345.69075,-345.729482,CC1(C)CC(=O)O1,"InChI=1S/C5H8O2/c1-5(2)3-4(6)7-5/h3H2,1-2H3"
gdb_1138,5.15746,1.88265,1.80689,3.2015,57.32,-0.2398,-0.0195,0.2203,748.7937,0.122494,-345.664882,-345.657621,-345.656677,-345.695982,CC1(O)CC(=O)C1,"InChI=1S/C5H8O2/c1-5(7)2-4(6)3-5/h7H,2-3H2,1H3"
gdb_1139,4.77422,1.7673,1.65623,1.5303,67.01,-0.2539,0.0746,0.3286,850.7327,0.170464,-310.915653,-310.907707,-310.906762,-310.947014,CC1(C)CC(O)C1,"InChI=1S/C6H12O/c1-6(2)3-5(7)4-6/h5,7H,3-4H2,1-2H3"
gdb_1140,4.55793,2.06467,1.86807,0.459,60.22,-0.2499,0.0765,0.3264,750.1018,0.146823,-346.843297,-346.835676,-346.834732,-346.87426,CC1(O)CC(O)C1,"InChI=1S/C5H10O2/c1-5(7)2-4(6)3-5/h4,6-7H,2-3H2,1H3"
gdb_1141,4.65341,1.75304,1.64537,0.0846,74.65,-0.2778,0.0823,0.36,900.4961,0.19399,-274.991042,-274.982821,-274.981877,-275.022667,CC1CC(C)(C)C1,"InChI=1S/C7H14/c1-6-4-7(2,3)5-6/h6H,4-5H2,1-3H3"
gdb_1142,4.6764,1.94559,1.79366,1.5121,67.47,-0.2383,0.0836,0.3219,825.052,0.169811,-310.923406,-310.9153,-310.914355,-310.955303,CC1CC(C)(C)O1,"InChI=1S/C6H12O/c1-5-4-6(2,3)7-5/h5H,4H2,1-3H3"
gdb_1143,4.892,1.76411,1.66978,1.3766,67.58,-0.2514,0.0746,0.3259,856.6259,0.170224,-310.919833,-310.911834,-310.910889,-310.951299,CC1CC(C)(O)C1,"InChI=1S/C6H12O/c1-5-3-6(2,7)4-5/h5,7H,3-4H2,1-2H3"
gdb_1144,5.10299,1.83499,1.73871,1.9153,64.99,-0.2066,0.0692,0.2757,820.2803,0.158373,-326.95054,-326.942603,-326.941659,-326.982019,CN1CC(C)(O)C1,"InChI=1S/C5H11NO/c1-5(7)3-6(2)4-5/h7H,3-4H2,1-2H3"
gdb_1145,3.28838,2.39996,1.82774,0.0814,74.94,-0.2509,0.0809,0.3318,835.5467,0.192548,-274.987245,-274.978314,-274.97737,-275.019388,CC1(C)CC1(C)C,"InChI=1S/C7H14/c1-6(2)5-7(6,3)4/h5H2,1-4H3"
gdb_1146,3.37392,2.47593,1.88821,1.2791,67.97,-0.245,0.0744,0.3194,787.4978,0.168889,-310.914919,-310.906297,-310.905353,-310.94668,CC1(C)CC1(C)O,"InChI=1S/C6H12O/c1-5(2)4-6(5,3)7/h7H,4H2,1-3H3"
gdb_1147,3.51238,2.46136,1.81731,1.7675,67.71,-0.2522,0.0838,0.3359,802.5634,0.167838,-310.922181,-310.913076,-310.912132,-310.95539,CC1(C)OC1(C)C,"InChI=1S/C6H12O/c1-5(2)6(3,4)7-5/h1-4H3"
gdb_1148,3.47856,2.53836,1.94725,2.4283,60.54,-0.2293,0.0617,0.2909,740.7324,0.14533,-346.842529,-346.834332,-346.833388,-346.873856,CC1(O)CC1(C)O,"InChI=1S/C5H10O2/c1-4(6)3-5(4,2)7/h6-7H,3H2,1-2H3"
gdb_1149,5.79088,1.95367,1.95357,0.0002,72.52,-0.2901,0.0963,0.3864,782.4631,0.171694,-273.7519,-273.744793,-273.743848,-273.78222,CC12CC(C)(C1)C2,"InChI=1S/C7H12/c1-6-3-7(2,4-6)5-6/h3-5H2,1-2H3"
gdb_1150,5.90647,2.07072,2.06618,1.6818,65.18,-0.2268,0.1023,0.329,731.1213,0.146912,-309.670613,-309.663553,-309.662609,-309.700944,CC12CC(C)(C1)O2,"InChI=1S/C6H10O/c1-5-3-6(2,4-5)7-5/h3-4H2,1-2H3"
gdb_1151,5.90199,2.00364,1.99953,1.4144,64.77,-0.2546,0.0833,0.3379,730.5993,0.148237,-309.678595,-309.671798,-309.670854,-309.708628,CC12CC(O)(C1)C2,"InChI=1S/C6H10O/c1-5-2-6(7,3-5)4-5/h7H,2-4H2,1H3"
gdb_1152,6.02667,2.05106,2.04718,1.2552,57.1,-0.251,0.0715,0.3224,680.1462,0.124842,-345.602096,-345.595662,-345.594718,-345.63177,OC12CC(O)(C1)C2,"InChI=1S/C5H8O2/c6-4-1-5(7,2-4)3-4/h6-7H,1-3H2"
gdb_1153,3.30736,2.21172,1.85995,0.6206,68.3,-0.2614,0.033,0.2944,776.0986,0.121207,-271.316064,-271.307761,-271.306817,-271.347683,CC(C)(C#C)C#C,"InChI=1S/C7H8/c1-5-7(3,4)6-2/h1-2H,3-4H3"
gdb_1154,3.32117,2.23872,1.88754,3.8233,63.13,-0.2851,0.0117,0.2967,752.5708,0.110973,-287.423372,-287.415424,-287.41448,-287.454826,CC(C)(C#C)C#N,"InChI=1S/C6H7N/c1-4-6(2,3)5-7/h1H,2-3H3"
gdb_1155,3.35412,2.25246,1.91282,4.3801,58.13,-0.3385,-0.0115,0.327,730.2332,0.10053,-303.527274,-303.519632,-303.518688,-303.5586,CC(C)(C#N)C#N,"InChI=1S/C5H6N2/c1-5(2,3-6)4-7/h1-2H3"
gdb_1156,3.37268,2.28179,1.89625,2.6809,59.91,-0.2758,0.0038,0.2797,730.7362,0.099999,-303.465315,-303.457504,-303.45656,-303.496644,CC(N)(C#C)C#N,"InChI=1S/C5H6N2/c1-3-5(2,7)4-6/h1H,7H2,2H3"
gdb_1157,3.40903,2.29626,1.91973,3.8645,54.94,-0.298,-0.0195,0.2785,708.824,0.089471,-319.568017,-319.560507,-319.559563,-319.599209,CC(N)(C#N)C#N,"InChI=1S/C4H5N3/c1-4(7,2-5)3-6/h7H2,1H3"
gdb_1158,3.3874,2.29011,1.87065,1.0521,61.3,-0.2672,0.0117,0.2789,737.3929,0.097446,-307.238995,-307.230949,-307.230004,-307.270448,CC(O)(C#C)C#C,"InChI=1S/C6H6O/c1-4-6(3,7)5-2/h1-2,7H,3H3"
gdb_1159,3.4075,2.31772,1.89688,3.2896,56.29,-0.2965,-0.0101,0.2864,714.3287,0.087111,-323.3444,-323.336715,-323.335771,-323.375674,CC(O)(C#C)C#N,"InChI=1S/C5H5NO/c1-3-5(2,7)4-6/h1,7H,2H3"
gdb_1160,3.45021,2.32903,1.91981,2.7538,51.46,-0.3385,-0.0345,0.304,692.7131,0.076558,-339.445855,-339.438488,-339.437544,-339.476973,CC(O)(C#N)C#N,"InChI=1S/C4H4N2O/c1-4(7,2-5)3-6/h7H,1H3"
gdb_1161,3.51331,2.10401,1.86928,2.2331,63.47,-0.2515,-0.0302,0.2213,766.8706,0.121148,-308.499105,-308.490761,-308.489817,-308.531342,CC(C)(C=O)C#C,"InChI=1S/C6H8O/c1-4-6(2,3)5-7/h1,5H,2-3H3"
gdb_1162,3.62044,2.08234,1.88533,2.9908,58.2,-0.2771,-0.0513,0.2257,745.6848,0.110848,-324.605178,-324.597169,-324.596225,-324.637255,CC(C)(C=O)C#N,"InChI=1S/C5H7NO/c1-5(2,3-6)4-7/h4H,1-2H3"
gdb_1163,3.39236,2.26298,1.92411,2.8796,56.49,-0.2561,-0.0403,0.2158,722.6594,0.097041,-344.421383,-344.413132,-344.412188,-344.453615,CC(O)(C=O)C#C,"InChI=1S/C5H6O2/c1-3-5(2,7)4-6/h1,4,7H,2H3"
gdb_1164,2.95291,2.68369,1.95679,3.7367,51.27,-0.2775,-0.0577,0.2198,693.407,0.086816,-360.524422,-360.51665,-360.515706,-360.556462,CC(O)(C=O)C#N,"InChI=1S/C4H5NO2/c1-4(7,2-5)3-6/h3,7H,1H3"
gdb_1165,3.06241,2.40041,1.92733,3.471,57.71,-0.2517,-0.0369,0.2149,745.2339,0.120988,-345.676743,-345.668356,-345.667412,-345.709618,CC(C)(C=O)C=O,"InChI=1S/C5H8O2/c1-5(2,3-6)4-7/h3-4H,1-2H3"
gdb_1166,3.73099,2.16435,1.92815,0.8963,51.49,-0.2616,-0.0689,0.1927,709.9145,0.097882,-381.60777,-381.600052,-381.599107,-381.639582,CC(O)(C=O)C=O,"InChI=1S/C4H6O3/c1-4(7,2-5)3-6/h2-3,7H,1H3"
gdb_1167,3.943,1.84396,1.74441,1.2828,65.86,-0.2602,0.0525,0.3127,820.2194,0.145036,-309.68579,-309.676922,-309.675978,-309.718145,CC(C)(CO)C#C,"InChI=1S/C6H10O/c1-4-6(2,3)5-7/h1,7H,5H2,2-3H3"
gdb_1168,3.9473,1.8662,1.76828,3.7159,60.69,-0.288,0.0337,0.3217,795.2124,0.134838,-325.794624,-325.786111,-325.785167,-325.826809,CC(C)(CO)C#N,"InChI=1S/C5H9NO/c1-5(2,3-6)4-7/h7H,4H2,1-2H3"
gdb_1169,4.00867,1.86804,1.75871,4.8411,60.78,-0.25,0.0323,0.2824,796.8074,0.136974,-321.958604,-321.950266,-321.949322,-321.990496,CC(N)(CN)C#N,"InChI=1S/C4H9N3/c1-4(7,2-5)3-6/h2,5,7H2,1H3"
gdb_1170,4.10478,1.87853,1.77854,2.6311,57.56,-0.2773,0.0215,0.2988,771.8633,0.124743,-341.843027,-341.835087,-341.834143,-341.874568,CC(N)(CO)C#N,"InChI=1S/C4H8N2O/c1-4(6,2-5)3-7/h7H,3,6H2,1H3"
gdb_1171,4.15926,1.89126,1.76673,5.7183,57.27,-0.271,0.0247,0.2957,777.5164,0.124491,-341.841438,-341.833463,-341.832519,-341.873087,CC(O)(CN)C#N,"InChI=1S/C4H8N2O/c1-4(7,2-5)3-6/h7H,2,5H2,1H3"
gdb_1172,4.2202,1.86552,1.76295,2.0516,58.82,-0.2598,0.0281,0.2879,780.1821,0.121833,-345.61476,-345.606416,-345.605472,-345.646596,CC(O)(CO)C#C,"InChI=1S/C5H8O2/c1-3-5(2,7)4-6/h1,6-7H,4H2,2H3"
gdb_1173,4.17631,1.89972,1.77896,4.8329,53.77,-0.2852,0.0128,0.298,757.2099,0.111582,-361.71821,-361.710311,-361.709367,-361.749815,CC(O)(CO)C#N,"InChI=1S/C4H7NO2/c1-4(7,2-5)3-6/h6-7H,3H2,1H3"
gdb_1174,3.78827,1.79974,1.69061,0.6494,72.99,-0.2571,0.0621,0.3192,877.146,0.168729,-273.761967,-273.753003,-273.752059,-273.794445,CCC(C)(C)C#C,"InChI=1S/C7H12/c1-5-7(3,4)6-2/h1H,6H2,2-4H3"
gdb_1175,3.79027,1.82065,1.7122,4.0456,67.68,-0.3113,0.0438,0.3551,852.1125,0.158537,-289.87152,-289.862881,-289.861937,-289.903922,CCC(C)(C)C#N,"InChI=1S/C6H11N/c1-4-6(2,3)5-7/h4H2,1-3H3"
gdb_1176,3.87909,1.85138,1.72368,4.6215,64.23,-0.2604,0.0314,0.2918,828.7651,0.147352,-305.913756,-305.905222,-305.904277,-305.945951,CCC(C)(N)C#N,"InChI=1S/C5H10N2/c1-3-5(2,7)4-6/h3,7H2,1-2H3"
gdb_1177,4.01944,1.84116,1.71261,1.1577,65.99,-0.2629,0.0382,0.3012,834.2194,0.144853,-309.689486,-309.680724,-309.679779,-309.721766,CCC(C)(O)C#C,"InChI=1S/C6H10O/c1-4-6(3,7)5-2/h1,7H,5H2,2-3H3"
gdb_1178,4.02273,1.86096,1.73085,3.3517,60.86,-0.2984,0.0188,0.3172,810.387,0.134607,-325.79684,-325.788454,-325.787509,-325.82893,CCC(C)(O)C#N,"InChI=1S/C5H9NO/c1-3-5(2,7)4-6/h7H,3H2,1-2H3"
gdb_1179,3.86656,1.89126,1.77921,4.2439,64.49,-0.2392,0.0352,0.2745,817.5813,0.14703,-305.90476,-305.896212,-305.895268,-305.937107,CNC(C)(C)C#N,"InChI=1S/C5H10N2/c1-5(2,4-6)7-3/h7H,1-3H3"
gdb_1180,3.92442,1.92056,1.8126,1.4882,66.27,-0.2509,0.0464,0.2972,814.529,0.14436,-309.673807,-309.665,-309.664056,-309.706504,COC(C)(C)C#C,"InChI=1S/C6H10O/c1-5-6(2,3)7-4/h1H,2-4H3"
gdb_1181,3.92107,1.945,1.83615,4.7434,61.07,-0.2748,0.0267,0.3015,790.4069,0.134047,-325.781398,-325.772892,-325.771948,-325.814076,COC(C)(C)C#N,"InChI=1S/C5H9NO/c1-5(2,4-6)7-3/h1-3H3"
gdb_1182,3.37325,2.03221,1.77186,2.6858,60.3,-0.2481,-0.0231,0.2251,803.6117,0.145152,-346.86454,-346.855773,-346.854829,-346.897331,CC(C)(CO)C=O,"InChI=1S/C5H10O2/c1-5(2,3-6)4-7/h3,7H,4H2,1-2H3"
gdb_1183,3.92303,1.94016,1.81986,3.0185,53.44,-0.2529,-0.0296,0.2233,761.0814,0.121563,-382.793238,-382.78478,-382.783836,-382.82601,CC(O)(CO)C=O,"InChI=1S/C4H8O3/c1-4(7,2-5)3-6/h2,6-7H,3H2,1H3"
gdb_1184,3.88855,1.74816,1.69232,2.64,67.66,-0.2455,-0.0172,0.2283,871.5557,0.16854,-310.941861,-310.932819,-310.931874,-310.975126,CCC(C)(C)C=O,"InChI=1S/C6H12O/c1-4-6(2,3)5-7/h5H,4H2,1-3H3"
gdb_1185,3.74016,1.89062,1.75707,2.8744,60.49,-0.2497,-0.0237,0.226,819.1713,0.144499,-346.869041,-346.860113,-346.859169,-346.902288,CCC(C)(O)C=O,"InChI=1S/C5H10O2/c1-3-5(2,7)4-6/h4,7H,3H2,1-2H3"
gdb_1186,4.31227,1.81143,1.78469,2.7111,60.58,-0.2517,-0.0256,0.2262,811.414,0.144209,-346.857623,-346.848665,-346.847721,-346.892209,COC(C)(C)C=O,"InChI=1S/C5H10O2/c1-5(2,4-6)7-3/h4H,1-3H3"
gdb_1187,4.34167,1.6366,1.63065,2.6199,63.41,-0.2604,0.0669,0.3272,871.3942,0.168887,-348.048844,-348.039503,-348.038559,-348.08189,CC(C)(CO)CO,"InChI=1S/C5H12O2/c1-5(2,3-6)4-7/h6-7H,3-4H2,1-2H3"
gdb_1188,4.62576,1.69979,1.66693,3.2052,56.14,-0.2573,0.0541,0.3115,822.4301,0.146175,-383.983835,-383.975187,-383.974242,-384.016109,CC(O)(CO)CO,"InChI=1S/C4H10O3/c1-4(7,2-5)3-6/h5-7H,2-3H2,1H3"
gdb_1189,4.08658,1.55195,1.53869,0.0668,77.42,-0.2984,0.0746,0.373,992.1533,0.216091,-276.202384,-276.192746,-276.191802,-276.235905,CCC(C)(C)CC,"InChI=1S/C7H16/c1-5-7(3,4)6-2/h5-6H2,1-4H3"
gdb_1190,4.21306,1.59526,1.58608,1.3701,70.35,-0.2634,0.071,0.3344,930.2807,0.19263,-312.126404,-312.116983,-312.116038,-312.159466,CCC(C)(C)CO,"InChI=1S/C6H14O/c1-4-6(2,3)5-7/h7H,4-5H2,1-3H3"
gdb_1191,3.19752,2.02748,1.75763,1.0638,70.74,-0.2456,0.0788,0.3244,886.066,0.191831,-312.122563,-312.113075,-312.112131,-312.156051,CCC(C)(C)OC,"InChI=1S/C6H14O/c1-5-6(2,3)7-4/h5H2,1-4H3"
gdb_1192,4.35126,1.60871,1.57457,1.3308,70.47,-0.26,0.064,0.324,941.358,0.192392,-312.134532,-312.125143,-312.124199,-312.167545,CCC(C)(O)CC,"InChI=1S/C6H14O/c1-4-6(3,7)5-2/h7H,4-5H2,1-3H3"
gdb_1193,4.51654,1.65703,1.62312,2.265,63.37,-0.2538,0.0618,0.3155,880.3669,0.169345,-348.059242,-348.050232,-348.049288,-348.091844,CCC(C)(O)CO,"InChI=1S/C5H12O2/c1-3-5(2,7)4-6/h6-7H,3-4H2,1-2H3"
gdb_1194,4.28212,1.71415,1.70186,0.3321,63.67,-0.2468,0.071,0.3178,861.9668,0.168315,-348.044714,-348.035382,-348.034438,-348.077932,COC(C)(C)CO,"InChI=1S/C5H12O2/c1-5(2,4-6)7-3/h6H,4H2,1-3H3"
gdb_1195,8.48546,1.13674,1.02138,2.3414,66.31,-0.2392,-0.011,0.2282,1140.7997,0.121157,-308.518356,-308.509288,-308.508344,-308.555292,CC#CCC(C)=O,"InChI=1S/C6H8O/c1-3-4-5-6(2)7/h5H2,1-2H3"
gdb_1196,8.34619,1.1606,1.04324,3.2208,62.34,-0.2392,0.0298,0.269,1094.28,0.111076,-324.588239,-324.579399,-324.578455,-324.624091,CC#CCC(N)=O,"InChI=1S/C5H7NO/c1-2-3-4-5(6)7/h4H2,1H3,(H2,6,7)"
gdb_1197,6.61698,1.09791,0.99391,0.1818,76.36,-0.2402,0.0614,0.3016,1231.6811,0.169126,-273.77551,-273.766097,-273.765152,-273.810315,CC#CCC(C)C,"InChI=1S/C7H12/c1-4-5-6-7(2)3/h7H,6H2,1-3H3"
gdb_1198,6.86594,1.10196,0.99777,1.5386,68.81,-0.2431,0.0613,0.3044,1179.2053,0.145607,-309.700675,-309.691492,-309.690548,-309.735661,CC#CCC(C)O,"InChI=1S/C6H10O/c1-3-4-5-6(2)7/h6-7H,5H2,1-2H3"
gdb_1199,10.17342,1.10755,1.00502,3.0502,71.03,-0.2627,-0.079,0.1837,1072.1874,0.075267,-306.080007,-306.072425,-306.071481,-306.112041,CC(=O)C#CC#C,"InChI=1S/C6H4O/c1-3-4-5-6(2)7/h1H,2H3"
gdb_1200,10.15779,1.10653,1.00403,3.6118,62.85,-0.2917,-0.1061,0.1856,1047.2237,0.064928,-322.175807,-322.168583,-322.167638,-322.207693,CC(=O)C#CC#N,InChI=1S/C5H3NO/c1-5(7)3-2-4-6/h1H3
gdb_1201,11.40753,1.11134,1.01268,3.7399,66.57,-0.2572,-0.0595,0.1977,1040.5382,0.064847,-322.150234,-322.142692,-322.141748,-322.182151,NC(=O)C#CC#C,"InChI=1S/C5H3NO/c1-2-3-4-5(6)7/h1H,(H2,6,7)"
gdb_1202,11.37182,1.11152,1.01255,4.9028,58.96,-0.2881,-0.0871,0.2009,1014.6504,0.054698,-338.246643,-338.239603,-338.238659,-338.278067,NC(=O)C#CC#N,"InChI=1S/C4H2N2O/c5-3-1-2-4(6)7/h(H2,6,7)"
gdb_1203,8.52608,1.08388,1.00273,2.9665,59.6,-0.2792,-0.0833,0.1958,1080.1312,0.075004,-343.243883,-343.236061,-343.235116,-343.277095,CC(=O)C#CC=O,"InChI=1S/C5H4O2/c1-5(7)3-2-4-6/h4H,1H3"
gdb_1204,9.39209,1.08877,1.00782,3.6824,55.99,-0.2777,-0.0821,0.1956,1048.1109,0.064778,-359.314227,-359.306583,-359.305638,-359.347182,NC(=O)C#CC=O,"InChI=1S/C4H3NO2/c5-4(7)2-1-3-6/h3H,(H2,5,7)"
gdb_1205,7.81929,1.34207,1.16189,1.3863,61.55,-0.2642,0.028,0.2923,979.6637,0.111062,-324.548763,-324.540769,-324.539825,-324.581478,CC(=N)OCC#C,"InChI=1S/C5H7NO/c1-3-4-7-5(2)6/h1,6H,4H2,2H3"
gdb_1206,7.79286,1.33457,1.15589,1.9312,56.66,-0.2876,-0.0022,0.2855,957.2002,0.100521,-340.648166,-340.640573,-340.639629,-340.680495,CC(=N)OCC#N,"InChI=1S/C4H6N2O/c1-4(6)7-3-2-5/h6H,3H2,1H3"
gdb_1207,8.14069,1.1784,1.04914,2.4369,63.54,-0.2473,-0.0161,0.2312,1073.3104,0.121438,-308.51129,-308.502787,-308.501843,-308.545532,CC(=O)CCC#C,"InChI=1S/C6H8O/c1-3-4-5-6(2)7/h1H,4-5H2,2H3"
gdb_1208,8.24003,1.18295,1.05444,3.8066,58.65,-0.2662,-0.0306,0.2356,1043.3686,0.111245,-324.619773,-324.611667,-324.610723,-324.653631,CC(=O)CCC#N,"InChI=1S/C5H7NO/c1-5(7)3-2-4-6/h2-3H2,1H3"
gdb_1209,6.76311,1.32975,1.21223,3.261,60.97,-0.2478,0.0243,0.272,969.3488,0.111145,-324.575799,-324.567467,-324.566522,-324.610119,CC(=O)NCC#C,"InChI=1S/C5H7NO/c1-3-4-6-5(2)7/h1H,4H2,2H3,(H,6,7)"
gdb_1210,6.54396,1.36072,1.26328,3.9932,55.9,-0.2684,0.0049,0.2732,925.5742,0.100838,-340.682075,-340.674173,-340.673229,-340.715661,CC(=O)NCC#N,"InChI=1S/C4H6N2O/c1-4(7)6-3-2-5/h3H2,1H3,(H,6,7)"
gdb_1211,8.12805,1.33752,1.16507,1.5599,57.1,-0.2708,0.01,0.2808,962.1235,0.098562,-344.452972,-344.444932,-344.443988,-344.486557,CC(=O)OCC#C,"InChI=1S/C5H6O2/c1-3-4-7-5(2)6/h1H,4H2,2H3"
gdb_1212,8.18194,1.34626,1.17285,2.8236,52.25,-0.2944,-0.0087,0.2857,933.1813,0.088176,-360.557419,-360.549757,-360.548813,-360.590769,CC(=O)OCC#N,"InChI=1S/C4H5NO2/c1-4(6)7-3-2-5/h3H2,1H3"
gdb_1213,8.63684,1.19501,1.06428,3.5015,59.71,-0.2492,0.0266,0.2758,1032.2971,0.11116,-324.582445,-324.573988,-324.573044,-324.617047,NC(=O)CCC#C,"InChI=1S/C5H7NO/c1-2-3-4-5(6)7/h1H,3-4H2,(H2,6,7)"
gdb_1214,8.73264,1.2013,1.06984,4.8662,54.79,-0.2672,0.0122,0.2794,1001.9371,0.10097,-340.691219,-340.683171,-340.682227,-340.725385,NC(=O)CCC#N,"InChI=1S/C4H6N2O/c5-3-1-2-4(6)7/h1-2H2,(H2,6,7)"
gdb_1215,6.40513,1.40078,1.31774,3.4698,56.57,-0.2542,0.0348,0.289,901.0117,0.101219,-340.637067,-340.629366,-340.628422,-340.669486,NC(=O)NCC#C,"InChI=1S/C4H6N2O/c1-2-3-6-4(5)7/h1H,3H2,(H3,5,6,7)"
gdb_1216,7.59637,1.3251,1.21334,4.1819,52.05,-0.2712,0.0164,0.2877,916.4423,0.090585,-356.743821,-356.736361,-356.735416,-356.77621,NC(=O)NCC#N,"InChI=1S/C3H5N3O/c4-1-2-6-3(5)7/h2H2,(H3,5,6,7)"
gdb_1217,8.77188,1.34906,1.17834,2.2526,53.03,-0.2699,0.0258,0.2957,927.336,0.08835,-360.517106,-360.509433,-360.508489,-360.549837,NC(=O)OCC#C,"InChI=1S/C4H5NO2/c1-2-3-7-4(5)6/h1H,3H2,(H2,5,6)"
gdb_1218,6.60328,1.4864,1.41258,4.0484,47.92,-0.2932,0.0042,0.2974,825.4474,0.078117,-376.622353,-376.615107,-376.614163,-376.655056,NC(=O)OCC#N,"InChI=1S/C3H4N2O2/c4-1-2-7-3(5)6/h2H2,(H2,5,6)"
gdb_1219,8.27247,1.23425,1.08846,3.7148,55.9,-0.26,-0.0304,0.2296,1021.4169,0.110553,-361.728546,-361.72038,-361.719436,-361.76267,CC(=N)OCC=O,"InChI=1S/C4H7NO2/c1-4(5)7-3-2-6/h2,5H,3H2,1H3"
gdb_1220,8.07012,1.10244,1.00954,3.4013,59.61,-0.2524,-0.0239,0.2285,1105.0328,0.121452,-345.688382,-345.680001,-345.679057,-345.722452,CC(=O)CCC=O,"InChI=1S/C5H8O2/c1-5(7)3-2-4-6/h4H,2-3H2,1H3"
gdb_1221,7.3163,1.32736,1.13923,2.8014,55.73,-0.2515,-0.0323,0.2192,979.7722,0.111338,-361.762744,-361.754629,-361.753685,-361.797253,CC(=O)CNC=O,"InChI=1S/C4H7NO2/c1-4(7)2-5-3-6/h3H,2H2,1H3,(H,5,6)"
gdb_1222,7.28478,1.46278,1.28107,4.8085,56.94,-0.2503,-0.0292,0.221,914.0963,0.110889,-361.723581,-361.715618,-361.714674,-361.756517,CC(=O)COC=N,"InChI=1S/C4H7NO2/c1-4(6)2-7-3-5/h3,5H,2H2,1H3"
gdb_1223,7.36362,1.47822,1.29161,5.8203,52.25,-0.2678,-0.0366,0.2312,886.6728,0.098738,-381.62704,-381.619308,-381.618363,-381.659649,CC(=O)COC=O,"InChI=1S/C4H6O3/c1-4(6)2-7-3-5/h3H,2H2,1H3"
gdb_1224,7.79194,1.20904,1.12286,3.6554,56.48,-0.2523,-0.0325,0.2198,1013.9196,0.110928,-361.755719,-361.74742,-361.746476,-361.790178,CC(=O)NCC=O,"InChI=1S/C4H7NO2/c1-4(7)5-2-3-6/h3H,2H2,1H3,(H,5,7)"
gdb_1225,7.79293,1.27363,1.17628,2.8437,52.07,-0.2651,-0.0361,0.229,965.2519,0.098284,-381.63248,-381.624442,-381.623498,-381.666952,CC(=O)OCC=O,"InChI=1S/C4H6O3/c1-4(6)7-3-2-5/h2H,3H2,1H3"
gdb_1226,8.43457,1.11787,1.02811,4.4272,55.88,-0.2512,-0.0207,0.2305,1060.7893,0.111326,-361.759779,-361.751525,-361.750581,-361.793588,NC(=O)CCC=O,"InChI=1S/C4H7NO2/c5-4(7)2-1-3-6/h3H,1-2H2,(H2,5,7)"
gdb_1227,7.72005,1.35061,1.15771,3.8149,51.93,-0.2479,0.0113,0.2592,938.4028,0.101186,-377.834156,-377.826233,-377.825289,-377.86796,NC(=O)CNC=O,"InChI=1S/C3H6N2O2/c4-3(7)1-5-2-6/h2H,1H2,(H2,4,7)(H,5,6)"
gdb_1228,7.3709,1.50977,1.30333,5.4071,53.37,-0.2487,0.0065,0.2552,870.8659,0.100973,-377.794221,-377.786515,-377.785571,-377.826926,NC(=O)COC=N,"InChI=1S/C3H6N2O2/c4-2-7-1-3(5)6/h2,4H,1H2,(H2,5,6)"
gdb_1229,7.47355,1.52448,1.31547,6.769,48.68,-0.2663,-0.0015,0.2649,843.4793,0.088725,-397.697891,-397.690381,-397.689437,-397.730237,NC(=O)COC=O,"InChI=1S/C3H5NO3/c4-3(6)1-7-2-5/h2H,1H2,(H2,4,6)"
gdb_1230,8.48513,1.20323,1.10987,4.2342,52.44,-0.2504,-0.0282,0.2221,990.0316,0.100843,-377.817369,-377.809642,-377.808698,-377.85006,NC(=O)NCC=O,"InChI=1S/C3H6N2O2/c4-3(7)5-1-2-6/h2H,1H2,(H3,4,5,7)"
gdb_1231,8.10414,1.29811,1.20018,3.9862,48.14,-0.2604,-0.0321,0.2283,923.5523,0.088066,-397.697425,-397.689752,-397.688808,-397.730742,NC(=O)OCC=O,"InChI=1S/C3H5NO3/c4-3(6)7-2-1-5/h1H,2H2,(H2,4,6)"
gdb_1232,8.30412,1.26515,1.13494,6.8847,55.03,-0.2424,0.0031,0.2454,970.5388,0.101616,-377.813815,-377.806412,-377.805467,-377.845845,[O-]C(=O)CNC=[NH2+],"InChI=1S/C3H6N2O2/c4-2-5-1-3(6)7/h2H,1H2,(H2,4,5)(H,6,7)"
gdb_1233,7.7386,1.09758,0.99907,1.2253,78.98,-0.24,-0.0083,0.2318,1154.0398,0.122618,-271.339821,-271.331571,-271.330626,-271.37208,CC(C)C#CC#C,"InChI=1S/C7H8/c1-4-5-6-7(2)3/h1,7H,2-3H3"
gdb_1234,7.71597,1.10036,1.00102,5.3498,71.68,-0.2826,-0.0356,0.247,1125.1643,0.112534,-287.440932,-287.433077,-287.432133,-287.473067,CC(C)C#CC#N,"InChI=1S/C6H7N/c1-6(2)4-3-5-7/h6H,1-2H3"
gdb_1235,8.33321,1.09348,1.00226,1.3096,71.29,-0.2485,-0.0237,0.2248,1109.9975,0.098957,-307.260972,-307.252965,-307.252021,-307.293052,CC(O)C#CC#C,"InChI=1S/C6H6O/c1-3-4-5-6(2)7/h1,6-7H,2H3"
gdb_1236,8.33036,1.09416,1.00262,4.2762,64.11,-0.2903,-0.0509,0.2394,1082.9616,0.088846,-323.360471,-323.352878,-323.351934,-323.392392,CC(O)C#CC#N,"InChI=1S/C5H5NO/c1-5(7)3-2-4-6/h5,7H,1H3"
gdb_1237,6.82142,1.0937,0.97883,3.8667,69.,-0.2626,-0.0578,0.2048,1162.9692,0.122415,-308.505951,-308.497379,-308.496434,-308.54241,CC(C)C#CC=O,"InChI=1S/C6H8O/c1-6(2)4-3-5-7/h5-6H,1-2H3"
gdb_1238,6.97497,1.09311,1.00852,3.0147,61.63,-0.2706,-0.0659,0.2047,1107.6284,0.098897,-344.426799,-344.41858,-344.417636,-344.4602,CC(O)C#CC=O,"InChI=1S/C5H6O2/c1-5(7)3-2-4-6/h4-5,7H,1H3"
gdb_1239,6.41788,1.13024,1.01712,0.864,73.77,-0.257,0.0584,0.3154,1173.9801,0.169238,-273.762889,-273.753957,-273.753013,-273.796189,CC(C)CCC#C,"InChI=1S/C7H12/c1-4-5-6-7(2)3/h1,7H,5-6H2,2-3H3"
gdb_1240,6.4626,1.13351,1.02,4.2459,68.71,-0.3136,0.0381,0.3517,1144.5955,0.15912,-289.87199,-289.863454,-289.86251,-289.905076,CC(C)CCC#N,"InChI=1S/C6H11N/c1-6(2)4-3-5-7/h6H,3-4H2,1-2H3"
gdb_1241,6.56457,1.20513,1.07687,4.2551,65.88,-0.2467,0.0239,0.2706,1084.6075,0.147574,-305.906809,-305.898377,-305.897433,-305.939892,CC(C)NCC#N,"InChI=1S/C5H10N2/c1-5(2)7-4-3-6/h5,7H,4H2,1-2H3"
gdb_1242,6.57424,1.25235,1.11495,1.3646,67.44,-0.252,0.0361,0.2881,1071.282,0.144776,-309.677968,-309.669192,-309.668248,-309.711516,CC(C)OCC#C,"InChI=1S/C6H10O/c1-4-5-7-6(2)3/h1,6H,5H2,2-3H3"
gdb_1243,6.60603,1.25987,1.1183,4.7243,62.39,-0.2789,0.0134,0.2923,1042.7896,0.134527,-325.784384,-325.775982,-325.775038,-325.817748,CC(C)OCC#N,"InChI=1S/C5H9NO/c1-5(2)7-4-3-6/h5H,4H2,1-2H3"
gdb_1244,6.94554,1.14114,1.03888,1.487,66.62,-0.2539,0.0595,0.3134,1119.7842,0.145642,-309.690179,-309.681525,-309.68058,-309.723169,CC(O)CCC#C,"InChI=1S/C6H10O/c1-3-4-5-6(2)7/h1,6-7H,4-5H2,2H3"
gdb_1245,7.00683,1.14697,1.04479,4.0705,61.71,-0.284,0.0397,0.3237,1088.6368,0.135535,-325.799404,-325.791167,-325.790223,-325.832138,CC(O)CCC#N,"InChI=1S/C5H9NO/c1-5(7)3-2-4-6/h5,7H,2-3H2,1H3"
gdb_1246,7.08814,1.17517,1.06631,4.1615,66.01,-0.2293,0.0361,0.2654,1089.5602,0.147662,-305.900638,-305.892269,-305.891325,-305.933679,CN(C)CCC#N,"InChI=1S/C5H10N2/c1-7(2)5-3-4-6/h3,5H2,1-2H3"
gdb_1247,6.35602,1.06785,0.97244,2.8513,69.1,-0.2475,-0.0181,0.2294,1207.8775,0.169116,-310.940611,-310.931655,-310.930711,-310.974733,CC(C)CCC=O,"InChI=1S/C6H12O/c1-6(2)4-3-5-7/h5-6H,3-4H2,1-2H3"
gdb_1248,5.07605,1.40889,1.31261,3.6758,65.32,-0.2497,0.0333,0.283,981.46,0.159125,-327.014214,-327.00557,-327.004626,-327.048002,CC(C)CNC=O,"InChI=1S/C5H11NO/c1-5(2)3-6-4-7/h4-5H,3H2,1-2H3,(H,6,7)"
gdb_1249,6.6296,1.2486,1.12472,4.0394,62.11,-0.2771,0.0095,0.2866,1052.1515,0.146269,-346.886411,-346.877908,-346.876964,-346.92005,CC(C)COC=O,"InChI=1S/C5H10O2/c1-5(2)3-7-4-6/h4-5H,3H2,1-2H3"
gdb_1250,6.84496,1.16046,1.03874,3.0075,62.,-0.2546,-0.0261,0.2285,1116.4435,0.144496,-346.859384,-346.850546,-346.849601,-346.893533,CC(C)OCC=O,"InChI=1S/C5H10O2/c1-5(2)7-4-3-6/h3,5H,4H2,1-2H3"
gdb_1251,7.00894,1.07185,0.98682,3.3221,62.23,-0.2472,-0.0172,0.23,1156.0424,0.145583,-346.867789,-346.859151,-346.858207,-346.90144,CC(O)CCC=O,"InChI=1S/C5H10O2/c1-5(7)3-2-4-6/h4-5,7H,2-3H2,1H3"
gdb_1252,6.1091,1.31142,1.13225,3.6492,58.93,-0.2474,0.0347,0.2821,1017.2473,0.135777,-362.94204,-362.933789,-362.932845,-362.975246,CC(O)CNC=O,"InChI=1S/C4H9NO2/c1-4(7)2-5-3-6/h3-4,7H,2H2,1H3,(H,5,6)"
gdb_1253,6.05897,1.28038,1.17601,2.254,59.53,-0.2565,0.0222,0.2787,1011.4441,0.134919,-362.906662,-362.898251,-362.897307,-362.940129,CC(O)COC=N,"InChI=1S/C4H9NO2/c1-4(6)2-7-3-5/h3-6H,2H2,1H3"
gdb_1254,6.60578,1.40165,1.2301,5.3405,55.11,-0.2709,0.0142,0.2851,945.3283,0.122847,-382.810709,-382.802647,-382.801703,-382.843261,CC(O)COC=O,"InChI=1S/C4H8O3/c1-4(6)2-7-3-5/h3-4,6H,2H2,1H3"
gdb_1255,8.68692,1.1934,1.06309,2.0056,64.97,-0.247,-0.0115,0.2355,1089.4461,0.123635,-341.878745,-341.870435,-341.869491,-341.912175,CN=CNC(C)=O,"InChI=1S/C4H8N2O/c1-4(7)6-3-5-2/h3H,1-2H3,(H,5,6,7)"
gdb_1256,9.18145,1.20891,1.07625,2.7619,61.,-0.2419,0.008,0.2498,1050.0042,0.113425,-357.941534,-357.933674,-357.932729,-357.973624,CN=CNC(N)=O,"InChI=1S/C3H7N3O/c1-5-2-6-3(4)7/h2H,1H3,(H3,4,5,6,7)"
gdb_1257,8.80026,1.2574,1.11536,0.455,59.47,-0.2618,-0.0183,0.2435,1036.5637,0.110723,-361.750275,-361.742143,-361.741199,-361.783306,CN=COC(C)=O,"InChI=1S/C4H7NO2/c1-4(6)7-3-5-2/h3H,1-2H3"
gdb_1258,9.24692,1.27872,1.13133,1.7184,55.46,-0.2585,0.0074,0.2659,996.0035,0.100338,-377.816587,-377.80863,-377.807686,-377.849065,CN=COC(N)=O,"InChI=1S/C3H6N2O2/c1-5-2-7-3(4)6/h2H,1H3,(H2,4,6)"
gdb_1259,8.20044,1.2732,1.14203,7.2557,54.97,-0.2409,0.0036,0.2444,966.6252,0.101581,-377.813742,-377.806295,-377.805351,-377.845832,NC=[NH+]CC([O-])=O,"InChI=1S/C3H6N2O2/c4-2-5-1-3(6)7/h2H,1H2,(H2,4,5)(H,6,7)"
gdb_1260,6.86865,1.18236,1.075,2.9358,69.51,-0.2434,0.0303,0.2738,1145.7729,0.157325,-326.983087,-326.974203,-326.973259,-327.016616,CN=COC(C)C,"InChI=1S/C5H11NO/c1-5(2)7-4-6-3/h4-5H,1-3H3"
gdb_1261,7.79011,1.06645,0.9491,4.7432,61.49,-0.2573,-0.0481,0.2092,1157.3028,0.098529,-344.431301,-344.422854,-344.42191,-344.465251,CC(=O)C#CCO,"InChI=1S/C5H6O2/c1-5(7)3-2-4-6/h6H,4H2,1H3"
gdb_1262,7.25727,1.08525,0.96087,3.5208,68.51,-0.2523,-0.0439,0.2084,1200.2744,0.12236,-308.518276,-308.509654,-308.508709,-308.552603,CCC#CC(C)=O,"InChI=1S/C6H8O/c1-3-4-5-6(2)7/h3H2,1-2H3"
gdb_1263,7.67229,1.09743,0.97167,3.9461,64.39,-0.2494,-0.015,0.2344,1161.1068,0.111834,-324.588418,-324.579753,-324.578809,-324.623838,CCC#CC(N)=O,"InChI=1S/C5H7NO/c1-2-3-4-5(6)7/h2H2,1H3,(H2,6,7)"
gdb_1264,8.30661,1.07623,0.95855,5.3033,57.35,-0.2558,-0.0193,0.2366,1120.1118,0.088062,-360.501085,-360.492639,-360.491695,-360.535345,NC(=O)C#CCO,"InChI=1S/C4H5NO2/c5-4(7)2-1-3-6/h6H,3H2,(H2,5,7)"
gdb_1265,8.07402,1.09087,0.97319,5.3628,56.69,-0.263,-0.0392,0.2238,1111.0895,0.089488,-360.501473,-360.493727,-360.492782,-360.534734,[NH3+]CC#CC([O-])=O,"InChI=1S/C4H5NO2/c5-3-1-2-4(6)7/h3,5H2,(H,6,7)"
gdb_1266,6.34523,1.04933,0.94243,1.2842,70.02,-0.2409,0.0361,0.277,1243.8513,0.145957,-309.688611,-309.679458,-309.678514,-309.724025,CC(C)C#CCO,"InChI=1S/C6H10O/c1-6(2)4-3-5-7/h6-7H,5H2,1-2H3"
gdb_1267,6.77332,1.0256,0.94819,1.5467,62.29,-0.2595,0.0272,0.2867,1202.0457,0.122717,-345.613895,-345.605137,-345.604193,-345.648135,CC(O)C#CCO,"InChI=1S/C5H8O2/c1-5(7)3-2-4-6/h5-7H,4H2,1H3"
gdb_1268,6.00945,1.06449,0.95212,0.088,77.09,-0.2393,0.0609,0.3002,1289.1717,0.169677,-273.773955,-273.764645,-273.7637,-273.809344,CCC#CC(C)C,"InChI=1S/C7H12/c1-4-5-6-7(2)3/h7H,4H2,1-3H3"
gdb_1269,6.50128,1.03506,0.95869,1.8282,69.76,-0.2487,0.0417,0.2904,1252.8656,0.14603,-309.69664,-309.687536,-309.686592,-309.733027,CCC#CC(C)O,"InChI=1S/C6H10O/c1-3-4-5-6(2)7/h6-7H,3H2,1-2H3"
gdb_1270,6.76899,1.13746,1.04786,2.7971,69.8,-0.2473,0.0246,0.2719,1172.7453,0.15739,-326.978724,-326.969665,-326.968721,-327.012811,COC=NC(C)C,"InChI=1S/C5H11NO/c1-5(2)6-4-7-3/h4-5H,1-3H3"
gdb_1271,5.66482,1.4013,1.20323,1.2514,58.74,-0.2714,0.0271,0.2984,986.6162,0.135552,-362.917261,-362.909041,-362.908097,-362.950291,CC(=N)OCCO,"InChI=1S/C4H9NO2/c1-4(5)7-3-2-6/h5-6H,2-3H2,1H3"
gdb_1272,7.85219,1.03564,0.93603,3.8961,61.44,-0.2439,-0.0087,0.2352,1207.6711,0.145338,-346.873992,-346.864937,-346.863992,-346.908901,CC(=O)CCCO,"InChI=1S/C5H10O2/c1-5(7)3-2-4-6/h6H,2-4H2,1H3"
gdb_1273,5.72993,1.35817,1.16425,3.6552,58.98,-0.2385,0.0398,0.2783,1008.3742,0.13552,-362.945811,-362.937134,-362.93619,-362.980361,CC(=O)NCCO,"InChI=1S/C4H9NO2/c1-4(7)5-2-3-6/h6H,2-3H2,1H3,(H,5,7)"
gdb_1274,5.88314,1.40183,1.20609,1.8227,54.39,-0.273,0.0099,0.2829,969.3956,0.123101,-382.824468,-382.816163,-382.815219,-382.858285,CC(=O)OCCO,"InChI=1S/C4H8O3/c1-4(6)7-3-2-5/h5H,2-3H2,1H3"
gdb_1275,7.52764,1.03267,0.93409,2.5767,68.54,-0.2413,-0.0069,0.2344,1271.3575,0.168818,-310.954514,-310.945247,-310.944303,-310.989533,CCCCC(C)=O,"InChI=1S/C6H12O/c1-3-4-5-6(2)7/h3-5H2,1-2H3"
gdb_1276,7.61584,1.04954,0.95462,3.43,64.98,-0.2427,0.0361,0.2788,1222.1374,0.158721,-327.025329,-327.01624,-327.015295,-327.060099,CCCCC(N)=O,"InChI=1S/C5H11NO/c1-2-3-4-5(6)7/h2-4H2,1H3,(H2,6,7)"
gdb_1277,6.85074,1.16697,1.08656,3.4726,65.86,-0.2396,0.0386,0.2781,1137.2336,0.158619,-327.023352,-327.014207,-327.013263,-327.059074,CCCNC(C)=O,"InChI=1S/C5H11NO/c1-3-4-6-5(2)7/h3-4H2,1-2H3,(H,6,7)"
gdb_1278,7.59727,1.13243,1.03762,3.6036,62.09,-0.2422,0.0606,0.3028,1138.7938,0.148453,-343.084333,-343.075705,-343.074761,-343.118303,CCCNC(N)=O,"InChI=1S/C4H10N2O/c1-2-3-6-4(5)7/h2-3H2,1H3,(H3,5,6,7)"
gdb_1279,7.77081,1.15858,1.03409,2.0071,61.83,-0.265,0.02,0.285,1145.5681,0.146096,-346.903261,-346.894413,-346.893469,-346.937865,CCCOC(C)=O,"InChI=1S/C5H10O2/c1-3-4-7-5(2)6/h3-4H2,1-2H3"
gdb_1280,8.17317,1.17164,1.04506,2.462,57.94,-0.264,0.0595,0.3235,1106.8366,0.135959,-362.967171,-362.95874,-362.957795,-363.000762,CCCOC(N)=O,"InChI=1S/C4H9NO2/c1-2-3-7-4(5)6/h2-3H2,1H3,(H2,5,6)"
gdb_1281,6.15033,1.33409,1.23569,5.3151,57.48,-0.248,0.0213,0.2693,983.9296,0.136774,-362.945907,-362.938068,-362.937124,-362.978657,CC[NH2+]CC([O-])=O,"InChI=1S/C4H9NO2/c1-2-5-3-4(6)7/h5H,2-3H2,1H3,(H,6,7)"
gdb_1282,7.6951,1.16141,1.0356,3.4626,62.56,-0.2438,-0.0092,0.2346,1145.1515,0.144657,-346.865957,-346.856961,-346.856017,-346.900596,CCOCC(C)=O,"InChI=1S/C5H10O2/c1-3-7-4-5(2)6/h3-4H2,1-2H3"
gdb_1283,7.81861,1.18276,1.05662,4.1238,58.9,-0.2453,0.0284,0.2737,1099.2691,0.134589,-362.935404,-362.926652,-362.925708,-362.969766,CCOCC(N)=O,"InChI=1S/C4H9NO2/c1-2-7-3-4(5)6/h2-3H2,1H3,(H2,5,6)"
gdb_1284,6.16631,1.45706,1.25058,6.1962,57.97,-0.2479,0.0284,0.2763,945.5531,0.137311,-362.946707,-362.939101,-362.938157,-362.978786,C[NH2+]CCC([O-])=O,"InChI=1S/C4H9NO2/c1-5-3-2-4(6)7/h5H,2-3H2,1H3,(H,6,7)"
gdb_1285,8.05978,1.09653,0.98888,1.5782,61.93,-0.2465,-0.0117,0.2348,1175.3083,0.145053,-346.867207,-346.858197,-346.857253,-346.901901,COCCC(C)=O,"InChI=1S/C5H10O2/c1-5(6)3-4-7-2/h3-4H2,1-2H3"
gdb_1286,8.35565,1.1159,1.00354,2.5104,58.21,-0.2476,0.0319,0.2795,1129.7357,0.134737,-362.938449,-362.92947,-362.928526,-362.973821,COCCC(N)=O,"InChI=1S/C4H9NO2/c1-7-3-2-4(5)6/h2-3H2,1H3,(H2,5,6)"
gdb_1287,7.94292,1.05193,0.95777,4.6,57.85,-0.2448,0.0347,0.2796,1158.8734,0.135165,-362.944759,-362.935797,-362.934853,-362.979581,NC(=O)CCCO,"InChI=1S/C4H9NO2/c5-4(7)2-1-3-6/h6H,1-3H2,(H2,5,7)"
gdb_1288,6.33957,1.33199,1.1392,4.0322,54.97,-0.2398,0.0615,0.3013,993.3409,0.125275,-379.006904,-378.998708,-378.997764,-379.04013,NC(=O)NCCO,"InChI=1S/C3H8N2O2/c4-3(7)5-1-2-6/h6H,1-2H2,(H3,4,5,7)"
gdb_1289,6.16306,1.41514,1.23322,2.9228,50.55,-0.271,0.0498,0.3209,931.339,0.11291,-398.888473,-398.880552,-398.879608,-398.921543,NC(=O)OCCO,"InChI=1S/C3H7NO3/c4-3(6)7-2-1-5/h5H,1-2H2,(H2,4,6)"
gdb_1290,4.78268,1.74591,1.36145,6.8096,57.27,-0.2369,0.0368,0.2737,872.2097,0.137916,-362.952198,-362.944708,-362.943764,-362.984179,[NH3+]CCCC([O-])=O,"InChI=1S/C4H9NO2/c5-3-1-2-4(6)7/h1-3,5H2,(H,6,7)"
gdb_1291,6.28879,0.99301,0.90285,1.299,71.46,-0.2615,0.0807,0.3422,1317.5841,0.193012,-312.126356,-312.116803,-312.115859,-312.160781,CC(C)CCCO,"InChI=1S/C6H14O/c1-6(2)4-3-5-7/h6-7H,3-5H2,1-2H3"
gdb_1292,5.06464,1.37057,1.14452,2.3094,64.84,-0.2571,0.0766,0.3337,1066.9097,0.169552,-348.051405,-348.042453,-348.041508,-348.085275,CC(C)OCCO,"InChI=1S/C5H12O2/c1-5(2)7-4-3-6/h5-6H,3-4H2,1-2H3"
gdb_1293,6.89189,1.00495,0.92217,1.7364,64.63,-0.2581,0.0724,0.3304,1259.7952,0.169494,-348.052763,-348.043488,-348.042544,-348.086794,CC(O)CCCO,"InChI=1S/C5H12O2/c1-5(7)3-2-4-6/h5-7H,2-4H2,1H3"
gdb_1294,6.08497,0.99017,0.90107,0.0577,78.7,-0.2997,0.0862,0.3858,1383.4554,0.216412,-276.206257,-276.196497,-276.195553,-276.240836,CCCCC(C)C,"InChI=1S/C7H16/c1-4-5-6-7(2)3/h7H,4-6H2,1-3H3"
gdb_1295,6.54138,1.00069,0.91782,1.4237,71.61,-0.261,0.0739,0.3349,1326.5598,0.192944,-312.133063,-312.123614,-312.12267,-312.167188,CCCCC(C)O,"InChI=1S/C6H14O/c1-3-4-5-6(2)7/h6-7H,3-5H2,1-2H3"
gdb_1296,6.28174,1.09275,0.98845,0.9066,72.3,-0.2456,0.088,0.3336,1264.1147,0.192289,-312.128001,-312.118424,-312.11748,-312.162713,CCCOC(C)C,"InChI=1S/C6H14O/c1-4-5-7-6(2)3/h6H,4-5H2,1-3H3"
gdb_1297,6.23606,1.12984,1.01529,0.8536,72.37,-0.2489,0.088,0.337,1232.7486,0.192456,-312.126544,-312.117027,-312.116082,-312.160843,CCOCC(C)C,"InChI=1S/C6H14O/c1-4-7-5-6(2)3/h6H,4-5H2,1-3H3"
gdb_1298,5.02395,1.27143,1.24031,2.2405,64.82,-0.2572,0.0792,0.3364,1070.8534,0.169559,-348.053064,-348.044051,-348.043107,-348.086845,CCOCC(C)O,"InChI=1S/C5H12O2/c1-3-7-4-5(2)6/h5-6H,3-4H2,1-2H3"
gdb_1299,6.41007,1.04951,0.95047,1.0262,72.19,-0.2495,0.0835,0.333,1286.4754,0.19265,-312.119017,-312.109494,-312.10855,-312.153443,COCCC(C)C,"InChI=1S/C6H14O/c1-6(2)4-5-7-3/h6H,4-5H2,1-3H3"
gdb_1300,6.92163,1.06106,0.96842,0.4474,65.05,-0.2482,0.0717,0.3199,1230.4102,0.169192,-348.045948,-348.036728,-348.035784,-348.079973,COCCC(C)O,"InChI=1S/C5H12O2/c1-5(6)3-4-7-2/h5-6H,3-4H2,1-2H3"
gdb_1301,3.24496,2.59114,2.1458,2.6086,64.27,-0.2338,-0.0164,0.2174,729.1336,0.146469,-309.738513,-309.730687,-309.729743,-309.770655,CC1(C)CCC1=O,"InChI=1S/C6H10O/c1-6(2)4-3-5(6)7/h3-4H2,1-2H3"
gdb_1302,3.41126,2.58978,2.19606,3.4842,61.14,-0.2417,0.0406,0.2823,703.5296,0.136142,-325.809179,-325.80157,-325.800626,-325.840507,CC1(C)CNC1=O,"InChI=1S/C5H9NO/c1-5(2)3-6-4(5)7/h3H2,1-2H3,(H,6,7)"
gdb_1303,3.46915,2.57533,2.20806,2.4567,61.5,-0.2609,0.0323,0.2932,703.5227,0.136267,-325.785262,-325.777909,-325.776964,-325.816273,CC1(C)COC1=N,"InChI=1S/C5H9NO/c1-5(2)3-7-4(5)6/h6H,3H2,1-2H3"
gdb_1304,3.50696,2.57633,2.22623,3.9969,56.57,-0.2679,0.0137,0.2816,686.7649,0.124338,-345.689766,-345.682556,-345.681612,-345.720707,CC1(C)COC1=O,"InChI=1S/C5H8O2/c1-5(2)3-7-4(5)6/h3H2,1-2H3"
gdb_1305,3.34258,2.61605,2.18632,2.4752,60.92,-0.2387,-0.0216,0.2172,706.0824,0.135221,-325.778234,-325.770634,-325.76969,-325.809559,CC1(C)NCC1=O,"InChI=1S/C5H9NO/c1-5(2)4(7)3-6-5/h6H,3H2,1-2H3"
gdb_1306,3.41936,2.61726,2.22186,1.0703,57.48,-0.2523,-0.0288,0.2235,688.4755,0.122413,-345.661057,-345.653514,-345.65257,-345.692435,CC1(C)OCC1=O,"InChI=1S/C5H8O2/c1-5(2)4(6)3-7-5/h3H2,1-2H3"
gdb_1307,3.56803,2.63832,2.25229,4.1989,53.12,-0.2585,0.0086,0.2671,662.6069,0.113257,-361.731914,-361.724741,-361.723797,-361.762913,CC1(N)COC1=O,"InChI=1S/C4H7NO2/c1-4(5)2-7-3(4)6/h2,5H2,1H3"
gdb_1308,3.39434,2.71916,2.16812,2.0822,57.22,-0.2472,-0.0286,0.2186,682.4644,0.122791,-345.663386,-345.655772,-345.654828,-345.695098,CC1(O)CCC1=O,"InChI=1S/C5H8O2/c1-5(7)3-2-4(5)6/h7H,2-3H2,1H3"
gdb_1309,3.5428,2.65711,2.21803,2.5062,54.09,-0.2424,0.026,0.2684,663.4271,0.112415,-361.733362,-361.725984,-361.72504,-361.764477,CC1(O)CNC1=O,"InChI=1S/C4H7NO2/c1-4(7)2-5-3(4)6/h7H,2H2,1H3,(H,5,6)"
gdb_1310,3.59559,2.64855,2.23228,1.4261,54.49,-0.2678,0.0185,0.2864,663.043,0.112382,-361.709679,-361.702484,-361.70154,-361.740635,CC1(O)COC1=N,"InChI=1S/C4H7NO2/c1-4(6)2-7-3(4)5/h5-6H,2H2,1H3"
gdb_1311,3.65301,2.62796,2.2389,3.314,49.68,-0.2625,0.0008,0.2634,648.3864,0.100436,-381.612501,-381.605481,-381.604536,-381.643329,CC1(O)COC1=O,"InChI=1S/C4H6O3/c1-4(6)2-7-3(4)5/h6H,2H2,1H3"
gdb_1312,3.16662,2.52504,2.07045,1.2635,67.09,-0.2523,0.0773,0.3296,763.2153,0.170361,-310.915408,-310.907317,-310.906373,-310.946841,CC1(C)CCC1O,"InChI=1S/C6H12O/c1-6(2)4-3-5(6)7/h5,7H,3-4H2,1-2H3"
gdb_1313,3.37636,2.56399,2.12543,2.2041,60.07,-0.2415,0.065,0.3065,721.569,0.146152,-346.840635,-346.832595,-346.831651,-346.87248,CC1(C)OCC1O,"InChI=1S/C5H10O2/c1-5(2)4(6)3-7-5/h4,6H,3H2,1-2H3"
gdb_1314,3.23345,2.60446,2.10715,1.0048,60.09,-0.2515,0.0751,0.3266,720.2405,0.146617,-346.844016,-346.836105,-346.835161,-346.875318,CC1(O)CCC1O,"InChI=1S/C5H10O2/c1-5(7)3-2-4(5)6/h4,6-7H,2-3H2,1H3"
gdb_1315,3.09416,2.42914,2.00669,0.0751,74.1,-0.2775,0.0802,0.3577,813.6898,0.194083,-274.989422,-274.981221,-274.980277,-275.020859,CC1CCC1(C)C,"InChI=1S/C7H14/c1-6-4-5-7(6,2)3/h6H,4-5H2,1-3H3"
gdb_1316,3.15426,2.51068,2.04398,1.2493,67.11,-0.2513,0.076,0.3273,769.6888,0.170399,-310.918831,-310.910861,-310.909916,-310.95008,CC1CCC1(C)O,"InChI=1S/C6H12O/c1-5-3-4-6(5,2)7/h5,7H,3-4H2,1-2H3"
gdb_1317,3.31117,2.4551,2.0606,1.7334,66.82,-0.2382,0.0794,0.3176,771.9296,0.169999,-310.916474,-310.908323,-310.907379,-310.948378,CC1COC1(C)C,"InChI=1S/C6H12O/c1-5-4-7-6(5,2)3/h5H,4H2,1-3H3"
gdb_1318,3.31609,2.42682,2.04733,1.7442,67.01,-0.24,0.0777,0.3176,773.9021,0.170167,-310.913156,-310.905055,-310.904111,-310.944991,CC1OCC1(C)C,"InChI=1S/C6H12O/c1-5-6(2,3)4-7-5/h5H,4H2,1-3H3"
gdb_1319,3.38529,2.49965,2.08605,2.3266,60.13,-0.2427,0.0662,0.309,730.4646,0.146404,-346.840522,-346.832677,-346.831732,-346.871994,CC1OCC1(C)O,"InChI=1S/C5H10O2/c1-4-5(2,6)3-7-4/h4,6H,3H2,1-2H3"
gdb_1320,4.81793,1.84886,1.65677,0.9315,71.46,-0.2376,0.0512,0.2888,825.8861,0.146088,-272.548325,-272.540333,-272.539389,-272.579699,CC1(C)CC1C#C,"InChI=1S/C7H10/c1-4-6-5-7(6,2)3/h1,6H,5H2,2-3H3"
gdb_1321,4.82908,1.87884,1.68118,4.3317,65.9,-0.2812,0.0318,0.313,798.1374,0.135985,-288.657055,-288.649459,-288.648515,-288.68824,CC1(C)CC1C#N,"InChI=1S/C6H9N/c1-6(2)3-5(6)4-7/h5H,3H2,1-2H3"
gdb_1322,5.05633,1.84877,1.64868,1.8398,67.94,-0.2408,0.0386,0.2793,811.4787,0.134725,-288.58902,-288.581169,-288.580225,-288.620346,CC1(C)NC1C#C,"InChI=1S/C6H9N/c1-4-5-6(2,3)7-5/h1,5,7H,2-3H3"
gdb_1323,5.07043,1.87702,1.67008,4.9807,62.44,-0.2708,0.0174,0.2882,784.5465,0.124443,-304.696023,-304.688535,-304.687591,-304.727176,CC1(C)NC1C#N,"InChI=1S/C5H8N2/c1-5(2)4(3-6)7-5/h4,7H,1-2H3"
gdb_1324,5.30937,1.86225,1.64939,1.8213,64.03,-0.2568,0.0225,0.2794,795.2723,0.121773,-308.473428,-308.465612,-308.464668,-308.504795,CC1(C)OC1C#C,"InChI=1S/C6H8O/c1-4-5-6(2,3)7-5/h1,5H,2-3H3"
gdb_1325,5.31189,1.89492,1.67309,4.0657,58.67,-0.2939,-0.0007,0.2932,767.8302,0.111446,-324.578381,-324.570922,-324.569978,-324.609576,CC1(C)OC1C#N,"InChI=1S/C5H7NO/c1-5(2)4(3-6)7-5/h4H,1-2H3"
gdb_1326,4.95609,1.88237,1.67932,1.8006,64.02,-0.2424,0.0474,0.2898,781.1792,0.122283,-308.472221,-308.464498,-308.463553,-308.503358,CC1(O)CC1C#C,"InChI=1S/C6H8O/c1-3-5-4-6(5,2)7/h1,5,7H,4H2,2H3"
gdb_1327,4.96076,1.91479,1.70558,4.5946,58.65,-0.2794,0.0275,0.3069,753.5324,0.112066,-324.580268,-324.572915,-324.571971,-324.611244,CC1(O)CC1C#N,"InChI=1S/C5H7NO/c1-5(7)2-4(5)3-6/h4,7H,2H2,1H3"
gdb_1328,4.56847,1.69259,1.58646,3.3742,66.52,-0.243,-0.0155,0.2275,857.5795,0.146416,-309.727166,-309.719292,-309.718348,-309.75884,CC1(C)CC1C=O,"InChI=1S/C6H10O/c1-6(2)3-5(6)4-7/h4-5H,3H2,1-2H3"
gdb_1329,5.13228,1.84121,1.68199,3.7136,62.74,-0.2489,0.0044,0.2533,798.8288,0.135047,-325.781571,-325.773859,-325.772915,-325.813075,CC1(C)CN1C=O,"InChI=1S/C5H9NO/c1-5(2)3-6(5)4-7/h4H,3H2,1-2H3"
gdb_1330,4.71336,1.71849,1.60428,3.3484,62.67,-0.2452,-0.0254,0.2198,835.2934,0.134951,-325.768959,-325.761205,-325.760261,-325.8006,CC1(C)NC1C=O,"InChI=1S/C5H9NO/c1-5(2)4(3-7)6-5/h3-4,6H,1-2H3"
gdb_1331,5.05514,2.00627,1.73641,3.3635,58.98,-0.2568,-0.0411,0.2157,759.8078,0.121962,-345.650323,-345.642644,-345.641699,-345.681761,CC1(C)OC1C=O,"InChI=1S/C5H8O2/c1-5(2)4(3-6)7-5/h3-4H,1-2H3"
gdb_1332,4.74434,1.71729,1.60716,4.244,59.3,-0.2462,-0.0197,0.2265,812.5437,0.122453,-345.650338,-345.642702,-345.641758,-345.681809,CC1(O)CC1C=O,"InChI=1S/C5H8O2/c1-5(7)2-4(5)3-6/h3-4,7H,2H2,1H3"
gdb_1333,4.83479,1.56896,1.4317,1.3945,68.29,-0.2565,0.0789,0.3355,934.2472,0.169894,-310.906568,-310.897972,-310.897028,-310.939073,CC1(C)CC1CO,"InChI=1S/C6H12O/c1-6(2)3-5(6)4-7/h5,7H,3-4H2,1-2H3"
gdb_1334,5.0985,1.62125,1.47044,2.4163,64.35,-0.2428,0.0719,0.3147,897.7886,0.159218,-326.954795,-326.946552,-326.945608,-326.987117,CC1(C)NC1CO,"InChI=1S/C5H11NO/c1-5(2)4(3-7)6-5/h4,6-7H,3H2,1-2H3"
gdb_1335,5.28106,1.6309,1.47048,2.1917,60.72,-0.2586,0.0813,0.3399,883.8784,0.146082,-346.839235,-346.830952,-346.830008,-346.871645,CC1(C)OC1CO,"InChI=1S/C5H10O2/c1-5(2)4(3-6)7-5/h4,6H,3H2,1-2H3"
gdb_1336,5.01227,1.58609,1.45072,1.9707,61.14,-0.249,0.0726,0.3217,887.373,0.146199,-346.831139,-346.822854,-346.82191,-346.863303,CC1(O)CC1CO,"InChI=1S/C5H10O2/c1-5(7)2-4(5)3-6/h4,6-7H,2-3H2,1H3"
gdb_1337,4.70841,1.54995,1.41719,0.1119,75.32,-0.2555,0.0888,0.3443,989.7399,0.193333,-274.987297,-274.978488,-274.977544,-275.019934,CCC1CC1(C)C,"InChI=1S/C7H14/c1-4-6-5-7(6,2)3/h6H,4-5H2,1-3H3"
gdb_1338,4.87395,1.56612,1.4352,1.2841,68.11,-0.2454,0.079,0.3244,942.9933,0.169716,-310.912131,-310.903647,-310.902703,-310.944406,CCC1CC1(C)O,"InChI=1S/C6H12O/c1-3-5-4-6(5,2)7/h5,7H,3-4H2,1-2H3"
gdb_1339,5.14634,1.60687,1.44815,1.7349,68.2,-0.254,0.0918,0.3458,941.7371,0.169115,-310.918822,-310.910141,-310.909196,-310.951581,CCC1OC1(C)C,"InChI=1S/C6H12O/c1-4-5-6(2,3)7-5/h5H,4H2,1-3H3"
gdb_1340,4.77351,1.65895,1.51298,1.0894,72.35,-0.219,0.0873,0.3063,934.0888,0.181313,-291.024232,-291.015563,-291.014619,-291.056693,CCN1CC1(C)C,"InChI=1S/C6H13N/c1-4-7-5-6(7,2)3/h4-5H2,1-3H3"
gdb_1341,4.9025,1.71312,1.55301,0.965,68.75,-0.2406,0.0932,0.3339,897.6244,0.169391,-310.901659,-310.893126,-310.892182,-310.933912,COC1CC1(C)C,"InChI=1S/C6H12O/c1-6(2)4-5(6)7-3/h5H,4H2,1-3H3"
gdb_1342,4.12925,1.91362,1.77573,0.8854,61.08,-0.2352,0.08,0.3153,806.1761,0.145684,-346.825562,-346.817332,-346.816388,-346.857503,COC1CC1(C)O,"InChI=1S/C5H10O2/c1-5(6)3-4(5)7-2/h4,6H,3H2,1-2H3"
gdb_1343,4.06782,2.27195,2.16866,0.1035,71.52,-0.2344,0.0313,0.2657,746.4522,0.171964,-273.806349,-273.799098,-273.798154,-273.837017,CC1(C)CC=CC1,"InChI=1S/C7H12/c1-7(2)5-3-4-6-7/h3-4H,5-6H2,1-2H3"
gdb_1344,4.3186,2.40191,2.35399,1.9532,60.01,-0.2445,0.0284,0.2729,675.5047,0.136875,-325.805017,-325.798027,-325.797083,-325.835879,CC1(C)CN=CO1,"InChI=1S/C5H9NO/c1-5(2)3-6-4-7-5/h4H,3H2,1-2H3"
gdb_1345,4.20885,2.3212,2.19512,1.2871,64.48,-0.2376,0.0282,0.2658,704.9867,0.148286,-309.733988,-309.726958,-309.726014,-309.76457,CC1(O)CC=CC1,"InChI=1S/C6H10O/c1-6(7)4-2-3-5-6/h2-3,7H,4-5H2,1H3"
gdb_1346,4.07202,2.23422,2.14319,0.1198,72.21,-0.2351,0.03,0.2651,756.1592,0.171962,-273.806375,-273.798985,-273.798041,-273.837238,CC1(C)CCC=C1,"InChI=1S/C7H12/c1-7(2)5-3-4-6-7/h3,5H,4,6H2,1-2H3"
gdb_1347,4.32251,2.36837,2.31433,1.4328,60.43,-0.2471,0.0256,0.2727,681.1161,0.137006,-325.800949,-325.793924,-325.79298,-325.83194,CC1(C)COC=N1,"InChI=1S/C5H9NO/c1-5(2)3-7-4-6-5/h4H,3H2,1-2H3"
gdb_1348,4.2207,2.36765,2.28654,1.3834,65.66,-0.2297,0.0195,0.2492,704.2269,0.147403,-309.731369,-309.724077,-309.723132,-309.762326,CC1(C)OCC=C1,"InChI=1S/C6H10O/c1-6(2)4-3-5-7-6/h3-4H,5H2,1-2H3"
gdb_1349,4.22727,2.27906,2.16141,1.3288,65.1,-0.2429,0.0236,0.2665,715.7792,0.148216,-309.733888,-309.72668,-309.725736,-309.764755,CC1(O)CCC=C1,"InChI=1S/C6H10O/c1-6(7)4-2-3-5-6/h2,4,7H,3,5H2,1H3"
gdb_1350,3.85944,2.16237,2.07352,0.0504,73.18,-0.2969,0.0719,0.3689,796.1568,0.195833,-275.012535,-275.004678,-275.003734,-275.044138,CC1(C)CCCC1,"InChI=1S/C7H14/c1-7(2)5-3-4-6-7/h3-6H2,1-2H3"
gdb_1351,3.95366,2.28628,2.17199,1.4135,66.79,-0.2381,0.0787,0.3168,749.0613,0.171716,-310.94019,-310.932627,-310.931683,-310.971715,CC1(C)CCCO1,"InChI=1S/C6H12O/c1-6(2)4-3-5-7-6/h3-5H2,1-2H3"
gdb_1352,4.03703,2.21795,2.1344,1.4972,66.33,-0.2434,0.075,0.3184,751.5983,0.17205,-310.932716,-310.925095,-310.924151,-310.964626,CC1(C)CCOC1,"InChI=1S/C6H12O/c1-6(2)3-4-7-5-6/h3-5H2,1-2H3"
gdb_1353,4.16709,2.34578,2.25403,1.2671,59.62,-0.2499,0.0829,0.3328,702.565,0.147852,-346.863396,-346.856044,-346.855099,-346.894725,CC1(C)COCO1,"InChI=1S/C5H10O2/c1-5(2)3-6-4-7-5/h3-4H2,1-2H3"
gdb_1354,4.10869,2.42389,2.32418,0.7558,59.97,-0.2478,0.0851,0.3329,696.107,0.147486,-346.868661,-346.861257,-346.860313,-346.900146,CC1(C)OCCO1,"InChI=1S/C5H10O2/c1-5(2)6-3-4-7-5/h3-4H2,1-2H3"
gdb_1355,4.04236,2.23226,2.08954,1.2861,66.51,-0.2594,0.068,0.3274,754.8611,0.172177,-310.94266,-310.935106,-310.934161,-310.974251,CC1(O)CCCC1,"InChI=1S/C6H12O/c1-6(7)4-2-3-5-6/h7H,2-5H2,1H3"
gdb_1356,4.14556,2.26051,2.13614,1.1467,59.29,-0.2458,0.0683,0.3141,713.3081,0.14846,-346.859213,-346.851913,-346.850969,-346.890853,CC1(O)CCOC1,"InChI=1S/C5H10O2/c1-5(6)2-3-7-4-5/h6H,2-4H2,1H3"
gdb_1357,3.39543,2.24911,2.0787,1.9606,60.43,-0.2271,0.0562,0.2832,750.2223,0.146016,-346.833711,-346.825409,-346.824464,-346.865542,CC1(C)C(O)C1O,"InChI=1S/C5H10O2/c1-5(2)3(6)4(5)7/h3-4,6-7H,1-2H3"
gdb_1358,3.43041,2.30436,2.1097,0.9839,53.19,-0.2236,0.0508,0.2745,707.3996,0.122297,-382.757521,-382.749529,-382.748585,-382.788967,CC1(O)C(O)C1O,"InChI=1S/C4H8O3/c1-4(7)2(5)3(4)6/h2-3,5-7H,1H3"
gdb_1359,2.97117,2.21615,1.91778,0.0569,74.93,-0.2497,0.0827,0.3324,856.5319,0.192745,-274.986857,-274.977725,-274.976781,-275.019484,CC1C(C)C1(C)C,"InChI=1S/C7H14/c1-5-6(2)7(5,3)4/h5-6H,1-4H3"
gdb_1360,3.01164,2.26872,1.94217,1.3601,67.7,-0.2379,0.0772,0.3152,813.2486,0.169222,-310.91227,-310.903513,-310.902569,-310.944426,CC1C(C)C1(C)O,"InChI=1S/C6H12O/c1-4-5(2)6(4,3)7/h4-5,7H,1-3H3"
gdb_1361,3.16552,2.2371,1.99418,1.2775,67.65,-0.2382,0.0724,0.3106,802.745,0.16932,-310.911364,-310.902599,-310.901655,-310.943551,CC1C(O)C1(C)C,"InChI=1S/C6H12O/c1-4-5(7)6(4,2)3/h4-5,7H,1-3H3"
gdb_1362,3.18001,2.31112,2.02665,1.0529,60.53,-0.2404,0.0705,0.3109,758.5937,0.145588,-346.836423,-346.827969,-346.827025,-346.868312,CC1C(O)C1(C)O,"InChI=1S/C5H10O2/c1-3-4(6)5(3,2)7/h3-4,6-7H,1-2H3"
gdb_1363,3.15608,2.26253,2.0059,1.2476,71.72,-0.2097,0.082,0.2917,819.6085,0.180715,-291.021574,-291.012519,-291.011574,-291.054234,CC1N(C)C1(C)C,"InChI=1S/C6H13N/c1-5-6(2,3)7(5)4/h5H,1-4H3"
gdb_1364,8.90113,1.44646,1.25373,2.9432,59.98,-0.267,-0.0641,0.2029,873.4893,0.074543,-306.056425,-306.04892,-306.047976,-306.08835,O=C(CC#C)C#C,"InChI=1S/C6H4O/c1-3-5-6(7)4-2/h1-2H,5H2"
gdb_1365,8.92939,1.44957,1.25662,3.0728,54.62,-0.2896,-0.0944,0.1953,851.5448,0.063906,-322.155306,-322.148109,-322.147165,-322.187003,O=C(CC#C)C#N,"InChI=1S/C5H3NO/c1-2-3-5(7)4-6/h1H,3H2"
gdb_1366,8.95139,1.45747,1.26307,5.8999,54.85,-0.2937,-0.0832,0.2104,846.9512,0.064294,-322.161948,-322.154824,-322.15388,-322.193705,O=C(CC#N)C#C,"InChI=1S/C5H3NO/c1-2-5(7)3-4-6/h1H,3H2"
gdb_1367,8.97408,1.46004,1.26545,2.5898,49.53,-0.3277,-0.1151,0.2126,825.6378,0.053602,-338.257996,-338.25117,-338.250226,-338.289512,O=C(CC#N)C#N,InChI=1S/C4H2N2O/c5-2-1-4(7)3-6/h1H2
gdb_1368,6.73046,1.56457,1.27919,0.572,53.76,-0.2571,-0.1038,0.1533,848.8185,0.074512,-343.232602,-343.225157,-343.224213,-343.264881,O=CC(=O)CC#C,"InChI=1S/C5H4O2/c1-2-3-5(7)4-6/h1,4H,3H2"
gdb_1369,9.8734,1.36893,1.21113,4.818,49.13,-0.2777,-0.1201,0.1575,868.7572,0.063841,-359.328735,-359.321571,-359.320626,-359.360936,O=CC(=O)CC#N,"InChI=1S/C4H3NO2/c5-2-1-4(7)3-6/h3H,1H2"
gdb_1370,7.97173,1.58911,1.32499,5.2935,57.62,-0.2552,-0.0515,0.2037,824.0097,0.07735,-339.419688,-339.412572,-339.411628,-339.451361,N=C(NC=O)C#C,"InChI=1S/C4H4N2O/c1-2-4(5)6-3-7/h1,3H,(H2,5,6,7)"
gdb_1371,7.21285,1.56037,1.29131,4.1393,53.35,-0.2861,-0.0638,0.2223,833.2372,0.064516,-359.297643,-359.290682,-359.289738,-359.329189,N=C(OC=O)C#C,"InChI=1S/C4H3NO2/c1-2-4(5)7-3-6/h1,3,5H"
gdb_1372,7.35474,1.55737,1.29328,2.7129,48.09,-0.3102,-0.0914,0.2188,812.3984,0.053821,-375.394844,-375.38817,-375.387226,-375.426275,N=C(OC=O)C#N,"InChI=1S/C3H2N2O2/c4-1-3(5)7-2-6/h2,5H"
gdb_1373,7.00256,1.50522,1.23891,1.8946,58.92,-0.2655,-0.0703,0.1952,871.044,0.079516,-335.632054,-335.625156,-335.624212,-335.663291,N=CNC(=N)C#N,"InChI=1S/C3H4N4/c4-1-3(6)7-2-5/h2H,(H3,5,6,7)"
gdb_1374,8.17957,1.59325,1.33351,5.1914,58.24,-0.2549,-0.0509,0.204,827.4768,0.077374,-339.418028,-339.410839,-339.409895,-339.449597,N=CNC(=O)C#C,"InChI=1S/C4H4N2O/c1-2-4(7)6-3-5/h1,3H,(H2,5,6,7)"
gdb_1375,7.41091,1.5729,1.29751,0.8115,54.23,-0.2877,-0.0682,0.2195,836.116,0.064727,-359.297522,-359.290584,-359.28964,-359.328928,N=COC(=O)C#C,"InChI=1S/C4H3NO2/c1-2-4(6)7-3-5/h1,3,5H"
gdb_1376,7.44813,1.57744,1.30174,3.5985,48.87,-0.3116,-0.0961,0.2154,814.4597,0.054026,-375.393636,-375.386992,-375.386048,-375.424914,N=COC(=O)C#N,"InChI=1S/C3H2N2O2/c4-1-3(6)7-2-5/h2,5H"
gdb_1377,8.29503,1.59739,1.33945,5.7352,53.04,-0.2656,-0.067,0.1986,805.7211,0.064901,-359.31705,-359.310041,-359.309097,-359.34852,O=CNC(=O)C#C,"InChI=1S/C4H3NO2/c1-2-4(7)5-3-6/h1,3H,(H,5,6,7)"
gdb_1378,8.57841,1.50903,1.28329,4.8725,51.51,-0.2619,-0.0944,0.1674,835.7589,0.077378,-376.595314,-376.588335,-376.58739,-376.627013,N=C(NC=O)C=O,"InChI=1S/C3H4N2O2/c4-3(1-6)5-2-7/h1-2H,(H2,4,5,7)"
gdb_1379,9.34497,1.40531,1.22327,1.2731,46.63,-0.285,-0.1049,0.1802,858.8845,0.064513,-396.475511,-396.468528,-396.467584,-396.507758,N=C(OC=O)C=O,"InChI=1S/C3H3NO3/c4-3(1-5)7-2-6/h1-2,4H"
gdb_1380,9.0332,1.35275,1.17656,1.1294,58.23,-0.253,-0.0891,0.1639,919.8704,0.090171,-356.708234,-356.701138,-356.700194,-356.739716,N=CNC(=N)C=O,"InChI=1S/C3H5N3O/c4-2-6-3(5)1-7/h1-2H,(H3,4,5,6)"
gdb_1381,8.65446,1.51492,1.28924,6.2626,52.59,-0.2514,-0.0893,0.1621,841.7272,0.07707,-376.588479,-376.581318,-376.580374,-376.620363,N=CNC(=O)C=O,"InChI=1S/C3H4N2O2/c4-2-5-3(7)1-6/h1-2H,(H2,4,5,7)"
gdb_1382,9.27822,1.42431,1.23476,2.0651,48.04,-0.2804,-0.1056,0.1748,862.1107,0.064543,-396.470299,-396.463344,-396.4624,-396.502059,N=COC(=O)C=O,"InChI=1S/C3H3NO3/c4-2-7-3(6)1-5/h1-2,4H"
gdb_1383,8.8021,1.51495,1.2925,5.8384,47.28,-0.2635,-0.1036,0.1599,820.9676,0.064558,-396.486463,-396.479459,-396.478515,-396.51828,O=CNC(=O)C=O,"InChI=1S/C3H3NO3/c5-1-3(7)4-2-6/h1-2H,(H,4,6,7)"
gdb_1384,5.42466,1.43284,1.14152,3.8542,65.61,-0.266,-0.0777,0.1883,974.7892,0.075189,-306.067385,-306.059513,-306.058569,-306.101713,CC#CC(=O)C#C,"InChI=1S/C6H4O/c1-3-5-6(7)4-2/h2H,1H3"
gdb_1385,5.47598,1.4411,1.14904,5.2638,60.31,-0.2983,-0.1067,0.1917,950.1786,0.064536,-322.167165,-322.15959,-322.158646,-322.201365,CC#CC(=O)C#N,InChI=1S/C5H3NO/c1-2-3-5(7)4-6/h1H3
gdb_1386,7.48524,1.24204,1.07239,5.6058,59.26,-0.2562,-0.1058,0.1504,1019.8921,0.074732,-343.239068,-343.231079,-343.230135,-343.274271,CC#CC(=O)C=O,"InChI=1S/C5H4O2/c1-2-3-5(7)4-6/h4H,1H3"
gdb_1387,4.63524,1.40461,1.1336,0.7609,71.21,-0.2471,0.0411,0.2883,1049.7488,0.121897,-271.326117,-271.317342,-271.316398,-271.360595,CC#CC(C)C#C,"InChI=1S/C7H8/c1-4-6-7(3)5-2/h2,7H,1,3H3"
gdb_1388,4.71246,1.41059,1.14126,4.1576,66.15,-0.2669,0.0204,0.2873,1024.0718,0.111627,-287.433999,-287.425591,-287.424647,-287.468115,CC#CC(C)C#N,"InChI=1S/C6H7N/c1-3-4-6(2)5-7/h6H,1-2H3"
gdb_1389,4.78166,1.41995,1.14805,5.0112,62.73,-0.2613,0.0048,0.2661,999.9589,0.100789,-303.472917,-303.464624,-303.463679,-303.507239,CC#CC(N)C#N,"InChI=1S/C5H6N2/c1-2-3-5(7)4-6/h5H,7H2,1H3"
gdb_1390,4.77468,1.42045,1.14772,1.9816,64.01,-0.2555,0.0123,0.2678,1005.2562,0.098387,-307.24543,-307.23695,-307.236006,-307.279618,CC#CC(O)C#C,"InChI=1S/C6H6O/c1-3-5-6(7)4-2/h2,6-7H,1H3"
gdb_1391,4.85645,1.42722,1.15584,4.1824,59.11,-0.2796,-0.0099,0.2697,979.765,0.088005,-323.351196,-323.343089,-323.342145,-323.384893,CC#CC(O)C#N,"InChI=1S/C5H5NO/c1-2-3-5(7)4-6/h5,7H,1H3"
gdb_1392,4.88295,1.31865,1.09265,2.8947,67.12,-0.2428,-0.0256,0.2172,1070.4587,0.12176,-308.508254,-308.499391,-308.498446,-308.544744,CC#CC(C)C=O,"InChI=1S/C6H8O/c1-3-4-6(2)5-7/h5-6H,1-2H3"
gdb_1393,5.94279,1.31105,1.15698,2.7775,59.52,-0.255,-0.0418,0.2133,1001.7488,0.098575,-344.431605,-344.423381,-344.422437,-344.466028,CC#CC(O)C=O,"InChI=1S/C5H6O2/c1-2-3-5(7)4-6/h4-5,7H,1H3"
gdb_1394,6.62583,1.42684,1.22993,0.1459,68.84,-0.2592,0.0391,0.2983,942.8225,0.122016,-271.319942,-271.311759,-271.310815,-271.352034,CC(CC#C)C#C,"InChI=1S/C7H8/c1-4-6-7(3)5-2/h1-2,7H,6H2,3H3"
gdb_1395,6.6472,1.438,1.23912,3.5402,63.46,-0.2807,0.0212,0.3019,916.1111,0.111784,-287.427764,-287.419937,-287.418992,-287.459696,CC(CC#C)C#N,"InChI=1S/C6H7N/c1-3-4-6(2)5-7/h1,6H,4H2,2H3"
gdb_1396,6.64815,1.44006,1.23893,3.4211,63.59,-0.2801,0.0192,0.2994,915.137,0.111784,-287.427777,-287.419963,-287.419019,-287.459713,CC(CC#N)C#C,"InChI=1S/C6H7N/c1-3-6(2)4-5-7/h1,6H,4H2,2H3"
gdb_1397,6.67352,1.45114,1.24798,0.6891,58.34,-0.3343,0.0003,0.3346,888.8668,0.101478,-303.533559,-303.526088,-303.525144,-303.565337,CC(CC#N)C#N,"InChI=1S/C5H6N2/c1-5(4-7)2-3-6/h5H,2H2,1H3"
gdb_1398,6.89864,1.43128,1.24299,2.3425,60.22,-0.2691,0.0174,0.2865,901.0198,0.100805,-303.468081,-303.460314,-303.45937,-303.500018,NC(CC#C)C#N,"InChI=1S/C5H6N2/c1-2-3-5(7)4-6/h1,5H,3,7H2"
gdb_1399,7.02872,1.46239,1.26086,3.1706,60.16,-0.2606,0.012,0.2727,885.3082,0.100895,-303.469082,-303.461435,-303.460491,-303.500832,NC(CC#N)C#C,"InChI=1S/C5H6N2/c1-2-5(7)3-4-6/h1,5H,3,7H2"
gdb_1400,7.03993,1.47308,1.26905,0.9885,54.96,-0.2841,-0.0074,0.2767,860.1507,0.09046,-319.573727,-319.566389,-319.565445,-319.605346,NC(CC#N)C#N,"InChI=1S/C4H5N3/c5-2-1-4(7)3-6/h4H,1,7H2"
gdb_1401,7.24749,1.43396,1.24801,1.5976,61.8,-0.2606,0.0238,0.2843,904.3445,0.09829,-307.239887,-307.231905,-307.230961,-307.271909,OC(CC#C)C#C,"InChI=1S/C6H6O/c1-3-5-6(7)4-2/h1-2,6-7H,5H2"
gdb_1402,7.27191,1.44333,1.25556,2.8469,56.6,-0.2811,0.0024,0.2835,879.0547,0.087935,-323.345161,-323.337545,-323.336601,-323.376993,OC(CC#C)C#N,"InChI=1S/C5H5NO/c1-2-3-5(7)4-6/h1,5,7H,3H2"
gdb_1403,7.32079,1.44499,1.25677,4.8335,56.7,-0.2889,0.006,0.2949,877.2135,0.088049,-323.347275,-323.339673,-323.338729,-323.379109,OC(CC#N)C#C,"InChI=1S/C5H5NO/c1-2-5(7)3-4-6/h1,5,7H,3H2"
gdb_1404,7.32477,1.45405,1.2636,1.4164,51.65,-0.3262,-0.0167,0.3095,852.7824,0.077649,-339.450173,-339.442938,-339.441994,-339.481796,OC(CC#N)C#N,"InChI=1S/C4H4N2O/c5-2-1-4(7)3-6/h4,7H,1H2"
gdb_1405,6.14001,1.3783,1.21574,2.2671,63.74,-0.252,-0.0277,0.2243,952.1718,0.121788,-308.497008,-308.488744,-308.4878,-308.530026,CC(CC#C)C=O,"InChI=1S/C6H8O/c1-3-4-6(2)5-7/h1,5-6H,4H2,2H3"
gdb_1406,5.30345,1.57365,1.28305,3.0734,58.21,-0.2731,-0.0423,0.2308,884.2781,0.111624,-324.607903,-324.600119,-324.599175,-324.640346,CC(CC#N)C=O,"InChI=1S/C5H7NO/c1-5(4-7)2-3-6/h4-5H,2H2,1H3"
gdb_1407,5.85547,1.50153,1.39011,3.4414,60.97,-0.2516,0.0187,0.2703,873.245,0.111681,-324.560961,-324.553079,-324.552135,-324.593385,CN(CC#C)C=O,"InChI=1S/C5H7NO/c1-3-4-6(2)5-7/h1,5H,4H2,2H3"
gdb_1408,5.91579,1.51412,1.39501,3.2465,56.22,-0.2711,-0.0013,0.2699,848.3537,0.101257,-340.665904,-340.658365,-340.65742,-340.698145,CN(CC#N)C=O,"InChI=1S/C4H6N2O/c1-6(4-7)3-2-5/h4H,3H2,1H3"
gdb_1409,5.05361,1.6726,1.3306,1.8451,55.96,-0.2675,-0.0428,0.2247,851.8114,0.098926,-344.426062,-344.418527,-344.417582,-344.457887,OC(CC#C)C=O,"InChI=1S/C5H6O2/c1-2-3-5(7)4-6/h1,4-5,7H,3H2"
gdb_1410,8.22326,1.39293,1.24948,4.1242,51.87,-0.2981,-0.0634,0.2347,873.592,0.088306,-360.529992,-360.522703,-360.521759,-360.561849,OC(CC#N)C=O,"InChI=1S/C4H5NO2/c5-2-1-4(7)3-6/h3-4,7H,1H2"
gdb_1411,6.23412,1.3572,1.18722,2.1768,63.84,-0.2529,-0.0289,0.224,965.4502,0.121699,-308.496384,-308.488145,-308.4872,-308.529306,CC(CC=O)C#C,"InChI=1S/C6H8O/c1-3-6(2)4-5-7/h1,5-6H,4H2,2H3"
gdb_1412,6.26198,1.36444,1.19241,2.3599,58.72,-0.2714,-0.0443,0.2271,940.0741,0.111437,-324.603558,-324.595663,-324.594719,-324.636362,CC(CC=O)C#N,"InChI=1S/C5H7NO/c1-5(4-6)2-3-7/h3,5H,2H2,1H3"
gdb_1413,5.12611,1.62042,1.38625,3.32,61.02,-0.2533,0.0207,0.274,866.1768,0.111518,-324.569051,-324.561042,-324.560098,-324.60211,CC(NC=O)C#C,"InChI=1S/C5H7NO/c1-3-5(2)6-4-7/h1,4-5H,2H3,(H,6,7)"
gdb_1414,4.59496,1.69524,1.42772,3.6016,56.08,-0.2751,0.001,0.2762,836.805,0.101215,-340.674935,-340.667314,-340.66637,-340.707538,CC(NC=O)C#N,"InChI=1S/C4H6N2O/c1-4(2-5)6-3-7/h3-4H,1H3,(H,6,7)"
gdb_1415,4.10392,1.84506,1.34009,3.2872,61.8,-0.2661,0.0166,0.2826,877.7344,0.110882,-324.53683,-324.528812,-324.527868,-324.569522,CC(OC=N)C#C,"InChI=1S/C5H7NO/c1-3-5(2)7-4-6/h1,4-6H,2H3"
gdb_1416,4.21935,1.83705,1.3474,3.401,56.98,-0.2856,-0.0024,0.2832,856.4029,0.100392,-340.64124,-340.633541,-340.632597,-340.673819,CC(OC=N)C#N,"InChI=1S/C4H6N2O/c1-4(2-5)7-3-6/h3-4,6H,1H3"
gdb_1417,4.20358,1.79572,1.32715,3.9195,57.19,-0.2778,-0.0018,0.276,865.6651,0.098627,-344.439723,-344.431893,-344.430949,-344.472302,CC(OC=O)C#C,"InChI=1S/C5H6O2/c1-3-5(2)7-4-6/h1,4-5H,2H3"
gdb_1418,4.43147,1.73713,1.31906,4.1997,52.59,-0.3,-0.0218,0.2782,852.8656,0.088119,-360.542928,-360.535412,-360.534468,-360.575597,CC(OC=O)C#N,"InChI=1S/C4H5NO2/c1-4(2-5)7-3-6/h3-4H,1H3"
gdb_1419,6.20149,1.37611,1.17249,3.1219,56.73,-0.2501,-0.0291,0.221,939.2042,0.098184,-344.417597,-344.4096,-344.408656,-344.450338,OC(CC=O)C#C,"InChI=1S/C5H6O2/c1-2-5(7)3-4-6/h1,4-5,7H,3H2"
gdb_1420,6.83202,1.37856,1.2231,1.3957,51.86,-0.2734,-0.0442,0.2293,895.0568,0.087782,-360.52294,-360.515346,-360.514402,-360.555317,OC(CC=O)C#N,"InChI=1S/C4H5NO2/c5-3-4(7)1-2-6/h2,4,7H,1H2"
gdb_1421,5.84332,1.34764,1.17766,0.5858,59.36,-0.2545,-0.0412,0.2133,963.3698,0.121569,-345.674176,-345.665811,-345.664867,-345.70828,CC(CC=O)C=O,"InChI=1S/C5H8O2/c1-5(4-7)2-3-6/h3-5H,2H2,1H3"
gdb_1422,5.21291,1.54267,1.36611,2.863,56.21,-0.255,-0.0361,0.219,873.0684,0.11152,-361.749428,-361.741505,-361.74056,-361.782464,CC(NC=O)C=O,"InChI=1S/C4H7NO2/c1-4(2-6)5-3-7/h2-4H,1H3,(H,5,7)"
gdb_1423,6.80451,1.37144,1.19942,3.0597,57.05,-0.2654,-0.0409,0.2245,945.7892,0.110468,-361.716824,-361.708768,-361.707823,-361.750142,CC(OC=N)C=O,"InChI=1S/C4H7NO2/c1-4(2-6)7-3-5/h2-5H,1H3"
gdb_1424,6.56078,1.38159,1.19923,2.3722,52.52,-0.2745,-0.0483,0.2262,924.2222,0.098321,-381.619786,-381.611962,-381.611018,-381.652734,CC(OC=O)C=O,"InChI=1S/C4H6O3/c1-4(2-5)7-3-6/h2-4H,1H3"
gdb_1425,6.84248,1.35075,1.22109,1.2395,56.52,-0.2525,-0.0456,0.2069,929.0995,0.111234,-361.739999,-361.732075,-361.731131,-361.772962,CN(CC=O)C=O,"InChI=1S/C4H7NO2/c1-5(4-7)2-3-6/h3-4H,2H2,1H3"
gdb_1426,7.64386,1.31224,1.17848,1.7229,52.54,-0.2569,-0.0521,0.2048,928.2898,0.0986,-381.602419,-381.594748,-381.593803,-381.635231,OC(CC=O)C=O,"InChI=1S/C4H6O3/c5-2-1-4(7)3-6/h2-4,7H,1H2"
gdb_1427,7.13815,1.51205,1.26707,1.7589,64.29,-0.2468,-0.0119,0.2349,918.5395,0.123886,-341.869641,-341.861452,-341.860508,-341.902708,CN=C(C)NC=O,"InChI=1S/C4H8N2O/c1-4(5-2)6-3-7/h3H,1-2H3,(H,5,6,7)"
gdb_1428,5.32943,1.59416,1.25372,4.3756,58.19,-0.2587,-0.0171,0.2416,919.9046,0.110524,-361.742598,-361.734326,-361.733382,-361.775876,CN=C(C)OC=O,"InChI=1S/C4H7NO2/c1-4(5-2)7-3-6/h3H,1-2H3"
gdb_1429,7.79216,1.57252,1.32188,0.6445,59.34,-0.2264,-0.0086,0.2178,871.8481,0.113649,-357.934562,-357.926897,-357.925953,-357.966316,CN=C(N)NC=O,"InChI=1S/C3H7N3O/c1-5-3(4)6-2-7/h2H,1H3,(H3,4,5,6,7)"
gdb_1430,7.82841,1.34948,1.16775,2.6154,65.22,-0.2485,-0.0124,0.236,986.4866,0.124114,-341.865386,-341.857379,-341.856435,-341.897658,CN=CN(C)C=O,"InChI=1S/C4H8N2O/c1-5-3-6(2)4-7/h3-4H,1-2H3"
gdb_1431,7.85448,1.16098,1.02438,4.7561,61.12,-0.2543,-0.0448,0.2095,1092.054,0.098324,-344.433499,-344.424896,-344.423952,-344.469488,CC#CC(=O)CO,"InChI=1S/C5H6O2/c1-2-3-5(7)4-6/h6H,4H2,1H3"
gdb_1432,7.74358,1.14878,1.01918,3.4237,68.17,-0.2525,-0.0431,0.2094,1147.9697,0.121957,-308.519863,-308.511019,-308.510074,-308.55588,CCC(=O)C#CC,"InChI=1S/C6H8O/c1-3-5-6(7)4-2/h4H2,1-2H3"
gdb_1433,7.91069,1.19122,1.04896,3.9779,65.82,-0.2485,-0.0131,0.2354,1103.556,0.111591,-324.584824,-324.576046,-324.575102,-324.620157,CNC(=O)C#CC,"InChI=1S/C5H7NO/c1-3-4-5(7)6-2/h1-2H3,(H,6,7)"
gdb_1434,8.61868,1.21327,1.07791,2.2415,61.53,-0.2644,-0.0302,0.2341,1066.4659,0.099338,-344.459234,-344.450882,-344.449937,-344.49433,COC(=O)C#CC,InChI=1S/C5H6O2/c1-3-4-5(6)7-2/h1-2H3
gdb_1435,8.67621,1.30447,1.15914,2.7209,63.33,-0.2479,-0.0146,0.2334,1004.0902,0.121391,-308.50722,-308.498741,-308.497797,-308.541286,CCC(=O)CC#C,"InChI=1S/C6H8O/c1-3-5-6(7)4-2/h1H,4-5H2,2H3"
gdb_1436,8.78603,1.31135,1.16546,5.6727,58.49,-0.2718,-0.0345,0.2373,976.7854,0.111155,-324.614082,-324.60597,-324.605025,-324.648331,CCC(=O)CC#N,"InChI=1S/C5H7NO/c1-2-5(7)3-4-6/h2-3H2,1H3"
gdb_1437,4.60665,1.81412,1.32293,3.1768,60.6,-0.2452,0.032,0.2772,872.5536,0.111633,-324.578146,-324.570004,-324.569059,-324.611188,CNC(=O)CC#C,"InChI=1S/C5H7NO/c1-3-4-5(7)6-2/h1H,4H2,2H3,(H,6,7)"
gdb_1438,4.63736,1.83987,1.33924,1.1437,55.82,-0.2683,0.0125,0.2807,844.3381,0.101276,-340.684749,-340.676921,-340.675977,-340.717783,CNC(=O)CC#N,"InChI=1S/C4H6N2O/c1-6-4(7)2-3-5/h2H2,1H3,(H,6,7)"
gdb_1439,9.37456,1.39573,1.23338,2.0283,56.09,-0.2674,0.0102,0.2776,921.1028,0.098887,-344.450127,-344.442124,-344.44118,-344.483374,COC(=O)CC#C,"InChI=1S/C5H6O2/c1-3-4-5(6)7-2/h1H,4H2,2H3"
gdb_1440,9.46544,1.40475,1.24209,5.3249,51.37,-0.297,-0.0094,0.2877,893.6806,0.088598,-360.556344,-360.548709,-360.547764,-360.589378,COC(=O)CC#N,"InChI=1S/C4H5NO2/c1-7-4(6)2-3-5/h2H2,1H3"
gdb_1441,8.90421,1.31044,1.16982,4.03,56.49,-0.2491,-0.0164,0.2327,951.6106,0.097813,-344.419977,-344.411819,-344.410875,-344.45308,OCC(=O)CC#C,"InChI=1S/C5H6O2/c1-2-3-5(7)4-6/h1,6H,3-4H2"
gdb_1442,9.01403,1.31732,1.17643,6.6869,51.75,-0.2738,-0.0366,0.2372,924.4802,0.087505,-360.526364,-360.518564,-360.51762,-360.559368,OCC(=O)CC#N,"InChI=1S/C4H5NO2/c5-2-1-4(7)3-6/h6H,1,3H2"
gdb_1443,7.65509,1.45124,1.23851,4.5508,59.79,-0.2511,-0.0189,0.2322,938.2088,0.125042,-341.875439,-341.867667,-341.866722,-341.907737,CCC(=N)NC=O,"InChI=1S/C4H8N2O/c1-2-4(5)6-3-7/h3H,2H2,1H3,(H2,5,6,7)"
gdb_1444,6.35729,1.28907,1.1888,2.6304,59.13,-0.2494,-0.0377,0.2117,1001.3994,0.121749,-345.687338,-345.679064,-345.67812,-345.721263,CCC(=O)CC=O,"InChI=1S/C5H8O2/c1-2-5(7)3-4-6/h4H,2-3H2,1H3"
gdb_1445,8.9112,1.27351,1.12974,1.6873,62.,-0.2577,-0.0145,0.2432,1021.885,0.124828,-341.882531,-341.874536,-341.873592,-341.915713,CCC(=O)NC=N,"InChI=1S/C4H8N2O/c1-2-4(7)6-3-5/h3H,2H2,1H3,(H2,5,6,7)"
gdb_1446,7.94852,1.43693,1.23542,5.5391,56.25,-0.2499,-0.0281,0.2218,931.5737,0.111916,-361.769162,-361.761227,-361.760283,-361.8022,CCC(=O)NC=O,"InChI=1S/C4H7NO2/c1-2-4(7)5-3-6/h3H,2H2,1H3,(H,5,6,7)"
gdb_1447,9.03483,1.33173,1.17738,1.0736,57.05,-0.2756,-0.0216,0.2539,977.6157,0.111738,-361.754136,-361.746252,-361.745308,-361.787064,CCC(=O)OC=N,"InChI=1S/C4H7NO2/c1-2-4(6)7-3-5/h3,5H,2H2,1H3"
gdb_1448,6.67183,1.33195,1.2174,3.7723,56.27,-0.2481,-0.0266,0.2215,961.1479,0.111551,-361.754326,-361.746142,-361.745197,-361.788061,CNC(=O)CC=O,"InChI=1S/C4H7NO2/c1-5-4(7)2-3-6/h3H,2H2,1H3,(H,5,7)"
gdb_1449,4.45742,2.07142,1.42693,3.1627,57.59,-0.243,-0.0007,0.2423,817.129,0.114527,-357.944802,-357.937131,-357.936187,-357.977356,CNC(=O)NC=N,"InChI=1S/C3H7N3O/c1-5-3(7)6-2-4/h2H,1H3,(H3,4,5,6,7)"
gdb_1450,8.178,1.49631,1.28869,6.333,53.67,-0.2511,-0.0073,0.2438,884.9329,0.101046,-377.82658,-377.818602,-377.817658,-377.859713,CNC(=O)NC=O,"InChI=1S/C3H6N2O2/c1-4-3(7)5-2-6/h2H,1H3,(H2,4,5,6,7)"
gdb_1451,9.32708,1.38782,1.21736,2.2159,54.6,-0.268,0.0052,0.2731,932.7949,0.101303,-377.815601,-377.807799,-377.806855,-377.848312,CNC(=O)OC=N,"InChI=1S/C3H6N2O2/c1-5-3(6)7-2-4/h2,4H,1H3,(H,5,6)"
gdb_1452,4.77663,2.05398,1.44944,2.7669,54.27,-0.2591,-0.0098,0.2493,794.657,0.101327,-377.797879,-377.79033,-377.789386,-377.830464,COC(=N)NC=O,"InChI=1S/C3H6N2O2/c1-7-3(4)5-2-6/h2H,1H3,(H2,4,5,6)"
gdb_1453,7.58711,1.33223,1.21832,2.9146,51.96,-0.2593,-0.0321,0.2272,939.3653,0.099054,-381.630205,-381.622324,-381.621379,-381.663568,COC(=O)CC=O,"InChI=1S/C4H6O3/c1-7-4(6)2-3-5/h3H,2H2,1H3"
gdb_1454,8.38323,1.54988,1.31891,3.9863,54.05,-0.2548,-0.0008,0.254,869.7872,0.101505,-377.80758,-377.799863,-377.798919,-377.840129,COC(=O)NC=N,"InChI=1S/C3H6N2O2/c1-7-3(6)5-2-4/h2H,1H3,(H2,4,5,6)"
gdb_1455,8.49953,1.55421,1.32492,4.8191,49.43,-0.2648,-0.019,0.2458,847.1845,0.089124,-397.707881,-397.700373,-397.699429,-397.740254,COC(=O)NC=O,"InChI=1S/C3H5NO3/c1-7-3(6)4-2-5/h2H,1H3,(H,4,5,6)"
gdb_1456,8.09329,1.43488,1.2358,4.4142,52.59,-0.246,-0.0325,0.2135,903.9591,0.101317,-377.811306,-377.803457,-377.802513,-377.844248,NCC(=O)NC=O,"InChI=1S/C3H6N2O2/c4-1-3(7)5-2-6/h2H,1,4H2,(H,5,6,7)"
gdb_1457,9.14031,1.33098,1.1772,1.2698,53.28,-0.2567,-0.0254,0.2313,950.092,0.101077,-377.795528,-377.78772,-377.786776,-377.828332,NCC(=O)OC=N,"InChI=1S/C3H6N2O2/c4-1-3(6)7-2-5/h2,5H,1,4H2"
gdb_1458,7.92611,1.49137,1.2651,4.268,52.88,-0.2676,-0.034,0.2336,871.8632,0.101727,-377.799358,-377.792122,-377.791178,-377.830934,OCC(=N)NC=O,"InChI=1S/C3H6N2O2/c4-3(1-6)5-2-7/h2,6H,1H2,(H2,4,5,7)"
gdb_1459,6.35201,1.31368,1.20178,3.4324,52.38,-0.2521,-0.0406,0.2114,944.5711,0.098102,-381.600777,-381.59277,-381.591825,-381.634359,OCC(=O)CC=O,"InChI=1S/C4H6O3/c5-2-1-4(7)3-6/h2,6H,1,3H2"
gdb_1460,8.1931,1.44003,1.23426,6.3213,54.16,-0.2411,-0.0115,0.2296,904.6652,0.100495,-377.78067,-377.772672,-377.771728,-377.814079,OCC(=O)NC=N,"InChI=1S/C3H6N2O2/c4-2-5-3(7)1-6/h2,6H,1H2,(H2,4,5,7)"
gdb_1461,8.30634,1.44292,1.23893,6.8724,49.53,-0.2525,-0.0299,0.2225,881.9452,0.088083,-397.680771,-397.673011,-397.672066,-397.713681,OCC(=O)NC=O,"InChI=1S/C3H5NO3/c5-1-3(7)4-2-6/h2,5H,1H2,(H,4,6,7)"
gdb_1462,9.26855,1.34536,1.18348,1.4382,50.12,-0.2785,-0.0235,0.255,924.4359,0.088035,-397.667072,-397.659391,-397.658446,-397.699608,OCC(=O)OC=N,"InChI=1S/C3H5NO3/c4-2-7-3(6)1-5/h2,4-5H,1H2"
gdb_1463,6.07246,1.15686,1.01556,1.4622,69.17,-0.2426,0.0614,0.304,1159.9415,0.145766,-309.695742,-309.6864,-309.685456,-309.731225,CC#CC(C)CO,"InChI=1S/C6H10O/c1-3-4-6(2)5-7/h6-7H,5H2,1-2H3"
gdb_1464,6.83111,1.1566,1.03219,3.0776,62.31,-0.2511,0.0275,0.2787,1112.4838,0.122947,-345.621773,-345.613117,-345.612173,-345.655858,CC#CC(O)CO,"InChI=1S/C5H8O2/c1-2-3-5(7)4-6/h5-7H,4H2,1H3"
gdb_1465,5.72019,1.15024,1.00546,0.1229,76.63,-0.2394,0.0641,0.3035,1220.8476,0.169246,-273.773506,-273.763974,-273.76303,-273.809041,CCC(C)C#CC,"InChI=1S/C7H12/c1-4-6-7(3)5-2/h7H,5H2,1-3H3"
gdb_1466,6.36162,1.14931,1.01969,1.8851,69.52,-0.2481,0.0411,0.2892,1175.7881,0.145641,-309.697879,-309.688604,-309.68766,-309.733049,CCC(O)C#CC,"InChI=1S/C6H10O/c1-3-5-6(7)4-2/h6-7H,4H2,1-2H3"
gdb_1467,5.84912,1.21803,1.05548,0.9536,70.15,-0.2413,0.0476,0.2889,1146.8825,0.145042,-309.684571,-309.675226,-309.674282,-309.72018,COC(C)C#CC,"InChI=1S/C6H10O/c1-4-5-6(2)7-3/h6H,1-3H3"
gdb_1468,6.68658,1.27117,1.15043,1.7586,66.12,-0.259,0.0538,0.3128,1022.2116,0.145683,-309.684327,-309.675583,-309.674639,-309.717268,CC(CO)CC#C,"InChI=1S/C6H10O/c1-3-4-6(2)5-7/h1,6-7H,4-5H2,2H3"
gdb_1469,6.755,1.28013,1.15632,4.9239,61.15,-0.2819,0.0339,0.3158,993.6555,0.135494,-325.793166,-325.784794,-325.78385,-325.825959,CC(CO)CC#N,"InChI=1S/C5H9NO/c1-5(4-7)2-3-6/h5,7H,2,4H2,1H3"
gdb_1470,6.41145,1.25296,1.13614,0.744,73.38,-0.2584,0.0553,0.3136,1082.5284,0.169257,-273.763068,-273.754165,-273.753221,-273.796122,CCC(C)CC#C,"InChI=1S/C7H12/c1-4-6-7(3)5-2/h1,7H,5-6H2,2-3H3"
gdb_1471,6.47102,1.26155,1.14167,4.0941,68.29,-0.3142,0.0351,0.3493,1053.8927,0.159135,-289.872246,-289.863729,-289.862785,-289.905125,CCC(C)CC#N,"InChI=1S/C6H11N/c1-3-6(2)4-5-7/h6H,3-4H2,1-2H3"
gdb_1472,7.11673,1.27259,1.15793,1.7323,66.44,-0.255,0.0489,0.3039,1037.5,0.145446,-309.688194,-309.679442,-309.678498,-309.721182,CCC(O)CC#C,"InChI=1S/C6H10O/c1-3-5-6(7)4-2/h1,6-7H,4-5H2,2H3"
gdb_1473,7.20734,1.27962,1.16323,4.9708,61.52,-0.2866,0.0292,0.3159,1009.8534,0.135337,-325.796704,-325.788371,-325.787427,-325.829447,CCC(O)CC#N,"InChI=1S/C5H9NO/c1-2-5(7)3-4-6/h5,7H,2-3H2,1H3"
gdb_1474,6.7384,1.33502,1.22344,4.1783,65.7,-0.2359,0.023,0.2589,992.8362,0.147412,-305.898313,-305.88997,-305.889026,-305.931055,CCN(C)CC#N,"InChI=1S/C5H10N2/c1-3-7(2)5-4-6/h3,5H2,1-2H3"
gdb_1475,3.94272,1.77332,1.31023,1.4918,66.33,-0.2505,0.0573,0.3077,937.8226,0.145061,-309.678344,-309.669535,-309.668591,-309.711717,COC(C)CC#C,"InChI=1S/C6H10O/c1-4-5-6(2)7-3/h1,6H,5H2,2-3H3"
gdb_1476,3.96202,1.80224,1.32496,4.4834,61.49,-0.2684,0.0366,0.305,908.6332,0.134922,-325.787515,-325.779097,-325.778153,-325.820648,COC(C)CC#N,"InChI=1S/C5H9NO/c1-5(7-2)3-4-6/h5H,3H2,1-2H3"
gdb_1477,7.59045,1.32755,1.19194,2.0606,59.11,-0.2614,0.0396,0.3009,957.6244,0.122878,-345.614442,-345.606301,-345.605357,-345.646736,OCC(O)CC#C,"InChI=1S/C5H8O2/c1-2-3-5(7)4-6/h1,5-7H,3-4H2"
gdb_1478,4.7756,1.52395,1.23069,4.2798,54.15,-0.2769,0.0295,0.3064,915.5776,0.112155,-361.717032,-361.709042,-361.708097,-361.74948,OCC(O)CC#N,"InChI=1S/C4H7NO2/c5-2-1-4(7)3-6/h4,6-7H,1,3H2"
gdb_1479,6.82924,1.19774,1.09019,3.2548,61.44,-0.2499,-0.0204,0.2295,1052.4737,0.145476,-346.86207,-346.853274,-346.85233,-346.895833,CC(CO)CC=O,"InChI=1S/C5H10O2/c1-5(4-7)2-3-6/h3,5,7H,2,4H2,1H3"
gdb_1480,4.80946,1.58999,1.39529,4.2236,58.51,-0.2446,0.0375,0.2821,888.8399,0.135832,-362.938898,-362.930544,-362.9296,-362.972383,CC(CO)NC=O,"InChI=1S/C4H9NO2/c1-4(2-6)5-3-7/h3-4,6H,2H2,1H3,(H,5,7)"
gdb_1481,4.7337,1.5545,1.3371,3.3866,59.65,-0.2637,0.0184,0.2822,921.8074,0.135273,-362.909074,-362.900811,-362.899866,-362.94209,CC(CO)OC=N,"InChI=1S/C4H9NO2/c1-4(2-6)7-3-5/h3-6H,2H2,1H3"
gdb_1482,4.64037,1.55131,1.32581,3.2115,55.07,-0.2795,0.0013,0.2808,906.6144,0.122964,-382.812383,-382.804246,-382.803302,-382.845631,CC(CO)OC=O,"InChI=1S/C4H8O3/c1-4(2-5)7-3-6/h3-5H,2H2,1H3"
gdb_1483,6.54277,1.1887,1.08159,2.8115,68.5,-0.2474,-0.0192,0.2282,1111.1501,0.169072,-310.940195,-310.931223,-310.930278,-310.974155,CCC(C)CC=O,"InChI=1S/C6H12O/c1-3-6(2)4-5-7/h5-6H,3-4H2,1-2H3"
gdb_1484,3.11831,1.99408,1.42419,3.6266,65.37,-0.2483,0.0344,0.2828,915.0703,0.158888,-327.016183,-327.007455,-327.006511,-327.050161,CCC(C)NC=O,"InChI=1S/C5H11NO/c1-3-5(2)6-4-7/h4-5H,3H2,1-2H3,(H,6,7)"
gdb_1485,3.53439,1.78413,1.27293,4.0656,62.08,-0.2745,0.0105,0.285,954.2536,0.145953,-346.890881,-346.882317,-346.881372,-346.924505,CCC(C)OC=O,"InChI=1S/C5H10O2/c1-3-5(2)7-4-6/h4-5H,3H2,1-2H3"
gdb_1486,6.65187,1.18922,1.08467,3.2998,61.58,-0.2432,-0.0202,0.223,1082.4836,0.145479,-346.866543,-346.857832,-346.856888,-346.900174,CCC(O)CC=O,"InChI=1S/C5H10O2/c1-2-5(7)3-4-6/h4-5,7H,2-3H2,1H3"
gdb_1487,4.39281,1.5029,1.19739,3.2661,61.83,-0.2412,-0.0176,0.2235,995.3581,0.144979,-346.857051,-346.848202,-346.847258,-346.891212,COC(C)CC=O,"InChI=1S/C5H10O2/c1-5(7-2)3-4-6/h4-5H,3H2,1-2H3"
gdb_1488,7.52643,1.24039,1.13302,1.3133,54.37,-0.257,-0.0282,0.2288,991.1089,0.122703,-382.790027,-382.781886,-382.780942,-382.823001,OCC(O)CC=O,"InChI=1S/C4H8O3/c5-2-1-4(7)3-6/h2,4,6-7H,1,3H2"
gdb_1489,6.22083,1.48091,1.32427,5.0519,62.56,-0.2582,-0.0392,0.219,906.5553,0.112923,-320.770299,-320.762347,-320.761402,-320.802525,CCN=C(N)C#N,"InChI=1S/C4H7N3/c1-2-7-4(6)3-5/h2H2,1H3,(H2,6,7)"
gdb_1490,6.7371,1.4175,1.29984,2.7291,62.54,-0.2441,-0.06,0.1841,931.9014,0.124034,-341.85365,-341.845634,-341.84469,-341.886024,CCN=C(N)C=O,"InChI=1S/C4H8N2O/c1-2-6-4(5)3-7/h3H,2H2,1H3,(H2,5,6)"
gdb_1491,6.50743,1.29884,1.10468,2.6768,64.62,-0.263,-0.0549,0.2082,1042.7723,0.122086,-308.505267,-308.497008,-308.496064,-308.538288,CCCC(=O)C#C,"InChI=1S/C6H8O/c1-3-5-6(7)4-2/h2H,3,5H2,1H3"
gdb_1492,6.53172,1.29933,1.10575,3.6593,59.35,-0.2959,-0.0845,0.2113,1020.6226,0.111499,-324.605875,-324.597918,-324.596974,-324.638709,CCCC(=O)C#N,"InChI=1S/C5H7NO/c1-2-3-5(7)4-6/h2-3H2,1H3"
gdb_1493,6.18346,1.41985,1.17311,3.3126,61.88,-0.2508,-0.0393,0.2115,971.1904,0.113279,-320.776082,-320.768059,-320.767115,-320.808925,CCNC(=N)C#N,"InChI=1S/C4H7N3/c1-2-7-4(6)3-5/h2H2,1H3,(H2,6,7)"
gdb_1494,6.26275,1.44102,1.27609,3.6583,62.42,-0.2566,-0.0238,0.2328,937.9822,0.111771,-324.573795,-324.5657,-324.564756,-324.607477,CCNC(=O)C#C,"InChI=1S/C5H7NO/c1-3-5(7)6-4-2/h1H,4H2,2H3,(H,6,7)"
gdb_1495,6.29547,1.48711,1.22126,0.8369,62.87,-0.2644,-0.0258,0.2386,949.7339,0.111582,-324.549529,-324.54171,-324.540766,-324.581766,CCOC(=N)C#C,"InChI=1S/C5H7NO/c1-3-5(6)7-4-2/h1,6H,4H2,2H3"
gdb_1496,6.35809,1.48865,1.22468,3.1179,57.62,-0.2952,-0.0528,0.2424,927.172,0.101091,-340.650928,-340.64343,-340.642486,-340.683012,CCOC(=N)C#N,"InChI=1S/C4H6N2O/c1-2-7-4(6)3-5/h6H,2H2,1H3"
gdb_1497,6.44742,1.49065,1.22931,1.9938,58.25,-0.2779,-0.04,0.2379,932.2865,0.099253,-344.449852,-344.442081,-344.441137,-344.482427,CCOC(=O)C#C,"InChI=1S/C5H6O2/c1-3-5(6)7-4-2/h1H,4H2,2H3"
gdb_1498,6.43566,1.49618,1.23268,4.3984,53.09,-0.3155,-0.0683,0.2473,910.1515,0.088721,-360.549337,-360.541876,-360.540932,-360.581768,CCOC(=O)C#N,"InChI=1S/C4H5NO2/c1-2-7-4(6)3-5/h2H2,1H3"
gdb_1499,6.40989,1.46305,1.32955,2.7295,56.09,-0.245,-0.0898,0.1552,885.6223,0.100534,-340.639366,-340.631592,-340.630648,-340.671819,CNCC(=O)C#N,"InChI=1S/C4H6N2O/c1-6-3-4(7)2-5/h6H,3H2,1H3"
gdb_1500,6.89654,1.39031,1.17413,3.7987,58.42,-0.2665,-0.0582,0.2083,960.446,0.098147,-344.41106,-344.403057,-344.402112,-344.443828,COCC(=O)C#C,"InChI=1S/C5H6O2/c1-3-5(6)4-7-2/h1H,4H2,2H3"
gdb_1501,6.93597,1.39092,1.17571,4.0629,53.34,-0.2881,-0.0882,0.1998,938.5369,0.087438,-360.510716,-360.502986,-360.502042,-360.543333,COCC(=O)C#N,"InChI=1S/C4H5NO2/c1-7-3-4(6)2-5/h3H2,1H3"
gdb_1502,6.77844,1.31011,1.11294,1.4015,57.27,-0.2671,-0.0585,0.2086,982.9256,0.098667,-344.424745,-344.416715,-344.415771,-344.457536,OCCC(=O)C#C,"InChI=1S/C5H6O2/c1-2-5(7)3-4-6/h1,6H,3-4H2"
gdb_1503,6.80956,1.31033,1.11394,3.686,52.1,-0.2876,-0.0886,0.1989,961.0852,0.08802,-360.524672,-360.516949,-360.516005,-360.557263,OCCC(=O)C#N,"InChI=1S/C4H5NO2/c5-3-4(7)1-2-6/h6H,1-2H2"
gdb_1504,5.05847,1.42126,1.1325,1.1132,58.44,-0.2506,-0.0939,0.1567,1011.9019,0.122047,-345.681183,-345.672963,-345.672018,-345.714683,CCCC(=O)C=O,"InChI=1S/C5H8O2/c1-2-3-5(7)4-6/h4H,2-3H2,1H3"
gdb_1505,7.86064,1.27549,1.11564,3.8249,61.31,-0.2373,-0.0671,0.1702,1025.2984,0.123944,-341.84973,-341.841583,-341.840639,-341.882735,CCNC(=N)C=O,"InChI=1S/C4H8N2O/c1-2-6-4(5)3-7/h3H,2H2,1H3,(H2,5,6)"
gdb_1506,4.75431,1.62059,1.298,2.322,56.34,-0.2508,-0.0755,0.1753,909.7756,0.112327,-361.755045,-361.747226,-361.746281,-361.788152,CCNC(=O)C=O,"InChI=1S/C4H7NO2/c1-2-5-4(7)3-6/h3H,2H2,1H3,(H,5,7)"
gdb_1507,7.95399,1.34302,1.16571,2.5046,56.58,-0.269,-0.0751,0.1939,977.2543,0.111841,-361.728608,-361.720898,-361.719954,-361.760927,CCOC(=N)C=O,"InChI=1S/C4H7NO2/c1-2-7-4(5)3-6/h3,5H,2H2,1H3"
gdb_1508,4.91691,1.67289,1.26797,1.9397,52.13,-0.2649,-0.084,0.1809,899.3761,0.099196,-381.624797,-381.616995,-381.61605,-381.658026,CCOC(=O)C=O,"InChI=1S/C4H6O3/c1-2-7-4(6)3-5/h3H,2H2,1H3"
gdb_1509,5.32554,1.53289,1.20827,1.7598,52.47,-0.2548,-0.0984,0.1563,927.7355,0.098097,-381.58674,-381.578791,-381.577847,-381.619738,COCC(=O)C=O,"InChI=1S/C4H6O3/c1-7-3-4(6)2-5/h2H,3H2,1H3"
gdb_1510,8.64796,1.18306,1.05417,3.2106,51.45,-0.2517,-0.0952,0.1565,1020.1521,0.09831,-381.593528,-381.585475,-381.584531,-381.626781,OCCC(=O)C=O,"InChI=1S/C4H6O3/c5-2-1-4(7)3-6/h3,5H,1-2H2"
gdb_1511,8.29055,1.12223,1.01298,1.1385,60.94,-0.2446,-0.0093,0.2353,1142.851,0.14558,-346.875201,-346.8662,-346.865256,-346.909917,CCC(=O)CCO,"InChI=1S/C5H10O2/c1-2-5(7)3-4-6/h6H,2-4H2,1H3"
gdb_1512,8.41075,1.18516,1.0677,3.4827,62.09,-0.2436,-0.0086,0.235,1119.7258,0.145021,-346.861026,-346.852067,-346.851122,-346.895676,CCC(=O)COC,"InChI=1S/C5H10O2/c1-3-5(6)4-7-2/h3-4H2,1-2H3"
gdb_1513,7.95712,1.11423,1.00746,2.426,68.27,-0.2404,-0.0055,0.2349,1207.804,0.168958,-310.955141,-310.945889,-310.944945,-310.990516,CCCC(=O)CC,"InChI=1S/C6H12O/c1-3-5-6(7)4-2/h3-5H2,1-2H3"
gdb_1514,8.13874,1.11934,1.01103,3.762,61.46,-0.2419,-0.007,0.2349,1151.7994,0.145356,-346.868453,-346.859501,-346.858557,-346.90291,CCCC(=O)CO,"InChI=1S/C5H10O2/c1-2-3-5(7)4-6/h6H,2-4H2,1H3"
gdb_1515,7.79138,1.16349,1.05919,3.3426,66.05,-0.2413,0.0381,0.2794,1147.6309,0.158899,-327.020807,-327.01174,-327.010796,-327.055427,CCCC(=O)NC,"InChI=1S/C5H11NO/c1-3-4-5(7)6-2/h3-4H2,1-2H3,(H,6,7)"
gdb_1516,8.38043,1.19046,1.06988,1.5546,61.45,-0.2674,0.0194,0.2869,1115.7103,0.146457,-346.898838,-346.890086,-346.889142,-346.933065,CCCC(=O)OC,"InChI=1S/C5H10O2/c1-3-4-5(6)7-2/h3-4H2,1-2H3"
gdb_1517,7.0586,1.25628,1.1677,3.3798,65.8,-0.2406,0.0374,0.278,1080.9387,0.158975,-327.023478,-327.014529,-327.013585,-327.058293,CCNC(=O)CC,"InChI=1S/C5H11NO/c1-3-5(7)6-4-2/h3-4H2,1-2H3,(H,6,7)"
gdb_1518,7.34261,1.24451,1.14579,4.4501,58.99,-0.2423,0.0292,0.2715,1043.4654,0.135031,-362.935648,-362.92675,-362.925806,-362.970785,CCNC(=O)CO,"InChI=1S/C4H9NO2/c1-2-5-4(7)3-6/h6H,2-3H2,1H3,(H,5,7)"
gdb_1519,7.88922,1.24756,1.12804,3.5615,63.03,-0.2372,0.0669,0.3042,1078.34,0.147875,-343.078368,-343.069385,-343.068441,-343.112828,CCNC(=O)NC,"InChI=1S/C4H10N2O/c1-3-6-4(7)5-2/h3H2,1-2H3,(H2,5,6,7)"
gdb_1520,7.06321,1.36106,1.27189,2.2518,58.55,-0.2487,0.0639,0.3125,985.298,0.135762,-362.960595,-362.951948,-362.951004,-362.994963,CCNC(=O)OC,"InChI=1S/C4H9NO2/c1-3-5-4(6)7-2/h3H2,1-2H3,(H,5,6)"
gdb_1521,7.45443,1.25944,1.10695,1.2804,65.95,-0.2566,0.039,0.2956,1103.4198,0.158861,-326.998454,-326.98982,-326.988876,-327.031941,CCOC(=N)CC,"InChI=1S/C5H11NO/c1-3-5(6)7-4-2/h6H,3-4H2,1-2H3"
gdb_1522,7.86826,1.27011,1.11642,2.4553,58.89,-0.2574,0.0395,0.297,1044.6029,0.135138,-362.918463,-362.909853,-362.908909,-362.952175,CCOC(=N)CO,"InChI=1S/C4H9NO2/c1-2-7-4(5)3-6/h5-6H,2-3H2,1H3"
gdb_1523,7.95294,1.3469,1.17739,1.2128,59.05,-0.2554,0.0617,0.3171,1018.8532,0.135558,-362.923114,-362.914882,-362.913937,-362.95593,CCOC(=N)OC,"InChI=1S/C4H9NO2/c1-3-7-4(5)6-2/h5H,3H2,1-2H3"
gdb_1524,7.89851,1.26249,1.11859,1.8144,61.68,-0.265,0.0212,0.2862,1083.288,0.14628,-346.90405,-346.895328,-346.894384,-346.938388,CCOC(=O)CC,"InChI=1S/C5H10O2/c1-3-5(6)7-4-2/h3-4H2,1-2H3"
gdb_1525,7.97544,1.26136,1.11798,1.8885,57.93,-0.2448,0.0173,0.2621,1055.0356,0.135625,-362.946034,-362.937343,-362.936399,-362.980507,CCOC(=O)CN,"InChI=1S/C4H9NO2/c1-2-7-4(6)3-5/h2-3,5H2,1H3"
gdb_1526,8.05116,1.27311,1.12236,3.1154,54.75,-0.2673,0.0196,0.2869,1029.4536,0.122602,-382.817123,-382.808605,-382.807661,-382.850937,CCOC(=O)CO,"InChI=1S/C4H8O3/c1-2-7-4(6)3-5/h5H,2-3H2,1H3"
gdb_1527,8.11134,1.31108,1.1531,2.3745,58.97,-0.2478,0.068,0.3158,1038.2987,0.135545,-362.962787,-362.954042,-362.953098,-362.996943,CCOC(=O)NC,"InChI=1S/C4H9NO2/c1-3-7-4(6)5-2/h3H2,1-2H3,(H,5,6)"
gdb_1528,8.25695,1.16933,1.05725,2.2747,58.61,-0.2445,0.035,0.2795,1087.5512,0.135431,-362.941094,-362.932206,-362.931261,-362.975697,CNC(=O)CCO,"InChI=1S/C4H9NO2/c1-5-4(7)2-3-6/h6H,2-3H2,1H3,(H,5,7)"
gdb_1529,8.2517,1.23887,1.12158,4.1765,59.74,-0.244,0.0287,0.2727,1063.5931,0.134805,-362.925466,-362.916581,-362.915636,-362.960229,CNC(=O)COC,"InChI=1S/C4H9NO2/c1-5-4(6)3-7-2/h3H2,1-2H3,(H,5,6)"
gdb_1530,6.51858,1.42547,1.3288,1.5408,57.64,-0.2248,0.0147,0.2395,947.1382,0.135676,-362.933001,-362.924518,-362.923574,-362.966437,CNCC(=O)OC,"InChI=1S/C4H9NO2/c1-5-3-4(6)7-2/h5H,3H2,1-2H3"
gdb_1531,8.2261,1.19166,1.06148,1.3017,58.42,-0.2603,0.034,0.2942,1074.6688,0.135571,-362.911941,-362.903488,-362.902544,-362.945269,COC(=N)CCO,"InChI=1S/C4H9NO2/c1-7-4(5)2-3-6/h5-6H,2-3H2,1H3"
gdb_1532,8.76725,1.20006,1.07673,0.36,54.18,-0.2683,0.0158,0.2841,1051.6852,0.12304,-382.818623,-382.810101,-382.809157,-382.852503,COC(=O)CCO,"InChI=1S/C4H8O3/c1-7-4(6)2-3-5/h5H,2-3H2,1H3"
gdb_1533,4.40598,1.74905,1.51822,2.1624,58.38,-0.2558,0.0201,0.2759,867.5163,0.135226,-362.897428,-362.889055,-362.888111,-362.931065,COCC(=N)OC,"InChI=1S/C4H9NO2/c1-6-3-4(5)7-2/h5H,3H2,1-2H3"
gdb_1534,8.63777,1.19061,1.07073,4.7834,55.28,-0.2453,-0.011,0.2343,1065.3302,0.121404,-382.773457,-382.764788,-382.763844,-382.807335,COCC(=O)CO,"InChI=1S/C4H8O3/c1-7-3-4(6)2-5/h5H,2-3H2,1H3"
gdb_1535,8.90844,1.27073,1.13592,2.6142,55.18,-0.2634,0.0163,0.2797,1030.2202,0.122535,-382.804255,-382.795769,-382.794825,-382.837895,COCC(=O)OC,"InChI=1S/C4H8O3/c1-6-3-4(5)7-2/h3H2,1-2H3"
gdb_1536,8.55667,1.12668,1.0143,2.4739,54.13,-0.2464,-0.0109,0.2355,1088.3156,0.12189,-382.788561,-382.779744,-382.7788,-382.824214,OCCC(=O)CO,"InChI=1S/C4H8O3/c5-2-1-4(7)3-6/h5-6H,1-3H2"
gdb_1537,5.22876,1.2906,1.08646,1.8599,66.44,-0.259,0.0562,0.3151,1065.1416,0.145855,-309.681686,-309.672878,-309.671934,-309.714956,CC(CCO)C#C,"InChI=1S/C6H10O/c1-3-6(2)4-5-7/h1,6-7H,4-5H2,2H3"
gdb_1538,5.2837,1.29556,1.09216,5.0868,61.31,-0.28,0.0362,0.3163,1038.6339,0.13567,-325.790444,-325.781991,-325.781047,-325.823588,CC(CCO)C#N,"InChI=1S/C5H9NO/c1-5(4-6)2-3-7/h5,7H,2-3H2,1H3"
gdb_1539,5.08349,1.28041,1.08099,0.7621,73.74,-0.2569,0.0586,0.3155,1124.1845,0.169345,-273.762417,-273.753418,-273.752474,-273.795788,CCCC(C)C#C,"InChI=1S/C7H12/c1-4-6-7(3)5-2/h2,7H,4,6H2,1,3H3"
gdb_1540,5.13399,1.28518,1.08638,4.1508,68.55,-0.3125,0.0391,0.3516,1097.6249,0.159202,-289.871661,-289.863021,-289.862077,-289.904897,CCCC(C)C#N,"InChI=1S/C6H11N/c1-3-4-6(2)5-7/h6H,3-4H2,1-2H3"
gdb_1541,5.47018,1.27844,1.09729,2.9389,65.32,-0.2685,0.0292,0.2977,1073.8323,0.148373,-305.915175,-305.906665,-305.905721,-305.948239,CCCC(N)C#N,"InChI=1S/C5H10N2/c1-2-3-5(7)4-6/h5H,2-3,7H2,1H3"
gdb_1542,5.60552,1.28111,1.10217,1.2753,66.67,-0.2642,0.0337,0.2979,1077.1921,0.145756,-309.685872,-309.677142,-309.676198,-309.718959,CCCC(O)C#C,"InChI=1S/C6H10O/c1-3-5-6(7)4-2/h2,6-7H,3,5H2,1H3"
gdb_1543,5.63191,1.28563,1.10569,3.4606,61.63,-0.3012,0.0125,0.3136,1052.2991,0.135501,-325.792503,-325.784155,-325.78321,-325.825392,CCCC(O)C#N,"InChI=1S/C5H9NO/c1-2-3-5(7)4-6/h5,7H,2-3H2,1H3"
gdb_1544,5.08672,1.36845,1.14153,4.4484,65.64,-0.2412,0.0307,0.2719,1045.0942,0.147668,-305.906901,-305.898386,-305.897441,-305.939991,CCNC(C)C#N,"InChI=1S/C5H10N2/c1-3-7-5(2)4-6/h5,7H,3H2,1-2H3"
gdb_1545,4.96466,1.44604,1.19112,1.313,67.42,-0.252,0.0414,0.2934,1022.7847,0.144989,-309.678054,-309.669245,-309.668301,-309.711706,CCOC(C)C#C,"InChI=1S/C6H10O/c1-4-6(3)7-5-2/h1,6H,5H2,2-3H3"
gdb_1546,4.97699,1.45458,1.19971,4.5961,62.32,-0.2769,0.0204,0.2972,997.2425,0.134689,-325.785038,-325.776569,-325.775625,-325.818481,CCOC(C)C#N,"InChI=1S/C5H9NO/c1-3-7-5(2)4-6/h5H,3H2,1-2H3"
gdb_1547,6.26668,1.34602,1.18019,5.659,58.7,-0.2603,0.0201,0.2804,982.5598,0.125038,-341.829025,-341.82112,-341.820176,-341.861375,CNCC(O)C#N,"InChI=1S/C4H8N2O/c1-6-3-4(7)2-5/h4,6-7H,3H2,1H3"
gdb_1548,5.58899,1.3695,1.15953,1.0016,67.12,-0.2581,0.0563,0.3144,1030.1686,0.145567,-309.677142,-309.668398,-309.667454,-309.710239,COCC(C)C#C,"InChI=1S/C6H10O/c1-4-6(2)5-7-3/h1,6H,5H2,2-3H3"
gdb_1549,5.65588,1.37448,1.1651,3.797,62.02,-0.2737,0.036,0.3096,1004.2344,0.135337,-325.785476,-325.777074,-325.77613,-325.818433,COCC(C)C#N,"InChI=1S/C5H9NO/c1-5(3-6)4-7-2/h5H,4H2,1-2H3"
gdb_1550,4.02389,1.71718,1.27815,3.3999,58.33,-0.2689,0.0263,0.2952,925.5466,0.124531,-341.825957,-341.817654,-341.816709,-341.85896,COCC(N)C#N,"InChI=1S/C4H8N2O/c1-7-3-4(6)2-5/h4H,3,6H2,1H3"
gdb_1551,4.02162,1.68703,1.26032,1.8302,59.54,-0.2598,0.0296,0.2894,936.8375,0.121879,-345.596027,-345.587465,-345.58652,-345.629143,COCC(O)C#C,"InChI=1S/C5H8O2/c1-3-5(6)4-7-2/h1,5-6H,4H2,2H3"
gdb_1552,4.07281,1.71553,1.28068,3.945,54.67,-0.2769,0.0082,0.2851,907.1759,0.111602,-361.702143,-361.693965,-361.693021,-361.735066,COCC(O)C#N,"InChI=1S/C4H7NO2/c1-7-3-4(6)2-5/h4,6H,3H2,1H3"
gdb_1553,5.6362,1.29063,1.10219,3.9247,58.01,-0.2675,0.0262,0.2937,1014.6456,0.124907,-341.834413,-341.826098,-341.825154,-341.867368,NC(CCO)C#N,"InChI=1S/C4H8N2O/c5-3-4(6)1-2-7/h4,7H,1-2,6H2"
gdb_1554,5.77781,1.29152,1.10745,0.4306,59.31,-0.2652,0.0309,0.2962,1018.4298,0.122288,-345.605387,-345.596848,-345.595904,-345.638373,OCCC(O)C#C,"InChI=1S/C5H8O2/c1-2-5(7)3-4-6/h1,5-7H,3-4H2"
gdb_1555,5.80938,1.29599,1.11153,3.9866,54.36,-0.2801,0.0093,0.2894,993.5637,0.111993,-361.711483,-361.703327,-361.702383,-361.744271,OCCC(O)C#N,"InChI=1S/C4H7NO2/c5-3-4(7)1-2-6/h4,6-7H,1-2H2"
gdb_1556,5.01499,1.24325,1.06355,3.4376,61.53,-0.2471,-0.0198,0.2273,1079.6708,0.145663,-346.859809,-346.850881,-346.849937,-346.894188,CC(CCO)C=O,"InChI=1S/C5H10O2/c1-5(4-7)2-3-6/h4-6H,2-3H2,1H3"
gdb_1557,4.79971,1.24702,1.06121,2.8143,68.84,-0.2444,-0.0176,0.2268,1136.6606,0.169183,-310.940345,-310.931255,-310.930311,-310.974739,CCCC(C)C=O,"InChI=1S/C6H12O/c1-3-4-6(2)5-7/h5-6H,3-4H2,1-2H3"
gdb_1558,6.76923,1.20655,1.09797,2.2077,62.06,-0.2727,-0.0365,0.2362,1079.2887,0.146116,-346.870614,-346.862228,-346.861283,-346.903618,CCCC(O)C=O,"InChI=1S/C5H10O2/c1-2-3-5(7)4-6/h4-5,7H,2-3H2,1H3"
gdb_1559,6.07641,1.25876,1.12732,3.9066,66.31,-0.2392,0.0332,0.2724,1077.4188,0.159028,-327.009009,-327.000262,-326.999318,-327.042747,CCCN(C)C=O,"InChI=1S/C5H11NO/c1-3-4-6(2)5-7/h5H,3-4H2,1-2H3"
gdb_1560,6.1447,1.30461,1.13324,2.8558,61.87,-0.2532,-0.0264,0.2268,1048.3564,0.144791,-346.860539,-346.851712,-346.850768,-346.894502,CCOC(C)C=O,"InChI=1S/C5H10O2/c1-3-7-5(2)4-6/h4-5H,3H2,1-2H3"
gdb_1561,4.29846,1.6862,1.44858,3.3262,58.69,-0.2477,0.0221,0.2698,871.617,0.135855,-362.930315,-362.922001,-362.921057,-362.963626,CN(CCO)C=O,"InChI=1S/C4H9NO2/c1-5(4-7)2-3-6/h4,6H,2-3H2,1H3"
gdb_1562,4.53294,1.50957,1.20471,1.6698,61.77,-0.2529,-0.0225,0.2304,993.6912,0.14543,-346.855971,-346.84725,-346.846306,-346.88952,COCC(C)C=O,"InChI=1S/C5H10O2/c1-5(3-6)4-7-2/h3,5H,4H2,1-2H3"
gdb_1563,5.38805,1.45248,1.21944,2.5129,54.72,-0.2645,-0.037,0.2275,956.5572,0.122452,-382.782183,-382.774032,-382.773087,-382.815136,COCC(O)C=O,"InChI=1S/C4H8O3/c1-7-3-4(6)2-5/h2,4,6H,3H2,1H3"
gdb_1564,7.05593,1.21337,1.09909,1.9251,54.77,-0.27,-0.0386,0.2314,1020.0011,0.122637,-382.790431,-382.782236,-382.781291,-382.82329,OCCC(O)C=O,"InChI=1S/C4H8O3/c5-2-1-4(7)3-6/h3-5,7H,1-2H2"
gdb_1565,6.24888,1.09834,0.98985,0.1428,64.09,-0.2612,0.0758,0.337,1170.6891,0.169582,-348.046805,-348.037437,-348.036493,-348.080947,CC(CO)CCO,"InChI=1S/C5H12O2/c1-5(4-7)2-3-6/h5-7H,2-4H2,1H3"
gdb_1566,5.89918,1.09101,0.98094,1.3242,71.22,-0.261,0.0805,0.3416,1234.4279,0.193096,-312.124451,-312.11489,-312.113946,-312.158831,CCC(C)CCO,"InChI=1S/C6H14O/c1-3-6(2)4-5-7/h6-7H,3-5H2,1-2H3"
gdb_1567,6.26736,1.16008,1.04503,0.9803,72.02,-0.2504,0.0863,0.3367,1196.148,0.192734,-312.119596,-312.110095,-312.109151,-312.153779,CCC(C)COC,"InChI=1S/C6H14O/c1-4-6(2)5-7-3/h6H,4-5H2,1-3H3"
gdb_1568,6.80381,1.09962,1.00367,0.2392,64.19,-0.2584,0.0704,0.3288,1181.6462,0.169589,-348.053386,-348.044152,-348.043208,-348.087167,CCC(O)CCO,"InChI=1S/C5H12O2/c1-2-5(7)3-4-6/h5-7H,2-4H2,1H3"
gdb_1569,4.71846,1.34793,1.11325,1.8129,64.79,-0.2568,0.0729,0.3297,1100.4745,0.169193,-348.045292,-348.03605,-348.035106,-348.079197,CCC(O)COC,"InChI=1S/C5H12O2/c1-3-5(6)4-7-2/h5-6H,3-4H2,1-2H3"
gdb_1570,5.74284,1.08531,0.97761,0.0449,78.49,-0.2976,0.0854,0.383,1297.8598,0.216515,-276.204532,-276.194768,-276.193824,-276.239054,CCCC(C)CC,"InChI=1S/C7H16/c1-4-6-7(3)5-2/h7H,4-6H2,1-3H3"
gdb_1571,6.06909,1.09287,0.98659,1.2822,71.32,-0.2624,0.0787,0.3411,1233.9153,0.192959,-312.12682,-312.117231,-312.116287,-312.161168,CCCC(C)CO,"InChI=1S/C6H14O/c1-3-4-6(2)5-7/h6-7H,3-5H2,1-2H3"
gdb_1572,4.31202,1.36327,1.10639,1.0487,71.86,-0.2476,0.0865,0.3341,1146.0763,0.192496,-312.12312,-312.113577,-312.112633,-312.157458,CCCC(C)OC,"InChI=1S/C6H14O/c1-4-5-6(2)7-3/h6H,4-5H2,1-3H3"
gdb_1573,6.5984,1.09387,1.00053,1.3566,71.48,-0.2611,0.0722,0.3334,1244.8852,0.192945,-312.133269,-312.123814,-312.12287,-312.167204,CCCC(O)CC,"InChI=1S/C6H14O/c1-3-5-6(7)4-2/h6-7H,3-5H2,1-2H3"
gdb_1574,6.97654,1.10194,1.00752,2.3595,64.07,-0.2553,0.0619,0.3173,1181.3562,0.170232,-348.056615,-348.047732,-348.046788,-348.089986,CCCC(O)CO,"InChI=1S/C5H12O2/c1-2-3-5(7)4-6/h5-7H,2-4H2,1H3"
gdb_1575,3.43194,1.63212,1.19581,0.9463,71.94,-0.2462,0.0873,0.3335,1080.5854,0.192354,-312.128429,-312.118892,-312.117948,-312.162923,CCOC(C)CC,"InChI=1S/C6H14O/c1-4-6(3)7-5-2/h6H,4-5H2,1-3H3"
gdb_1576,4.23846,1.5069,1.273,2.262,64.62,-0.2529,0.0811,0.334,1013.1638,0.169573,-348.051118,-348.04206,-348.041116,-348.08514,CCOC(C)CO,"InChI=1S/C5H12O2/c1-3-7-5(2)4-6/h5-6H,3-4H2,1-2H3"
gdb_1577,4.41106,1.35833,1.10529,1.8037,64.36,-0.2474,0.0804,0.3278,1090.3308,0.169201,-348.043466,-348.034159,-348.033214,-348.077616,COC(C)CCO,"InChI=1S/C5H12O2/c1-5(7-2)3-4-6/h5-6H,3-4H2,1-2H3"
gdb_1578,6.56616,1.16957,1.05454,2.2837,64.88,-0.2513,0.076,0.3273,1134.6836,0.169225,-348.040439,-348.031116,-348.030172,-348.074454,COCC(C)CO,"InChI=1S/C5H12O2/c1-5(3-6)4-7-2/h5-6H,3-4H2,1-2H3"
gdb_1579,6.30058,1.24169,1.10631,0.1877,65.34,-0.2495,0.089,0.3385,1112.8529,0.168729,-348.034975,-348.025608,-348.024664,-348.06935,COCC(C)OC,"InChI=1S/C5H12O2/c1-5(7-3)4-6-2/h5H,4H2,1-3H3"
gdb_1580,7.76358,1.18888,1.08352,3.1223,57.66,-0.2586,0.0725,0.3311,1076.9996,0.146641,-383.971058,-383.962399,-383.961455,-384.004288,COCC(O)CO,"InChI=1S/C4H10O3/c1-7-3-4(6)2-5/h4-6H,2-3H2,1H3"
gdb_1581,7.20468,1.10715,1.011,2.2295,56.91,-0.2576,0.0605,0.3181,1118.4464,0.146825,-383.976576,-383.967904,-383.96696,-384.009816,OCCC(O)CO,"InChI=1S/C4H10O3/c5-2-1-4(7)3-6/h4-7H,1-3H2"
gdb_1582,4.80833,2.14901,1.49881,0.3006,54.54,-0.2548,-0.1036,0.1512,756.6609,0.074554,-343.242553,-343.23493,-343.233986,-343.274929,CC(=O)C(=O)C#C,"InChI=1S/C5H4O2/c1-3-5(7)4(2)6/h1H,2H3"
gdb_1583,4.84351,2.1634,1.50927,3.8243,49.26,-0.2845,-0.1344,0.1501,735.6062,0.063859,-359.339915,-359.332572,-359.331628,-359.372091,CC(=O)C(=O)C#N,InChI=1S/C4H3NO2/c1-3(6)4(7)2-5/h1H3
gdb_1584,4.86338,2.22343,1.52747,1.8806,56.32,-0.253,-0.0811,0.1719,735.4016,0.077006,-339.41629,-339.409078,-339.408134,-339.447459,NC(=N)C(=O)C#C,"InChI=1S/C4H4N2O/c1-2-3(7)4(5)6/h1H,(H3,5,6)"
gdb_1585,4.90408,2.24828,1.54223,5.7198,51.27,-0.2751,-0.1097,0.1654,712.308,0.066178,-355.515622,-355.508578,-355.507633,-355.546777,NC(=N)C(=O)C#N,"InChI=1S/C3H3N3O/c4-1-2(7)3(5)6/h(H3,5,6)"
gdb_1586,4.84199,2.24324,1.53301,0.844,50.95,-0.2544,-0.0938,0.1606,719.4434,0.064803,-359.317823,-359.310674,-359.30973,-359.349183,NC(=O)C(=O)C#C,"InChI=1S/C4H3NO2/c1-2-3(6)4(5)7/h1H,(H2,5,7)"
gdb_1587,3.90224,2.30719,1.66527,2.0069,48.54,-0.2489,-0.1149,0.134,724.9332,0.074142,-380.412093,-380.404359,-380.403414,-380.444969,CC(=O)C(=O)C=O,"InChI=1S/C4H4O3/c1-3(6)4(7)2-5/h2H,1H3"
gdb_1588,5.34424,1.99511,1.45385,4.7634,50.48,-0.2472,-0.1063,0.1409,757.7211,0.076826,-376.587519,-376.580145,-376.579201,-376.619737,NC(=N)C(=O)C=O,"InChI=1S/C3H4N2O2/c4-3(5)2(7)1-6/h1H,(H3,4,5)"
gdb_1589,5.41748,1.98109,1.45062,3.4036,44.64,-0.2482,-0.1217,0.1265,744.7672,0.064746,-396.486691,-396.479503,-396.478559,-396.518789,NC(=O)C(=O)C=O,"InChI=1S/C3H3NO3/c4-3(7)2(6)1-5/h1H,(H2,4,7)"
gdb_1590,3.61348,2.32895,1.60109,2.9118,55.81,-0.2622,-0.0365,0.2257,762.1666,0.098122,-344.43314,-344.425204,-344.42426,-344.465792,CC(=O)C(O)C#C,"InChI=1S/C5H6O2/c1-3-5(7)4(2)6/h1,5,7H,2H3"
gdb_1591,3.64822,2.36884,1.60777,3.6266,51.03,-0.2951,-0.0576,0.2375,739.2555,0.087694,-360.538112,-360.530553,-360.529608,-360.570354,CC(=O)C(O)C#N,"InChI=1S/C4H5NO2/c1-3(6)4(7)2-5/h4,7H,1H3"
gdb_1592,3.53406,2.29991,1.52019,2.152,62.92,-0.2436,-0.0181,0.2255,812.1279,0.121273,-308.509454,-308.500986,-308.500042,-308.542719,CC(C#C)C(C)=O,"InChI=1S/C6H8O/c1-4-5(2)6(3)7/h1,5H,2-3H3"
gdb_1593,4.02057,2.2378,1.51834,3.0247,59.59,-0.244,0.0284,0.2724,783.103,0.111508,-324.583096,-324.575038,-324.574094,-324.615648,CC(C#C)C(N)=O,"InChI=1S/C5H7NO/c1-3-4(2)5(6)7/h1,4H,2H3,(H2,6,7)"
gdb_1594,3.58259,2.33985,1.52089,2.3072,58.06,-0.2691,-0.0369,0.2322,788.893,0.110987,-324.616647,-324.608557,-324.607613,-324.64962,CC(C#N)C(C)=O,"InChI=1S/C5H7NO/c1-4(3-6)5(2)7/h4H,1-2H3"
gdb_1595,3.98767,2.30141,1.53883,0.7632,54.66,-0.2683,0.009,0.2773,756.8913,0.101264,-340.690205,-340.682538,-340.681594,-340.722425,CC(C#N)C(N)=O,"InChI=1S/C4H6N2O/c1-3(2-5)4(6)7/h3H,1H3,(H2,6,7)"
gdb_1596,3.94373,2.07761,1.79794,3.8445,52.13,-0.2724,-0.019,0.2534,721.9676,0.090046,-356.698773,-356.691376,-356.690432,-356.730362,NC(=N)C(O)C#N,"InChI=1S/C3H5N3O/c4-1-2(7)3(5)6/h2,7H,(H3,5,6)"
gdb_1597,3.98481,2.34624,1.57705,4.0183,52.23,-0.2601,0.0068,0.2669,735.0894,0.088374,-360.505528,-360.498134,-360.49719,-360.53703,NC(=O)C(O)C#C,"InChI=1S/C4H5NO2/c1-2-3(6)4(5)7/h1,3,6H,(H2,5,7)"
gdb_1598,3.95901,2.39207,1.60384,3.8481,47.5,-0.2923,-0.0144,0.2779,710.191,0.077855,-376.610619,-376.603529,-376.602585,-376.642033,NC(=O)C(O)C#N,"InChI=1S/C3H4N2O2/c4-1-2(6)3(5)7/h2,6H,(H2,5,7)"
gdb_1599,3.97842,2.31601,1.53133,3.4126,55.87,-0.2409,0.0186,0.2595,758.8159,0.100878,-340.624424,-340.616608,-340.615664,-340.656319,NC(C#C)C(N)=O,"InChI=1S/C4H6N2O/c1-2-3(5)4(6)7/h1,3H,5H2,(H2,6,7)"
gdb_1600,4.1432,2.24218,1.53787,4.9929,52.08,-0.2585,0.0077,0.2663,747.7608,0.089346,-360.503506,-360.496335,-360.495391,-360.534917,[NH3+]C(C#C)C([O-])=O,"InChI=1S/C4H5NO2/c1-2-3(5)4(6)7/h1,3H,5H2,(H,6,7)"
gdb_1601,3.97309,2.36945,1.54966,2.2356,51.07,-0.2641,-0.0015,0.2626,733.738,0.090402,-356.730212,-356.722687,-356.721743,-356.762044,NC(C#N)C(N)=O,"InChI=1S/C3H5N3O/c4-1-2(5)3(6)7/h2H,5H2,(H2,6,7)"
gdb_1602,4.25383,1.97631,1.5017,2.7723,63.92,-0.2606,-0.056,0.2046,831.5516,0.121904,-308.505543,-308.497255,-308.496311,-308.538162,CC(C)C(=O)C#C,"InChI=1S/C6H8O/c1-4-6(7)5(2)3/h1,5H,2-3H3"
gdb_1603,4.25463,2.00734,1.50605,3.6223,58.71,-0.2927,-0.0847,0.208,808.909,0.111296,-324.606491,-324.598498,-324.597553,-324.638932,CC(C)C(=O)C#N,"InChI=1S/C5H7NO/c1-4(2)5(7)3-6/h4H,1-2H3"
gdb_1604,4.39295,2.05821,1.5127,3.1403,57.48,-0.2721,-0.073,0.1991,781.4962,0.09863,-344.433172,-344.425428,-344.424484,-344.465061,CC(O)C(=O)C#C,"InChI=1S/C5H6O2/c1-3-5(7)4(2)6/h1,4,6H,2H3"
gdb_1605,4.39025,2.08156,1.5197,1.6656,52.44,-0.2949,-0.1024,0.1925,759.8649,0.087782,-360.531172,-360.523616,-360.522672,-360.563033,CC(O)C(=O)C#N,"InChI=1S/C4H5NO2/c1-3(6)4(7)2-5/h3,6H,1H3"
gdb_1606,4.35423,2.2359,1.5108,3.2371,62.31,-0.2403,-0.0406,0.1997,783.7709,0.113008,-320.767064,-320.759035,-320.758091,-320.799533,CN(C)C(=N)C#N,"InChI=1S/C4H7N3/c1-7(2)4(6)3-5/h6H,1-2H3"
gdb_1607,4.41507,2.20494,1.49827,3.6272,62.94,-0.2452,-0.0243,0.221,793.6405,0.111252,-324.565412,-324.557264,-324.55632,-324.597719,CN(C)C(=O)C#C,"InChI=1S/C5H7NO/c1-4-5(7)6(2)3/h1H,2-3H3"
gdb_1608,4.39622,2.2446,1.51429,5.0952,57.54,-0.2706,-0.0495,0.2211,769.1661,0.100841,-340.668108,-340.660282,-340.659338,-340.700238,CN(C)C(=O)C#N,InChI=1S/C4H6N2O/c1-6(2)4(7)3-5/h1-2H3
gdb_1609,3.70769,2.11191,1.59957,1.1384,57.91,-0.2489,-0.0945,0.1544,804.408,0.122012,-345.680996,-345.672767,-345.671823,-345.713823,CC(C)C(=O)C=O,"InChI=1S/C5H8O2/c1-4(2)5(7)3-6/h3-4H,1-2H3"
gdb_1610,3.86878,2.22582,1.58242,0.9633,51.49,-0.2681,-0.1102,0.1579,756.6399,0.098581,-381.606362,-381.598596,-381.597651,-381.638553,CC(O)C(=O)C=O,"InChI=1S/C4H6O3/c1-3(6)4(7)2-5/h2-3,6H,1H3"
gdb_1611,4.81982,1.94966,1.44909,3.5222,61.23,-0.2335,-0.0683,0.1652,826.9346,0.123837,-341.835805,-341.827772,-341.826828,-341.868118,CN(C)C(=N)C=O,"InChI=1S/C4H8N2O/c1-6(2)4(5)3-7/h3,5H,1-2H3"
gdb_1612,3.92544,2.37994,1.50974,2.6207,56.89,-0.2511,-0.0741,0.177,780.1238,0.111467,-361.740208,-361.732024,-361.73108,-361.773557,CN(C)C(=O)C=O,"InChI=1S/C4H7NO2/c1-5(2)4(7)3-6/h3H,1-2H3"
gdb_1613,3.94854,1.91568,1.64767,4.1669,64.73,-0.2273,0.029,0.2563,833.0949,0.147068,-305.897998,-305.889567,-305.888623,-305.930279,CC(C#N)N(C)C,"InChI=1S/C5H10N2/c1-5(4-6)7(2)3/h5H,1-3H3"
gdb_1614,3.57995,2.03672,1.38685,0.6217,73.1,-0.2582,0.0567,0.3149,918.1293,0.168953,-273.762938,-273.754018,-273.753074,-273.79562,CC(C)C(C)C#C,"InChI=1S/C7H12/c1-5-7(4)6(2)3/h1,6-7H,2-4H3"
gdb_1615,3.57748,2.07344,1.40126,3.9675,67.88,-0.3121,0.0376,0.3497,892.0654,0.15875,-289.87247,-289.863888,-289.862944,-289.90505,CC(C)C(C)C#N,"InChI=1S/C6H11N/c1-5(2)6(3)4-7/h5-6H,1-3H3"
gdb_1616,3.94656,1.83105,1.59806,2.8133,64.35,-0.2685,0.0274,0.296,848.8007,0.148083,-305.91553,-305.907073,-305.906129,-305.94784,CC(C)C(N)C#N,"InChI=1S/C5H10N2/c1-4(2)5(7)3-6/h4-5H,7H2,1-2H3"
gdb_1617,4.03849,1.83698,1.5938,1.3225,65.73,-0.2636,0.0312,0.2948,851.9154,0.145386,-309.686862,-309.678138,-309.677194,-309.719333,CC(C)C(O)C#C,"InChI=1S/C6H10O/c1-4-6(7)5(2)3/h1,5-7H,2-3H3"
gdb_1618,3.72572,2.0929,1.42755,3.3111,60.92,-0.2987,0.0118,0.3105,848.3348,0.13506,-325.793904,-325.785563,-325.784619,-325.826204,CC(C)C(O)C#N,"InChI=1S/C5H9NO/c1-4(2)5(7)3-6/h4-5,7H,1-2H3"
gdb_1619,3.66299,2.13966,1.43516,4.0257,60.87,-0.2381,0.0205,0.2587,839.9784,0.136902,-321.958301,-321.949936,-321.948992,-321.990593,CC(N)C(N)C#N,"InChI=1S/C4H9N3/c1-3(6)4(7)2-5/h3-4H,6-7H2,1H3"
gdb_1620,3.03357,2.26902,1.76361,1.2181,65.63,-0.2598,0.0452,0.305,813.0934,0.14558,-309.692389,-309.683807,-309.682863,-309.724651,CC(O)C(C)C#C,"InChI=1S/C6H10O/c1-4-5(2)6(3)7/h1,5-7H,2-3H3"
gdb_1621,3.05932,2.30622,1.77809,3.0848,60.54,-0.2839,0.028,0.3119,790.0257,0.135329,-325.80068,-325.792432,-325.791488,-325.832828,CC(O)C(C)C#N,"InChI=1S/C5H9NO/c1-4(3-6)5(2)7/h4-5,7H,1-2H3"
gdb_1622,3.83134,2.09958,1.4405,3.9686,57.69,-0.2705,0.0278,0.2983,825.7495,0.124257,-341.839596,-341.831335,-341.83039,-341.871873,CC(O)C(N)C#N,"InChI=1S/C4H8N2O/c1-3(7)4(6)2-5/h3-4,7H,6H2,1H3"
gdb_1623,3.87468,2.07872,1.43592,0.1804,59.02,-0.253,0.0305,0.2834,831.6567,0.121518,-345.610574,-345.601986,-345.601042,-345.643073,CC(O)C(O)C#C,"InChI=1S/C5H8O2/c1-3-5(7)4(2)6/h1,4-7H,2H3"
gdb_1624,3.8867,2.10964,1.45031,3.9552,54.07,-0.2801,0.0095,0.2896,806.9968,0.111283,-361.716705,-361.708538,-361.707594,-361.748927,CC(O)C(O)C#N,"InChI=1S/C4H7NO2/c1-3(6)4(7)2-5/h3-4,6-7H,1H3"
gdb_1625,3.51112,1.96377,1.36639,2.7421,68.05,-0.2444,-0.0176,0.2268,924.3641,0.168626,-310.940657,-310.931602,-310.930658,-310.974334,CC(C)C(C)C=O,"InChI=1S/C6H12O/c1-5(2)6(3)4-7/h4-6H,1-3H3"
gdb_1626,4.17995,1.883,1.39482,2.2998,61.24,-0.2706,-0.0384,0.2321,879.1915,0.145817,-346.869712,-346.861372,-346.860428,-346.902289,CC(C)C(O)C=O,"InChI=1S/C5H10O2/c1-4(2)5(7)3-6/h3-5,7H,1-2H3"
gdb_1627,4.36429,1.60886,1.59531,3.9248,65.66,-0.2388,0.0343,0.2731,890.2583,0.158641,-327.010026,-327.001322,-327.000378,-327.043349,CC(C)N(C)C=O,"InChI=1S/C5H11NO/c1-5(2)6(3)4-7/h4-5H,1-3H3"
gdb_1628,3.61348,1.99434,1.40803,3.0994,60.93,-0.2447,-0.0154,0.2293,877.0456,0.145215,-346.867382,-346.858616,-346.857672,-346.900579,CC(O)C(C)C=O,"InChI=1S/C5H10O2/c1-4(3-6)5(2)7/h3-5,7H,1-2H3"
gdb_1629,4.36243,1.90799,1.41825,2.3282,54.12,-0.2626,-0.0368,0.2258,832.8745,0.122273,-382.796989,-382.788932,-382.787988,-382.82913,CC(O)C(O)C=O,"InChI=1S/C4H8O3/c1-3(6)4(7)2-5/h2-4,6-7H,1H3"
gdb_1630,3.97664,2.10656,1.612,4.2076,52.33,-0.2586,-0.0534,0.2051,762.5851,0.097911,-381.61055,-381.602683,-381.601739,-381.643512,CC(=O)C(O)C=O,"InChI=1S/C4H6O3/c1-3(6)4(7)2-5/h2,4,7H,1H3"
gdb_1631,3.12636,2.46794,1.60119,1.7101,58.66,-0.253,-0.0517,0.2013,792.2381,0.121356,-345.688916,-345.680523,-345.679579,-345.722027,CC(C=O)C(C)=O,"InChI=1S/C5H8O2/c1-4(3-6)5(2)7/h3-4H,1-2H3"
gdb_1632,3.41283,2.58718,1.56802,1.6866,54.83,-0.2536,-0.0463,0.2073,760.1412,0.111802,-361.763293,-361.755537,-361.754593,-361.795495,CC(C=O)C(N)=O,"InChI=1S/C4H7NO2/c1-3(2-6)4(5)7/h2-3H,1H3,(H2,5,7)"
gdb_1633,4.74639,2.05878,1.46222,2.0631,61.15,-0.2483,-0.0133,0.235,814.9669,0.124416,-341.874216,-341.866219,-341.865275,-341.906845,CN(C=N)C(C)=O,"InChI=1S/C4H8N2O/c1-4(7)6(2)3-5/h3,5H,1-2H3"
gdb_1634,4.88129,2.10602,1.48729,2.8892,57.44,-0.2439,0.0078,0.2517,782.3894,0.114323,-357.939331,-357.931785,-357.930841,-357.970874,CN(C=N)C(N)=O,"InChI=1S/C3H7N3O/c1-6(2-4)3(5)7/h2,4H,1H3,(H2,5,7)"
gdb_1635,4.48245,2.11164,1.46153,3.2383,61.51,-0.2535,-0.0175,0.2361,809.9073,0.125008,-341.871347,-341.863669,-341.862724,-341.903098,CN(C=O)C(C)=N,"InChI=1S/C4H8N2O/c1-4(5)6(2)3-7/h3,5H,1-2H3"
gdb_1636,4.5257,2.11122,1.46598,1.778,56.45,-0.2668,-0.0332,0.2336,793.089,0.112126,-361.772743,-361.76496,-361.764015,-361.804833,CN(C=O)C(C)=O,"InChI=1S/C4H7NO2/c1-4(7)5(2)3-6/h3H,1-2H3"
gdb_1637,4.67789,2.1175,1.49974,3.9929,57.6,-0.2462,-0.0082,0.238,778.9852,0.114043,-357.927353,-357.919782,-357.918838,-357.959056,CN(C=O)C(N)=N,"InChI=1S/C3H7N3O/c1-6(2-7)3(4)5/h2H,1H3,(H3,4,5)"
gdb_1638,4.92384,2.10431,1.4899,4.7493,52.29,-0.2583,-0.0085,0.2498,763.4856,0.101719,-377.837977,-377.830535,-377.829591,-377.869484,CN(C=O)C(N)=O,"InChI=1S/C3H6N2O2/c1-5(2-6)3(4)7/h2H,1H3,(H2,4,7)"
gdb_1639,4.44417,2.08939,1.63351,1.8522,47.74,-0.2551,-0.0474,0.2077,727.7918,0.088835,-397.692021,-397.684852,-397.683908,-397.723425,NC(=O)C(O)C=O,"InChI=1S/C3H5NO3/c4-3(7)2(6)1-5/h1-2,6H,(H2,4,7)"
gdb_1640,4.64127,1.99998,1.42407,1.9489,61.09,-0.2402,-0.0492,0.191,841.3689,0.123055,-341.865856,-341.857456,-341.856512,-341.898618,CN=C(N)C(C)=O,"InChI=1S/C4H8N2O/c1-3(7)4(5)6-2/h1-2H3,(H2,5,6)"
gdb_1641,4.95658,2.02275,1.45089,1.7515,56.91,-0.2363,-0.0194,0.2169,807.0653,0.113148,-357.942023,-357.93399,-357.933046,-357.974006,CN=C(N)C(N)=O,"InChI=1S/C3H7N3O/c1-6-2(4)3(5)7/h1H3,(H2,4,6)(H2,5,7)"
gdb_1642,4.97294,2.02486,1.45221,8.8749,52.78,-0.2307,-0.0335,0.1972,791.4402,0.101413,-377.816466,-377.808827,-377.807883,-377.84901,C[NH+]=C(N)C([O-])=O,"InChI=1S/C3H6N2O2/c1-5-2(4)3(6)7/h1H3,(H2,4,5)(H,6,7)"
gdb_1643,5.27825,1.80477,1.36742,2.0674,51.44,-0.2585,-0.0974,0.1612,832.1298,0.098264,-381.616883,-381.60888,-381.607936,-381.649846,CC(=O)C(=O)CO,"InChI=1S/C4H6O3/c1-3(6)4(7)2-5/h5H,2H2,1H3"
gdb_1644,5.10911,1.76774,1.34556,0.1453,57.93,-0.2389,-0.0809,0.158,890.3706,0.121452,-345.695868,-345.687346,-345.686402,-345.729675,CCC(=O)C(C)=O,"InChI=1S/C5H8O2/c1-3-5(7)4(2)6/h3H2,1-2H3"
gdb_1645,5.14214,1.83219,1.37519,1.8503,59.4,-0.2473,-0.0499,0.1974,865.4784,0.124026,-341.869909,-341.861822,-341.860877,-341.902543,CCC(=O)C(N)=N,"InChI=1S/C4H8N2O/c1-2-3(7)4(5)6/h2H2,1H3,(H3,5,6)"
gdb_1646,5.21252,1.82494,1.37423,1.165,54.38,-0.2399,-0.0611,0.1788,850.4674,0.111761,-361.77204,-361.764019,-361.763075,-361.804796,CCC(=O)C(N)=O,"InChI=1S/C4H7NO2/c1-2-3(6)4(5)7/h2H2,1H3,(H2,5,7)"
gdb_1647,5.06989,1.88432,1.39759,0.6274,60.01,-0.2269,-0.0558,0.1711,857.6672,0.123611,-341.863083,-341.854591,-341.853647,-341.896885,CNC(=N)C(C)=O,"InChI=1S/C4H8N2O/c1-3(7)4(5)6-2/h1-2H3,(H2,5,6)"
gdb_1648,4.97341,2.02545,1.45255,8.8758,52.77,-0.2307,-0.0336,0.1971,791.2849,0.101417,-377.816463,-377.808824,-377.80788,-377.849019,CNC(=[NH2+])C([O-])=O,"InChI=1S/C3H6N2O2/c1-5-2(4)3(6)7/h1H3,(H2,4,5)(H,6,7)"
gdb_1649,5.11237,1.89815,1.40836,1.2761,55.88,-0.2399,-0.0604,0.1795,841.0664,0.111623,-361.76802,-361.75979,-361.758846,-361.801165,CNC(=O)C(C)=O,"InChI=1S/C4H7NO2/c1-3(6)4(7)5-2/h1-2H3,(H,5,7)"
gdb_1650,5.18576,1.97257,1.44201,0.2161,52.22,-0.2405,-0.0288,0.2117,800.6407,0.102097,-377.845502,-377.837829,-377.836885,-377.877565,CNC(=O)C(N)=O,"InChI=1S/C3H6N2O2/c1-5-3(7)2(4)6/h1H3,(H2,4,6)(H,5,7)"
gdb_1651,5.31175,1.93922,1.44607,1.3223,51.5,-0.2525,-0.0704,0.182,812.0644,0.098825,-381.634033,-381.62598,-381.625036,-381.66722,COC(=O)C(C)=O,InChI=1S/C4H6O3/c1-3(5)4(6)7-2/h1-2H3
gdb_1652,5.36086,2.011,1.47937,1.4007,52.91,-0.2465,-0.0348,0.2117,788.6957,0.101296,-377.805829,-377.798194,-377.79725,-377.837816,COC(=O)C(N)=N,"InChI=1S/C3H6N2O2/c1-7-3(6)2(4)5/h1H3,(H3,4,5)"
gdb_1653,5.44603,2.00059,1.47674,1.9931,47.89,-0.251,-0.0451,0.2059,774.4123,0.089078,-397.709232,-397.701624,-397.70068,-397.741402,COC(=O)C(N)=O,"InChI=1S/C3H5NO3/c1-7-3(6)2(4)5/h1H3,(H2,4,5)"
gdb_1654,5.24329,1.86723,1.39002,2.3341,52.59,-0.2492,-0.0519,0.1973,813.3809,0.100397,-377.78436,-377.776505,-377.77556,-377.8165,NC(=N)C(=O)CO,"InChI=1S/C3H6N2O2/c4-3(5)2(7)1-6/h6H,1H2,(H3,4,5)"
gdb_1655,5.31042,1.86131,1.39001,0.7074,47.74,-0.2429,-0.0637,0.1792,798.013,0.088215,-397.686127,-397.678406,-397.677462,-397.718256,NC(=O)C(=O)CO,"InChI=1S/C3H5NO3/c4-3(7)2(6)1-5/h5H,1H2,(H2,4,7)"
gdb_1656,4.74889,1.54501,1.4705,2.928,60.84,-0.2628,-0.0244,0.2384,911.7875,0.145893,-346.87843,-346.869837,-346.868893,-346.912513,CC(C)C(=O)CO,"InChI=1S/C5H10O2/c1-4(2)5(7)3-6/h4,6H,3H2,1-2H3"
gdb_1657,4.84899,1.73711,1.36438,1.731,53.94,-0.2754,-0.0401,0.2353,864.0085,0.122466,-382.804482,-382.796345,-382.795401,-382.83716,CC(O)C(=O)CO,"InChI=1S/C4H8O3/c1-3(6)4(7)2-5/h3,5-6H,2H2,1H3"
gdb_1658,4.59986,1.56233,1.41241,2.4591,67.7,-0.2378,-0.0066,0.2313,970.1419,0.168905,-310.954565,-310.945391,-310.944447,-310.988708,CCC(=O)C(C)C,"InChI=1S/C6H12O/c1-4-6(7)5(2)3/h5H,4H2,1-3H3"
gdb_1659,4.70923,1.7022,1.34704,2.8996,60.84,-0.2611,-0.0237,0.2374,921.8894,0.145785,-346.883127,-346.874562,-346.873618,-346.916362,CCC(=O)C(C)O,"InChI=1S/C5H10O2/c1-3-5(7)4(2)6/h4,6H,3H2,1-2H3"
gdb_1660,4.71048,1.80699,1.34978,3.3917,66.18,-0.2336,0.0364,0.27,929.034,0.158348,-327.012568,-327.003498,-327.002554,-327.046659,CCC(=O)N(C)C,"InChI=1S/C5H11NO/c1-4-5(7)6(2)3/h4H2,1-3H3"
gdb_1661,4.84878,1.85396,1.3759,4.4338,58.89,-0.2478,0.0219,0.2698,868.5575,0.13534,-362.937857,-362.929354,-362.92841,-362.97126,CN(C)C(=O)CO,"InChI=1S/C4H9NO2/c1-5(2)4(7)3-6/h6H,3H2,1-2H3"
gdb_1662,4.70524,1.55728,1.52862,3.3594,65.47,-0.24,0.0387,0.2787,927.9197,0.158634,-327.02168,-327.012595,-327.011651,-327.056105,CNC(=O)C(C)C,"InChI=1S/C5H11NO/c1-4(2)5(7)6-3/h4H,1-3H3,(H,6,7)"
gdb_1663,4.79153,1.77337,1.42129,4.1609,58.16,-0.2547,0.0223,0.277,875.3358,0.135383,-362.950092,-362.941543,-362.940598,-362.983502,CNC(=O)C(C)O,"InChI=1S/C4H9NO2/c1-3(6)4(7)5-2/h3,6H,1-2H3,(H,5,7)"
gdb_1664,4.74331,1.9274,1.41321,3.6703,62.8,-0.2259,0.066,0.2918,880.8701,0.147439,-343.068226,-343.059148,-343.058203,-343.101984,CNC(=O)N(C)C,"InChI=1S/C4H10N2O/c1-5-4(7)6(2)3/h1-3H3,(H,5,7)"
gdb_1665,4.7065,1.78562,1.47366,1.6828,60.96,-0.2647,0.0176,0.2823,886.71,0.14624,-346.89917,-346.890403,-346.889459,-346.932979,COC(=O)C(C)C,"InChI=1S/C5H10O2/c1-4(2)5(6)7-3/h4H,1-3H3"
gdb_1666,4.81876,1.79181,1.50749,2.0557,57.51,-0.2358,0.0132,0.2491,856.831,0.135627,-362.941781,-362.933249,-362.932304,-362.974805,COC(=O)C(C)N,"InChI=1S/C4H9NO2/c1-3(5)4(6)7-2/h3H,5H2,1-2H3"
gdb_1667,4.85359,1.86769,1.46739,2.7792,54.05,-0.2666,0.0029,0.2695,837.2155,0.122938,-382.825717,-382.817421,-382.816477,-382.858645,COC(=O)C(C)O,"InChI=1S/C4H8O3/c1-3(5)4(6)7-2/h3,5H,1-2H3"
gdb_1668,4.84841,2.00485,1.45733,2.2499,59.15,-0.2359,0.0636,0.2995,847.0436,0.13503,-362.951503,-362.942526,-362.941582,-362.986677,COC(=O)N(C)C,InChI=1S/C4H9NO2/c1-5(2)4(6)7-3/h1-3H3
gdb_1669,4.42613,1.83126,1.41125,2.2935,54.01,-0.2599,-0.0346,0.2253,844.6821,0.122808,-382.805933,-382.797832,-382.796887,-382.838635,CC(=O)C(O)CO,"InChI=1S/C4H8O3/c1-3(6)4(7)2-5/h4-5,7H,2H2,1H3"
gdb_1670,4.30196,1.82583,1.35083,14.6499,63.56,-0.1706,-0.0323,0.1383,873.4033,0.135678,-362.87621,-362.867766,-362.866822,-362.909906,CC(C[NH3+])C([O-])=O,"InChI=1S/C4H9NO2/c1-3(2-5)4(6)7/h3H,2,5H2,1H3,(H,6,7)"
gdb_1671,4.40787,1.6484,1.41801,1.3506,60.59,-0.241,-0.0106,0.2304,904.0776,0.145414,-346.874234,-346.865253,-346.864308,-346.90804,CC(CO)C(C)=O,"InChI=1S/C5H10O2/c1-4(3-6)5(2)7/h4,6H,3H2,1-2H3"
gdb_1672,4.44042,1.61962,1.51846,2.3876,57.15,-0.2424,0.0332,0.2756,864.1732,0.135126,-362.946498,-362.937565,-362.936621,-362.98071,CC(CO)C(N)=O,"InChI=1S/C4H9NO2/c1-3(2-6)4(5)7/h3,6H,2H2,1H3,(H2,5,7)"
gdb_1673,4.2449,1.58744,1.42574,2.5242,67.72,-0.2375,-0.0074,0.23,960.7105,0.16883,-310.952127,-310.942916,-310.941972,-310.986289,CCC(C)C(C)=O,"InChI=1S/C6H12O/c1-4-5(2)6(3)7/h5H,4H2,1-3H3"
gdb_1674,4.11559,1.64088,1.48703,3.3976,64.3,-0.2397,0.0377,0.2774,917.7567,0.158399,-327.024699,-327.015444,-327.0145,-327.059628,CCC(C)C(N)=O,"InChI=1S/C5H11NO/c1-3-4(2)5(6)7/h4H,3H2,1-2H3,(H2,6,7)"
gdb_1675,4.43577,1.81709,1.3579,5.082,56.64,-0.2497,0.0184,0.2681,880.8938,0.13681,-362.953848,-362.945957,-362.945013,-362.98614,CCC([NH3+])C([O-])=O,"InChI=1S/C4H9NO2/c1-2-3(5)4(6)7/h3H,2,5H2,1H3,(H,6,7)"
gdb_1676,4.25707,1.80855,1.37554,2.8471,61.16,-0.2643,-0.0256,0.2387,903.554,0.145654,-346.883119,-346.874529,-346.873585,-346.916229,CCC(O)C(C)=O,"InChI=1S/C5H10O2/c1-3-5(7)4(2)6/h5,7H,3H2,1-2H3"
gdb_1677,4.47106,1.80515,1.41321,3.9902,57.39,-0.2589,0.0193,0.2781,870.3957,0.135418,-362.955075,-362.946637,-362.945693,-362.987951,CCC(O)C(N)=O,"InChI=1S/C4H9NO2/c1-2-3(6)4(5)7/h3,6H,2H2,1H3,(H2,5,7)"
gdb_1678,3.73261,2.12277,1.52532,3.4689,65.39,-0.2314,0.0367,0.2681,865.2535,0.158517,-327.013853,-327.004948,-327.004004,-327.047524,CCN(C)C(C)=O,"InChI=1S/C5H11NO/c1-4-6(3)5(2)7/h4H2,1-3H3"
gdb_1679,3.85102,2.16158,1.53733,3.5809,61.53,-0.2284,0.0631,0.2915,835.258,0.148116,-343.07653,-343.067896,-343.066952,-343.109942,CCN(C)C(N)=O,"InChI=1S/C4H10N2O/c1-3-6(2)4(5)7/h3H2,1-2H3,(H2,5,7)"
gdb_1680,4.12467,1.9553,1.42274,5.0747,57.06,-0.246,0.02,0.2661,855.5611,0.136425,-362.946041,-362.938092,-362.937147,-362.978421,C[NH2+]C(C)C([O-])=O,"InChI=1S/C4H9NO2/c1-3(5-2)4(6)7/h3,5H,1-2H3,(H,6,7)"
gdb_1681,4.03197,1.97465,1.42103,2.6932,61.24,-0.2414,-0.0121,0.2293,877.2099,0.144777,-346.867624,-346.858741,-346.857796,-346.901532,COC(C)C(C)=O,"InChI=1S/C5H10O2/c1-4(6)5(2)7-3/h5H,1-3H3"
gdb_1682,4.28424,1.96415,1.4566,3.3432,57.58,-0.2395,0.035,0.2744,845.3709,0.13492,-362.942862,-362.934257,-362.933313,-362.976204,COC(C)C(N)=O,"InChI=1S/C4H9NO2/c1-3(7-2)4(5)6/h3H,1-2H3,(H2,5,6)"
gdb_1683,4.64855,1.83316,1.45161,3.4994,50.25,-0.256,0.0098,0.2657,810.3812,0.112764,-398.878264,-398.870448,-398.869503,-398.910363,NC(=O)C(O)CO,"InChI=1S/C3H7NO3/c4-3(7)2(6)1-5/h2,5-6H,1H2,(H2,4,7)"
gdb_1684,4.50558,1.82152,1.45995,4.4441,49.68,-0.255,0.0168,0.2719,809.7984,0.113943,-398.876124,-398.868677,-398.867733,-398.907888,[NH3+]C(CO)C([O-])=O,"InChI=1S/C3H7NO3/c4-2(1-5)3(6)7/h2,5H,1,4H2,(H,6,7)"
gdb_1685,3.5601,2.31053,1.72325,4.6037,52.84,-0.2468,0.0186,0.2654,753.4158,0.126811,-379.000257,-378.992753,-378.991808,-379.032085,NC(C[NH3+])C([O-])=O,"InChI=1S/C3H8N2O2/c4-1-2(5)3(6)7/h2H,1,4-5H2,(H,6,7)"
gdb_1686,3.75243,2.21217,1.74956,3.9333,49.1,-0.2534,0.0125,0.2659,738.2968,0.114401,-398.880824,-398.873593,-398.872648,-398.912502,[NH3+]CC(O)C([O-])=O,"InChI=1S/C3H7NO3/c4-1-2(5)3(6)7/h2,5H,1,4H2,(H,6,7)"
gdb_1687,3.87789,1.6728,1.25833,1.3709,70.78,-0.2616,0.0786,0.3403,1008.5876,0.192855,-312.12438,-312.114895,-312.11395,-312.158274,CC(C)C(C)CO,"InChI=1S/C6H14O/c1-5(2)6(3)4-7/h5-7H,4H2,1-3H3"
gdb_1688,4.11772,1.70212,1.28946,2.4166,63.48,-0.2553,0.0631,0.3184,957.8159,0.169985,-348.056093,-348.047277,-348.046333,-348.088867,CC(C)C(O)CO,"InChI=1S/C5H12O2/c1-4(2)5(7)3-6/h4-7H,3H2,1-2H3"
gdb_1689,3.62415,1.73185,1.46328,2.0779,63.34,-0.2518,0.0657,0.3175,919.7378,0.169416,-348.052027,-348.042805,-348.041861,-348.085398,CC(O)C(C)CO,"InChI=1S/C5H12O2/c1-4(3-6)5(2)7/h4-7H,3H2,1-2H3"
gdb_1690,4.34993,1.72441,1.31556,1.4463,56.67,-0.2598,0.0616,0.3214,909.1521,0.14615,-383.982605,-383.973862,-383.972918,-384.015368,CC(O)C(O)CO,"InChI=1S/C4H10O3/c1-3(6)4(7)2-5/h3-7H,2H2,1H3"
gdb_1691,3.74455,1.64436,1.23926,0.0663,77.88,-0.2985,0.0837,0.3822,1068.0204,0.216155,-276.201993,-276.192206,-276.191262,-276.237012,CCC(C)C(C)C,"InChI=1S/C7H16/c1-5-7(4)6(2)3/h6-7H,5H2,1-4H3"
gdb_1692,4.18316,1.50735,1.39462,1.399,70.52,-0.2591,0.0702,0.3293,1003.9967,0.192703,-312.130526,-312.121063,-312.120119,-312.164135,CCC(C)C(C)O,"InChI=1S/C6H14O/c1-4-5(2)6(3)7/h5-7H,4H2,1-3H3"
gdb_1693,3.97106,1.67266,1.27149,1.4485,70.88,-0.2605,0.0732,0.3336,1017.3033,0.192575,-312.132386,-312.122925,-312.121981,-312.165952,CCC(O)C(C)C,"InChI=1S/C6H14O/c1-4-6(7)5(2)3/h5-7H,4H2,1-3H3"
gdb_1694,4.59414,1.55391,1.46149,2.3042,63.83,-0.2568,0.0624,0.3192,943.7099,0.169663,-348.062001,-348.053042,-348.052098,-348.094808,CCC(O)C(C)O,"InChI=1S/C5H12O2/c1-3-5(7)4(2)6/h4-7H,3H2,1-2H3"
gdb_1695,3.71059,1.85443,1.34447,0.9884,71.29,-0.2475,0.0839,0.3314,977.8871,0.192185,-312.122262,-312.112762,-312.111818,-312.156025,COC(C)C(C)C,"InChI=1S/C6H14O/c1-5(2)6(3)7-4/h5-6H,1-4H3"
gdb_1696,3.85499,1.86051,1.3574,1.8458,64.16,-0.2497,0.0751,0.3248,932.3201,0.168591,-348.048744,-348.03948,-348.038536,-348.082288,COC(C)C(C)O,"InChI=1S/C5H12O2/c1-4(6)5(2)7-3/h4-6H,1-3H3"
gdb_1697,4.39611,2.08442,1.84681,0.7015,70.01,-0.253,0.0529,0.3059,773.3296,0.147293,-272.5445,-272.537007,-272.536062,-272.575493,CC1(CCC1)C#C,"InChI=1S/C7H10/c1-3-7(2)5-4-6-7/h1H,4-6H2,2H3"
gdb_1698,4.37718,2.11946,1.87211,4.1171,64.59,-0.3031,0.033,0.3361,748.5932,0.137225,-288.653529,-288.646408,-288.645464,-288.684349,CC1(CCC1)C#N,"InChI=1S/C6H9N/c1-6(5-7)3-2-4-6/h2-4H2,1H3"
gdb_1699,4.49069,2.17369,1.909,4.7968,61.06,-0.2479,0.0224,0.2702,724.2185,0.125766,-304.691568,-304.684578,-304.683634,-304.722247,CC1(CCN1)C#N,"InChI=1S/C5H8N2/c1-5(4-6)2-3-7-5/h7H,2-3H2,1H3"
gdb_1700,4.12906,2.34613,1.95474,1.7358,62.67,-0.2515,0.0292,0.2807,719.5951,0.123209,-308.466631,-308.459272,-308.458327,-308.49795,CC1(CCO1)C#C,"InChI=1S/C6H8O/c1-3-6(2)4-5-7-6/h1H,4-5H2,2H3"
gdb_1701,4.09888,2.40268,1.98579,4.2051,57.47,-0.2766,0.0086,0.2852,695.0499,0.112959,-324.573162,-324.566166,-324.565222,-324.604197,CC1(CCO1)C#N,"InChI=1S/C5H7NO/c1-5(4-6)2-3-7-5/h2-3H2,1H3"
gdb_1702,4.4388,2.15433,1.8589,1.4015,62.51,-0.2527,0.0414,0.2941,734.2967,0.123569,-308.462063,-308.454771,-308.453827,-308.493184,CC1(COC1)C#C,"InChI=1S/C6H8O/c1-3-6(2)4-7-5-6/h1H,4-5H2,2H3"
gdb_1703,4.41885,2.19212,1.88453,2.9229,57.39,-0.2711,0.0198,0.2909,710.0499,0.113327,-324.569062,-324.562117,-324.561173,-324.600037,CC1(COC1)C#N,"InChI=1S/C5H7NO/c1-5(2-6)3-7-4-5/h3-4H2,1H3"
gdb_1704,3.81244,2.43319,1.96182,2.904,61.14,-0.2664,0.027,0.2934,710.5963,0.126261,-304.69768,-304.690635,-304.68969,-304.728521,NC1(CCC1)C#N,"InChI=1S/C5H8N2/c6-4-5(7)2-1-3-5/h1-3,7H2"
gdb_1705,4.55384,2.1654,1.9082,1.852,57.83,-0.239,0.0243,0.2632,704.8508,0.115081,-320.732586,-320.725691,-320.724747,-320.763267,NC1(CNC1)C#N,"InChI=1S/C4H7N3/c5-1-4(6)2-7-3-4/h7H,2-3,6H2"
gdb_1706,4.48113,2.21534,1.90956,2.2355,54.18,-0.2692,0.0157,0.2849,688.6646,0.102327,-340.611734,-340.60485,-340.603906,-340.642831,NC1(COC1)C#N,"InChI=1S/C4H6N2O/c5-1-4(6)2-7-3-4/h2-3,6H2"
gdb_1707,3.88642,2.40931,1.94777,1.1014,62.65,-0.2553,0.0316,0.2869,715.7321,0.12361,-308.47001,-308.462763,-308.461819,-308.50084,OC1(CCC1)C#C,"InChI=1S/C6H8O/c1-2-6(7)4-3-5-6/h1,7H,3-5H2"
gdb_1708,3.89576,2.44504,1.97745,3.1446,57.49,-0.2897,0.011,0.3007,692.3886,0.113337,-324.57665,-324.569773,-324.568829,-324.607306,OC1(CCC1)C#N,"InChI=1S/C5H7NO/c6-4-5(7)2-1-3-5/h7H,1-3H2"
gdb_1709,4.67676,2.16969,1.92142,2.4548,54.25,-0.2443,0.0099,0.2541,688.1963,0.101991,-340.610697,-340.603891,-340.602947,-340.641384,OC1(CNC1)C#N,"InChI=1S/C4H6N2O/c5-1-4(7)2-6-3-4/h6-7H,2-3H2"
gdb_1710,4.36687,2.27267,1.91423,2.3075,55.53,-0.2539,0.0194,0.2733,690.8396,0.099614,-344.385369,-344.378213,-344.377269,-344.416638,OC1(COC1)C#C,"InChI=1S/C5H6O2/c1-2-5(6)3-7-4-5/h1,6H,3-4H2"
gdb_1711,4.41776,2.2858,1.93691,2.2852,50.59,-0.2744,-0.0029,0.2716,668.6074,0.089259,-360.48972,-360.482931,-360.481987,-360.520873,OC1(COC1)C#N,"InChI=1S/C4H5NO2/c5-1-4(6)2-7-3-4/h6H,2-3H2"
gdb_1712,4.81693,1.96089,1.80862,2.7295,64.58,-0.2457,-0.021,0.2247,773.1958,0.147292,-309.723988,-309.716488,-309.715543,-309.755559,CC1(CCC1)C=O,"InChI=1S/C6H10O/c1-6(5-7)3-2-4-6/h5H,2-4H2,1H3"
gdb_1713,3.76522,2.49675,2.02387,2.0204,57.24,-0.2418,-0.029,0.2128,700.5223,0.123226,-345.647032,-345.639692,-345.638747,-345.678765,CC1(CCO1)C=O,"InChI=1S/C5H8O2/c1-5(4-6)2-3-7-5/h4H,2-3H2,1H3"
gdb_1714,3.62069,2.52138,1.96169,3.0523,57.32,-0.2551,-0.0306,0.2245,706.9559,0.12345,-345.640098,-345.632751,-345.631807,-345.672014,CC1(COC1)C=O,"InChI=1S/C5H8O2/c1-5(2-6)3-7-4-5/h2H,3-4H2,1H3"
gdb_1715,4.7079,2.13499,1.91552,2.3577,57.78,-0.2656,-0.0352,0.2304,716.0438,0.124213,-345.655534,-345.648676,-345.647731,-345.686216,OC1(CCC1)C=O,"InChI=1S/C5H8O2/c6-4-5(7)2-1-3-5/h4,7H,1-3H2"
gdb_1716,5.01651,2.13351,1.91106,0.5876,50.59,-0.2607,-0.0478,0.2129,681.1821,0.100506,-381.570969,-381.564358,-381.563413,-381.60161,OC1(COC1)C=O,"InChI=1S/C4H6O3/c5-1-4(6)2-7-3-4/h1,6H,2-3H2"
gdb_1717,3.87176,2.11158,1.84366,1.3245,67.08,-0.2629,0.0738,0.3367,798.4342,0.171027,-310.908453,-310.90048,-310.899536,-310.940089,CC1(CO)CCC1,"InChI=1S/C6H12O/c1-6(5-7)3-2-4-6/h7H,2-5H2,1H3"
gdb_1718,4.00358,2.25417,1.96529,2.4479,59.71,-0.2465,0.0719,0.3184,740.6517,0.147768,-346.838702,-346.831177,-346.830233,-346.870205,CC1(CO)CCO1,"InChI=1S/C5H10O2/c1-5(4-6)2-3-7-5/h6H,2-4H2,1H3"
gdb_1719,4.1084,2.09916,1.84298,2.2135,59.84,-0.2427,0.0664,0.3092,762.7887,0.147392,-346.827397,-346.819595,-346.818651,-346.859253,CC1(CO)COC1,"InChI=1S/C5H10O2/c1-5(2-6)3-7-4-5/h6H,2-4H2,1H3"
gdb_1720,4.21522,1.8752,1.75835,0.051,73.95,-0.2789,0.0793,0.3582,866.4448,0.194489,-274.985822,-274.97763,-274.976685,-275.01774,CCC1(C)CCC1,"InChI=1S/C7H14/c1-3-7(2)5-4-6-7/h3-6H2,1-2H3"
gdb_1721,4.05463,2.09787,1.87775,1.566,66.91,-0.2393,0.0785,0.3178,803.5901,0.1707,-310.914024,-310.906011,-310.905067,-310.946115,CCC1(C)CCO1,"InChI=1S/C6H12O/c1-3-6(2)4-5-7-6/h3-5H2,1-2H3"
gdb_1722,4.07415,1.99197,1.77462,1.9318,66.66,-0.242,0.0714,0.3135,822.1934,0.170864,-310.904927,-310.896872,-310.895928,-310.937529,CCC1(C)COC1,"InChI=1S/C6H12O/c1-3-6(2)4-7-5-6/h3-5H2,1-2H3"
gdb_1723,4.04523,2.04516,1.81928,1.3946,66.88,-0.2513,0.0706,0.3219,812.158,0.170915,-310.915445,-310.907544,-310.9066,-310.946988,CCC1(O)CCC1,"InChI=1S/C6H12O/c1-2-6(7)4-3-5-6/h7H,2-5H2,1H3"
gdb_1724,4.31028,2.03532,1.8277,0.7382,59.79,-0.2514,0.0603,0.3117,775.481,0.147041,-346.833689,-346.825959,-346.825015,-346.865395,CCC1(O)COC1,"InChI=1S/C5H10O2/c1-2-5(6)3-7-4-5/h6H,2-4H2,1H3"
gdb_1725,4.36195,2.03343,1.88797,1.0526,67.28,-0.242,0.0837,0.3257,798.1851,0.170559,-310.904813,-310.896912,-310.895968,-310.936373,COC1(C)CCC1,"InChI=1S/C6H12O/c1-6(7-2)4-3-5-6/h3-5H2,1-2H3"
gdb_1726,4.44585,2.08002,1.8923,2.1778,60.05,-0.2459,0.0699,0.3158,760.4365,0.14684,-346.821466,-346.813724,-346.81278,-346.853274,COC1(C)COC1,"InChI=1S/C5H10O2/c1-5(6-2)3-7-4-5/h3-4H2,1-2H3"
gdb_1727,4.27013,2.09355,1.88016,2.2653,59.99,-0.2482,0.0626,0.3108,756.2771,0.147982,-346.839895,-346.832442,-346.831497,-346.870982,OCC1(O)CCC1,"InChI=1S/C5H10O2/c6-4-5(7)2-1-3-5/h6-7H,1-4H2"
gdb_1728,4.56831,2.07052,1.87411,3.1841,52.85,-0.2457,0.0523,0.298,722.7479,0.124179,-382.756764,-382.749474,-382.748529,-382.788041,OCC1(O)COC1,"InChI=1S/C4H8O3/c5-1-4(6)2-7-3-4/h5-6H,1-3H2"
gdb_1729,5.44239,1.43466,1.26723,0.0587,74.05,-0.225,0.0633,0.2883,1008.4572,0.146569,-272.55467,-272.546237,-272.545293,-272.588649,CC#CC1(C)CC1,"InChI=1S/C7H10/c1-3-4-7(2)5-6-7/h5-6H2,1-2H3"
gdb_1730,5.59294,1.44851,1.27462,1.7996,70.58,-0.2265,0.0456,0.2721,984.3284,0.135335,-288.596392,-288.588092,-288.587148,-288.630252,CC#CC1(C)CN1,"InChI=1S/C6H9N/c1-3-4-6(2)5-7-6/h7H,5H2,1-2H3"
gdb_1731,5.79521,1.44455,1.27248,1.9962,66.57,-0.2449,0.0353,0.2802,971.6051,0.122355,-308.476903,-308.468712,-308.467768,-308.510351,CC#CC1(C)CO1,"InChI=1S/C6H8O/c1-3-4-6(2)5-7-6/h5H2,1-2H3"
gdb_1732,5.87259,1.4271,1.27718,1.6153,66.92,-0.2283,0.0429,0.2712,969.1506,0.12287,-308.476587,-308.468509,-308.467565,-308.509777,CC#CC1(O)CC1,"InChI=1S/C6H8O/c1-2-3-6(7)4-5-6/h7H,4-5H2,1H3"
gdb_1733,4.95298,1.75372,1.60123,0.5832,69.43,-0.2594,0.0529,0.3123,841.543,0.146566,-272.54227,-272.534451,-272.533507,-272.573883,CC1(CC#C)CC1,"InChI=1S/C7H10/c1-3-4-7(2)5-6-7/h1H,4-6H2,2H3"
gdb_1734,5.18147,1.77074,1.6107,1.8187,66.,-0.2432,0.0542,0.2975,819.9171,0.13536,-288.584029,-288.57636,-288.575416,-288.61556,CC1(CC#C)CN1,"InChI=1S/C6H9N/c1-3-4-6(2)5-7-6/h1,7H,4-5H2,2H3"
gdb_1735,5.25213,1.79579,1.6259,1.9521,62.32,-0.2586,0.0478,0.3065,800.8411,0.122385,-308.46712,-308.459489,-308.458545,-308.498736,CC1(CC#C)CO1,"InChI=1S/C6H8O/c1-3-4-6(2)5-7-6/h1H,4-5H2,2H3"
gdb_1736,4.97599,1.77514,1.61542,3.9064,64.46,-0.2908,0.0328,0.3236,815.681,0.136379,-288.651313,-288.643868,-288.642924,-288.682772,CC1(CC#N)CC1,"InChI=1S/C6H9N/c1-6(2-3-6)4-5-7/h2-4H2,1H3"
gdb_1737,5.19789,1.79772,1.62929,4.5745,61.05,-0.2608,0.0338,0.2946,792.8581,0.125138,-304.692914,-304.685613,-304.684669,-304.724301,CC1(CC#N)CN1,"InChI=1S/C5H8N2/c1-5(2-3-6)4-7-5/h7H,2,4H2,1H3"
gdb_1738,5.28946,1.81851,1.63939,4.7065,57.42,-0.2836,0.0265,0.31,775.2959,0.112148,-324.574822,-324.567565,-324.566621,-324.606274,CC1(CC#N)CO1,"InChI=1S/C5H7NO/c1-5(2-3-6)4-7-5/h2,4H2,1H3"
gdb_1739,5.42957,1.77932,1.65435,1.0868,62.44,-0.2514,0.0428,0.2942,792.8597,0.122983,-308.46788,-308.460426,-308.459482,-308.499135,OC1(CC#C)CC1,"InChI=1S/C6H8O/c1-2-3-6(7)4-5-6/h1,7H,3-5H2"
gdb_1740,5.41407,1.79584,1.66637,3.0985,57.47,-0.275,0.0239,0.2989,769.514,0.112668,-324.575851,-324.568737,-324.567792,-324.606985,OC1(CC#N)CC1,"InChI=1S/C5H7NO/c6-4-3-5(7)1-2-5/h7H,1-3H2"
gdb_1741,4.49659,2.01322,1.86985,3.474,61.37,-0.2461,0.0299,0.276,756.9702,0.136133,-325.792606,-325.785067,-325.784123,-325.824229,CC1(CC1)NC=O,"InChI=1S/C5H9NO/c1-5(2-3-5)6-4-7/h4H,2-3H2,1H3,(H,6,7)"
gdb_1742,5.20377,1.7859,1.57195,4.0642,58.1,-0.2713,0.0056,0.2769,809.4866,0.123211,-345.665479,-345.658133,-345.657189,-345.696809,CC1(CC1)OC=O,"InChI=1S/C5H8O2/c1-5(2-3-5)7-4-6/h4H,2-3H2,1H3"
gdb_1743,5.1991,1.62501,1.46843,2.707,64.67,-0.2448,-0.0204,0.2244,873.8066,0.14641,-309.71992,-309.712065,-309.711121,-309.752243,CC1(CC=O)CC1,"InChI=1S/C6H10O/c1-6(2-3-6)4-5-7/h5H,2-4H2,1H3"
gdb_1744,5.30189,1.66512,1.49897,3.1736,61.23,-0.2388,-0.02,0.2188,844.8776,0.135252,-325.762375,-325.754666,-325.753721,-325.79469,CC1(CC=O)CN1,"InChI=1S/C5H9NO/c1-5(2-3-7)4-6-5/h3,6H,2,4H2,1H3"
gdb_1745,5.38124,1.68668,1.51119,2.8268,57.56,-0.2509,-0.0266,0.2243,825.5781,0.122278,-345.645239,-345.637564,-345.636619,-345.677638,CC1(CC=O)CO1,"InChI=1S/C5H8O2/c1-5(2-3-6)4-7-5/h3H,2,4H2,1H3"
gdb_1746,5.0528,1.6871,1.51332,1.7151,57.58,-0.2469,-0.026,0.2209,828.0421,0.122494,-345.64287,-345.635217,-345.634273,-345.675205,OC1(CC=O)CC1,"InChI=1S/C5H8O2/c6-4-3-5(7)1-2-5/h4,7H,1-3H2"
gdb_1747,4.9338,1.4686,1.32385,1.3838,67.46,-0.2608,0.0804,0.3413,973.1974,0.170594,-310.90496,-310.896582,-310.895638,-310.937505,CC1(CCO)CC1,"InChI=1S/C6H12O/c1-6(2-3-6)4-5-7/h7H,2-5H2,1H3"
gdb_1748,5.15211,1.50126,1.3437,1.6712,60.11,-0.26,0.0772,0.3372,928.774,0.146606,-346.83159,-346.823432,-346.822488,-346.864163,CC1(CCO)CO1,"InChI=1S/C5H10O2/c1-5(2-3-6)4-7-5/h6H,2-4H2,1H3"
gdb_1749,4.82327,1.45351,1.31127,0.1314,74.72,-0.2614,0.0857,0.347,1032.1865,0.193984,-274.985024,-274.97643,-274.975485,-275.017739,CCCC1(C)CC1,"InChI=1S/C7H14/c1-3-4-7(2)5-6-7/h3-6H2,1-2H3"
gdb_1750,5.03099,1.49612,1.3424,1.7103,67.57,-0.2586,0.0878,0.3464,983.3492,0.16985,-310.911571,-310.903132,-310.902188,-310.944459,CCCC1(C)CO1,"InChI=1S/C6H12O/c1-3-4-6(2)5-7-6/h3-5H2,1-2H3"
gdb_1751,5.22653,1.45027,1.32895,1.4016,67.63,-0.2519,0.0746,0.3264,990.4803,0.170209,-310.910278,-310.901941,-310.900997,-310.94275,CCCC1(O)CC1,"InChI=1S/C6H12O/c1-2-3-6(7)4-5-6/h7H,2-5H2,1H3"
gdb_1752,4.85814,1.65567,1.46262,1.0092,68.2,-0.2437,0.0901,0.3337,930.0795,0.169674,-310.904974,-310.896623,-310.895679,-310.937475,CCOC1(C)CC1,"InChI=1S/C6H12O/c1-3-7-6(2)4-5-6/h3-5H2,1-2H3"
gdb_1753,5.05097,1.5881,1.42318,0.93,68.53,-0.2509,0.0847,0.3357,942.7317,0.170126,-310.899323,-310.890945,-310.890001,-310.931903,COCC1(C)CC1,"InChI=1S/C6H12O/c1-6(3-4-6)5-7-2/h3-5H2,1-2H3"
gdb_1754,5.07931,1.70906,1.44845,2.4831,64.79,-0.2347,0.0813,0.316,901.8656,0.159133,-326.942959,-326.934751,-326.933807,-326.975337,COCC1(C)CN1,"InChI=1S/C5H11NO/c1-5(3-6-5)4-7-2/h6H,3-4H2,1-2H3"
gdb_1755,5.37458,1.61439,1.4336,2.4027,61.35,-0.2572,0.0825,0.3397,903.0089,0.146021,-346.823548,-346.815393,-346.814449,-346.856022,COCC1(C)CO1,"InChI=1S/C5H10O2/c1-5(3-6-2)4-7-5/h3-4H2,1-2H3"
gdb_1756,5.59681,1.58984,1.45274,1.9112,61.47,-0.2438,0.08,0.3238,897.6015,0.146714,-346.825174,-346.817207,-346.816262,-346.857314,COCC1(O)CC1,"InChI=1S/C5H10O2/c1-7-4-5(6)2-3-5/h6H,2-4H2,1H3"
gdb_1757,5.3212,1.46681,1.34413,1.9397,60.18,-0.2369,0.0655,0.3023,931.4726,0.146208,-346.828689,-346.820226,-346.819282,-346.861748,OCCC1(O)CC1,"InChI=1S/C5H10O2/c6-4-3-5(7)1-2-5/h6-7H,1-4H2"
gdb_1758,4.66897,1.9302,1.72235,1.7059,63.89,-0.2399,0.0503,0.2902,774.6689,0.122406,-308.46776,-308.459917,-308.458973,-308.49906,CC1(CC1O)C#C,"InChI=1S/C6H8O/c1-3-6(2)4-5(6)7/h1,5,7H,4H2,2H3"
gdb_1759,4.65386,1.96309,1.74562,4.5999,58.55,-0.2796,0.0312,0.3108,748.8023,0.112273,-324.575989,-324.568524,-324.567579,-324.60712,CC1(CC1O)C#N,"InChI=1S/C5H7NO/c1-5(3-6)2-4(5)7/h4,7H,2H2,1H3"
gdb_1760,4.44246,1.8875,1.68841,0.9133,71.26,-0.236,0.0581,0.2941,826.8948,0.146097,-272.545439,-272.537319,-272.536374,-272.577031,CC1CC1(C)C#C,"InChI=1S/C7H10/c1-4-7(3)5-6(7)2/h1,6H,5H2,2-3H3"
gdb_1761,4.43403,1.91736,1.70847,4.334,65.73,-0.2781,0.0388,0.317,801.1248,0.135987,-288.654408,-288.646651,-288.645707,-288.685864,CC1CC1(C)C#N,"InChI=1S/C6H9N/c1-5-3-6(5,2)4-7/h5H,3H2,1-2H3"
gdb_1762,4.55885,1.93595,1.74216,5.2004,62.02,-0.2505,0.0305,0.281,775.4731,0.124694,-304.694187,-304.686466,-304.685521,-304.725627,CC1CC1(N)C#N,"InChI=1S/C5H8N2/c1-4-2-5(4,7)3-6/h4H,2,7H2,1H3"
gdb_1763,4.87968,1.89158,1.73055,1.0721,64.37,-0.2389,0.0363,0.2753,783.4888,0.122415,-308.468407,-308.460624,-308.45968,-308.499657,CC1CC1(O)C#C,"InChI=1S/C6H8O/c1-3-6(7)4-5(6)2/h1,5,7H,4H2,2H3"
gdb_1764,4.85136,1.92052,1.75223,3.7435,58.97,-0.2782,0.0159,0.2942,758.3224,0.112242,-324.57519,-324.567803,-324.566859,-324.606239,CC1CC1(O)C#N,"InChI=1S/C5H7NO/c1-4-2-5(4,7)3-6/h4,7H,2H2,1H3"
gdb_1765,4.64423,1.91584,1.68088,1.0467,67.99,-0.2358,0.0395,0.2753,808.0286,0.134707,-288.589678,-288.581659,-288.580715,-288.621281,CC1NC1(C)C#C,"InChI=1S/C6H9N/c1-4-6(3)5(2)7-6/h1,5,7H,2-3H3"
gdb_1766,4.62081,1.94732,1.70255,3.1688,62.62,-0.2677,0.0181,0.2858,782.5005,0.124466,-304.696646,-304.688992,-304.688048,-304.72808,CC1NC1(C)C#N,"InChI=1S/C5H8N2/c1-4-5(2,3-6)7-4/h4,7H,1-2H3"
gdb_1767,4.86096,1.91812,1.67381,1.8302,63.98,-0.258,0.0289,0.2868,795.1727,0.121711,-308.471397,-308.463453,-308.462508,-308.503,CC1OC1(C)C#C,"InChI=1S/C6H8O/c1-4-6(3)5(2)7-6/h1,5H,2-3H3"
gdb_1768,4.84192,1.94778,1.69318,4.2276,58.71,-0.2948,0.007,0.3017,770.2323,0.111369,-324.577047,-324.56943,-324.568485,-324.608531,CC1OC1(C)C#N,"InChI=1S/C5H7NO/c1-4-5(2,3-6)7-4/h4H,1-2H3"
gdb_1769,4.61558,1.9646,1.75629,1.5588,68.07,-0.2296,0.0459,0.2755,790.4313,0.13406,-288.574763,-288.56679,-288.565846,-288.606247,CN1CC1(C)C#C,"InChI=1S/C6H9N/c1-4-6(2)5-7(6)3/h1H,5H2,2-3H3"
gdb_1770,4.59326,1.99653,1.77874,4.8527,62.57,-0.2531,0.0254,0.2784,765.3034,0.123825,-304.682331,-304.674697,-304.673753,-304.71368,CN1CC1(C)C#N,"InChI=1S/C5H8N2/c1-5(3-6)4-7(5)2/h4H2,1-2H3"
gdb_1771,4.91277,1.9576,1.77309,3.1327,55.37,-0.257,0.0164,0.2734,723.9167,0.102074,-340.622886,-340.615968,-340.615024,-340.653424,NC1(CC1O)C#N,"InChI=1S/C4H6N2O/c5-2-4(6)1-3(4)7/h3,7H,1,6H2"
gdb_1772,4.84862,1.95478,1.75602,5.4701,58.74,-0.2386,0.0318,0.2705,745.4497,0.114517,-320.740782,-320.733558,-320.732614,-320.771532,NC1CC1(N)C#N,"InChI=1S/C4H7N3/c5-2-4(7)1-3(4)6/h3H,1,6-7H2"
gdb_1773,4.95085,1.9336,1.76197,3.3204,56.15,-0.242,0.0117,0.2537,732.5348,0.10149,-340.618148,-340.610936,-340.609992,-340.648992,NC1CC1(O)C#N,"InChI=1S/C4H6N2O/c5-2-4(7)1-3(4)6/h3,7H,1,6H2"
gdb_1774,5.09165,1.93539,1.76647,2.3038,56.83,-0.2422,0.0231,0.2653,731.6978,0.098941,-344.390227,-344.382893,-344.381949,-344.420997,OC1CC1(O)C#C,"InChI=1S/C5H6O2/c1-2-5(7)3-4(5)6/h1,4,6-7H,3H2"
gdb_1775,5.07172,1.96291,1.78753,3.5753,51.68,-0.2695,0.0013,0.2708,707.2662,0.088676,-360.495618,-360.488659,-360.487714,-360.526204,OC1CC1(O)C#N,"InChI=1S/C4H5NO2/c5-2-4(7)1-3(4)6/h3,6-7H,1H2"
gdb_1776,4.86152,1.86571,1.69157,3.9352,58.71,-0.2487,-0.0178,0.2309,772.5011,0.12267,-345.649886,-345.642135,-345.641191,-345.68149,CC1(CC1O)C=O,"InChI=1S/C5H8O2/c1-5(3-6)2-4(5)7/h3-4,7H,2H2,1H3"
gdb_1777,3.87991,2.13336,1.7284,2.7741,65.58,-0.2468,-0.0195,0.2272,798.3756,0.146188,-309.728493,-309.720367,-309.719423,-309.760551,CC1CC1(C)C=O,"InChI=1S/C6H10O/c1-5-3-6(5,2)4-7/h4-5H,3H2,1-2H3"
gdb_1778,4.17102,2.12222,1.77143,2.5444,58.64,-0.2468,-0.0257,0.2211,755.3922,0.122553,-345.65267,-345.644984,-345.64404,-345.684093,CC1CC1(O)C=O,"InChI=1S/C5H8O2/c1-4-2-5(4,7)3-6/h3-4,7H,2H2,1H3"
gdb_1779,4.10365,2.15717,1.72054,2.2596,62.47,-0.2557,-0.0328,0.2229,779.3233,0.135142,-325.773278,-325.765395,-325.764451,-325.805058,CC1NC1(C)C=O,"InChI=1S/C5H9NO/c1-4-5(2,3-7)6-4/h3-4,6H,1-2H3"
gdb_1780,5.02384,1.84645,1.66535,2.6666,58.73,-0.2538,-0.034,0.2198,791.4555,0.121864,-345.653983,-345.646061,-345.645117,-345.686105,CC1OC1(C)C=O,"InChI=1S/C5H8O2/c1-4-5(2,3-6)7-4/h3-4H,1-2H3"
gdb_1781,4.88176,1.89579,1.71667,3.0762,62.43,-0.2379,-0.0213,0.2166,788.3769,0.134378,-325.759393,-325.751509,-325.750564,-325.791157,CN1CC1(C)C=O,"InChI=1S/C5H9NO/c1-5(4-7)3-6(5)2/h4H,3H2,1-2H3"
gdb_1782,4.5314,2.15252,1.81655,3.2191,51.37,-0.2487,-0.0274,0.2212,701.5161,0.09908,-381.574917,-381.567674,-381.56673,-381.605867,OC1CC1(O)C=O,"InChI=1S/C4H6O3/c5-2-4(7)1-3(4)6/h2-3,6-7H,1H2"
gdb_1783,4.95676,1.72855,1.56012,1.1297,60.4,-0.2527,0.0677,0.3205,835.1956,0.146501,-346.830523,-346.822237,-346.821293,-346.862654,CC1(CO)CC1O,"InChI=1S/C5H10O2/c1-5(3-6)2-4(5)7/h4,6-7H,2-3H2,1H3"
gdb_1784,4.84348,1.70169,1.54551,1.3572,67.94,-0.2588,0.0756,0.3343,885.5736,0.170089,-310.907666,-310.899076,-310.898131,-310.939975,CC1CC1(C)CO,"InChI=1S/C6H12O/c1-5-3-6(5,2)4-7/h5,7H,3-4H2,1-2H3"
gdb_1785,5.18756,1.71886,1.58496,0.8857,60.51,-0.2518,0.062,0.3137,841.9375,0.146556,-346.835129,-346.826814,-346.82587,-346.867377,CC1CC1(O)CO,"InChI=1S/C5H10O2/c1-4-2-5(4,7)3-6/h4,6-7H,2-3H2,1H3"
gdb_1786,4.95259,1.72555,1.54319,1.7477,64.29,-0.2418,0.0631,0.305,867.5917,0.158678,-326.952797,-326.944295,-326.943351,-326.985399,CC1NC1(C)CO,"InChI=1S/C5H11NO/c1-4-5(2,3-7)6-4/h4,6-7H,3H2,1-2H3"
gdb_1787,5.11709,1.77841,1.58367,2.0298,60.44,-0.2559,0.0833,0.3393,838.6633,0.146244,-346.840727,-346.832489,-346.831545,-346.872904,CC1OC1(C)CO,"InChI=1S/C5H10O2/c1-4-5(2,3-6)7-4/h4,6H,3H2,1-2H3"
gdb_1788,3.57463,1.93782,1.60298,0.1214,74.82,-0.2552,0.0874,0.3426,912.3929,0.193436,-274.985796,-274.976984,-274.97604,-275.018407,CCC1(C)CC1C,"InChI=1S/C7H14/c1-4-7(3)5-6(7)2/h6H,4-5H2,1-3H3"
gdb_1789,3.56238,2.03715,1.65911,1.2653,67.57,-0.2502,0.0829,0.3331,854.3306,0.169908,-310.909223,-310.900761,-310.899817,-310.941389,CCC1(C)CC1O,"InChI=1S/C6H12O/c1-3-6(2)4-5(6)7/h5,7H,3-4H2,1-2H3"
gdb_1790,3.1918,2.36991,1.75129,1.1668,71.43,-0.2181,0.082,0.3001,840.242,0.181796,-291.018995,-291.010463,-291.009519,-291.05111,CCC1(C)CN1C,"InChI=1S/C6H13N/c1-4-6(2)5-7(6)3/h4-5H2,1-3H3"
gdb_1791,3.66715,2.05514,1.64751,1.7245,67.69,-0.2541,0.0902,0.3443,864.8125,0.169253,-310.917344,-310.908691,-310.907746,-310.950074,CCC1(C)OC1C,"InChI=1S/C6H12O/c1-4-6(3)5(2)7-6/h5H,4H2,1-3H3"
gdb_1792,3.85855,1.92675,1.62737,1.2685,67.67,-0.2483,0.0747,0.3231,870.9935,0.169702,-310.912077,-310.903541,-310.902597,-310.944365,CCC1(O)CC1C,"InChI=1S/C6H12O/c1-3-6(7)4-5(6)2/h5,7H,3-4H2,1-2H3"
gdb_1793,3.84315,2.02041,1.68088,2.0074,60.51,-0.2437,0.0723,0.3161,814.1813,0.146075,-346.834502,-346.826296,-346.825352,-346.866448,CCC1(O)CC1O,"InChI=1S/C5H10O2/c1-2-5(7)3-4(5)6/h4,6-7H,2-3H2,1H3"
gdb_1794,3.70763,2.01463,1.9186,1.9572,64.2,-0.2295,0.0816,0.311,796.9409,0.158741,-326.944158,-326.935934,-326.93499,-326.976232,CN1CC1(C)CO,"InChI=1S/C5H11NO/c1-5(4-7)3-6(5)2/h7H,3-4H2,1-2H3"
gdb_1795,3.56216,2.20307,1.76903,1.0119,68.09,-0.2429,0.0883,0.3312,829.7377,0.16933,-310.902849,-310.894284,-310.89334,-310.935097,COC1(C)CC1C,"InChI=1S/C6H12O/c1-5-4-6(5,2)7-3/h5H,4H2,1-3H3"
gdb_1796,3.52257,2.34412,1.83643,2.5203,60.53,-0.2341,0.082,0.3161,772.0454,0.146017,-346.825502,-346.817381,-346.816437,-346.857289,COC1(C)CC1O,"InChI=1S/C5H10O2/c1-5(7-2)3-4(5)6/h4,6H,3H2,1-2H3"
gdb_1797,4.13941,2.02691,1.71328,1.5296,53.63,-0.2381,0.0649,0.303,762.3898,0.123072,-382.756724,-382.748887,-382.747943,-382.788277,OCC1(O)CC1O,"InChI=1S/C4H8O3/c5-2-4(7)1-3(4)6/h3,5-7H,1-2H2"
gdb_1798,3.7691,2.52204,1.74985,2.7069,64.73,-0.2401,-0.0082,0.2319,768.2572,0.146603,-309.736328,-309.728474,-309.72753,-309.768317,CC(=O)C1(C)CC1,"InChI=1S/C6H10O/c1-5(7)6(2)3-4-6/h3-4H2,1-2H3"
gdb_1799,3.81908,2.55121,1.79293,2.6335,61.35,-0.2509,-0.0217,0.2291,743.6651,0.135478,-325.779372,-325.771683,-325.770738,-325.810984,CC(=O)C1(C)CN1,"InChI=1S/C5H9NO/c1-4(7)5(2)3-6-5/h6H,3H2,1-2H3"
gdb_1800,3.77074,2.61256,1.80933,1.7933,57.34,-0.2466,-0.0235,0.2232,726.1598,0.122083,-345.658421,-345.650583,-345.649638,-345.690561,CC(=O)C1(C)CO1,"InChI=1S/C5H8O2/c1-4(6)5(2)3-7-5/h3H2,1-2H3"
gdb_1801,3.94033,2.5484,1.79123,2.3978,57.9,-0.2381,-0.0129,0.2252,725.8809,0.122687,-345.660927,-345.653313,-345.652368,-345.69255,CC(=O)C1(O)CC1,"InChI=1S/C5H8O2/c1-4(6)5(7)2-3-5/h7H,2-3H2,1H3"
gdb_1802,3.85514,2.60329,1.78925,3.4827,61.08,-0.2424,0.0348,0.2772,734.9678,0.136146,-325.808092,-325.80023,-325.799286,-325.840103,CC1(CC1)C(N)=O,"InChI=1S/C5H9NO/c1-5(2-3-5)4(6)7/h2-3H2,1H3,(H2,6,7)"
gdb_1803,3.87991,2.6139,1.85218,2.9512,57.27,-0.2364,0.0292,0.2655,710.161,0.125383,-341.851447,-341.844091,-341.843147,-341.882603,CC1(CN1)C(N)=O,"InChI=1S/C4H8N2O/c1-4(2-6-4)3(5)7/h6H,2H2,1H3,(H2,5,7)"
gdb_1804,3.92809,2.64102,1.87376,2.143,53.51,-0.2463,0.0175,0.2638,692.5005,0.112408,-361.733052,-361.72572,-361.724776,-361.764215,CC1(CO1)C(N)=O,"InChI=1S/C4H7NO2/c1-4(2-7-4)3(5)6/h2H2,1H3,(H2,5,6)"
gdb_1805,4.01941,2.63719,1.83615,2.8545,54.03,-0.2395,0.0291,0.2686,691.9702,0.113142,-361.734611,-361.727506,-361.726562,-361.765369,NC(=O)C1(O)CC1,"InChI=1S/C4H7NO2/c5-3(6)4(7)1-2-4/h7H,1-2H2,(H2,5,6)"
gdb_1806,3.94011,2.68091,1.84155,5.3705,53.21,-0.2485,0.0216,0.2701,689.43,0.114014,-361.736259,-361.729402,-361.728458,-361.767103,[NH3+]C1(CC1)C([O-])=O,"InChI=1S/C4H7NO2/c5-4(1-2-4)3(6)7/h1-2,5H2,(H,6,7)"
gdb_1807,3.49278,1.98158,1.91775,0.0759,73.94,-0.2626,0.0817,0.3443,852.0802,0.193696,-274.985107,-274.976554,-274.97561,-275.017195,CC(C)C1(C)CC1,"InChI=1S/C7H14/c1-6(2)7(3)4-5-7/h6H,4-5H2,1-3H3"
gdb_1808,3.48107,2.38418,1.82194,1.7246,66.69,-0.2584,0.0849,0.3432,801.5285,0.169765,-310.91014,-310.901848,-310.900904,-310.942327,CC(C)C1(C)CO1,"InChI=1S/C6H12O/c1-5(2)6(3)4-7-6/h5H,4H2,1-3H3"
gdb_1809,3.69975,2.05693,1.94346,1.2668,66.98,-0.2355,0.0665,0.302,806.1359,0.16913,-310.909285,-310.900583,-310.899639,-310.941881,CC(C)C1(O)CC1,"InChI=1S/C6H12O/c1-5(2)6(7)3-4-6/h5,7H,3-4H2,1-2H3"
gdb_1810,3.64586,2.01636,1.97228,1.3608,67.2,-0.2606,0.0735,0.3341,804.9382,0.170023,-310.911163,-310.902805,-310.901861,-310.943092,CC(O)C1(C)CC1,"InChI=1S/C6H12O/c1-5(7)6(2)3-4-6/h5,7H,3-4H2,1-2H3"
gdb_1811,3.55391,2.49974,1.80576,2.6786,63.57,-0.2329,0.0638,0.2967,772.3621,0.159009,-326.954728,-326.946554,-326.94561,-326.986558,CC(O)C1(C)CN1,"InChI=1S/C5H11NO/c1-4(7)5(2)3-6-5/h4,6-7H,3H2,1-2H3"
gdb_1812,3.59461,2.56585,1.81671,1.7585,59.7,-0.2613,0.0854,0.3467,752.9237,0.146503,-346.840597,-346.832753,-346.831808,-346.872125,CC(O)C1(C)CO1,"InChI=1S/C5H10O2/c1-4(6)5(2)3-7-5/h4,6H,3H2,1-2H3"
gdb_1813,3.84077,2.08703,1.97516,2.2253,59.92,-0.2543,0.0608,0.315,761.9289,0.146589,-346.838572,-346.830649,-346.829705,-346.870101,CC(O)C1(O)CC1,"InChI=1S/C5H10O2/c1-4(6)5(7)2-3-5/h4,6-7H,2-3H2,1H3"
gdb_1814,3.69457,1.98643,1.87657,0.0705,73.84,-0.2713,0.0812,0.3525,847.1208,0.193309,-274.982053,-274.97348,-274.972535,-275.014341,CC(C)(C)C1CC1,"InChI=1S/C7H14/c1-7(2,3)6-4-5-6/h6H,4-5H2,1-3H3"
gdb_1815,3.82247,2.04489,1.94171,1.6774,66.77,-0.2615,0.0811,0.3426,799.3187,0.169606,-310.906738,-310.898496,-310.897552,-310.938503,CC(C)(C)C1CO1,"InChI=1S/C6H12O/c1-6(2,3)5-4-7-5/h5H,4H2,1-3H3"
gdb_1816,3.86324,1.99915,1.91105,1.4185,66.74,-0.2565,0.0793,0.3358,805.2837,0.169757,-310.911529,-310.903206,-310.902262,-310.943554,CC(C)(O)C1CC1,"InChI=1S/C6H12O/c1-6(2,7)5-3-4-5/h5,7H,3-4H2,1-2H3"
gdb_1817,3.97959,2.12421,1.96692,2.7471,63.41,-0.235,0.0595,0.2944,768.9943,0.158694,-326.955365,-326.947177,-326.946232,-326.987038,CC(C)(O)C1CN1,"InChI=1S/C5H11NO/c1-5(2,7)4-3-6-4/h4,6-7H,3H2,1-2H3"
gdb_1818,4.05904,2.15603,1.98902,1.5465,59.77,-0.262,0.0839,0.3459,748.4251,0.146283,-346.839595,-346.831766,-346.830822,-346.870906,CC(C)(O)C1CO1,"InChI=1S/C5H10O2/c1-5(2,6)4-3-7-4/h4,6H,3H2,1-2H3"
gdb_1819,6.83462,2.33617,1.74105,1.033,56.76,-0.2673,-0.0808,0.1865,652.7378,0.080633,-339.490841,-339.485274,-339.484329,-339.52016,N=C1NC(=O)C=C1,"InChI=1S/C4H4N2O/c5-3-1-2-4(7)6-3/h1-2H,(H2,5,6,7)"
gdb_1820,6.79694,2.45561,1.8039,2.3239,52.72,-0.2894,-0.0955,0.1939,625.2566,0.068242,-359.368793,-359.36354,-359.362596,-359.397857,N=C1OC(=O)C=C1,"InChI=1S/C4H3NO2/c5-3-1-2-4(6)7-3/h1-2,5H"
gdb_1821,6.70388,2.19274,1.66936,1.6419,54.38,-0.2518,-0.0964,0.1555,671.7409,0.078672,-343.305175,-343.29946,-343.298516,-343.334936,O=C1CC(=O)C=C1,"InChI=1S/C5H4O2/c6-4-1-2-5(7)3-4/h1-2H,3H2"
gdb_1822,6.83336,2.35653,1.75225,1.4624,50.36,-0.2714,-0.0965,0.1749,633.9726,0.068352,-359.388326,-359.382918,-359.381974,-359.417566,O=C1NC(=O)C=C1,"InChI=1S/C4H3NO2/c6-3-1-2-4(7)5-3/h1-2H,(H,5,6,7)"
gdb_1823,6.47269,2.16529,1.65601,1.3644,51.9,-0.264,-0.0446,0.2194,691.9104,0.090172,-360.54737,-360.541252,-360.540308,-360.578038,N=C1CC(=O)CO1,"InChI=1S/C4H5NO2/c5-4-1-3(6)2-7-4/h5H,1-2H2"
gdb_1824,5.85945,2.24095,1.65393,0.6383,56.66,-0.2573,-0.0057,0.2516,706.265,0.103992,-340.699868,-340.693683,-340.692739,-340.730933,N=C1CCC(=O)N1,"InChI=1S/C4H6N2O/c5-3-1-2-4(7)6-3/h1-2H2,(H2,5,6,7)"
gdb_1825,5.82532,2.35561,1.71755,2.4934,51.92,-0.2786,-0.0143,0.2644,676.8746,0.091258,-360.574432,-360.568475,-360.567531,-360.604905,N=C1CCC(=O)O1,"InChI=1S/C4H5NO2/c5-3-1-2-4(6)7-3/h5H,1-2H2"
gdb_1826,6.49521,2.26687,1.69974,1.1199,52.81,-0.2524,0.0051,0.2575,676.3686,0.092687,-356.758284,-356.752146,-356.751201,-356.788406,N=C1CNC(=O)N1,"InChI=1S/C3H5N3O/c4-2-1-5-3(7)6-2/h1H2,(H3,4,5,6,7)"
gdb_1827,6.45324,2.37848,1.75714,3.1921,48.63,-0.2778,-0.0052,0.2726,649.3632,0.080072,-376.634518,-376.628525,-376.627581,-376.665034,N=C1CNC(=O)O1,"InChI=1S/C3H4N2O2/c4-2-1-5-3(6)7-2/h4H,1H2,(H,5,6)"
gdb_1828,6.64396,2.28598,1.71929,0.4437,54.82,-0.2499,0.0033,0.2533,675.5751,0.092521,-356.728392,-356.722478,-356.721534,-356.758258,N=C1COC(=N)N1,"InChI=1S/C3H5N3O/c4-2-1-7-3(5)6-2/h1H2,(H3,4,5,6)"
gdb_1829,6.7284,2.29425,1.7296,2.2858,49.18,-0.2757,-0.0088,0.2669,656.478,0.080572,-376.633716,-376.628022,-376.627078,-376.663421,N=C1COC(=O)N1,"InChI=1S/C3H4N2O2/c4-2-1-7-3(6)5-2/h1H2,(H2,4,5,6)"
gdb_1830,6.67626,2.40724,1.78937,2.4678,45.,-0.3014,-0.0204,0.281,629.7706,0.067972,-396.50754,-396.502087,-396.501143,-396.537093,N=C1COC(=O)O1,"InChI=1S/C3H3NO3/c4-2-1-6-3(5)7-2/h4H,1H2"
gdb_1831,6.67684,2.30384,1.73163,1.4121,49.76,-0.2671,-0.0122,0.2549,655.7217,0.080471,-376.631067,-376.625417,-376.624473,-376.660653,N=C1NC(=O)CO1,"InChI=1S/C3H4N2O2/c4-3-5-2(6)1-7-3/h1H2,(H2,4,5,6)"
gdb_1832,6.45297,2.27066,1.70122,0.8473,53.3,-0.2398,-0.0025,0.2373,676.2596,0.092663,-356.752251,-356.746255,-356.745311,-356.782049,N=C1NCC(=O)N1,"InChI=1S/C3H5N3O/c4-3-5-1-2(7)6-3/h1H2,(H3,4,5,6,7)"
gdb_1833,5.76933,2.1087,1.60265,1.5763,53.67,-0.2427,-0.0443,0.1984,721.4989,0.100767,-344.506029,-344.499521,-344.498577,-344.538796,O=C1CCC(=O)C1,InChI=1S/C5H6O2/c6-4-1-2-5(7)3-4/h1-3H2
gdb_1834,5.90514,2.25692,1.6663,1.8411,51.44,-0.2595,-0.0191,0.2404,686.2081,0.091851,-360.602876,-360.596931,-360.595987,-360.633206,O=C1CCC(=O)N1,"InChI=1S/C4H5NO2/c6-3-1-2-4(7)5-3/h1-2H2,(H,5,6,7)"
gdb_1835,6.37633,2.13522,1.63204,2.3925,50.9,-0.249,-0.0394,0.2096,694.6093,0.090607,-360.575745,-360.569559,-360.568615,-360.606346,O=C1CNC(=O)C1,"InChI=1S/C4H5NO2/c6-3-1-4(7)5-2-3/h1-2H2,(H,5,7)"
gdb_1836,6.54357,2.28209,1.7108,2.3661,47.87,-0.266,-0.0096,0.2565,656.8511,0.080444,-376.661483,-376.655485,-376.654541,-376.691657,O=C1CNC(=O)N1,"InChI=1S/C3H4N2O2/c6-2-1-4-3(7)5-2/h1H2,(H2,4,5,6,7)"
gdb_1837,6.58579,2.06184,1.60153,3.8779,63.45,-0.2395,-0.0235,0.216,755.4821,0.114302,-324.609784,-324.603316,-324.602372,-324.640045,CC1=CC(=N)OC1,"InChI=1S/C5H7NO/c1-4-2-5(6)7-3-4/h2,6H,3H2,1H3"
gdb_1838,5.79053,2.0254,1.54316,4.111,65.26,-0.2311,-0.0364,0.1947,786.6695,0.125301,-308.569875,-308.563072,-308.562127,-308.600747,CC1=CC(=O)CC1,"InChI=1S/C6H8O/c1-5-2-3-6(7)4-5/h4H,2-3H2,1H3"
gdb_1839,6.45943,2.03657,1.57872,4.6322,60.8,-0.2383,-0.0204,0.2178,758.1085,0.114051,-324.634377,-324.627477,-324.626532,-324.665631,CC1=CC(=O)NC1,"InChI=1S/C5H7NO/c1-4-2-5(7)6-3-4/h2H,3H2,1H3,(H,6,7)"
gdb_1840,6.66772,2.06592,1.6088,5.3163,57.16,-0.2647,-0.038,0.2268,736.1728,0.102151,-344.512144,-344.505822,-344.504878,-344.542367,CC1=CC(=O)OC1,"InChI=1S/C5H6O2/c1-4-2-5(6)7-3-4/h2H,3H2,1H3"
gdb_1841,6.75586,2.11611,1.62973,5.2991,60.68,-0.2142,-0.0008,0.2134,719.0217,0.103717,-340.662316,-340.65611,-340.655166,-340.692071,NC1=CC(=N)OC1,"InChI=1S/C4H6N2O/c5-3-1-4(6)7-2-3/h1,6H,2,5H2"
gdb_1842,5.95949,2.07939,1.57208,5.9497,63.01,-0.2157,-0.008,0.2078,748.7227,0.114878,-324.628594,-324.622,-324.621055,-324.65901,NC1=CC(=O)CC1,"InChI=1S/C5H7NO/c6-4-1-2-5(7)3-4/h3H,1-2,6H2"
gdb_1843,6.59864,2.09614,1.61117,5.8308,58.17,-0.2205,-0.0004,0.2201,720.0313,0.103848,-340.687222,-340.680857,-340.679913,-340.717088,NC1=CC(=O)NC1,"InChI=1S/C4H6N2O/c5-3-1-4(7)6-2-3/h1H,2,5H2,(H,6,7)"
gdb_1844,6.8213,2.12796,1.63992,6.8715,54.55,-0.2355,-0.0125,0.2229,698.584,0.091567,-360.567154,-360.561074,-360.56013,-360.596845,NC1=CC(=O)OC1,"InChI=1S/C4H5NO2/c5-3-1-4(6)7-2-3/h1H,2,5H2"
gdb_1845,6.04704,1.9839,1.53607,2.8314,63.36,-0.2387,-0.0142,0.2245,788.4717,0.124501,-308.560759,-308.553965,-308.553021,-308.591588,CC1=CCC(=O)C1,"InChI=1S/C6H8O/c1-5-2-3-6(7)4-5/h2H,3-4H2,1H3"
gdb_1846,6.10021,2.12547,1.6076,3.6461,60.,-0.2108,0.0052,0.216,747.8167,0.11381,-324.634527,-324.627867,-324.626923,-324.664897,CC1=CCC(=O)N1,"InChI=1S/C5H7NO/c1-4-2-3-5(7)6-4/h2H,3H2,1H3,(H,6,7)"
gdb_1847,6.83669,1.97684,1.56299,3.4337,60.41,-0.2076,0.002,0.2096,763.2752,0.113831,-324.631468,-324.624768,-324.623824,-324.661894,CC1=CNC(=O)C1,"InChI=1S/C5H7NO/c1-4-2-5(7)6-3-4/h3H,2H2,1H3,(H,6,7)"
gdb_1848,6.40785,2.14526,1.63986,3.828,60.78,-0.2269,0.0032,0.2301,739.6791,0.114643,-320.79327,-320.786548,-320.785604,-320.82383,CC1=NCC(=N)N1,"InChI=1S/C4H7N3/c1-3-6-2-4(5)7-3/h2H2,1H3,(H2,5,6,7)"
gdb_1849,6.46026,2.15802,1.65078,3.127,55.58,-0.2441,-0.0093,0.2348,719.4311,0.102655,-340.697732,-340.691316,-340.690372,-340.727945,CC1=NCC(=O)N1,"InChI=1S/C4H6N2O/c1-3-5-2-4(7)6-3/h2H2,1H3,(H,5,6,7)"
gdb_1850,6.38801,2.27123,1.71103,2.2234,51.48,-0.2707,-0.0211,0.2496,690.0922,0.090271,-360.575277,-360.569143,-360.568199,-360.605281,CC1=NCC(=O)O1,"InChI=1S/C4H5NO2/c1-3-5-2-4(6)7-3/h2H2,1H3"
gdb_1851,6.59712,2.22152,1.68313,3.8761,52.23,-0.2349,0.0043,0.2392,684.1636,0.092292,-356.752533,-356.746438,-356.745494,-356.78226,NC1=NCC(=O)N1,"InChI=1S/C3H5N3O/c4-3-5-1-2(7)6-3/h1H2,(H3,4,5,6,7)"
gdb_1852,5.72871,2.06274,1.64909,3.6273,63.62,-0.2358,-0.0431,0.1927,757.8619,0.125647,-308.561152,-308.554569,-308.553625,-308.591899,CC1CC(=O)C=C1,"InChI=1S/C6H8O/c1-5-2-3-6(7)4-5/h2-3,5H,4H2,1H3"
gdb_1853,5.82001,2.20266,1.73396,4.3063,59.89,-0.2415,-0.0264,0.2151,717.7613,0.114539,-324.629301,-324.622779,-324.621835,-324.65978,CC1NC(=O)C=C1,"InChI=1S/C5H7NO/c1-4-2-3-5(7)6-4/h2-4H,1H3,(H,6,7)"
gdb_1854,5.68569,2.31316,1.79424,3.4684,62.02,-0.2446,-0.029,0.2155,705.8206,0.114542,-324.606977,-324.60073,-324.599786,-324.636954,CC1OC(=N)C=C1,"InChI=1S/C5H7NO/c1-4-2-3-5(6)7-4/h2-4,6H,1H3"
gdb_1855,5.74301,2.32582,1.80698,4.7487,56.1,-0.2676,-0.0437,0.2239,686.7138,0.102419,-344.508729,-344.502645,-344.501701,-344.538606,CC1OC(=O)C=C1,"InChI=1S/C5H6O2/c1-4-2-3-5(6)7-4/h2-4H,1H3"
gdb_1856,6.02435,2.09108,1.65358,4.044,56.42,-0.2421,-0.0505,0.1915,713.2796,0.102002,-344.481802,-344.475458,-344.474514,-344.512213,OC1CC(=O)C=C1,"InChI=1S/C5H6O2/c6-4-1-2-5(7)3-4/h1-2,4,6H,3H2"
gdb_1857,5.1244,1.90931,1.57139,0.1979,73.05,-0.2347,0.028,0.2626,861.4228,0.172241,-273.806874,-273.799453,-273.798509,-273.838115,CC1CC(C)C=C1,"InChI=1S/C7H12/c1-6-3-4-7(2)5-6/h3-4,6-7H,5H2,1-2H3"
gdb_1858,5.20515,1.9386,1.60148,1.6855,65.54,-0.2457,0.0143,0.26,810.3362,0.148942,-309.731599,-309.724469,-309.723525,-309.762687,CC1CC(O)C=C1,"InChI=1S/C6H10O/c1-5-2-3-6(7)4-5/h2-3,5-7H,4H2,1H3"
gdb_1859,4.66538,2.24818,1.8119,1.3262,66.28,-0.2305,0.0176,0.248,766.1778,0.147908,-309.732713,-309.725486,-309.724542,-309.763832,CC1OC(C)C=C1,"InChI=1S/C6H10O/c1-5-3-4-6(2)7-5/h3-6H,1-2H3"
gdb_1860,5.38382,1.95351,1.61657,1.2877,58.18,-0.2601,0.0011,0.2611,762.9675,0.125543,-345.655745,-345.648913,-345.647969,-345.686551,OC1CC(O)C=C1,"InChI=1S/C5H8O2/c6-4-1-2-5(7)3-4/h1-2,4-7H,3H2"
gdb_1861,4.84978,2.05094,1.68957,1.1519,66.41,-0.2277,0.0351,0.2628,793.8003,0.148494,-309.736797,-309.729561,-309.728617,-309.767827,CC1=CCC(O)C1,"InChI=1S/C6H10O/c1-5-2-3-6(7)4-5/h2,6-7H,3-4H2,1H3"
gdb_1862,5.51087,1.83913,1.467,0.2318,73.57,-0.2237,0.0359,0.2596,891.0964,0.172034,-273.812813,-273.805266,-273.804322,-273.844104,CC1CC=C(C)C1,"InChI=1S/C7H12/c1-6-3-4-7(2)5-6/h3,7H,4-5H2,1-2H3"
gdb_1863,5.28499,2.17852,1.72009,1.4516,61.55,-0.2385,0.0334,0.2719,767.864,0.137068,-325.812267,-325.805047,-325.804103,-325.843756,CC1CN=C(C)O1,"InChI=1S/C5H9NO/c1-4-3-6-5(2)7-4/h4H,3H2,1-2H3"
gdb_1864,4.75747,2.23069,1.86328,2.0194,56.61,-0.2438,-0.0242,0.2196,715.7164,0.124654,-345.680616,-345.673856,-345.672912,-345.71148,CC1CC(=O)CO1,"InChI=1S/C5H8O2/c1-4-2-5(6)3-7-4/h4H,2-3H2,1H3"
gdb_1865,4.83654,2.28334,1.83124,3.2588,61.62,-0.2527,0.0329,0.2856,734.083,0.138268,-325.810616,-325.803923,-325.802979,-325.841237,CC1CCC(=N)O1,"InChI=1S/C5H9NO/c1-4-2-3-5(6)7-4/h4,6H,2-3H2,1H3"
gdb_1866,5.40475,1.93763,1.51858,2.8932,64.05,-0.2344,-0.0117,0.2228,821.8412,0.148652,-309.763576,-309.75657,-309.755626,-309.794547,CC1CCC(=O)C1,"InChI=1S/C6H10O/c1-5-2-3-6(7)4-5/h5H,2-4H2,1H3"
gdb_1867,5.34973,2.07798,1.59924,3.896,61.28,-0.2359,0.0378,0.2737,781.0318,0.138466,-325.835955,-325.829144,-325.8282,-325.866649,CC1CCC(=O)N1,"InChI=1S/C5H9NO/c1-4-2-3-5(7)6-4/h4H,2-3H2,1H3,(H,6,7)"
gdb_1868,4.85801,2.2978,1.8349,4.3568,56.59,-0.2622,0.0169,0.2791,716.7479,0.126049,-345.713205,-345.706638,-345.705693,-345.743788,CC1CCC(=O)O1,"InChI=1S/C5H8O2/c1-4-2-3-5(6)7-4/h4H,2-3H2,1H3"
gdb_1869,5.87842,1.96118,1.5538,3.8461,60.89,-0.2362,0.0379,0.2741,793.3054,0.138559,-325.833302,-325.826478,-325.825534,-325.863985,CC1CNC(=O)C1,"InChI=1S/C5H9NO/c1-4-2-5(7)6-3-4/h4H,2-3H2,1H3,(H,6,7)"
gdb_1870,5.03875,2.28628,1.86658,4.045,57.,-0.2446,0.0632,0.3078,707.6316,0.127728,-341.892484,-341.88592,-341.884976,-341.922752,CC1CNC(=O)N1,"InChI=1S/C4H8N2O/c1-3-2-5-4(7)6-3/h3H,2H2,1H3,(H2,5,6,7)"
gdb_1871,5.73693,2.21815,1.70552,4.9124,53.69,-0.2604,0.0537,0.3141,720.3875,0.115126,-361.773017,-361.766571,-361.765626,-361.803395,CC1CNC(=O)O1,"InChI=1S/C4H7NO2/c1-3-2-5-4(6)7-3/h3H,2H2,1H3,(H,5,6)"
gdb_1872,6.03552,1.98423,1.57826,3.2473,61.95,-0.2542,0.0328,0.287,789.4531,0.138297,-325.807242,-325.800516,-325.799571,-325.837836,CC1COC(=N)C1,"InChI=1S/C5H9NO/c1-4-2-5(6)7-3-4/h4,6H,2-3H2,1H3"
gdb_1873,5.19758,2.38047,1.91572,4.3275,54.71,-0.2522,0.0577,0.3099,686.5178,0.114565,-361.740062,-361.733629,-361.732685,-361.770605,CC1COC(=N)O1,"InChI=1S/C4H7NO2/c1-3-2-6-4(5)7-3/h3,5H,2H2,1H3"
gdb_1874,6.08998,1.98634,1.58363,4.4525,56.82,-0.2631,0.0158,0.2789,770.8415,0.126141,-345.709596,-345.703023,-345.702079,-345.740109,CC1COC(=O)C1,"InChI=1S/C5H8O2/c1-4-2-5(6)7-3-4/h4H,2-3H2,1H3"
gdb_1875,5.13436,2.31829,1.88877,5.0028,53.3,-0.2613,0.0538,0.3151,690.2779,0.115264,-361.770383,-361.763991,-361.763047,-361.800705,CC1COC(=O)N1,"InChI=1S/C4H7NO2/c1-3-2-7-4(6)5-3/h3H,2H2,1H3,(H,5,6)"
gdb_1876,5.93197,2.23861,1.73449,5.2552,50.06,-0.2898,0.0421,0.3319,700.9639,0.102611,-381.648857,-381.642579,-381.641635,-381.679327,CC1COC(=O)O1,"InChI=1S/C4H6O3/c1-3-2-6-4(5)7-3/h3H,2H2,1H3"
gdb_1877,5.25222,2.34589,1.87554,2.1299,54.72,-0.2682,0.0221,0.2903,691.6663,0.113906,-361.73284,-361.726264,-361.725319,-361.763621,CC1OCC(=N)O1,"InChI=1S/C4H7NO2/c1-3-6-2-4(5)7-3/h3,5H,2H2,1H3"
gdb_1878,5.8367,2.25619,1.73848,2.9586,50.43,-0.2728,0.0037,0.2765,698.5175,0.101746,-381.635881,-381.629515,-381.628571,-381.666299,CC1OCC(=O)O1,"InChI=1S/C4H6O3/c1-3-6-2-4(5)7-3/h3H,2H2,1H3"
gdb_1879,4.7878,2.22821,1.84311,2.3608,60.05,-0.211,-0.0175,0.1935,728.8912,0.137146,-325.78932,-325.782467,-325.781523,-325.820263,CN1CCC(=O)C1,"InChI=1S/C5H9NO/c1-6-3-2-5(7)4-6/h2-4H2,1H3"
gdb_1880,5.59112,1.96604,1.53851,2.2377,56.85,-0.2381,-0.0172,0.2209,771.382,0.125144,-345.686487,-345.679746,-345.678801,-345.717243,OC1CCC(=O)C1,"InChI=1S/C5H8O2/c6-4-1-2-5(7)3-4/h4,6H,1-3H2"
gdb_1881,4.95313,2.2523,1.85288,4.9008,53.8,-0.2388,0.0378,0.2766,692.3753,0.114863,-361.755551,-361.749005,-361.748061,-361.786087,OC1CNC(=O)C1,"InChI=1S/C4H7NO2/c6-3-1-4(7)5-2-3/h3,6H,1-2H2,(H,5,7)"
gdb_1882,4.88189,2.32789,1.93628,4.1525,54.78,-0.255,0.0311,0.286,681.0938,0.114594,-361.72914,-361.722725,-361.721781,-361.759506,OC1COC(=N)C1,"InChI=1S/C4H7NO2/c5-4-1-3(6)2-7-4/h3,5-6H,1-2H2"
gdb_1883,4.96724,2.32689,1.93137,5.0903,49.8,-0.2661,0.0143,0.2803,664.8513,0.102459,-381.631601,-381.625358,-381.624414,-381.661856,OC1COC(=O)C1,"InChI=1S/C4H6O3/c5-3-1-4(6)7-2-3/h3,5H,1-2H2"
gdb_1884,4.90852,2.00356,1.61528,2.0953,66.41,-0.2397,0.0186,0.2583,810.2611,0.148823,-309.737951,-309.730634,-309.72969,-309.769209,CC1=CC(O)CC1,"InChI=1S/C6H10O/c1-5-2-3-6(7)4-5/h4,6-7H,2-3H2,1H3"
gdb_1885,5.13505,1.89288,1.4927,0.2785,74.16,-0.2244,0.0345,0.2589,885.4255,0.172142,-273.812881,-273.805312,-273.804368,-273.84417,CC1CCC(C)=C1,"InChI=1S/C7H12/c1-6-3-4-7(2)5-6/h5-6H,3-4H2,1-2H3"
gdb_1886,5.46651,2.11473,1.68252,1.1078,61.96,-0.2397,0.0312,0.2709,778.6217,0.137115,-325.81005,-325.802785,-325.801841,-325.841588,CC1COC(C)=N1,"InChI=1S/C5H9NO/c1-4-3-7-5(2)6-4/h4H,3H2,1-2H3"
gdb_1887,5.46976,1.97827,1.59671,1.7015,67.26,-0.2254,0.0239,0.2494,821.9987,0.147795,-309.734363,-309.726916,-309.725972,-309.765752,CC1OCC(C)=C1,"InChI=1S/C6H10O/c1-5-3-6(2)7-4-5/h3,6H,4H2,1-2H3"
gdb_1888,3.78471,2.50825,2.11449,1.6322,59.98,-0.2407,0.0706,0.3113,709.7029,0.148644,-346.861074,-346.853813,-346.852869,-346.892385,CC1CC(O)CO1,"InChI=1S/C5H10O2/c1-4-2-5(6)3-7-4/h4-6H,2-3H2,1H3"
gdb_1889,4.95486,1.79185,1.44223,0.1533,74.22,-0.299,0.0815,0.3805,929.9492,0.196059,-275.0143,-275.006377,-275.005433,-275.046602,CC1CCC(C)C1,"InChI=1S/C7H14/c1-6-3-4-7(2)5-6/h6-7H,3-5H2,1-2H3"
gdb_1890,4.81663,2.02164,1.57387,1.2058,67.6,-0.2459,0.0852,0.3311,851.3752,0.172079,-310.942587,-310.934911,-310.933967,-310.974709,CC1CCC(C)O1,"InChI=1S/C6H12O/c1-5-3-4-6(2)7-5/h5-6H,3-4H2,1-2H3"
gdb_1891,4.48326,1.94944,1.64679,1.6282,66.54,-0.2545,0.0659,0.3204,833.71,0.17255,-310.937644,-310.930087,-310.929143,-310.969737,CC1CCC(O)C1,"InChI=1S/C6H12O/c1-5-2-3-6(7)4-5/h5-7H,2-4H2,1H3"
gdb_1892,5.34368,1.86376,1.52908,1.5746,67.48,-0.2369,0.085,0.3219,868.0234,0.172026,-310.938181,-310.9305,-310.929556,-310.970011,CC1COC(C)C1,"InChI=1S/C6H12O/c1-5-3-6(2)7-4-5/h5-6H,3-4H2,1-2H3"
gdb_1893,5.25046,2.0867,1.65872,1.131,60.71,-0.251,0.0914,0.3423,795.1278,0.14806,-346.869123,-346.861667,-346.860723,-346.900929,CC1COC(C)O1,"InChI=1S/C5H10O2/c1-4-3-6-5(2)7-4/h4-5H,3H2,1-2H3"
gdb_1894,4.38502,2.08807,1.76784,2.5769,59.69,-0.2565,0.0723,0.3287,764.2333,0.149223,-346.861635,-346.854448,-346.853504,-346.893055,OC1CCC(O)C1,"InChI=1S/C5H10O2/c6-4-1-2-5(7)3-4/h4-7H,1-3H2"
gdb_1895,3.51483,2.91994,2.19637,1.4419,64.38,-0.2481,0.0747,0.3228,686.904,0.148548,-309.67203,-309.665257,-309.664313,-309.702169,CC12CC(C1)C2O,"InChI=1S/C6H10O/c1-6-2-4(3-6)5(6)7/h4-5,7H,2-3H2,1H3"
gdb_1896,3.71564,3.07505,2.30073,1.7143,57.21,-0.2485,0.0843,0.3328,639.2956,0.124503,-345.59241,-345.586031,-345.585087,-345.622228,CC12CC(O1)C2O,"InChI=1S/C5H8O2/c1-5-2-3(7-5)4(5)6/h3-4,6H,2H2,1H3"
gdb_1897,3.45151,2.83173,2.13394,0.2293,71.96,-0.2831,0.0954,0.3785,734.3806,0.172164,-273.744309,-273.737277,-273.736332,-273.774697,CC1C2CC1(C)C2,"InChI=1S/C7H12/c1-5-6-3-7(5,2)4-6/h5-6H,3-4H2,1-2H3"
gdb_1898,3.71321,2.76573,2.16613,1.9158,64.46,-0.2295,0.0894,0.3189,701.7911,0.147485,-309.66019,-309.653234,-309.65229,-309.69058,CC1C2CC1(C)O2,"InChI=1S/C6H10O/c1-4-5-3-6(4,2)7-5/h4-5H,3H2,1-2H3"
gdb_1899,3.55371,2.90741,2.1987,1.169,64.45,-0.2568,0.0813,0.3381,687.8277,0.148672,-309.671865,-309.665127,-309.664182,-309.701988,CC1C2CC1(O)C2,"InChI=1S/C6H10O/c1-4-5-2-6(4,7)3-5/h4-5,7H,2-3H2,1H3"
gdb_1900,3.56857,2.86064,2.14937,1.9019,68.19,-0.2222,0.0866,0.3089,714.8329,0.160466,-289.769718,-289.762735,-289.76179,-289.800169,CC1N2CC1(C)C2,"InChI=1S/C6H11N/c1-5-6(2)3-7(5)4-6/h5H,3-4H2,1-2H3"
gdb_1901,3.65023,2.95308,2.21579,1.5553,61.08,-0.2406,0.0709,0.3115,667.924,0.13707,-325.699665,-325.693006,-325.692062,-325.7298,CC1N2CC1(O)C2,"InChI=1S/C5H9NO/c1-4-5(7)2-6(4)3-5/h4,7H,2-3H2,1H3"
gdb_1902,3.66332,3.02423,2.27602,1.9264,57.01,-0.2549,0.0727,0.3275,637.2812,0.125251,-345.600119,-345.593712,-345.592768,-345.629875,OC1C2CC1(O)C2,"InChI=1S/C5H8O2/c6-4-3-1-5(4,7)2-3/h3-4,6-7H,1-2H2"
gdb_1903,5.92556,2.15082,1.89947,2.5921,58.63,-0.2409,-0.0197,0.2212,692.7493,0.113376,-324.55724,-324.550872,-324.549928,-324.587289,CC12CC(=O)C1N2,"InChI=1S/C5H7NO/c1-5-2-3(7)4(5)6-5/h4,6H,2H2,1H3"
gdb_1904,6.26209,2.14472,1.89435,3.2317,54.64,-0.2432,-0.0269,0.2164,680.5569,0.100141,-344.433943,-344.427581,-344.426636,-344.464028,CC12CC(=O)C1O2,"InChI=1S/C5H6O2/c1-5-2-3(6)4(5)7-5/h4H,2H2,1H3"
gdb_1905,5.71776,2.33501,1.97675,3.0639,59.57,-0.2574,0.0223,0.2797,677.5116,0.113328,-324.555249,-324.548951,-324.548007,-324.585094,CC12CC1C(=N)O2,"InChI=1S/C5H7NO/c1-5-2-3(5)4(6)7-5/h3,6H,2H2,1H3"
gdb_1906,5.57165,2.1507,1.89008,3.5071,62.13,-0.2378,-0.005,0.2328,711.9686,0.124714,-308.516808,-308.510297,-308.509353,-308.546939,CC12CC1C(=O)C2,"InChI=1S/C6H8O/c1-6-2-4(6)5(7)3-6/h4H,2-3H2,1H3"
gdb_1907,5.94592,2.23038,1.91951,3.9568,58.22,-0.2431,0.0119,0.2549,684.8097,0.113757,-324.576206,-324.569924,-324.56898,-324.606,CC12CC1C(=O)N2,"InChI=1S/C5H7NO/c1-5-2-3(5)4(7)6-5/h3H,2H2,1H3,(H,6,7)"
gdb_1908,5.75701,2.35071,1.99359,4.4405,54.23,-0.2727,0.0039,0.2766,658.0128,0.101312,-344.458979,-344.452841,-344.451897,-344.488754,CC12CC1C(=O)O2,"InChI=1S/C5H6O2/c1-5-2-3(5)4(6)7-5/h3H,2H2,1H3"
gdb_1909,5.86536,2.25478,1.97308,4.1201,57.82,-0.2458,-0.0083,0.2375,677.1084,0.112973,-324.564634,-324.558215,-324.557271,-324.594681,CC12CN1C(=O)C2,"InChI=1S/C5H7NO/c1-5-2-4(7)6(5)3-5/h2-3H2,1H3"
gdb_1910,5.83122,2.19878,1.89626,4.0266,55.15,-0.2383,-0.0084,0.2299,667.7782,0.100746,-344.436348,-344.430001,-344.429057,-344.466377,OC12CC1C(=O)C2,"InChI=1S/C5H6O2/c6-4-2-5(7)1-3(4)5/h3,7H,1-2H2"
gdb_1911,5.99311,2.09496,1.84293,2.6597,60.73,-0.2454,0.0697,0.3151,728.2412,0.136955,-325.736331,-325.729427,-325.728483,-325.766735,CC12CC(O)C1N2,"InChI=1S/C5H9NO/c1-5-2-3(7)4(5)6-5/h3-4,6-7H,2H2,1H3"
gdb_1912,6.1839,2.1237,1.87655,2.2367,56.77,-0.2469,0.0811,0.328,707.5833,0.124283,-345.619715,-345.613034,-345.612089,-345.649948,CC12CC(O)C1O2,"InChI=1S/C5H8O2/c1-5-2-3(6)4(5)7-5/h3-4,6H,2H2,1H3"
gdb_1913,5.72782,2.06265,1.8091,1.4534,64.36,-0.2448,0.078,0.3228,752.6671,0.148174,-309.691584,-309.684513,-309.683569,-309.722094,CC12CC1C(O)C2,"InChI=1S/C6H10O/c1-6-2-4(6)5(7)3-6/h4-5,7H,2-3H2,1H3"
gdb_1914,5.56538,2.00293,1.76351,0.3049,71.49,-0.2416,0.0919,0.3336,806.6267,0.171642,-273.765901,-273.758554,-273.75761,-273.7966,CC1CC2(C)CC12,"InChI=1S/C7H12/c1-5-3-7(2)4-6(5)7/h5-6H,3-4H2,1-2H3"
gdb_1915,6.02812,2.05723,1.8213,1.8176,64.3,-0.2433,0.0925,0.3357,762.781,0.147372,-309.693538,-309.686393,-309.685449,-309.724128,CC1CC2(C)OC12,"InChI=1S/C6H10O/c1-4-3-6(2)5(4)7-6/h4-5H,3H2,1-2H3"
gdb_1916,5.69634,2.04985,1.80069,1.0968,63.93,-0.2465,0.083,0.3295,755.4915,0.147979,-309.688191,-309.681127,-309.680183,-309.718614,CC1CC2(O)CC12,"InChI=1S/C6H10O/c1-4-2-6(7)3-5(4)6/h4-5,7H,2-3H2,1H3"
gdb_1917,5.64156,2.16526,1.87881,1.5149,64.44,-0.227,0.0916,0.3186,748.243,0.147393,-309.688569,-309.681458,-309.680514,-309.719077,CC1OC2(C)CC12,"InChI=1S/C6H10O/c1-4-5-3-6(5,2)7-4/h4-5H,3H2,1-2H3"
gdb_1918,5.95499,2.14442,1.86806,1.9799,61.03,-0.2034,0.0781,0.2816,720.1263,0.136093,-325.717725,-325.710794,-325.70985,-325.748014,CN1CC2(O)CC12,"InChI=1S/C5H9NO/c1-6-3-5(7)2-4(5)6/h4,7H,2-3H2,1H3"
gdb_1919,5.86137,2.11734,1.85161,1.5198,56.84,-0.2459,0.0733,0.3193,701.3333,0.124521,-345.613396,-345.606614,-345.60567,-345.643626,OC1CC2(O)CC12,"InChI=1S/C5H8O2/c6-4-2-5(7)1-3(4)5/h3-4,6-7H,1-2H2"
gdb_1920,4.64219,2.84168,2.44488,0.1766,68.19,-0.2212,0.018,0.2391,643.7864,0.14978,-272.554824,-272.548828,-272.547883,-272.584029,CC12CC(C1)C=C2,"InChI=1S/C7H10/c1-7-3-2-6(4-7)5-7/h2-3,6H,4-5H2,1H3"
gdb_1921,4.83714,2.98381,2.5468,1.6938,60.4,-0.2315,0.0033,0.2348,602.1921,0.125388,-308.474441,-308.468592,-308.467648,-308.503585,CC12CC(O1)C=C2,"InChI=1S/C6H8O/c1-6-3-2-5(4-6)7-6/h2-3,5H,4H2,1H3"
gdb_1922,4.72346,2.93915,2.51958,1.2762,60.66,-0.2275,0.0119,0.2394,597.6453,0.126188,-308.480308,-308.474602,-308.473658,-308.50924,OC12CC(C1)C=C2,"InChI=1S/C6H8O/c7-6-2-1-5(3-6)4-6/h1-2,5,7H,3-4H2"
gdb_1923,4.4049,2.67365,2.32017,0.0761,70.65,-0.2863,0.0864,0.3726,690.2392,0.174209,-273.786179,-273.779919,-273.778975,-273.815657,CC12CC(C1)CC2,"InChI=1S/C7H12/c1-7-3-2-6(4-7)5-7/h6H,2-5H2,1H3"
gdb_1924,4.53301,2.84755,2.4591,1.4706,63.75,-0.2332,0.0911,0.3243,641.9353,0.149911,-309.705795,-309.699753,-309.698809,-309.73513,CC12CC(C1)CO2,"InChI=1S/C6H10O/c1-6-2-5(3-6)4-7-6/h5H,2-4H2,1H3"
gdb_1925,4.60054,2.74164,2.39843,1.7581,63.42,-0.2348,0.0844,0.3193,648.2453,0.149988,-309.702237,-309.696182,-309.695238,-309.731606,CC12CC(C1)OC2,"InChI=1S/C6H10O/c1-6-2-5(3-6)7-4-6/h5H,2-4H2,1H3"
gdb_1926,4.59129,2.79856,2.42096,1.5838,63.25,-0.2399,0.0895,0.3293,647.4824,0.149831,-309.710255,-309.704117,-309.703173,-309.739703,CC12CC(CC1)O2,"InChI=1S/C6H10O/c1-6-3-2-5(4-6)7-6/h5H,2-4H2,1H3"
gdb_1927,4.46944,2.76362,2.38599,1.3359,63.15,-0.251,0.0769,0.3279,643.4104,0.150699,-309.712046,-309.706065,-309.705121,-309.741282,OC12CC(C1)CC2,"InChI=1S/C6H10O/c7-6-2-1-5(3-6)4-6/h5,7H,1-4H2"
gdb_1928,4.67193,2.83282,2.4679,1.3145,56.05,-0.2408,0.0612,0.302,602.1286,0.126423,-345.625804,-345.620051,-345.619106,-345.654893,OC12CC(C1)OC2,"InChI=1S/C5H8O2/c6-5-1-4(2-5)7-3-5/h4,6H,1-3H2"
gdb_1929,3.34607,2.80179,2.09115,0.3154,71.88,-0.2351,0.0889,0.3241,747.3911,0.171348,-273.769835,-273.762367,-273.761423,-273.800602,CC12CC1(C)CC2,"InChI=1S/C7H12/c1-6-3-4-7(6,2)5-6/h3-5H2,1-2H3"
gdb_1930,3.5959,2.77449,2.16591,1.7772,64.57,-0.224,0.0877,0.3117,706.6212,0.147212,-309.68728,-309.680011,-309.679067,-309.717983,CC12CC1(C)OC2,"InChI=1S/C6H10O/c1-5-3-6(5,2)7-4-5/h3-4H2,1-2H3"
gdb_1931,3.41345,2.89401,2.14953,1.0365,64.6,-0.2387,0.0827,0.3214,701.3287,0.147743,-309.692993,-309.68579,-309.684845,-309.723541,CC12CC1(O)CC2,"InChI=1S/C6H10O/c1-5-2-3-6(5,7)4-5/h7H,2-4H2,1H3"
gdb_1932,3.67706,2.8532,2.21604,2.025,57.49,-0.2261,0.0729,0.2989,662.1094,0.123614,-345.608535,-345.601588,-345.600644,-345.638911,CC12CC1(O)CO2,"InChI=1S/C5H8O2/c1-4-2-5(4,6)3-7-4/h6H,2-3H2,1H3"
gdb_1933,3.43423,2.88908,2.08348,1.8269,68.51,-0.2138,0.0774,0.2912,727.6135,0.159861,-289.811983,-289.804635,-289.803691,-289.842653,CC12CCC1(C)N2,"InChI=1S/C6H11N/c1-5-3-4-6(5,2)7-5/h7H,3-4H2,1-2H3"
gdb_1934,3.51746,2.94597,2.07811,1.8352,64.63,-0.237,0.0953,0.3324,712.6813,0.14687,-309.700336,-309.693007,-309.692063,-309.731059,CC12CCC1(C)O2,"InChI=1S/C6H10O/c1-5-3-4-6(5,2)7-5/h3-4H2,1-2H3"
gdb_1935,3.58459,2.88171,2.16533,2.0516,57.36,-0.2216,0.0728,0.2944,661.756,0.12389,-345.61283,-345.605786,-345.604842,-345.64342,OC12CC1(O)CC2,"InChI=1S/C5H8O2/c6-4-1-2-5(4,7)3-4/h6-7H,1-3H2"
gdb_1936,8.14965,1.67762,1.58511,2.4327,58.39,-0.2697,0.0067,0.2764,762.1666,0.089386,-323.336196,-323.329782,-323.328838,-323.366608,N=C1CC(O1)C#C,"InChI=1S/C5H5NO/c1-2-4-3-5(6)7-4/h1,4,6H,3H2"
gdb_1937,8.16794,1.69622,1.6012,2.7802,53.21,-0.2928,-0.016,0.2768,736.5782,0.078945,-339.438949,-339.432887,-339.431943,-339.46916,N=C1CC(O1)C#N,"InChI=1S/C4H4N2O/c5-2-3-1-4(6)7-3/h3,6H,1H2"
gdb_1938,8.81385,1.5332,1.42043,2.1494,60.68,-0.2472,-0.0263,0.2209,818.965,0.099791,-307.291354,-307.284574,-307.283629,-307.322289,O=C1CC(C1)C#C,"InChI=1S/C6H6O/c1-2-5-3-6(7)4-5/h1,5H,3-4H2"
gdb_1939,8.74402,1.55131,1.43631,2.2107,55.56,-0.2676,-0.0438,0.2238,791.5046,0.089595,-323.398064,-323.391666,-323.390722,-323.428819,O=C1CC(C1)C#N,"InChI=1S/C5H5NO/c6-3-4-1-5(7)2-4/h4H,1-2H2"
gdb_1940,7.95712,1.63331,1.55779,3.3428,57.29,-0.2543,0.0197,0.274,768.6877,0.089343,-323.360126,-323.353484,-323.35254,-323.390922,O=C1CC(N1)C#C,"InChI=1S/C5H5NO/c1-2-4-3-5(7)6-4/h1,4H,3H2,(H,6,7)"
gdb_1941,8.25538,1.68472,1.59494,3.8907,53.22,-0.2784,0.0006,0.279,741.7742,0.077382,-343.240623,-343.23439,-343.233446,-343.270891,O=C1CC(O1)C#C,"InChI=1S/C5H4O2/c1-2-4-3-5(6)7-4/h1,4H,3H2"
gdb_1942,8.31485,1.70163,1.60861,3.6205,48.21,-0.3048,-0.0226,0.2823,716.9356,0.066943,-359.342366,-359.336482,-359.335537,-359.372435,O=C1CC(O1)C#N,"InChI=1S/C4H3NO2/c5-2-3-1-4(6)7-3/h3H,1H2"
gdb_1943,6.39686,1.89294,1.7147,3.3779,52.74,-0.2656,-0.0433,0.2222,716.6084,0.089255,-360.512026,-360.505631,-360.504687,-360.542899,N=C1CC(O1)C=O,"InChI=1S/C4H5NO2/c5-4-1-3(2-6)7-4/h2-3,5H,1H2"
gdb_1944,9.57352,1.4315,1.31895,0.4688,56.48,-0.2604,-0.0344,0.226,847.3086,0.099769,-344.469516,-344.462773,-344.461829,-344.500826,O=CC1CC(=O)C1,"InChI=1S/C5H6O2/c6-3-4-1-5(7)2-4/h3-4H,1-2H2"
gdb_1945,6.17362,1.87492,1.69231,3.8041,51.87,-0.2595,-0.0431,0.2164,717.5531,0.089433,-360.538828,-360.532323,-360.531379,-360.569716,O=CC1CC(=O)N1,"InChI=1S/C4H5NO2/c6-2-3-1-4(7)5-3/h2-3H,1H2,(H,5,7)"
gdb_1946,6.42998,1.91271,1.74179,4.8676,47.88,-0.2766,-0.0503,0.2263,693.6514,0.077251,-380.415966,-380.409727,-380.408783,-380.446784,O=CC1CC(=O)O1,"InChI=1S/C4H4O3/c5-2-3-1-4(6)7-3/h2-3H,1H2"
gdb_1947,9.18247,1.61359,1.40562,2.2008,53.31,-0.2609,-0.0482,0.2127,787.1285,0.089185,-360.530885,-360.524349,-360.523405,-360.562089,O=CN1CC(=O)C1,"InChI=1S/C4H5NO2/c6-3-5-1-4(7)2-5/h3H,1-2H2"
gdb_1948,8.12432,1.46687,1.38058,0.8831,70.76,-0.253,0.052,0.3049,911.2808,0.147597,-272.544482,-272.536998,-272.536054,-272.575756,CC1CC(C1)C#C,"InChI=1S/C7H10/c1-3-7-4-6(2)5-7/h1,6-7H,4-5H2,2H3"
gdb_1949,8.13555,1.47874,1.38975,4.3248,65.32,-0.3031,0.0307,0.3338,884.2992,0.1375,-288.653294,-288.646192,-288.645248,-288.684412,CC1CC(C1)C#N,"InChI=1S/C6H9N/c1-5-2-6(3-5)4-7/h5-6H,2-3H2,1H3"
gdb_1950,8.68697,1.5115,1.416,4.9629,61.78,-0.2491,0.0181,0.2672,857.3534,0.126064,-304.691748,-304.684761,-304.683817,-304.722776,CC1CC(N1)C#N,"InChI=1S/C5H8N2/c1-4-2-5(3-6)7-4/h4-5,7H,2H2,1H3"
gdb_1951,8.53206,1.55615,1.46178,1.7829,63.48,-0.2522,0.026,0.2782,851.7717,0.12356,-308.467642,-308.460336,-308.459392,-308.499218,CC1CC(O1)C#C,"InChI=1S/C6H8O/c1-3-6-4-5(2)7-6/h1,5-6H,4H2,2H3"
gdb_1952,8.46064,1.57516,1.48102,4.4437,58.19,-0.2781,0.0038,0.2819,823.6716,0.113284,-324.573632,-324.566693,-324.565749,-324.604927,CC1CC(O1)C#N,"InChI=1S/C5H7NO/c1-4-2-5(3-6)7-4/h4-5H,2H2,1H3"
gdb_1953,7.72364,1.5112,1.45166,3.6113,62.74,-0.2348,0.0245,0.2593,853.6152,0.125823,-304.686811,-304.679865,-304.678921,-304.71775,CN1CC(C1)C#N,"InChI=1S/C5H8N2/c1-7-3-5(2-6)4-7/h5H,3-4H2,1H3"
gdb_1954,6.78626,1.55044,1.52269,1.4885,62.85,-0.2555,0.0467,0.3022,831.0734,0.124204,-308.469081,-308.461956,-308.461012,-308.500053,OC1CC(C1)C#C,"InChI=1S/C6H8O/c1-2-5-3-6(7)4-5/h1,5-7H,3-4H2"
gdb_1955,7.11335,1.56205,1.51535,3.4877,57.94,-0.2768,0.0312,0.308,807.4133,0.113854,-324.577613,-324.570767,-324.569823,-324.608547,OC1CC(C1)C#N,"InChI=1S/C5H7NO/c6-3-4-1-5(7)2-4/h4-5,7H,1-2H2"
gdb_1956,7.45043,1.39811,1.34015,3.0097,65.49,-0.245,-0.0211,0.2238,930.7486,0.147503,-309.722373,-309.714878,-309.713934,-309.754416,CC1CC(C1)C=O,"InChI=1S/C6H10O/c1-5-2-6(3-5)4-7/h4-6H,2-3H2,1H3"
gdb_1957,7.74872,1.5955,1.45819,2.1092,57.62,-0.2428,-0.0304,0.2124,839.2452,0.123321,-345.646965,-345.639631,-345.638687,-345.679153,CC1CC(O1)C=O,"InChI=1S/C5H8O2/c1-4-2-5(3-6)7-4/h3-5H,2H2,1H3"
gdb_1958,7.31115,1.54713,1.40089,4.3386,63.33,-0.2386,0.0278,0.2664,879.5528,0.136847,-325.790782,-325.783318,-325.782374,-325.823431,CC1CN(C1)C=O,"InChI=1S/C5H9NO/c1-5-2-6(3-5)4-7/h4-5H,2-3H2,1H3"
gdb_1959,8.09937,1.41001,1.34165,2.352,58.03,-0.2509,-0.0229,0.228,878.0989,0.123924,-345.646914,-345.639701,-345.638757,-345.67851,OC1CC(C1)C=O,"InChI=1S/C5H8O2/c6-3-4-1-5(7)2-4/h3-5,7H,1-2H2"
gdb_1960,7.86939,1.55277,1.3938,5.0584,56.39,-0.2411,0.0243,0.2654,834.4061,0.113161,-361.712798,-361.705598,-361.704654,-361.745193,OC1CN(C1)C=O,"InChI=1S/C4H7NO2/c6-3-5-1-4(7)2-5/h3-4,7H,1-2H2"
gdb_1961,6.98282,1.65194,1.46159,2.3552,64.23,-0.2449,0.0348,0.2797,872.6199,0.135949,-325.781161,-325.773546,-325.772601,-325.813146,CN=C1CC(C)O1,"InChI=1S/C5H9NO/c1-4-3-5(6-2)7-4/h4H,3H2,1-2H3"
gdb_1962,6.85766,1.62409,1.43308,2.8517,62.59,-0.2592,0.0306,0.2898,871.1532,0.136814,-325.787161,-325.779995,-325.779051,-325.818536,CCC1CC(=N)O1,"InChI=1S/C5H9NO/c1-2-4-3-5(6)7-4/h4,6H,2-3H2,1H3"
gdb_1963,7.52443,1.42914,1.27779,2.9522,64.9,-0.2392,-0.0162,0.223,946.2511,0.147052,-309.735489,-309.727948,-309.727004,-309.767494,CCC1CC(=O)C1,"InChI=1S/C6H10O/c1-2-5-3-6(7)4-5/h5H,2-4H2,1H3"
gdb_1964,7.16538,1.53135,1.36524,3.894,61.85,-0.2462,0.0378,0.284,894.6601,0.136738,-325.808333,-325.800958,-325.800014,-325.840001,CCC1CC(=O)N1,"InChI=1S/C5H9NO/c1-2-4-3-5(7)6-4/h4H,2-3H2,1H3,(H,6,7)"
gdb_1965,6.91956,1.63045,1.44116,4.1185,57.54,-0.2734,0.0127,0.2862,849.9582,0.12481,-345.692143,-345.685151,-345.684206,-345.723385,CCC1CC(=O)O1,"InChI=1S/C5H8O2/c1-2-4-3-5(6)7-4/h4H,2-3H2,1H3"
gdb_1966,8.12337,1.50529,1.33845,2.653,62.33,-0.2298,-0.0228,0.2071,897.3438,0.13542,-325.767721,-325.760417,-325.759472,-325.79919,CCN1CC(=O)C1,"InChI=1S/C5H9NO/c1-2-6-3-5(7)4-6/h2-4H2,1H3"
gdb_1967,8.2862,1.51186,1.35316,2.968,58.38,-0.2422,-0.0209,0.2212,872.3949,0.123071,-345.650105,-345.642843,-345.641899,-345.681734,COC1CC(=O)C1,"InChI=1S/C5H8O2/c1-7-5-2-4(6)3-5/h5H,2-3H2,1H3"
gdb_1968,6.9034,1.67937,1.47296,1.2437,55.23,-0.2659,0.021,0.2869,807.6631,0.113694,-361.707841,-361.701076,-361.700132,-361.738859,OCC1CC(=N)O1,"InChI=1S/C4H7NO2/c5-4-1-3(2-6)7-4/h3,5-6H,1-2H2"
gdb_1969,7.64253,1.46646,1.31063,3.483,57.88,-0.2404,-0.0177,0.2227,882.5778,0.12355,-345.655968,-345.648615,-345.647671,-345.688146,OCC1CC(=O)C1,"InChI=1S/C5H8O2/c6-3-4-1-5(7)2-4/h4,6H,1-3H2"
gdb_1970,7.37564,1.55802,1.38055,2.1305,54.52,-0.2545,0.0242,0.2787,837.9924,0.113556,-361.728293,-361.721276,-361.720332,-361.759573,OCC1CC(=O)N1,"InChI=1S/C4H7NO2/c6-2-3-1-4(7)5-3/h3,6H,1-2H2,(H,5,7)"
gdb_1971,7.00548,1.68055,1.47742,2.8699,50.3,-0.2796,0.0025,0.2821,788.3577,0.10167,-381.612648,-381.606056,-381.605112,-381.643529,OCC1CC(=O)O1,"InChI=1S/C4H6O3/c5-2-3-1-4(6)7-3/h3,5H,1-2H2"
gdb_1972,6.72748,1.36017,1.25615,1.2181,68.05,-0.2607,0.0784,0.3391,1002.5383,0.171293,-310.90878,-310.900748,-310.899803,-310.941019,CC1CC(CO)C1,"InChI=1S/C6H12O/c1-5-2-6(3-5)4-7/h5-7H,2-4H2,1H3"
gdb_1973,5.27803,1.69725,1.54148,2.6241,60.43,-0.2462,0.0758,0.322,853.6911,0.148037,-346.839066,-346.831517,-346.830573,-346.871068,CC1CC(CO)O1,"InChI=1S/C5H10O2/c1-4-2-5(3-6)7-4/h4-6H,2-3H2,1H3"
gdb_1974,6.49486,1.34605,1.24074,0.1113,75.11,-0.2798,0.089,0.3688,1060.4553,0.194759,-274.988525,-274.980298,-274.979354,-275.020849,CCC1CC(C)C1,"InChI=1S/C7H14/c1-3-7-4-6(2)5-7/h6-7H,3-5H2,1-2H3"
gdb_1975,5.53078,1.58312,1.45144,1.5092,67.98,-0.2395,0.0916,0.3312,935.7818,0.17085,-310.917273,-310.909253,-310.908309,-310.94974,CCC1CC(C)O1,"InChI=1S/C6H12O/c1-3-6-4-5(2)7-6/h5-6H,3-4H2,1-2H3"
gdb_1976,6.6949,1.36325,1.25272,1.3826,67.86,-0.2525,0.0787,0.3311,1004.381,0.171229,-310.912991,-310.905014,-310.90407,-310.945115,CCC1CC(O)C1,"InChI=1S/C6H12O/c1-2-5-3-6(7)4-5/h5-7H,2-4H2,1H3"
gdb_1977,7.02721,1.42119,1.31443,1.0893,68.5,-0.2433,0.0869,0.3303,983.4652,0.170887,-310.904876,-310.896892,-310.895948,-310.937038,COC1CC(C)C1,"InChI=1S/C6H12O/c1-5-3-6(4-5)7-2/h5-6H,3-4H2,1-2H3"
gdb_1978,4.49144,2.00149,1.83804,2.4305,60.71,-0.2487,0.0775,0.3261,774.6266,0.147939,-346.827596,-346.820264,-346.81932,-346.858807,COC1CC(O)C1,"InChI=1S/C5H10O2/c1-7-5-2-4(6)3-5/h4-6H,2-3H2,1H3"
gdb_1979,7.55745,1.51368,1.39077,1.5764,65.87,-0.2074,0.0875,0.2949,927.1837,0.159007,-326.934987,-326.927108,-326.926163,-326.966983,COC1CN(C)C1,"InChI=1S/C5H11NO/c1-6-3-5(4-6)7-2/h5H,3-4H2,1-2H3"
gdb_1980,6.95818,1.37685,1.26766,1.8343,60.87,-0.254,0.0759,0.3299,947.1788,0.147771,-346.833271,-346.825496,-346.824551,-346.865288,OCC1CC(O)C1,"InChI=1S/C5H10O2/c6-3-4-1-5(7)2-4/h4-7H,1-3H2"
gdb_1981,6.30064,1.67762,1.44885,2.1399,61.95,-0.261,0.0337,0.2946,866.8092,0.135873,-325.770105,-325.762584,-325.76164,-325.801999,CC(=N)OC1CC1,"InChI=1S/C5H9NO/c1-4(6)7-5-2-3-5/h5-6H,2-3H2,1H3"
gdb_1982,5.34125,1.56122,1.3846,2.6593,64.63,-0.2366,-0.0084,0.2282,914.8221,0.146878,-309.727603,-309.719627,-309.718683,-309.761177,CC(=O)CC1CC1,"InChI=1S/C6H10O/c1-5(7)4-6-2-3-6/h6H,2-4H2,1H3"
gdb_1983,5.81495,1.59429,1.35508,2.5275,61.14,-0.2427,-0.0164,0.2263,887.9112,0.135744,-325.766945,-325.759193,-325.758249,-325.799808,CC(=O)CC1CN1,"InChI=1S/C5H9NO/c1-4(7)2-5-3-6-5/h5-6H,2-3H2,1H3"
gdb_1984,6.4653,1.46215,1.35247,3.3679,57.74,-0.2487,-0.0144,0.2343,910.2191,0.122566,-345.651109,-345.643369,-345.642425,-345.6841,CC(=O)CC1CO1,"InChI=1S/C5H8O2/c1-4(6)2-5-3-7-5/h5H,2-3H2,1H3"
gdb_1985,5.76194,1.58148,1.44439,2.5562,61.56,-0.2389,-0.0104,0.2285,876.144,0.13489,-325.760915,-325.753121,-325.752176,-325.793848,CC(=O)CN1CC1,"InChI=1S/C5H9NO/c1-5(7)4-6-2-3-6/h2-4H2,1H3"
gdb_1986,6.49401,1.59682,1.38628,3.4271,61.82,-0.2378,0.0338,0.2717,894.1601,0.135915,-325.797299,-325.789334,-325.78839,-325.830694,CC(=O)NC1CC1,"InChI=1S/C5H9NO/c1-4(7)6-5-2-3-5/h5H,2-3H2,1H3,(H,6,7)"
gdb_1987,6.58685,1.60765,1.43529,1.836,58.33,-0.266,0.0164,0.2825,869.4901,0.123256,-345.676156,-345.668462,-345.667517,-345.709632,CC(=O)OC1CC1,"InChI=1S/C5H8O2/c1-4(6)7-5-2-3-5/h5H,2-3H2,1H3"
gdb_1988,6.47582,1.54091,1.31938,3.8081,60.83,-0.236,0.0379,0.2738,899.1938,0.136643,-325.800699,-325.792947,-325.792003,-325.833231,NC(=O)CC1CC1,"InChI=1S/C5H9NO/c6-5(7)3-4-1-2-4/h4H,1-3H2,(H2,6,7)"
gdb_1989,6.66628,1.60444,1.37235,2.5886,57.33,-0.2423,0.0312,0.2735,854.1692,0.125986,-341.84119,-341.833846,-341.832901,-341.873047,NC(=O)CC1CN1,"InChI=1S/C4H8N2O/c5-4(7)1-3-2-6-3/h3,6H,1-2H2,(H2,5,7)"
gdb_1990,6.61115,1.67245,1.42544,3.1767,53.99,-0.2423,0.0284,0.2707,818.7639,0.113328,-361.725394,-361.718223,-361.717279,-361.757171,NC(=O)CC1CO1,"InChI=1S/C4H7NO2/c5-4(6)1-3-2-7-3/h3H,1-2H2,(H2,5,6)"
gdb_1991,6.43404,1.58894,1.44417,3.4827,58.06,-0.2366,0.0389,0.2756,848.4204,0.125268,-341.836348,-341.828981,-341.828037,-341.868258,NC(=O)CN1CC1,"InChI=1S/C4H8N2O/c5-4(7)3-6-1-2-6/h1-3H2,(H2,5,7)"
gdb_1992,6.69202,1.6482,1.41819,3.7334,57.85,-0.2387,0.0552,0.2939,851.1394,0.125493,-341.85849,-341.850857,-341.849913,-341.890788,NC(=O)NC1CC1,"InChI=1S/C4H8N2O/c5-4(7)6-3-1-2-3/h3H,1-2H2,(H3,5,6,7)"
gdb_1993,6.82639,1.6499,1.46856,2.3559,54.31,-0.265,0.0562,0.3212,828.8,0.113187,-361.740252,-361.733043,-361.732099,-361.772159,NC(=O)OC1CC1,"InChI=1S/C4H7NO2/c5-4(6)7-3-1-2-3/h3H,1-2H2,(H2,5,6)"
gdb_1994,6.58416,1.72437,1.46603,5.7371,53.84,-0.2533,0.0213,0.2746,801.0763,0.114635,-361.724921,-361.71833,-361.717386,-361.755825,[O-]C(=O)CC1C[NH2+]1,"InChI=1S/C4H7NO2/c6-4(7)1-3-2-5-3/h3,5H,1-2H2,(H,6,7)"
gdb_1995,5.24862,1.356,1.24792,0.0808,74.76,-0.2696,0.0861,0.3557,1063.9931,0.194216,-274.982322,-274.973806,-274.972862,-275.015169,CC(C)CC1CC1,"InChI=1S/C7H14/c1-6(2)5-7-3-4-7/h6-7H,3-5H2,1-2H3"
gdb_1996,5.69889,1.48004,1.27191,1.6994,67.79,-0.2627,0.0884,0.3512,987.1741,0.17019,-310.905786,-310.897508,-310.896564,-310.93844,CC(C)CC1CO1,"InChI=1S/C6H12O/c1-5(2)3-6-4-7-6/h5-6H,3-4H2,1-2H3"
gdb_1997,5.40145,1.43993,1.3227,1.0589,72.03,-0.2301,0.0884,0.3185,1005.0328,0.182393,-291.017433,-291.009082,-291.008138,-291.050031,CC(C)CN1CC1,"InChI=1S/C6H13N/c1-6(2)5-7-3-4-7/h6H,3-5H2,1-2H3"
gdb_1998,5.51613,1.59635,1.34612,1.0281,68.37,-0.2346,0.089,0.3236,954.8802,0.169742,-310.902683,-310.894404,-310.89346,-310.935305,CC(C)OC1CC1,"InChI=1S/C6H12O/c1-5(2)7-6-3-4-6/h5-6H,3-4H2,1-2H3"
gdb_1999,5.8156,1.47446,1.27412,1.5085,67.91,-0.2587,0.0745,0.3332,988.001,0.170524,-310.907823,-310.899513,-310.898569,-310.940519,CC(O)CC1CC1,"InChI=1S/C6H12O/c1-5(7)4-6-2-3-6/h5-7H,2-4H2,1H3"
gdb_2000,5.94632,1.41037,1.30468,1.4179,60.9,-0.2585,0.0711,0.3296,959.9123,0.146603,-346.832253,-346.82418,-346.823235,-346.864816,CC(O)CC1CO1,"InChI=1S/C5H10O2/c1-4(6)2-5-3-7-5/h4-6H,2-3H2,1H3"
gdb_2001,5.90365,1.56167,1.33416,2.1208,64.8,-0.2291,0.0703,0.2995,936.0565,0.1588,-326.941692,-326.933626,-326.932682,-326.973925,CC(O)CN1CC1,"InChI=1S/C5H11NO/c1-5(7)4-6-2-3-6/h5,7H,2-4H2,1H3"
gdb_2002,6.21612,2.01519,2.01511,0.6199,68.61,-0.2575,0.0461,0.3036,703.5632,0.12584,-271.300649,-271.294643,-271.293699,-271.330151,C#CC12CC(C1)C2,"InChI=1S/C7H8/c1-2-7-3-6(4-7)5-7/h1,6H,3-5H2"
gdb_2003,6.46389,2.0966,2.07997,1.9161,61.1,-0.241,0.0143,0.2553,662.2897,0.100947,-307.209274,-307.203358,-307.202413,-307.238732,C#CC12CC(C1)O2,"InChI=1S/C6H6O/c1-2-6-3-5(4-6)7-6/h1,5H,3-4H2"
gdb_2004,6.6151,1.99851,1.99845,1.3361,64.31,-0.2429,0.0352,0.2782,689.1253,0.114332,-287.322957,-287.317069,-287.316125,-287.352424,C#CC12CN(C1)C2,"InChI=1S/C6H7N/c1-2-6-3-7(4-6)5-6/h1H,3-5H2"
gdb_2005,6.19821,2.0418,2.04169,4.2071,62.9,-0.3107,0.0253,0.3361,678.8012,0.115732,-287.407788,-287.40215,-287.401205,-287.437115,N#CC12CC(C1)C2,"InChI=1S/C6H7N/c7-4-6-1-5(2-6)3-6/h5H,1-3H2"
gdb_2006,6.33166,2.08679,2.0783,4.3149,59.37,-0.2625,0.0066,0.2691,656.4934,0.103987,-303.437471,-303.431903,-303.430958,-303.466758,N#CC12CC(C1)N2,"InChI=1S/C5H6N2/c6-3-5-1-4(2-5)7-5/h4,7H,1-2H2"
gdb_2007,6.45255,2.12477,2.1067,4.4634,55.54,-0.266,-0.0089,0.2571,638.5017,0.090627,-323.312375,-323.306806,-323.305861,-323.341661,N#CC12CC(C1)O2,"InChI=1S/C5H5NO/c6-3-5-1-4(2-5)7-5/h4H,1-2H2"
gdb_2008,6.58704,2.02216,2.02202,2.2787,58.82,-0.2625,0.0136,0.2761,665.0279,0.104034,-303.428586,-303.423028,-303.422084,-303.457907,N#CC12CN(C1)C2,InChI=1S/C5H6N2/c6-1-5-2-7(3-5)4-5/h2-4H2
gdb_2009,5.74265,2.08374,2.02612,2.74,62.46,-0.2461,-0.0278,0.2183,691.0499,0.125734,-308.475489,-308.469386,-308.468442,-308.505736,O=CC12CC(C1)C2,"InChI=1S/C6H8O/c7-4-6-1-5(2-6)3-6/h4-5H,1-3H2"
gdb_2010,5.93688,2.13799,2.09202,2.2231,54.87,-0.2522,-0.0431,0.2091,652.3392,0.100545,-344.385047,-344.378878,-344.377934,-344.416181,O=CC12CC(C1)O2,"InChI=1S/C5H6O2/c6-3-5-1-4(2-5)7-5/h3-4H,1-2H2"
gdb_2011,6.06376,2.06932,2.01093,1.7059,58.35,-0.2297,-0.0392,0.1905,676.247,0.114069,-324.495988,-324.489969,-324.489025,-324.526253,O=CC12CN(C1)C2,"InChI=1S/C5H7NO/c7-4-5-1-6(2-5)3-5/h4H,1-3H2"
gdb_2012,5.18386,1.99081,1.91531,0.2264,71.65,-0.2866,0.0912,0.3778,784.7641,0.172823,-273.743311,-273.736471,-273.735527,-273.774027,CCC12CC(C1)C2,"InChI=1S/C7H12/c1-2-7-3-6(4-7)5-7/h6H,2-5H2,1H3"
gdb_2013,5.36199,2.10073,2.00897,1.7381,64.35,-0.2308,0.0933,0.3241,734.8427,0.148106,-309.658574,-309.651808,-309.650863,-309.689207,CCC12CC(C1)O2,"InChI=1S/C6H10O/c1-2-6-3-5(4-6)7-6/h5H,2-4H2,1H3"
gdb_2014,5.43677,1.97945,1.90209,2.0193,67.67,-0.2238,0.0776,0.3015,769.9586,0.161268,-289.766576,-289.759826,-289.758882,-289.79732,CCC12CN(C1)C2,"InChI=1S/C6H11N/c1-2-6-3-7(4-6)5-6/h2-5H2,1H3"
gdb_2015,5.40232,2.15272,2.08148,1.0894,64.62,-0.2482,0.0959,0.3441,715.9322,0.149106,-309.661518,-309.654982,-309.654038,-309.691913,COC12CC(C1)C2,"InChI=1S/C6H10O/c1-7-6-2-5(3-6)4-6/h5H,2-4H2,1H3"
gdb_2016,5.66943,2.13918,2.06663,1.7476,60.99,-0.243,0.0781,0.3211,701.4155,0.137544,-325.687098,-325.680635,-325.679691,-325.717535,COC12CN(C1)C2,"InChI=1S/C5H9NO/c1-7-5-2-6(3-5)4-5/h2-4H2,1H3"
gdb_2017,5.35352,2.03795,1.95908,1.3849,64.86,-0.2638,0.0744,0.3382,733.8702,0.149398,-309.662433,-309.655798,-309.654854,-309.692957,OCC12CC(C1)C2,"InChI=1S/C6H10O/c7-4-6-1-5(2-6)3-6/h5,7H,1-4H2"
gdb_2018,5.50883,2.16849,2.07586,2.0858,57.13,-0.2433,0.0763,0.3196,679.9535,0.125078,-345.579201,-345.572843,-345.571899,-345.609389,OCC12CC(C1)O2,"InChI=1S/C5H8O2/c6-3-5-1-4(2-5)7-5/h4,6H,1-3H2"
gdb_2019,5.62052,2.02689,1.94642,2.977,60.9,-0.2247,0.0665,0.2913,718.6605,0.137845,-325.685245,-325.678707,-325.677763,-325.715786,OCC12CN(C1)C2,"InChI=1S/C5H9NO/c7-4-5-1-6(2-5)3-5/h7H,1-4H2"
gdb_2020,7.80016,1.90068,1.76453,2.6952,59.69,-0.2499,0.0278,0.2777,728.0368,0.113588,-324.558989,-324.552833,-324.551889,-324.588867,N=C1CC2(CC2)O1,"InChI=1S/C5H7NO/c6-4-3-5(7-4)1-2-5/h6H,1-3H2"
gdb_2021,7.33597,1.77593,1.64799,2.7568,61.69,-0.2414,-0.0207,0.2208,769.4955,0.124057,-308.511094,-308.504529,-308.503585,-308.542113,O=C1CC2(CC2)C1,InChI=1S/C6H8O/c7-5-3-6(4-5)1-2-6/h1-4H2
gdb_2022,7.88001,1.82132,1.69926,3.7355,58.95,-0.2402,0.0366,0.2768,740.9905,0.113406,-324.580266,-324.573809,-324.572865,-324.610643,O=C1CC2(CC2)N1,"InChI=1S/C5H7NO/c7-4-3-5(6-4)1-2-5/h1-3H2,(H,6,7)"
gdb_2023,7.89837,1.90648,1.77464,4.036,54.55,-0.2756,0.0098,0.2854,708.1423,0.101585,-344.463502,-344.457523,-344.456579,-344.493247,O=C1CC2(CC2)O1,InChI=1S/C5H6O2/c6-4-3-5(7-4)1-2-5/h1-3H2
gdb_2024,7.59876,1.79373,1.66031,2.5522,58.1,-0.2424,-0.026,0.2165,746.2553,0.112831,-324.5518,-324.545426,-324.544482,-324.582384,O=C1CC2(CN2)C1,"InChI=1S/C5H7NO/c7-4-1-5(2-4)3-6-5/h6H,1-3H2"
gdb_2025,7.85263,1.80391,1.66532,2.15,54.39,-0.248,-0.0309,0.2171,728.8313,0.099981,-344.434438,-344.42818,-344.427235,-344.464832,O=C1CC2(CO2)C1,InChI=1S/C5H6O2/c6-4-1-5(2-4)3-7-5/h1-3H2
gdb_2026,6.69181,1.65791,1.57716,0.2114,72.09,-0.2599,0.0919,0.3518,873.4104,0.171912,-273.764673,-273.757455,-273.756511,-273.795635,CC1CC2(CC2)C1,"InChI=1S/C7H12/c1-6-4-7(5-6)2-3-7/h6H,2-5H2,1H3"
gdb_2027,6.56132,1.82095,1.75114,1.5529,64.82,-0.2227,0.0868,0.3096,795.7389,0.147643,-309.691365,-309.684336,-309.683392,-309.7224,CC1CC2(CC2)O1,"InChI=1S/C6H10O/c1-5-4-6(7-5)2-3-6/h5H,2-4H2,1H3"
gdb_2028,7.10062,1.6816,1.5918,1.9269,64.62,-0.2566,0.0786,0.3352,831.7555,0.147951,-309.691463,-309.684523,-309.683579,-309.722221,CC1CC2(CO2)C1,"InChI=1S/C6H10O/c1-5-2-6(3-5)4-7-6/h5H,2-4H2,1H3"
gdb_2029,7.35255,1.74079,1.64499,1.9136,65.74,-0.2111,0.0771,0.2882,811.8362,0.14888,-305.838224,-305.831278,-305.830334,-305.868914,CN1CC2(CN2)C1,"InChI=1S/C5H10N2/c1-7-3-5(4-7)2-6-5/h6H,2-4H2,1H3"
gdb_2030,7.5801,1.75276,1.65057,2.3196,61.97,-0.2155,0.0814,0.2969,793.8334,0.136024,-325.721011,-325.71415,-325.713206,-325.751678,CN1CC2(CO2)C1,"InChI=1S/C5H9NO/c1-6-2-5(3-6)4-7-5/h2-4H2,1H3"
gdb_2031,6.95286,1.66776,1.5881,1.3878,64.49,-0.2562,0.0794,0.3356,822.7533,0.148418,-309.68941,-309.682493,-309.681548,-309.720043,OC1CC2(CC2)C1,"InChI=1S/C6H10O/c7-5-3-6(4-5)1-2-6/h5,7H,1-4H2"
gdb_2032,7.17717,1.6817,1.59693,1.2634,60.86,-0.2419,0.0757,0.3175,799.6855,0.13718,-325.731549,-325.724788,-325.723843,-325.76209,OC1CC2(CN2)C1,"InChI=1S/C5H9NO/c7-4-1-5(2-4)3-6-5/h4,6-7H,1-3H2"
gdb_2033,7.37418,1.69002,1.60135,0.6604,57.07,-0.2567,0.0696,0.3262,782.2759,0.124334,-345.615042,-345.608376,-345.607431,-345.645545,OC1CC2(CO2)C1,"InChI=1S/C5H8O2/c6-4-1-5(2-4)3-7-5/h4,6H,1-3H2"
gdb_2034,4.21789,2.42461,2.15648,0.221,70.62,-0.2499,0.0907,0.3406,731.4611,0.171706,-273.762561,-273.755461,-273.754517,-273.792799,CC1(C)CC2CC12,"InChI=1S/C7H12/c1-7(2)4-5-3-6(5)7/h5-6H,3-4H2,1-2H3"
gdb_2035,4.27598,2.47731,2.19304,1.5782,67.38,-0.225,0.0879,0.3129,708.1312,0.160203,-289.802108,-289.795116,-289.794172,-289.832282,CC1(C)CC2NC12,"InChI=1S/C6H11N/c1-6(2)3-4-5(6)7-4/h4-5,7H,3H2,1-2H3"
gdb_2036,4.3198,2.50673,2.2171,1.8126,63.3,-0.2495,0.0875,0.337,689.5641,0.147343,-309.686348,-309.679417,-309.678472,-309.716532,CC1(C)CC2OC12,"InChI=1S/C6H10O/c1-6(2)3-4-5(6)7-4/h4-5H,3H2,1-2H3"
gdb_2037,4.38412,2.44968,2.16614,1.647,66.82,-0.229,0.0814,0.3104,711.3698,0.160172,-289.799552,-289.792565,-289.791621,-289.829761,CC1(C)CN2CC12,"InChI=1S/C6H11N/c1-6(2)4-7-3-5(6)7/h5H,3-4H2,1-2H3"
gdb_2038,4.47052,2.54749,2.25487,1.5845,63.49,-0.2303,0.0903,0.3206,684.2127,0.14714,-309.685148,-309.678177,-309.677232,-309.715353,CC1(C)OC2CC12,"InChI=1S/C6H10O/c1-6(2)4-3-5(4)7-6/h4-5H,3H2,1-2H3"
gdb_2039,4.38768,2.46016,2.2053,1.1329,63.59,-0.2432,0.0776,0.3208,689.526,0.1478,-309.689595,-309.682688,-309.681743,-309.719705,CC1(O)CC2CC12,"InChI=1S/C6H10O/c1-6(7)3-4-2-5(4)6/h4-5,7H,2-3H2,1H3"
gdb_2040,4.43951,2.51745,2.2454,0.6162,60.27,-0.2287,0.0763,0.3049,665.9303,0.13635,-325.728744,-325.72194,-325.720996,-325.758796,CC1(O)CC2NC12,"InChI=1S/C5H9NO/c1-5(7)2-3-4(5)6-3/h3-4,6-7H,2H2,1H3"
gdb_2041,4.48153,2.55077,2.2725,1.8127,56.28,-0.2542,0.0708,0.325,647.2123,0.123495,-345.61222,-345.60548,-345.604536,-345.642279,CC1(O)CC2OC12,"InChI=1S/C5H8O2/c1-5(6)2-3-4(5)7-3/h3-4,6H,2H2,1H3"
gdb_2042,4.57056,2.4829,2.21724,2.551,59.86,-0.2286,0.0684,0.297,669.6086,0.136195,-325.725266,-325.718471,-325.717527,-325.755329,CC1(O)CN2CC12,"InChI=1S/C5H9NO/c1-5(7)3-6-2-4(5)6/h4,7H,2-3H2,1H3"
gdb_2043,4.11966,2.81542,2.13361,0.1122,71.5,-0.2809,0.0939,0.3748,710.3744,0.172378,-273.732431,-273.725484,-273.72454,-273.76293,CC1(C)C2CC1C2,"InChI=1S/C7H12/c1-7(2)5-3-6(7)4-5/h5-6H,3-4H2,1-2H3"
gdb_2044,4.21553,2.90709,2.1646,1.8593,64.1,-0.2346,0.0917,0.3264,674.4208,0.147654,-309.649998,-309.64326,-309.642316,-309.680057,CC1(C)C2CC1O2,"InChI=1S/C6H10O/c1-6(2)4-3-5(6)7-4/h4-5H,3H2,1-2H3"
gdb_2045,4.2706,2.91806,2.21666,1.3896,64.29,-0.2543,0.0767,0.331,662.4966,0.148719,-309.665941,-309.659399,-309.658455,-309.695711,CC1(O)C2CC1C2,"InChI=1S/C6H10O/c1-6(7)4-2-5(6)3-4/h4-5,7H,2-3H2,1H3"
gdb_2046,4.43277,2.97719,2.23888,1.8302,56.75,-0.2535,0.0765,0.3299,628.3097,0.12452,-345.584667,-345.578458,-345.577514,-345.614261,CC1(O)C2CC1O2,"InChI=1S/C5H8O2/c1-5(6)3-2-4(5)7-3/h3-4,6H,2H2,1H3"
gdb_2047,4.57259,2.29136,2.05252,0.1541,71.16,-0.2467,0.0925,0.3392,749.1991,0.171906,-273.761263,-273.754066,-273.753122,-273.791677,CC1(C)C2CCC12,"InChI=1S/C7H12/c1-7(2)5-3-4-6(5)7/h5-6H,3-4H2,1-2H3"
gdb_2048,4.79475,2.37705,2.09727,1.6459,63.89,-0.2293,0.0827,0.312,705.0097,0.147821,-309.677276,-309.670313,-309.669369,-309.707558,CC1(C)C2COC12,"InChI=1S/C6H10O/c1-6(2)4-3-7-5(4)6/h4-5H,3H2,1-2H3"
gdb_2049,4.69817,2.3276,2.09372,1.2976,63.82,-0.2406,0.0769,0.3175,705.5747,0.148147,-309.68514,-309.678225,-309.677281,-309.715279,CC1(O)C2CCC12,"InChI=1S/C6H10O/c1-6(7)4-2-3-5(4)6/h4-5,7H,2-3H2,1H3"
gdb_2050,4.92511,2.41829,2.13885,0.6499,56.56,-0.2247,0.0704,0.2951,661.6892,0.124062,-345.599912,-345.593248,-345.592304,-345.62991,CC1(O)C2COC12,"InChI=1S/C5H8O2/c1-5(6)3-2-7-4(3)5/h3-4,6H,2H2,1H3"
gdb_2051,4.93725,2.70448,1.81524,3.1864,60.36,-0.2516,0.0079,0.2595,678.3845,0.114916,-324.592221,-324.585863,-324.584919,-324.62347,N=C1CC=CCO1,"InChI=1S/C5H7NO/c6-5-3-1-2-4-7-5/h1-2,6H,3-4H2"
gdb_2052,4.94479,2.62705,1.75218,3.6605,59.44,-0.2391,0.0138,0.2529,688.8863,0.115751,-324.624318,-324.618091,-324.617147,-324.65477,O=C1CC=CCN1,"InChI=1S/C5H7NO/c7-5-3-1-2-4-6-5/h1-2H,3-4H2,(H,6,7)"
gdb_2053,5.00787,2.70344,1.79408,4.2092,55.68,-0.2625,0.0034,0.2659,666.0868,0.102698,-344.494711,-344.488505,-344.487561,-344.525889,O=C1CC=CCO1,"InChI=1S/C5H6O2/c6-5-3-1-2-4-7-5/h1-2H,3-4H2"
gdb_2054,4.46379,2.6302,1.80077,2.7361,62.18,-0.2363,-0.0119,0.2244,701.2872,0.126398,-308.555419,-308.549155,-308.548211,-308.58569,O=C1CCC=CC1,"InChI=1S/C6H8O/c7-6-4-2-1-3-5-6/h1-2H,3-5H2"
gdb_2055,5.00017,2.63587,1.80444,3.0176,59.72,-0.2173,-0.0032,0.2141,677.4868,0.116017,-324.630221,-324.624197,-324.623253,-324.660011,O=C1CCC=CN1,"InChI=1S/C5H7NO/c7-5-3-1-2-4-6-5/h2,4H,1,3H2,(H,6,7)"
gdb_2056,5.3113,2.74199,1.90934,2.1195,51.04,-0.2799,-0.0294,0.2506,626.1609,0.091807,-360.559076,-360.55341,-360.552466,-360.588698,O=C1CCN=CO1,"InChI=1S/C4H5NO2/c6-4-1-2-5-3-7-4/h3H,1-2H2"
gdb_2057,5.04747,2.72562,1.82082,1.3859,50.9,-0.2421,-0.0374,0.2046,641.4597,0.090725,-360.53251,-360.52635,-360.525406,-360.563693,O=C1COC=NC1,"InChI=1S/C4H5NO2/c6-4-1-5-3-7-2-4/h3H,1-2H2"
gdb_2058,5.45422,2.7998,1.89843,4.3332,52.29,-0.2291,-0.0021,0.2271,625.7856,0.092239,-360.560766,-360.554947,-360.554003,-360.59055,O=C1NC=CCO1,"InChI=1S/C4H5NO2/c6-4-5-2-1-3-7-4/h1-2H,3H2,(H,5,6)"
gdb_2059,5.28819,2.72803,1.82353,3.2433,55.98,-0.2111,0.0137,0.2248,654.0449,0.104681,-340.689515,-340.683243,-340.682299,-340.72015,O=C1NCC=CN1,"InChI=1S/C4H6N2O/c7-4-5-2-1-3-6-4/h1-2H,3H2,(H2,5,6,7)"
gdb_2060,4.77039,2.5324,1.74913,3.6663,63.69,-0.2353,-0.0468,0.1885,710.3459,0.127016,-308.561301,-308.555191,-308.554247,-308.591213,O=C1CCCC=C1,"InChI=1S/C6H8O/c7-6-4-2-1-3-5-6/h2,4H,1,3,5H2"
gdb_2061,5.08178,2.56864,1.78397,5.2635,61.46,-0.2163,-0.0262,0.19,680.7687,0.116178,-324.614891,-324.608887,-324.607943,-324.644572,O=C1CCNC=C1,"InChI=1S/C5H7NO/c7-5-1-3-6-4-2-5/h1,3,6H,2,4H2"
gdb_2062,4.91161,2.59324,1.78744,3.2258,59.95,-0.2164,-0.0521,0.1643,682.8781,0.115692,-324.595399,-324.589355,-324.588411,-324.625302,O=C1CNCC=C1,"InChI=1S/C5H7NO/c7-5-2-1-3-6-4-5/h1-2,6H,3-4H2"
gdb_2063,5.05677,2.64969,1.8156,3.3389,56.89,-0.2363,-0.0578,0.1785,661.686,0.102711,-344.47209,-344.466173,-344.465228,-344.501882,O=C1COCC=C1,"InChI=1S/C5H6O2/c6-5-2-1-3-7-4-5/h1-2H,3-4H2"
gdb_2064,5.0588,2.61575,1.79821,4.175,59.88,-0.2393,-0.0314,0.2079,680.8172,0.11637,-324.625415,-324.619449,-324.618505,-324.655101,O=C1NCCC=C1,"InChI=1S/C5H7NO/c7-5-3-1-2-4-6-5/h1,3H,2,4H2,(H,6,7)"
gdb_2065,5.15103,2.69583,1.85565,4.8544,56.21,-0.2631,-0.0462,0.2169,655.2364,0.103662,-344.499155,-344.493387,-344.492443,-344.528741,O=C1OCCC=C1,"InChI=1S/C5H6O2/c6-5-3-1-2-4-7-5/h1,3H,2,4H2"
gdb_2066,4.58056,2.56496,1.77558,3.2084,62.03,-0.2539,0.0233,0.2772,719.928,0.139522,-325.801905,-325.795581,-325.794637,-325.832153,N=C1CCCCO1,"InChI=1S/C5H9NO/c6-5-3-1-2-4-7-5/h6H,1-4H2"
gdb_2067,5.00499,2.62211,1.84241,2.0038,54.75,-0.2642,0.0132,0.2774,669.8514,0.115801,-361.72362,-361.717616,-361.716672,-361.753597,N=C1CCOCO1,"InChI=1S/C4H7NO2/c5-4-1-2-6-3-7-4/h5H,1-3H2"
gdb_2068,4.71747,2.61696,1.80529,2.9432,58.62,-0.2305,0.0196,0.2502,694.2673,0.128248,-341.83678,-341.830553,-341.829608,-341.866969,N=C1CNCCO1,"InChI=1S/C4H8N2O/c5-4-3-6-1-2-7-4/h5-6H,1-3H2"
gdb_2069,4.86085,2.6704,1.83343,2.8881,55.28,-0.2564,0.0168,0.2732,672.6732,0.115419,-361.714679,-361.708584,-361.707639,-361.744774,N=C1COCCO1,"InChI=1S/C4H7NO2/c5-4-3-6-1-2-7-4/h5H,1-3H2"
gdb_2070,4.99993,2.68985,1.85458,4.8303,55.52,-0.2435,0.0454,0.2889,670.7463,0.115499,-361.726913,-361.720737,-361.719793,-361.757362,N=C1OCCCO1,"InChI=1S/C4H7NO2/c5-4-6-2-1-3-7-4/h5H,1-3H2"
gdb_2071,4.19397,2.48188,1.73872,3.008,63.87,-0.2332,-0.0094,0.2238,747.4134,0.150525,-309.764115,-309.757612,-309.756668,-309.7945,O=C1CCCCC1,InChI=1S/C6H10O/c7-6-4-2-1-3-5-6/h1-5H2
gdb_2072,4.58293,2.48342,1.72112,3.8712,60.93,-0.2344,0.0337,0.2681,730.3506,0.140017,-325.831718,-325.825313,-325.824368,-325.86207,O=C1CCCCN1,"InChI=1S/C5H9NO/c7-5-3-1-2-4-6-5/h1-4H2,(H,6,7)"
gdb_2073,4.65567,2.54744,1.76179,4.4766,57.07,-0.2574,0.0139,0.2713,707.0969,0.12717,-345.703157,-345.696903,-345.695959,-345.73348,O=C1CCCCO1,InChI=1S/C5H8O2/c6-5-3-1-2-4-7-5/h1-4H2
gdb_2074,4.31465,2.53414,1.76931,2.5308,60.57,-0.2122,-0.0149,0.1973,721.1196,0.139234,-325.798735,-325.792308,-325.791364,-325.829108,O=C1CCCNC1,"InChI=1S/C5H9NO/c7-5-2-1-3-6-4-5/h6H,1-4H2"
gdb_2075,4.49447,2.55537,1.76819,2.8725,57.08,-0.2324,-0.0213,0.2111,704.6324,0.126251,-345.676243,-345.669923,-345.668979,-345.706559,O=C1CCCOC1,InChI=1S/C5H8O2/c6-5-2-1-3-7-4-5/h1-4H2
gdb_2076,4.56213,2.52613,1.798,1.6996,57.21,-0.2422,-0.0179,0.2243,697.6287,0.126637,-345.680086,-345.673864,-345.67292,-345.710251,O=C1CCOCC1,InChI=1S/C5H8O2/c6-5-1-3-7-4-2-5/h1-4H2
gdb_2077,5.08738,2.60857,1.82993,3.5055,49.93,-0.2687,0.0033,0.2721,656.8586,0.103425,-381.624381,-381.618434,-381.61749,-381.654462,O=C1CCOCO1,InChI=1S/C4H6O3/c5-4-1-2-6-3-7-4/h1-3H2
gdb_2078,4.74903,2.56399,1.7672,3.9574,57.81,-0.2288,0.0339,0.2627,700.0563,0.128749,-341.867094,-341.860853,-341.859909,-341.897222,O=C1CNCCN1,"InChI=1S/C4H8N2O/c7-4-3-5-1-2-6-4/h5H,1-3H2,(H,6,7)"
gdb_2079,4.76846,2.61131,1.80081,3.93,53.53,-0.2295,0.0112,0.2407,679.5704,0.115865,-361.738091,-361.731932,-361.730988,-361.76832,O=C1CNCCO1,"InChI=1S/C4H7NO2/c6-4-3-5-1-2-7-4/h5H,1-3H2"
gdb_2080,4.82666,2.60632,1.79582,3.6296,54.11,-0.2373,0.0272,0.2644,678.7849,0.115901,-361.745138,-361.738977,-361.738033,-361.775241,O=C1COCCN1,"InChI=1S/C4H7NO2/c6-4-3-7-2-1-5-4/h1-3H2,(H,5,6)"
gdb_2081,4.88769,2.67785,1.83994,3.6199,50.34,-0.2559,0.006,0.2619,655.8257,0.103073,-381.616196,-381.610192,-381.609248,-381.646271,O=C1COCCO1,InChI=1S/C4H6O3/c5-4-3-6-1-2-7-4/h1-3H2
gdb_2082,4.77048,2.66371,1.81645,1.9882,49.73,-0.2417,-0.0343,0.2074,658.5511,0.102319,-381.594735,-381.588656,-381.587712,-381.624962,O=C1COCOC1,InChI=1S/C4H6O3/c5-4-1-6-3-7-2-4/h1-3H2
gdb_2083,4.83703,2.57553,1.77679,4.2037,57.5,-0.2353,0.0609,0.2962,698.4414,0.128893,-341.890999,-341.884586,-341.883641,-341.921343,O=C1NCCCN1,"InChI=1S/C4H8N2O/c7-4-5-2-1-3-6-4/h1-3H2,(H2,5,6,7)"
gdb_2084,4.93782,2.63898,1.83114,5.2582,53.93,-0.2506,0.0572,0.3078,673.8036,0.116324,-361.764881,-361.758682,-361.757738,-361.795214,O=C1NCCCO1,"InChI=1S/C4H7NO2/c6-4-5-2-1-3-7-4/h1-3H2,(H,5,6)"
gdb_2085,5.03048,2.70264,1.87228,5.7583,50.52,-0.2791,0.0416,0.3207,652.3257,0.103543,-381.635659,-381.62967,-381.628726,-381.665914,O=C1OCCCO1,InChI=1S/C4H6O3/c5-4-6-2-1-3-7-4/h1-3H2
gdb_2086,4.48153,2.25226,1.61041,0.222,73.6,-0.225,0.0364,0.2614,825.6757,0.173548,-273.815873,-273.808831,-273.807887,-273.846486,CC1=CCCCC1,"InChI=1S/C7H12/c1-7-5-3-2-4-6-7/h5H,2-4,6H2,1H3"
gdb_2087,4.72713,2.35609,1.67837,1.2361,66.67,-0.2346,0.0278,0.2624,771.7952,0.149475,-309.731402,-309.724564,-309.72362,-309.761891,CC1=CCCOC1,"InChI=1S/C6H10O/c1-6-3-2-4-7-5-6/h3H,2,4-5H2,1H3"
gdb_2088,4.89474,2.28504,1.65933,1.3615,66.71,-0.2335,0.0285,0.2619,776.268,0.149503,-309.731536,-309.724731,-309.723786,-309.761997,CC1=CCOCC1,"InChI=1S/C6H10O/c1-6-2-4-7-5-3-6/h2H,3-5H2,1H3"
gdb_2089,4.89946,2.49823,1.77206,1.801,62.09,-0.238,0.0338,0.2718,732.4653,0.138387,-325.804486,-325.797758,-325.796814,-325.835036,CC1=NCCCO1,"InChI=1S/C5H9NO/c1-5-6-3-2-4-7-5/h2-4H2,1H3"
gdb_2090,4.72979,2.4736,1.73387,1.073,65.75,-0.2415,0.0257,0.2671,750.24,0.149376,-309.730988,-309.72426,-309.723316,-309.761296,CC1CC=CCO1,"InChI=1S/C6H10O/c1-6-4-2-3-5-7-6/h2-3,6H,4-5H2,1H3"
gdb_2091,4.48514,2.29756,1.63235,0.2145,72.41,-0.2345,0.0336,0.268,810.484,0.173584,-273.811544,-273.804595,-273.80365,-273.842014,CC1CCC=CC1,"InChI=1S/C7H12/c1-7-5-3-2-4-6-7/h2-3,7H,4-6H2,1H3"
gdb_2092,4.99093,2.46802,1.76713,2.3425,61.28,-0.2445,0.0291,0.2735,725.1763,0.138646,-325.800095,-325.793566,-325.792622,-325.830351,CC1CCN=CO1,"InChI=1S/C5H9NO/c1-5-2-3-6-4-7-5/h4-5H,2-3H2,1H3"
gdb_2093,4.91506,2.43886,1.7375,2.2593,60.82,-0.2443,0.0284,0.2727,729.9612,0.138772,-325.795649,-325.789053,-325.788109,-325.825979,CC1COC=NC1,"InChI=1S/C5H9NO/c1-5-2-6-4-7-3-5/h4-5H,2-3H2,1H3"
gdb_2094,4.58527,2.35768,1.66159,1.2291,65.22,-0.2402,0.0281,0.2682,759.6367,0.150157,-309.736085,-309.729411,-309.728467,-309.766319,OC1CCC=CC1,"InChI=1S/C6H10O/c7-6-4-2-1-3-5-6/h1-2,6-7H,3-5H2"
gdb_2095,5.03136,2.50139,1.76859,2.5699,53.87,-0.2494,0.0238,0.2733,681.2488,0.115197,-361.717469,-361.711126,-361.710182,-361.747585,OC1COC=NC1,"InChI=1S/C4H7NO2/c6-4-1-5-3-7-2-4/h3-4,6H,1-2H2"
gdb_2096,4.48415,2.28522,1.66068,0.2528,72.85,-0.2348,0.0303,0.2651,808.9754,0.173791,-273.81078,-273.803865,-273.802921,-273.841271,CC1CCCC=C1,"InChI=1S/C7H12/c1-7-5-3-2-4-6-7/h3,5,7H,2,4,6H2,1H3"
gdb_2097,4.99951,2.42517,1.76435,2.0936,61.38,-0.2451,0.0263,0.2714,727.8349,0.138785,-325.797425,-325.790917,-325.789972,-325.827699,CC1CCOC=N1,"InChI=1S/C5H9NO/c1-5-2-3-7-4-6-5/h4-5H,2-3H2,1H3"
gdb_2098,4.77072,2.3799,1.72725,1.1795,65.89,-0.2429,0.022,0.2649,756.3179,0.149678,-309.726244,-309.719536,-309.718592,-309.756595,CC1COCC=C1,"InChI=1S/C6H10O/c1-6-3-2-4-7-5-6/h2-3,6H,4-5H2,1H3"
gdb_2099,4.66269,2.47228,1.78731,1.0674,66.19,-0.2424,0.0227,0.2651,745.1739,0.149606,-309.730329,-309.723647,-309.722702,-309.760656,CC1OCCC=C1,"InChI=1S/C6H10O/c1-6-4-2-3-5-7-6/h2,4,6H,3,5H2,1H3"
gdb_2100,4.58846,2.32032,1.68173,1.762,65.34,-0.2416,0.0165,0.2581,761.2575,0.150411,-309.735245,-309.728618,-309.727674,-309.765479,OC1CCCC=C1,"InChI=1S/C6H10O/c7-6-4-2-1-3-5-6/h2,4,6-7H,1,3,5H2"
gdb_2101,4.87456,2.44231,1.75845,1.8373,58.54,-0.2514,0.0148,0.2662,707.5345,0.125967,-345.64767,-345.641106,-345.640162,-345.677965,OC1COCC=C1,"InChI=1S/C5H8O2/c6-5-2-1-3-7-4-5/h1-2,5-6H,3-4H2"
gdb_2102,4.18988,2.17139,1.5773,0.083,74.12,-0.2876,0.0864,0.374,861.7683,0.197495,-275.020322,-275.013135,-275.012191,-275.050946,CC1CCCCC1,"InChI=1S/C7H14/c1-7-5-3-2-4-6-7/h7H,2-6H2,1H3"
gdb_2103,4.41481,2.32342,1.67336,1.2016,67.56,-0.2416,0.0898,0.3314,800.6113,0.173543,-310.941319,-310.934382,-310.933438,-310.971767,CC1CCCCO1,"InChI=1S/C6H12O/c1-6-4-2-3-5-7-6/h6H,2-5H2,1H3"
gdb_2104,4.4054,2.26935,1.64407,1.3076,67.21,-0.2418,0.0872,0.329,806.8068,0.17365,-310.937295,-310.930341,-310.929397,-310.967783,CC1CCCOC1,"InChI=1S/C6H12O/c1-6-3-2-4-7-5-6/h6H,2-5H2,1H3"
gdb_2105,4.5382,2.20672,1.62776,1.3187,67.35,-0.2438,0.089,0.3328,810.707,0.173694,-310.937414,-310.930499,-310.929555,-310.967853,CC1CCOCC1,"InChI=1S/C6H12O/c1-6-2-4-7-5-3-6/h6H,2-5H2,1H3"
gdb_2106,4.80044,2.36781,1.73184,1.816,60.29,-0.2584,0.0927,0.351,749.913,0.14995,-346.864282,-346.85767,-346.856726,-346.894499,CC1CCOCO1,"InChI=1S/C5H10O2/c1-5-2-3-6-4-7-5/h5H,2-4H2,1H3"
gdb_2107,4.64947,2.42077,1.74072,0.1906,60.74,-0.233,0.096,0.329,748.2453,0.149652,-346.856186,-346.849489,-346.848544,-346.886477,CC1COCCO1,"InChI=1S/C5H10O2/c1-5-4-6-2-3-7-5/h5H,2-4H2,1H3"
gdb_2108,4.65835,2.37045,1.71484,1.8636,59.82,-0.2568,0.0839,0.3408,752.9165,0.150133,-346.859945,-346.853304,-346.85236,-346.890219,CC1COCOC1,"InChI=1S/C5H10O2/c1-5-2-6-4-7-3-5/h5H,2-4H2,1H3"
gdb_2109,4.65492,2.49685,1.77836,1.5854,60.54,-0.2564,0.0933,0.3497,740.5091,0.149782,-346.867442,-346.860807,-346.859863,-346.897653,CC1OCCCO1,"InChI=1S/C5H10O2/c1-5-6-3-2-4-7-5/h5H,2-4H2,1H3"
gdb_2110,4.27689,2.22425,1.60383,1.4344,66.9,-0.2575,0.0809,0.3384,810.0618,0.174115,-310.945132,-310.93822,-310.937276,-310.975523,OC1CCCCC1,"InChI=1S/C6H12O/c7-6-4-2-1-3-5-6/h6-7H,1-5H2"
gdb_2111,4.50033,2.32372,1.67193,0.3203,60.03,-0.2421,0.0714,0.3136,756.407,0.150255,-346.860694,-346.854023,-346.853079,-346.890929,OC1CCCOC1,"InChI=1S/C5H10O2/c6-5-2-1-3-7-4-5/h5-6H,1-4H2"
gdb_2112,4.64427,2.25828,1.6549,1.7486,60.22,-0.2494,0.0785,0.3279,759.6757,0.15025,-346.86164,-346.85499,-346.854046,-346.891859,OC1CCOCC1,"InChI=1S/C5H10O2/c6-5-1-3-7-4-2-5/h5-6H,1-4H2"
gdb_2113,4.75521,2.43239,1.74628,1.481,52.73,-0.254,0.0609,0.3149,703.2478,0.126632,-382.781841,-382.77543,-382.774486,-382.811922,OC1COCOC1,"InChI=1S/C4H8O3/c5-4-1-6-3-7-2-4/h4-5H,1-3H2"
gdb_2114,3.91083,3.65097,1.88822,6.266,55.9,-0.2342,-0.0785,0.1557,613.3805,0.079509,-339.464024,-339.457958,-339.457014,-339.494474,N=C1NC=CC1=O,"InChI=1S/C4H4N2O/c5-4-3(7)1-2-6-4/h1-2H,(H2,5,6,7)"
gdb_2115,3.83508,3.46633,1.84132,4.9769,53.59,-0.2347,-0.0951,0.1396,628.4655,0.078667,-343.291812,-343.286071,-343.285127,-343.321538,O=C1CC=CC1=O,"InChI=1S/C5H4O2/c6-4-2-1-3-5(4)7/h1-2H,3H2"
gdb_2116,3.8886,3.70076,1.89618,5.7018,50.3,-0.2435,-0.0954,0.148,597.8913,0.067637,-359.362011,-359.356349,-359.355405,-359.391483,O=C1NC=CC1=O,"InChI=1S/C4H3NO2/c6-3-1-2-5-4(3)7/h1-2H,(H,5,6,7)"
gdb_2117,3.75679,3.2632,1.79525,5.6629,56.69,-0.2387,-0.0521,0.1866,668.1231,0.103416,-340.663148,-340.656855,-340.655911,-340.693538,N=C1NCCC1=O,"InChI=1S/C4H6N2O/c5-4-3(7)1-2-6-4/h1-2H2,(H2,5,6)"
gdb_2118,3.73625,3.38927,1.82834,4.5026,52.59,-0.2588,-0.0695,0.1893,647.0257,0.090979,-360.539944,-360.533906,-360.532962,-360.570233,N=C1OCCC1=O,"InChI=1S/C4H5NO2/c5-4-3(6)1-2-7-4/h5H,1-2H2"
gdb_2119,3.82303,3.66353,1.89373,4.0922,50.67,-0.2827,-0.0445,0.2383,615.5202,0.079912,-376.586976,-376.581189,-376.580245,-376.616933,N=C1OCOC1=N,"InChI=1S/C3H4N2O2/c4-2-3(5)7-1-6-2/h4-5H,1H2"
gdb_2120,3.86078,3.68965,1.90999,4.5755,45.7,-0.2906,-0.0619,0.2287,598.0989,0.067909,-396.486664,-396.481088,-396.480144,-396.516349,N=C1OCOC1=O,"InChI=1S/C3H3NO3/c4-2-3(5)7-1-6-2/h4H,1H2"
gdb_2121,3.62739,3.16869,1.77308,4.5164,53.99,-0.2314,-0.088,0.1434,677.7872,0.101832,-344.494043,-344.487816,-344.486872,-344.524385,O=C1CCCC1=O,InChI=1S/C5H6O2/c6-4-2-1-3-5(4)7/h1-3H2
gdb_2122,3.74569,3.29525,1.79337,5.8034,51.44,-0.2353,-0.0628,0.1725,653.6291,0.091335,-360.566272,-360.560021,-360.559077,-360.597466,O=C1CCNC1=O,"InChI=1S/C4H5NO2/c6-3-1-2-5-4(3)7/h1-2H2,(H,5,7)"
gdb_2123,3.75597,3.41138,1.83622,5.1237,47.22,-0.2572,-0.085,0.1722,631.3048,0.078793,-380.438011,-380.432067,-380.431123,-380.468406,O=C1CCOC1=O,InChI=1S/C4H4O3/c5-3-1-2-7-4(3)6/h1-2H2
gdb_2124,3.68913,3.23624,1.80482,3.3467,50.7,-0.2199,-0.0939,0.126,652.3785,0.090604,-360.526225,-360.520067,-360.519123,-360.556546,O=C1CNCC1=O,"InChI=1S/C4H5NO2/c6-3-1-5-2-4(3)7/h5H,1-2H2"
gdb_2125,3.76356,3.27649,1.80803,2.8741,47.43,-0.2394,-0.104,0.1354,636.5783,0.077504,-380.402442,-380.396375,-380.395431,-380.432716,O=C1COCC1=O,InChI=1S/C4H4O3/c5-3-1-7-2-4(3)6/h1-2H2
gdb_2126,3.86814,3.72985,1.92253,4.3657,40.67,-0.2903,-0.0799,0.2104,581.7938,0.055819,-416.384141,-416.378737,-416.377793,-416.413665,O=C1OCOC1=O,InChI=1S/C3H2O4/c4-2-3(5)7-1-6-2/h1H2
gdb_2127,3.28125,2.79398,1.59124,0.1455,74.71,-0.2147,0.0398,0.2545,832.4164,0.171823,-273.817328,-273.809525,-273.808581,-273.8489,CC1=C(C)CCC1,"InChI=1S/C7H12/c1-6-4-3-5-7(6)2/h3-5H2,1-2H3"
gdb_2128,3.38695,2.88321,1.62007,1.9433,67.72,-0.2197,0.0289,0.2486,788.433,0.147601,-309.734862,-309.727156,-309.726212,-309.766587,CC1=C(C)COC1,"InChI=1S/C6H10O/c1-5-3-7-4-6(5)2/h3-4H2,1-2H3"
gdb_2129,3.80994,2.94052,1.7118,3.1894,64.18,-0.2347,-0.0368,0.198,728.6143,0.125279,-308.569129,-308.562215,-308.56127,-308.600271,CC1=CCCC1=O,"InChI=1S/C6H8O/c1-5-3-2-4-6(5)7/h3H,2,4H2,1H3"
gdb_2130,3.89038,3.11025,1.76615,3.7808,60.24,-0.2407,-0.0171,0.2235,694.9269,0.114234,-324.635136,-324.628295,-324.627351,-324.666086,CC1=CCNC1=O,"InChI=1S/C5H7NO/c1-4-2-3-6-5(4)7/h2H,3H2,1H3,(H,6,7)"
gdb_2131,3.93021,3.13743,1.78323,2.9725,62.02,-0.2417,-0.0216,0.2201,692.0784,0.114427,-324.61015,-324.603684,-324.60274,-324.640433,CC1=CCOC1=N,"InChI=1S/C5H7NO/c1-4-2-3-7-5(4)6/h2,6H,3H2,1H3"
gdb_2132,3.98079,3.15175,1.79827,4.4336,56.43,-0.2672,-0.0359,0.2313,674.492,0.102242,-344.512001,-344.505657,-344.504713,-344.542299,CC1=CCOC1=O,"InChI=1S/C5H6O2/c1-4-2-3-7-5(4)6/h2H,3H2,1H3"
gdb_2133,3.90605,3.20793,1.80213,0.6706,56.55,-0.239,-0.0531,0.1859,665.7831,0.103186,-340.678668,-340.67223,-340.671285,-340.708964,NC1=NCCC1=O,"InChI=1S/C4H6N2O/c5-4-3(7)1-2-6-4/h1-2H2,(H2,5,6)"
gdb_2134,3.5667,3.15693,1.8167,2.4921,62.01,-0.239,-0.0164,0.2226,702.6276,0.124973,-308.554162,-308.54746,-308.546516,-308.584952,CC1C=CCC1=O,"InChI=1S/C6H8O/c1-5-3-2-4-6(5)7/h2-3,5H,4H2,1H3"
gdb_2135,3.61817,3.35575,1.88154,3.1327,58.59,-0.2159,-0.0013,0.2147,669.0646,0.11434,-324.626187,-324.619644,-324.618699,-324.656496,CC1C=CNC1=O,"InChI=1S/C5H7NO/c1-4-2-3-6-5(4)7/h2-4H,1H3,(H,6,7)"
gdb_2136,3.64067,3.43451,1.91803,3.2882,59.65,-0.2315,-0.0035,0.228,661.0574,0.115146,-320.785074,-320.778523,-320.777578,-320.815432,CC1N=CNC1=N,"InChI=1S/C4H7N3/c1-3-4(5)7-2-6-3/h2-3H,1H3,(H2,5,6,7)"
gdb_2137,3.64951,3.47962,1.9328,2.3596,54.48,-0.2463,-0.0165,0.2298,643.2025,0.10317,-340.688787,-340.68249,-340.681546,-340.718918,CC1N=CNC1=O,"InChI=1S/C4H6N2O/c1-3-4(7)6-2-5-3/h2-3H,1H3,(H,5,6,7)"
gdb_2138,3.64061,3.60402,1.96873,1.6932,50.16,-0.2743,-0.0288,0.2455,624.508,0.090797,-360.564423,-360.558401,-360.557457,-360.594365,CC1N=COC1=O,"InChI=1S/C4H5NO2/c1-3-4(6)7-2-5-3/h2-3H,1H3"
gdb_2139,4.02165,3.20405,1.8239,3.1249,59.85,-0.2092,0.0002,0.2094,676.1181,0.114102,-324.62378,-324.617181,-324.616237,-324.654241,CN1C=CCC1=O,"InChI=1S/C5H7NO/c1-6-4-2-3-5(6)7/h2,4H,3H2,1H3"
gdb_2140,4.09161,3.20294,1.83762,1.1166,60.23,-0.2214,-0.0032,0.2182,671.4364,0.115279,-320.782427,-320.775737,-320.774793,-320.813527,CN1C=NCC1=N,"InChI=1S/C4H7N3/c1-7-3-6-2-4(7)5/h3,5H,2H2,1H3"
gdb_2141,4.10218,3.23145,1.84941,2.6121,55.4,-0.2455,-0.0159,0.2296,654.6995,0.103044,-340.684371,-340.677957,-340.677013,-340.714815,CN1C=NCC1=O,"InChI=1S/C4H6N2O/c1-6-3-5-2-4(6)7/h3H,2H2,1H3"
gdb_2142,3.86703,3.19558,1.85386,2.4801,54.72,-0.2526,-0.0299,0.2227,654.0994,0.101649,-344.475122,-344.468847,-344.467903,-344.505315,OC1C=CCC1=O,"InChI=1S/C5H6O2/c6-4-2-1-3-5(4)7/h1-2,4,6H,3H2"
gdb_2143,3.67216,3.44031,1.88187,4.1278,51.59,-0.2281,-0.0232,0.2049,632.5293,0.090752,-360.542541,-360.536231,-360.535287,-360.572723,OC1C=CNC1=O,"InChI=1S/C4H5NO2/c6-3-1-2-5-4(3)7/h1-3,6H,(H,5,7)"
gdb_2144,3.58218,3.1627,1.81283,3.437,62.95,-0.2352,-0.043,0.1922,701.5123,0.12585,-308.561649,-308.555087,-308.554143,-308.592257,CC1CC=CC1=O,"InChI=1S/C6H8O/c1-5-3-2-4-6(5)7/h2,4-5H,3H2,1H3"
gdb_2145,4.0004,3.23797,1.8306,4.0357,60.21,-0.2368,-0.0264,0.2104,673.5102,0.114653,-324.624537,-324.618041,-324.617097,-324.654915,CN1CC=CC1=O,"InChI=1S/C5H7NO/c1-6-4-2-3-5(6)7/h2-3H,4H2,1H3"
gdb_2146,3.85814,3.21877,1.84763,3.0757,55.92,-0.2473,-0.0559,0.1914,653.1331,0.102496,-344.484341,-344.478222,-344.477278,-344.514346,OC1CC=CC1=O,"InChI=1S/C5H6O2/c6-4-2-1-3-5(4)7/h1-2,5,7H,3H2"
gdb_2147,3.69315,2.83267,1.9254,1.4225,64.97,-0.245,0.0188,0.2638,717.8522,0.149007,-309.730966,-309.723982,-309.723037,-309.761531,CC1C=CCC1O,"InChI=1S/C6H10O/c1-5-3-2-4-6(5)7/h2-3,5-7H,4H2,1H3"
gdb_2148,3.43018,2.83269,1.81503,0.1293,71.81,-0.2345,0.0292,0.2637,772.1444,0.172517,-273.803873,-273.79658,-273.795636,-273.834701,CC1CC=CC1C,"InChI=1S/C7H12/c1-6-4-3-5-7(6)2/h3-4,6-7H,5H2,1-2H3"
gdb_2149,3.55485,2.90776,1.8561,1.6336,64.77,-0.2501,0.012,0.2621,726.6992,0.149145,-309.731169,-309.724095,-309.72315,-309.761939,CC1CC=CC1O,"InChI=1S/C6H10O/c1-5-3-2-4-6(5)7/h2,4-7H,3H2,1H3"
gdb_2150,3.45709,3.24995,1.91266,1.7673,60.21,-0.2442,0.0254,0.2696,698.9116,0.13761,-325.800532,-325.793567,-325.792623,-325.831866,CC1OC=NC1C,"InChI=1S/C5H9NO/c1-4-5(2)7-3-6-4/h3-5H,1-2H3"
gdb_2151,3.721,3.03359,1.93442,1.0376,57.79,-0.2527,0.0085,0.2612,672.6549,0.126112,-345.658313,-345.651648,-345.650704,-345.688964,OC1CC=CC1O,"InChI=1S/C5H8O2/c6-4-2-1-3-5(4)7/h1-2,4-7H,3H2"
gdb_2152,3.50196,2.76747,1.77536,1.4717,66.05,-0.2389,0.0226,0.2615,756.0014,0.148871,-309.737802,-309.730478,-309.729534,-309.769031,CC1=CCCC1O,"InChI=1S/C6H10O/c1-5-3-2-4-6(5)7/h3,6-7H,2,4H2,1H3"
gdb_2153,3.35545,2.79855,1.64619,0.2568,73.44,-0.2239,0.0359,0.2598,813.6284,0.172154,-273.8121,-273.804551,-273.803607,-273.843351,CC1CCC=C1C,"InChI=1S/C7H12/c1-6-4-3-5-7(6)2/h4,7H,3,5H2,1-2H3"
gdb_2154,3.50778,2.90903,1.74748,1.6775,66.64,-0.2248,0.0252,0.25,758.3742,0.147907,-309.733829,-309.72643,-309.725486,-309.765125,CC1OCC=C1C,"InChI=1S/C6H10O/c1-5-3-4-7-6(5)2/h3,6H,4H2,1-2H3"
gdb_2155,3.5273,2.843,1.69921,2.7225,63.71,-0.234,-0.0123,0.2218,760.255,0.148988,-309.763785,-309.756773,-309.755829,-309.794758,CC1CCCC1=O,"InChI=1S/C6H10O/c1-5-3-2-4-6(5)7/h5H,2-4H2,1H3"
gdb_2156,3.58744,2.99509,1.74506,3.654,60.72,-0.2366,0.037,0.2736,729.3758,0.138754,-325.833945,-325.827092,-325.826148,-325.864649,CC1CCNC1=O,"InChI=1S/C5H9NO/c1-4-2-3-6-5(4)7/h4H,2-3H2,1H3,(H,6,7)"
gdb_2157,3.40428,3.10914,1.93664,3.015,61.24,-0.254,0.0303,0.2843,703.3651,0.13862,-325.805781,-325.799054,-325.79811,-325.836428,CC1CCOC1=N,"InChI=1S/C5H9NO/c1-4-2-3-7-5(4)6/h4,6H,2-3H2,1H3"
gdb_2158,3.66057,3.0529,1.77911,4.1989,56.53,-0.2629,0.015,0.2779,707.4326,0.126345,-345.710017,-345.703435,-345.702491,-345.740519,CC1CCOC1=O,"InChI=1S/C5H8O2/c1-4-2-3-7-5(4)6/h4H,2-3H2,1H3"
gdb_2159,3.66433,2.93351,1.74432,1.7816,56.75,-0.2424,-0.0247,0.2177,714.6572,0.125,-345.678211,-345.671405,-345.670461,-345.709025,CC1COCC1=O,"InChI=1S/C5H8O2/c1-4-2-7-3-5(4)6/h4H,2-3H2,1H3"
gdb_2160,3.43606,3.13588,1.88416,1.7119,56.66,-0.2422,-0.0251,0.2171,692.8027,0.12495,-345.680831,-345.67403,-345.673086,-345.711706,CC1OCCC1=O,"InChI=1S/C5H8O2/c1-4-5(6)2-3-7-4/h4H,2-3H2,1H3"
gdb_2161,3.57382,3.26867,1.96367,1.7241,54.25,-0.2689,0.0189,0.2878,662.3345,0.114285,-361.729115,-361.722539,-361.721595,-361.759768,CC1OCOC1=N,"InChI=1S/C4H7NO2/c1-3-4(5)7-2-6-3/h3,5H,2H2,1H3"
gdb_2162,3.57354,3.32165,1.96525,2.7333,49.55,-0.2742,0.0009,0.2751,646.5752,0.102021,-381.630276,-381.623783,-381.622839,-381.661018,CC1OCOC1=O,"InChI=1S/C4H6O3/c1-3-4(5)7-2-6-3/h3H,2H2,1H3"
gdb_2163,3.76539,2.98471,1.75121,3.6417,61.72,-0.2337,0.0377,0.2714,726.7783,0.138617,-325.830752,-325.823815,-325.822871,-325.861628,CN1CCCC1=O,"InChI=1S/C5H9NO/c1-6-4-2-3-5(6)7/h2-4H2,1H3"
gdb_2164,3.87419,3.13354,1.80854,3.8231,58.06,-0.2323,0.0627,0.295,693.8648,0.127706,-341.886905,-341.880196,-341.879252,-341.917425,CN1CCNC1=O,"InChI=1S/C4H8N2O/c1-6-3-2-5-4(6)7/h2-3H2,1H3,(H,5,7)"
gdb_2165,3.92324,3.19785,1.83245,4.7708,54.09,-0.2473,0.0552,0.3025,675.3106,0.115137,-361.764434,-361.757801,-361.756857,-361.795133,CN1CCOC1=O,"InChI=1S/C4H7NO2/c1-5-2-3-7-4(5)6/h2-3H2,1H3"
gdb_2166,3.68939,3.11031,1.79971,3.2035,52.83,-0.2438,0.0095,0.2533,681.764,0.115622,-361.752301,-361.745829,-361.744885,-361.78268,NC1CCOC1=O,"InChI=1S/C4H7NO2/c5-3-1-2-7-4(3)6/h3H,1-2,5H2"
gdb_2167,3.76965,2.8961,1.75351,2.7236,56.55,-0.2511,-0.0276,0.2234,706.8248,0.125666,-345.687671,-345.681103,-345.680159,-345.718144,OC1CCCC1=O,"InChI=1S/C5H8O2/c6-4-2-1-3-5(4)7/h4,6H,1-3H2"
gdb_2168,3.80515,3.0647,1.79907,3.7646,53.56,-0.2508,0.0249,0.2757,677.2732,0.115455,-361.758032,-361.751625,-361.75068,-361.788262,OC1CCNC1=O,"InChI=1S/C4H7NO2/c6-3-1-2-5-4(3)7/h3,6H,1-2H2,(H,5,7)"
gdb_2169,3.81949,3.11023,1.81928,2.6161,54.34,-0.2693,0.0189,0.2882,673.3919,0.115102,-361.73193,-361.725633,-361.724689,-361.762049,OC1CCOC1=N,"InChI=1S/C4H7NO2/c5-4-3(6)1-2-7-4/h3,5-6H,1-2H2"
gdb_2170,3.83701,3.14546,1.83386,3.2874,49.46,-0.2735,0.001,0.2745,656.1992,0.102939,-381.632242,-381.626073,-381.625129,-381.662309,OC1CCOC1=O,"InChI=1S/C4H6O3/c5-3-1-2-7-4(3)6/h3,5H,1-2H2"
gdb_2171,3.8518,2.93944,1.77902,2.1857,53.,-0.234,-0.0338,0.2002,682.0474,0.114535,-361.721849,-361.715404,-361.71446,-361.752165,OC1CNCC1=O,"InChI=1S/C4H7NO2/c6-3-1-5-2-4(3)7/h3,5-6H,1-2H2"
gdb_2172,3.9049,2.99457,1.80086,0.9271,49.82,-0.2592,-0.0409,0.2183,662.1434,0.101658,-381.59931,-381.592966,-381.592022,-381.629578,OC1COCC1=O,"InChI=1S/C4H6O3/c5-3-1-7-2-4(3)6/h3,5H,1-2H2"
gdb_2173,3.29579,2.61041,1.71473,0.1274,73.43,-0.2965,0.0785,0.375,830.2232,0.196419,-275.010289,-275.002547,-275.001603,-275.042396,CC1CCCC1C,"InChI=1S/C7H14/c1-6-4-3-5-7(6)2/h6-7H,3-5H2,1-2H3"
gdb_2174,3.59653,2.5718,1.89484,1.3559,66.53,-0.2603,0.0684,0.3287,764.9941,0.172695,-310.938583,-310.930911,-310.929967,-310.970575,CC1CCCC1O,"InChI=1S/C6H12O/c1-5-3-2-4-6(5)7/h5-7H,2-4H2,1H3"
gdb_2175,3.43052,2.75893,1.8779,1.3727,66.68,-0.242,0.0788,0.3208,765.9276,0.172358,-310.935212,-310.927583,-310.926639,-310.967122,CC1CCOC1C,"InChI=1S/C6H12O/c1-5-3-4-7-6(5)2/h5-6H,3-4H2,1-2H3"
gdb_2176,3.40886,2.71166,1.73957,1.5735,66.26,-0.2442,0.0755,0.3197,785.7238,0.172695,-310.929561,-310.922046,-310.921102,-310.961572,CC1COCC1C,"InChI=1S/C6H12O/c1-5-3-7-4-6(5)2/h5-6H,3-4H2,1-2H3"
gdb_2177,3.72246,2.68778,1.90955,1.6936,59.79,-0.2408,0.0672,0.308,722.4396,0.148723,-346.856604,-346.849193,-346.848249,-346.887988,CC1COCC1O,"InChI=1S/C5H10O2/c1-4-2-7-3-5(4)6/h4-6H,2-3H2,1H3"
gdb_2178,3.60229,2.86094,1.9743,2.6327,60.09,-0.2374,0.0646,0.302,710.8438,0.148667,-346.86045,-346.853109,-346.852165,-346.891775,CC1OCCC1O,"InChI=1S/C5H10O2/c1-4-5(6)2-3-7-4/h4-6H,2-3H2,1H3"
gdb_2179,3.53708,2.95039,1.88725,1.314,59.91,-0.2495,0.0859,0.3354,724.3483,0.148462,-346.862839,-346.855561,-346.854617,-346.894191,CC1OCOC1C,"InChI=1S/C5H10O2/c1-4-5(2)7-3-6-4/h4-5H,3H2,1-2H3"
gdb_2180,3.60712,2.7382,1.79845,0.7072,59.22,-0.252,0.0647,0.3167,732.0326,0.149853,-346.865438,-346.858287,-346.857343,-346.896859,OC1CCCC1O,"InChI=1S/C5H10O2/c6-4-2-1-3-5(4)7/h4-7H,1-3H2"
gdb_2181,3.76038,2.8335,1.83757,1.593,52.27,-0.2502,0.0524,0.3026,686.9143,0.125991,-382.782251,-382.775391,-382.774446,-382.813451,OC1COCC1O,"InChI=1S/C4H8O3/c5-3-1-7-2-4(3)6/h3-6H,1-2H2"
gdb_2182,3.52738,2.6688,1.82504,3.3227,57.61,-0.2386,-0.0168,0.2218,719.9345,0.123285,-345.660459,-345.653031,-345.652087,-345.691978,CC1C(O)CC1=O,"InChI=1S/C5H8O2/c1-3-4(6)2-5(3)7/h3-4,6H,2H2,1H3"
gdb_2183,3.41178,2.57698,1.77682,2.803,64.22,-0.2358,-0.0148,0.221,768.4239,0.147105,-309.736479,-309.728874,-309.72793,-309.768068,CC1CC(=O)C1C,"InChI=1S/C6H10O/c1-4-3-6(7)5(4)2/h4-5H,3H2,1-2H3"
gdb_2184,3.37617,2.7709,1.95842,2.1808,57.04,-0.25,-0.0271,0.2229,700.6485,0.123459,-345.659998,-345.652546,-345.651602,-345.691388,CC1CC(=O)C1O,"InChI=1S/C5H8O2/c1-3-2-4(6)5(3)7/h3,5,7H,2H2,1H3"
gdb_2185,3.86842,2.49421,1.67658,3.7929,62.62,-0.2392,0.0405,0.2797,768.9361,0.136329,-325.808754,-325.801157,-325.800213,-325.840453,CC1CC(=O)N1C,"InChI=1S/C5H9NO/c1-4-3-5(7)6(4)2/h4H,3H2,1-2H3"
gdb_2186,3.90717,2.43065,1.6309,2.5704,62.21,-0.2291,-0.0213,0.2078,778.9351,0.134884,-325.771459,-325.763875,-325.762931,-325.802997,CC1N(C)CC1=O,"InChI=1S/C5H9NO/c1-4-5(7)3-6(4)2/h4H,3H2,1-2H3"
gdb_2187,3.95612,2.4364,1.71093,3.7455,61.29,-0.2416,0.039,0.2807,759.1269,0.136275,-325.809558,-325.801964,-325.80102,-325.841179,CC1NC(=O)C1C,"InChI=1S/C5H9NO/c1-3-4(2)6-5(3)7/h3-4H,1-2H3,(H,6,7)"
gdb_2188,4.07184,2.54646,1.81395,2.7306,54.2,-0.2494,0.0209,0.2703,701.4617,0.112759,-361.731388,-361.724011,-361.723067,-361.762805,CC1NC(=O)C1O,"InChI=1S/C4H7NO2/c1-2-3(6)4(7)5-2/h2-3,6H,1H3,(H,5,7)"
gdb_2189,3.83395,2.55504,1.75926,2.7873,61.81,-0.2579,0.0309,0.2888,750.7001,0.136421,-325.788368,-325.781013,-325.780069,-325.819646,CC1OC(=N)C1C,"InChI=1S/C5H9NO/c1-3-4(2)7-5(3)6/h3-4,6H,1-2H3"
gdb_2190,3.82889,2.61094,1.79849,1.6311,58.28,-0.2475,0.0213,0.2688,723.7905,0.125617,-341.831947,-341.824619,-341.823675,-341.863249,CC1OC(=N)C1N,"InChI=1S/C4H8N2O/c1-2-3(5)4(6)7-2/h2-3,6H,5H2,1H3"
gdb_2191,4.0124,2.63389,1.84707,1.3941,54.81,-0.27,0.0136,0.2836,696.4122,0.112651,-361.710525,-361.703268,-361.702324,-361.741886,CC1OC(=N)C1O,"InChI=1S/C4H7NO2/c1-2-3(6)4(5)7-2/h2-3,5-6H,1H3"
gdb_2192,3.84376,2.57461,1.76901,4.1896,56.78,-0.2678,0.0133,0.281,732.6435,0.124405,-345.693035,-345.685824,-345.68488,-345.724222,CC1OC(=O)C1C,"InChI=1S/C5H8O2/c1-3-4(2)7-5(3)6/h3-4H,1-2H3"
gdb_2193,3.84767,2.6213,1.80235,3.1797,53.3,-0.246,0.0039,0.2499,707.1464,0.113596,-361.735863,-361.728698,-361.727754,-361.767029,CC1OC(=O)C1N,"InChI=1S/C4H7NO2/c1-2-3(5)4(6)7-2/h2-3H,5H2,1H3"
gdb_2194,4.0572,2.63134,1.84225,2.9275,49.93,-0.2659,-0.003,0.2629,681.6803,0.100613,-381.612946,-381.605844,-381.6049,-381.6442,CC1OC(=O)C1O,"InChI=1S/C4H6O3/c1-2-3(5)4(6)7-2/h2-3,5H,1H3"
gdb_2195,3.5504,2.78274,1.94873,4.0868,50.32,-0.2346,-0.0261,0.2084,665.1631,0.100182,-381.582831,-381.575897,-381.574953,-381.613596,OC1CC(=O)C1O,"InChI=1S/C4H6O3/c5-2-1-3(6)4(2)7/h2,4-5,7H,1H2"
gdb_2196,4.03952,2.21376,1.63916,2.6203,64.71,-0.2335,-0.0142,0.2193,811.4194,0.146976,-309.739069,-309.731252,-309.730308,-309.771021,CC1CC(C)C1=O,"InChI=1S/C6H10O/c1-4-3-5(2)6(4)7/h4-5H,3H2,1-2H3"
gdb_2197,4.43937,2.22385,1.65766,2.2941,57.51,-0.2475,-0.0259,0.2217,759.9654,0.123533,-345.66052,-345.652979,-345.652035,-345.692086,CC1CC(O)C1=O,"InChI=1S/C5H8O2/c1-3-2-4(6)5(3)7/h3-4,6H,2H2,1H3"
gdb_2198,4.21069,2.31738,1.65471,3.4935,62.9,-0.24,0.0387,0.2787,784.9313,0.136523,-325.806369,-325.798669,-325.797725,-325.83824,CC1CN(C)C1=O,"InChI=1S/C5H9NO/c1-4-3-6(2)5(4)7/h4H,3H2,1-2H3"
gdb_2199,3.82638,2.35032,1.71598,2.5618,61.64,-0.241,-0.0222,0.2188,778.6803,0.135525,-325.779568,-325.771919,-325.770975,-325.811299,CC1NC(C)C1=O,"InChI=1S/C5H9NO/c1-3-5(7)4(2)6-3/h3-4,6H,1-2H3"
gdb_2200,3.57419,2.53247,1.82212,0.9851,57.86,-0.2511,-0.0299,0.2213,742.7165,0.122875,-345.661657,-345.654119,-345.653175,-345.693378,CC1OC(C)C1=O,"InChI=1S/C5H8O2/c1-3-5(6)4(2)7-3/h3-4H,1-2H3"
gdb_2201,4.30733,2.37859,1.67745,2.586,55.65,-0.244,0.0238,0.2678,737.3319,0.112938,-361.726166,-361.718687,-361.717743,-361.757895,CN1CC(O)C1=O,"InChI=1S/C4H7NO2/c1-5-2-3(6)4(5)7/h3,6H,2H2,1H3"
gdb_2202,4.77857,2.26281,1.70441,1.0151,50.46,-0.2582,-0.0386,0.2196,703.6578,0.100187,-381.581478,-381.574371,-381.573427,-381.612486,OC1CC(O)C1=O,"InChI=1S/C4H6O3/c5-2-1-3(6)4(2)7/h2-3,5-6H,1H2"
gdb_2203,4.21475,2.21729,1.71126,2.6126,59.99,-0.2464,0.0678,0.3141,765.6238,0.14727,-346.837271,-346.829376,-346.828432,-346.868855,CC1C(O)CC1O,"InChI=1S/C5H10O2/c1-3-4(6)2-5(3)7/h3-7H,2H2,1H3"
gdb_2204,4.01416,2.07428,1.61846,0.1391,74.19,-0.2775,0.08,0.3575,874.545,0.194624,-274.987123,-274.978912,-274.977968,-275.018819,CC1CC(C)C1C,"InChI=1S/C7H14/c1-5-4-6(2)7(5)3/h5-7H,4H2,1-3H3"
gdb_2205,3.12009,2.54906,1.95743,1.4024,66.36,-0.2489,0.0614,0.3103,776.9339,0.171064,-310.912788,-310.904742,-310.903798,-310.944517,CC1CC(C)C1O,"InChI=1S/C6H12O/c1-4-3-5(2)6(4)7/h4-7H,3H2,1-2H3"
gdb_2206,4.12659,2.13947,1.66289,1.3159,67.05,-0.251,0.0742,0.3251,819.7929,0.170964,-310.912796,-310.904739,-310.903794,-310.944433,CC1CC(O)C1C,"InChI=1S/C6H12O/c1-4-3-6(7)5(4)2/h4-7H,3H2,1-2H3"
gdb_2207,4.3537,2.20686,1.74074,1.1573,59.9,-0.2467,0.0564,0.3031,765.9355,0.14793,-346.841762,-346.834126,-346.833182,-346.873175,CC1CC(O)C1O,"InChI=1S/C5H10O2/c1-3-2-4(6)5(3)7/h3-7H,2H2,1H3"
gdb_2208,3.65379,2.36165,1.77357,1.6289,67.15,-0.2377,0.0821,0.3199,807.0515,0.170548,-310.915918,-310.907806,-310.906862,-310.948151,CC1OC(C)C1C,"InChI=1S/C6H12O/c1-4-5(2)7-6(4)3/h4-6H,1-3H3"
gdb_2209,3.70002,2.44779,1.85398,0.2336,60.12,-0.2487,0.0547,0.3035,755.893,0.146997,-346.841836,-346.833931,-346.832986,-346.87414,CC1OC(C)C1O,"InChI=1S/C5H10O2/c1-3-5(6)4(2)7-3/h3-6H,1-2H3"
gdb_2210,4.49993,2.30686,1.82287,2.9727,52.36,-0.2465,0.0533,0.2998,704.5716,0.124777,-382.768883,-382.761817,-382.760873,-382.799769,OC1CC(O)C1O,"InChI=1S/C4H8O3/c5-2-1-3(6)4(2)7/h2-7H,1H2"
gdb_2211,3.39429,3.08162,2.18688,0.1272,70.47,-0.2572,0.0843,0.3415,714.1382,0.172445,-273.765811,-273.758822,-273.757877,-273.797156,CC12CCC1CC2,"InChI=1S/C7H12/c1-7-4-2-6(7)3-5-7/h6H,2-5H2,1H3"
gdb_2212,3.6237,3.19459,2.27907,1.6443,63.48,-0.2366,0.0782,0.3148,667.264,0.148616,-309.692577,-309.685927,-309.684983,-309.722913,CC12CCC1CO2,"InChI=1S/C6H10O/c1-6-3-2-5(6)4-7-6/h5H,2-4H2,1H3"
gdb_2213,3.599,3.14612,2.23168,1.8333,63.45,-0.2382,0.0719,0.3101,672.7954,0.148765,-309.688639,-309.68199,-309.681046,-309.719025,CC12CCC1OC2,"InChI=1S/C6H10O/c1-6-3-2-5(6)7-4-6/h5H,2-4H2,1H3"
gdb_2214,3.8296,3.26748,2.31662,1.4973,56.51,-0.2441,0.0603,0.3044,627.7238,0.124807,-345.612257,-345.605915,-345.604971,-345.64222,CC12COC1CO2,"InChI=1S/C5H8O2/c1-5-3-6-4(5)2-7-5/h4H,2-3H2,1H3"
gdb_2215,3.44206,3.20206,2.24069,1.2177,63.23,-0.2444,0.0766,0.321,669.785,0.148619,-309.692095,-309.685244,-309.684299,-309.723696,OC12CCC1CC2,"InChI=1S/C6H10O/c7-6-3-1-5(6)2-4-6/h5,7H,1-4H2"
gdb_2216,3.652,3.26886,2.285,2.4157,56.28,-0.2405,0.0584,0.2989,628.8657,0.124815,-345.612787,-345.606231,-345.605287,-345.643243,OC12CCC1OC2,"InChI=1S/C5H8O2/c6-5-2-1-4(5)7-3-5/h4,6H,1-3H2"
gdb_2217,3.52347,2.80587,2.13625,1.2943,64.16,-0.2392,0.0778,0.317,703.03,0.148316,-309.68974,-309.682658,-309.681713,-309.720174,CC12CCC1C2O,"InChI=1S/C6H10O/c1-6-3-2-4(6)5(6)7/h4-5,7H,2-3H2,1H3"
gdb_2218,3.82361,2.82753,2.15141,1.8343,56.46,-0.2338,0.059,0.2928,663.8801,0.124551,-345.603646,-345.596955,-345.596011,-345.633826,CC12COC1C2O,"InChI=1S/C5H8O2/c1-5-2-7-4(5)3(5)6/h3-4,6H,2H2,1H3"
gdb_2219,3.76375,2.88713,2.26359,1.7993,56.63,-0.233,0.0665,0.2995,652.5971,0.124552,-345.60818,-345.601516,-345.600572,-345.638285,CC12OCC1C2O,"InChI=1S/C5H8O2/c1-5-3(2-7-5)4(5)6/h3-4,6H,2H2,1H3"
gdb_2220,3.38628,2.72821,2.05233,0.2271,71.45,-0.2394,0.0916,0.331,754.5596,0.171811,-273.76442,-273.757051,-273.756107,-273.795136,CC1C2CCC12C,"InChI=1S/C7H12/c1-5-6-3-4-7(5,6)2/h5-6H,3-4H2,1-2H3"
gdb_2221,3.44373,2.80183,2.08965,1.252,63.9,-0.2432,0.0822,0.3255,709.7403,0.148127,-309.687405,-309.680274,-309.67933,-309.717929,CC1C2CCC12O,"InChI=1S/C6H10O/c1-4-5-2-3-6(4,5)7/h4-5,7H,2-3H2,1H3"
gdb_2222,3.63591,2.79649,2.16135,1.5474,64.28,-0.2277,0.0832,0.3109,705.2911,0.147728,-309.684108,-309.676964,-309.676019,-309.714703,CC1C2COC12C,"InChI=1S/C6H10O/c1-4-5-3-7-6(4,5)2/h4-5H,3H2,1-2H3"
gdb_2223,3.5915,2.78296,2.08,1.7883,64.1,-0.2284,0.0799,0.3083,714.6112,0.147788,-309.67984,-309.672685,-309.67174,-309.710496,CC1C2OCC12C,"InChI=1S/C6H10O/c1-4-5-6(4,2)3-7-5/h4-5H,3H2,1-2H3"
gdb_2224,3.60653,2.89174,2.12636,1.1593,56.82,-0.2254,0.0633,0.2887,668.9154,0.124238,-345.601318,-345.59458,-345.593635,-345.631523,CC1C2OCC12O,"InChI=1S/C5H8O2/c1-3-4-5(3,6)2-7-4/h3-4,6H,2H2,1H3"
gdb_2225,3.567,2.89379,2.17424,1.1851,56.7,-0.2425,0.0728,0.3153,658.6981,0.124619,-345.61258,-345.605747,-345.604803,-345.642809,OC1C2CCC12O,"InChI=1S/C5H8O2/c6-4-3-1-2-5(3,4)7/h3-4,6-7H,1-2H2"
gdb_2226,3.86004,2.92095,2.19271,1.1029,49.09,-0.2346,0.0545,0.2891,619.244,0.100897,-381.524347,-381.517963,-381.517019,-381.554215,OC1C2OCC12O,"InChI=1S/C4H6O3/c5-2-3-4(2,6)1-7-3/h2-3,5-6H,1H2"
gdb_2227,4.61705,2.73373,2.15762,0.2494,68.57,-0.2226,0.0252,0.2478,678.0911,0.149559,-272.587059,-272.580724,-272.57978,-272.616667,CC12CC1C=CC2,"InChI=1S/C7H10/c1-7-4-2-3-6(7)5-7/h2-3,6H,4-5H2,1H3"
gdb_2228,4.96069,2.98196,2.33134,1.8088,56.61,-0.2423,0.018,0.2603,604.8805,0.114432,-324.57756,-324.571657,-324.570713,-324.606914,CC12CC1N=CO2,"InChI=1S/C5H7NO/c1-5-2-4(5)6-3-7-5/h3-4H,2H2,1H3"
gdb_2229,4.82261,2.75718,2.16838,1.5596,64.71,-0.2247,0.0093,0.2339,658.4089,0.138352,-288.630839,-288.624648,-288.623704,-288.660359,CC12CC=CC1N2,"InChI=1S/C6H9N/c1-6-4-2-3-5(6)7-6/h2-3,5,7H,4H2,1H3"
gdb_2230,4.99766,2.77646,2.17986,1.8302,60.89,-0.2424,0.0043,0.2467,643.5451,0.125301,-308.513124,-308.506978,-308.506034,-308.542643,CC12CC=CC1O2,"InChI=1S/C6H8O/c1-6-4-2-3-5(6)7-6/h2-3,5H,4H2,1H3"
gdb_2231,4.73868,2.80991,2.20635,1.3468,61.35,-0.2267,0.0207,0.2474,633.4838,0.125898,-308.509272,-308.503236,-308.502292,-308.538578,OC12CC1C=CC2,"InChI=1S/C6H8O/c7-6-3-1-2-5(6)4-6/h1-2,5,7H,3-4H2"
gdb_2232,4.59327,2.69953,2.15574,0.1828,68.85,-0.223,0.0254,0.2484,683.4703,0.149586,-272.587161,-272.5808,-272.579856,-272.616798,CC12CC1CC=C2,"InChI=1S/C7H10/c1-7-4-2-3-6(7)5-7/h2,4,6H,3,5H2,1H3"
gdb_2233,4.98884,2.92558,2.31191,1.4069,56.62,-0.2433,0.0173,0.2607,608.8823,0.114403,-324.57608,-324.570177,-324.569233,-324.605432,CC12CC1OC=N2,"InChI=1S/C5H7NO/c1-5-2-4(5)7-3-6-5/h3-4H,2H2,1H3"
gdb_2234,4.79023,2.74459,2.16092,1.5904,65.25,-0.2264,0.0198,0.2462,664.0798,0.138177,-288.627505,-288.621297,-288.620353,-288.657028,CC12NC1CC=C2,"InChI=1S/C6H9N/c1-6-4-2-3-5(6)7-6/h2,4-5,7H,3H2,1H3"
gdb_2235,4.96428,2.77247,2.16885,1.8071,61.24,-0.2417,0.0064,0.2481,647.8958,0.125258,-308.513516,-308.507357,-308.506413,-308.543051,CC12OC1CC=C2,"InChI=1S/C6H8O/c1-6-4-2-3-5(6)7-6/h2,4-5H,3H2,1H3"
gdb_2236,4.71385,2.77565,2.20187,1.2709,61.33,-0.2276,0.0209,0.2485,638.4994,0.125817,-308.508824,-308.502727,-308.501783,-308.538206,OC12CC1CC=C2,"InChI=1S/C6H8O/c7-6-3-1-2-5(6)4-6/h1,3,5,7H,2,4H2"
gdb_2237,4.35147,2.52978,2.07111,0.1615,70.51,-0.2527,0.0893,0.342,729.8344,0.173815,-273.796695,-273.790045,-273.789101,-273.826619,CC12CC1CCC2,"InChI=1S/C7H12/c1-7-4-2-3-6(7)5-7/h6H,2-5H2,1H3"
gdb_2238,4.45208,2.72222,2.19008,1.2516,63.42,-0.2241,0.0887,0.3127,678.7449,0.149442,-309.715058,-309.708558,-309.707614,-309.744945,CC12CC1CCO2,"InChI=1S/C6H10O/c1-6-4-5(6)2-3-7-6/h5H,2-4H2,1H3"
gdb_2239,4.59453,2.61551,2.14475,1.6121,63.62,-0.2473,0.0928,0.3401,682.8931,0.14979,-309.716094,-309.709648,-309.708704,-309.745933,CC12CC1COC2,"InChI=1S/C6H10O/c1-6-2-5(6)3-7-4-6/h5H,2-4H2,1H3"
gdb_2240,4.58747,2.60341,2.12855,1.4675,63.16,-0.2238,0.0895,0.3134,686.5542,0.14951,-309.711468,-309.70496,-309.704016,-309.741379,CC12CC1OCC2,"InChI=1S/C6H10O/c1-6-2-3-7-5(6)4-6/h5H,2-4H2,1H3"
gdb_2241,4.71985,2.80392,2.25394,1.1156,56.16,-0.2269,0.0924,0.3193,635.958,0.125137,-345.632414,-345.626092,-345.625148,-345.662221,CC12CC1OCO2,"InChI=1S/C5H8O2/c1-5-2-4(5)6-3-7-5/h4H,2-3H2,1H3"
gdb_2242,4.69754,2.59769,2.09722,1.7965,63.26,-0.2513,0.093,0.3443,692.2034,0.149407,-309.728265,-309.721728,-309.720784,-309.758217,CC12CCCC1O2,"InChI=1S/C6H10O/c1-6-4-2-3-5(6)7-6/h5H,2-4H2,1H3"
gdb_2243,4.80131,2.64764,2.1585,1.274,59.95,-0.2445,0.0925,0.337,662.2511,0.138519,-325.760797,-325.754485,-325.753541,-325.790579,CC12COCC1N2,"InChI=1S/C5H9NO/c1-5-3-7-2-4(5)6-5/h4,6H,2-3H2,1H3"
gdb_2244,4.93672,2.67559,2.14919,2.4278,56.55,-0.2523,0.0931,0.3454,649.9548,0.125231,-345.641862,-345.635507,-345.634563,-345.671779,CC12COCC1O2,"InChI=1S/C5H8O2/c1-5-3-6-2-4(5)7-5/h4H,2-3H2,1H3"
gdb_2245,4.4427,2.59907,2.1185,1.2444,63.15,-0.2494,0.0836,0.3331,683.5982,0.150087,-309.719641,-309.713259,-309.712315,-309.749314,OC12CC1CCC2,"InChI=1S/C6H10O/c7-6-3-1-2-5(6)4-6/h5,7H,1-4H2"
gdb_2246,4.69019,2.68669,2.19263,1.3819,56.33,-0.2514,0.0725,0.3239,637.6785,0.126063,-345.637174,-345.631008,-345.630064,-345.666737,OC12CC1COC2,"InChI=1S/C5H8O2/c6-5-1-4(5)2-7-3-5/h4,6H,1-3H2"
gdb_2247,4.6898,2.67486,2.17646,2.3383,55.94,-0.2266,0.0755,0.302,641.0189,0.125807,-345.633122,-345.62692,-345.625976,-345.662734,OC12CC1OCC2,"InChI=1S/C5H8O2/c6-5-1-2-7-4(5)3-5/h4,6H,1-3H2"
gdb_2248,3.68098,3.10978,2.01821,3.1281,61.82,-0.237,-0.0047,0.2322,673.7932,0.124635,-308.51707,-308.510408,-308.509464,-308.547438,CC12CC1CC2=O,"InChI=1S/C6H8O/c1-6-3-4(6)2-5(6)7/h4H,2-3H2,1H3"
gdb_2249,3.91645,3.01251,2.09088,3.5669,57.93,-0.242,0.0113,0.2532,650.2804,0.113773,-324.574476,-324.568064,-324.56712,-324.604501,CC12CC1NC2=O,"InChI=1S/C5H7NO/c1-5-2-3(5)6-4(5)7/h3H,2H2,1H3,(H,6,7)"
gdb_2250,3.95502,3.09738,2.07201,2.6062,58.81,-0.2582,0.0219,0.2801,650.2931,0.113308,-324.551244,-324.544847,-324.543903,-324.581267,CC12CC1OC2=N,"InChI=1S/C5H7NO/c1-5-2-3(5)7-4(5)6/h3,6H,2H2,1H3"
gdb_2251,3.99683,3.10183,2.08404,4.1997,53.67,-0.2735,0.0032,0.2767,633.8552,0.101287,-344.454717,-344.448462,-344.447517,-344.484701,CC12CC1OC2=O,"InChI=1S/C5H6O2/c1-5-2-3(5)7-4(5)6/h3H,2H2,1H3"
gdb_2252,3.82335,3.15146,2.06423,2.1085,58.4,-0.2437,-0.0201,0.2236,649.5821,0.112905,-324.554067,-324.547542,-324.546597,-324.584366,CC12CN1CC2=O,"InChI=1S/C5H7NO/c1-5-3-6(5)2-4(5)7/h2-3H2,1H3"
gdb_2253,3.8015,3.11204,2.02353,3.6385,58.29,-0.2347,-0.0135,0.2212,656.7162,0.112946,-324.551643,-324.545092,-324.544148,-324.581913,CC12NC1CC2=O,"InChI=1S/C5H7NO/c1-5-3(6-5)2-4(5)7/h3,6H,2H2,1H3"
gdb_2254,3.88863,3.11379,2.03647,2.7448,54.44,-0.2423,-0.0253,0.217,641.8881,0.10012,-344.434906,-344.428428,-344.427484,-344.465167,CC12OC1CC2=O,"InChI=1S/C5H6O2/c1-5-3(6)2-4(5)7-5/h4H,2H2,1H3"
gdb_2255,4.08646,3.11142,2.09071,1.5596,55.26,-0.2443,0.0186,0.2629,626.2045,0.102641,-340.59595,-340.58981,-340.588866,-340.625606,NC12CC1OC2=N,"InChI=1S/C4H6N2O/c5-3-4(6)1-2(4)7-3/h2,5H,1,6H2"
gdb_2256,4.13809,3.10508,2.1007,3.3424,50.13,-0.2483,0.,0.2484,610.2028,0.090612,-360.499088,-360.493101,-360.492157,-360.528675,NC12CC1OC2=O,"InChI=1S/C4H5NO2/c5-4-1-2(4)7-3(4)6/h2H,1,5H2"
gdb_2257,3.87018,3.10864,2.05454,3.1289,54.68,-0.2363,-0.0111,0.2253,632.6654,0.100868,-344.4365,-344.430125,-344.429181,-344.466541,OC12CC1CC2=O,"InChI=1S/C5H6O2/c6-4-1-3-2-5(3,4)7/h3,7H,1-2H2"
gdb_2258,4.11833,3.02182,2.12585,3.469,50.79,-0.2401,0.0034,0.2435,609.1441,0.090112,-360.492675,-360.486607,-360.485663,-360.522299,OC12CC1NC2=O,"InChI=1S/C4H5NO2/c6-3-4(7)1-2(4)5-3/h2,7H,1H2,(H,5,6)"
gdb_2259,4.15409,3.11046,2.11522,2.2974,51.78,-0.2623,0.0144,0.2767,608.5618,0.089574,-360.469291,-360.463236,-360.462292,-360.498908,OC12CC1OC2=N,"InChI=1S/C4H5NO2/c5-3-4(6)1-2(4)7-3/h2,5-6H,1H2"
gdb_2260,4.20817,3.10697,2.12182,4.028,46.69,-0.2686,-0.0049,0.2637,592.8122,0.077607,-380.372151,-380.366276,-380.365332,-380.401668,OC12CC1OC2=O,"InChI=1S/C4H4O3/c5-3-4(6)1-2(4)7-3/h2,6H,1H2"
gdb_2261,3.57308,2.75634,2.11342,1.316,64.22,-0.2446,0.0773,0.3219,705.5529,0.148163,-309.691634,-309.684511,-309.683567,-309.722219,CC12CC1CC2O,"InChI=1S/C6H10O/c1-6-3-4(6)2-5(6)7/h4-5,7H,2-3H2,1H3"
gdb_2262,3.71259,2.78216,2.14824,1.752,60.53,-0.23,0.0648,0.2949,682.7732,0.136497,-325.730097,-325.723075,-325.72213,-325.76065,CC12CN1CC2O,"InChI=1S/C5H9NO/c1-5-3-6(5)2-4(5)7/h4,7H,2-3H2,1H3"
gdb_2263,3.70219,2.7976,2.17476,2.7166,60.45,-0.2323,0.0745,0.3068,678.7524,0.137289,-325.735821,-325.729084,-325.72814,-325.766048,CC12NC1CC2O,"InChI=1S/C5H9NO/c1-5-3(6-5)2-4(5)7/h3-4,6-7H,2H2,1H3"
gdb_2264,3.7752,2.85273,2.18155,1.987,56.66,-0.2469,0.0838,0.3307,662.1351,0.124287,-345.620113,-345.613398,-345.612454,-345.650387,CC12OC1CC2O,"InChI=1S/C5H8O2/c1-5-3(6)2-4(5)7-5/h3-4,6H,2H2,1H3"
gdb_2265,3.48309,2.66239,2.04795,0.3243,71.11,-0.2419,0.0882,0.3301,754.1789,0.171696,-273.765782,-273.758453,-273.757509,-273.796444,CC1CC2CC12C,"InChI=1S/C7H12/c1-5-3-6-4-7(5,6)2/h5-6H,3-4H2,1-2H3"
gdb_2266,3.59395,2.70874,2.08046,1.1359,63.73,-0.2444,0.0808,0.3251,711.0096,0.14786,-309.68896,-309.681821,-309.680877,-309.719504,CC1CC2CC12O,"InChI=1S/C6H10O/c1-4-2-5-3-6(4,5)7/h4-5,7H,2-3H2,1H3"
gdb_2267,3.65538,2.78002,2.10152,1.8257,63.91,-0.2434,0.0891,0.3325,711.1745,0.147348,-309.693471,-309.686309,-309.685365,-309.724089,CC1CC2OC12C,"InChI=1S/C6H10O/c1-4-3-5-6(4,2)7-5/h4-5H,3H2,1-2H3"
gdb_2268,3.73448,2.69226,2.09274,1.7765,63.93,-0.2273,0.0827,0.3101,713.9123,0.147355,-309.684472,-309.677318,-309.676374,-309.715074,CC1OC2CC12C,"InChI=1S/C6H10O/c1-4-6(2)3-5(6)7-4/h4-5H,3H2,1-2H3"
gdb_2269,3.85519,2.73623,2.13057,2.2121,56.74,-0.2286,0.0726,0.3012,670.6649,0.123708,-345.605635,-345.598793,-345.597849,-345.635909,CC1OC2CC12O,"InChI=1S/C5H8O2/c1-3-5(6)2-4(5)7-3/h3-4,6H,2H2,1H3"
gdb_2270,3.6786,2.80987,2.14687,1.0064,56.83,-0.2515,0.0761,0.3276,662.5754,0.124498,-345.614707,-345.607894,-345.60695,-345.644966,OC1CC2CC12O,"InChI=1S/C5H8O2/c6-4-1-3-2-5(3,4)7/h3-4,6-7H,1-2H2"
gdb_2271,7.16795,1.46335,1.29141,0.716,69.83,-0.2565,0.0559,0.3124,937.6993,0.147949,-272.541597,-272.5342,-272.533256,-272.573214,C#CCC1CCC1,"InChI=1S/C7H10/c1-2-4-7-5-3-6-7/h1,7H,3-6H2"
gdb_2272,7.62783,1.54038,1.36784,2.155,62.91,-0.2445,0.0503,0.2948,875.2963,0.124041,-308.462923,-308.455681,-308.454737,-308.494682,C#CCC1CCO1,"InChI=1S/C6H8O/c1-2-3-6-4-5-7-6/h1,6H,3-5H2"
gdb_2273,7.46815,1.50703,1.34761,1.4936,62.1,-0.2477,0.0462,0.2939,875.4879,0.124159,-308.459001,-308.451696,-308.450752,-308.491322,C#CCC1COC1,"InChI=1S/C6H8O/c1-2-3-6-4-7-5-6/h1,6H,3-5H2"
gdb_2274,7.27772,1.46563,1.29628,4.0444,64.85,-0.3057,0.0351,0.3408,912.7364,0.137855,-288.650589,-288.643582,-288.642638,-288.682013,N#CCC1CCC1,"InChI=1S/C6H9N/c7-5-4-6-2-1-3-6/h6H,1-4H2"
gdb_2275,7.72508,1.54827,1.37752,5.4171,57.89,-0.2643,0.0283,0.2926,848.9641,0.113875,-324.570872,-324.564007,-324.563063,-324.602488,N#CCC1CCO1,"InChI=1S/C5H7NO/c6-3-1-5-2-4-7-5/h5H,1-2,4H2"
gdb_2276,7.54469,1.5135,1.36,3.0877,57.21,-0.262,0.0244,0.2864,848.8315,0.113988,-324.566568,-324.559673,-324.558729,-324.59848,N#CCC1COC1,"InChI=1S/C5H7NO/c6-2-1-5-3-7-4-5/h5H,1,3-4H2"
gdb_2277,7.78887,1.55137,1.368,4.3603,62.09,-0.2384,0.0225,0.261,862.3786,0.126011,-304.681903,-304.675041,-304.674096,-304.71314,N#CCN1CCC1,"InChI=1S/C5H8N2/c6-2-5-7-3-1-4-7/h1,3-5H2"
gdb_2278,9.89141,1.33616,1.26059,3.1311,56.58,-0.2589,0.018,0.2769,916.6208,0.113054,-361.677945,-361.670887,-361.669942,-361.711017,N=COC1COC1,"InChI=1S/C4H7NO2/c5-3-7-4-1-6-2-4/h3-5H,1-2H2"
gdb_2279,6.93629,1.39227,1.25177,2.7493,65.2,-0.2467,-0.0193,0.2274,957.0076,0.147861,-309.719124,-309.711718,-309.710774,-309.751541,O=CCC1CCC1,"InChI=1S/C6H10O/c7-5-4-6-2-1-3-6/h5-6H,1-4H2"
gdb_2280,8.16125,1.40108,1.27457,3.6035,57.95,-0.2459,-0.0229,0.223,913.251,0.124044,-345.641113,-345.633819,-345.632875,-345.673766,O=CCC1CCO1,"InChI=1S/C5H8O2/c6-3-1-5-2-4-7-5/h3,5H,1-2,4H2"
gdb_2281,8.38362,1.31487,1.20754,0.9463,57.62,-0.2536,-0.0297,0.2239,940.029,0.124043,-345.635068,-345.627732,-345.626788,-345.668001,O=CCC1COC1,"InChI=1S/C5H8O2/c6-2-1-5-3-7-4-5/h2,5H,1,3-4H2"
gdb_2282,8.1579,1.38315,1.26283,2.9381,62.21,-0.2278,-0.0238,0.204,935.2086,0.136017,-325.754109,-325.74684,-325.745896,-325.786187,O=CCN1CCC1,"InChI=1S/C5H9NO/c7-5-4-6-2-1-3-6/h5H,1-4H2"
gdb_2283,6.9546,1.43751,1.40762,3.6685,62.99,-0.2488,0.0311,0.2799,898.4806,0.13786,-325.794522,-325.78744,-325.786496,-325.826354,O=CNC1CCC1,"InChI=1S/C5H9NO/c7-4-6-5-2-1-3-5/h4-5H,1-3H2,(H,6,7)"
gdb_2284,7.7071,1.43215,1.39873,2.7698,55.39,-0.2564,0.0197,0.2761,858.6884,0.113895,-361.710299,-361.703355,-361.702411,-361.742314,O=CNC1COC1,"InChI=1S/C4H7NO2/c6-3-5-4-1-7-2-4/h3-4H,1-2H2,(H,5,6)"
gdb_2285,9.30716,1.3292,1.24484,4.0416,59.34,-0.2763,0.0101,0.2864,940.1857,0.124876,-345.667357,-345.660396,-345.659452,-345.69918,O=COC1CCC1,"InChI=1S/C5H8O2/c6-4-7-5-2-1-3-5/h4-5H,1-3H2"
gdb_2286,9.96411,1.33561,1.25859,2.762,51.86,-0.2659,-0.0022,0.2637,893.7294,0.100926,-381.581036,-381.574238,-381.573294,-381.612912,O=COC1COC1,"InChI=1S/C4H6O3/c5-3-7-4-1-6-2-4/h3-4H,1-2H2"
gdb_2287,8.78858,1.18031,1.11373,0.1237,74.04,-0.237,0.0569,0.2939,1100.7718,0.148123,-272.55325,-272.545345,-272.5444,-272.586593,CC#CC1CCC1,"InChI=1S/C7H10/c1-2-4-7-5-3-6-7/h7H,3,5-6H2,1H3"
gdb_2288,8.5118,1.25072,1.19183,1.8317,66.43,-0.2423,0.0294,0.2717,1023.467,0.124069,-308.471269,-308.463457,-308.462513,-308.505329,CC#CC1CCO1,"InChI=1S/C6H8O/c1-2-3-6-4-5-7-6/h6H,4-5H2,1H3"
gdb_2289,8.97605,1.1965,1.14127,1.9646,65.93,-0.2463,0.0457,0.292,1044.7267,0.124215,-308.47027,-308.462475,-308.461531,-308.504567,CC#CC1COC1,"InChI=1S/C6H8O/c1-2-3-6-4-7-5-6/h6H,4-5H2,1H3"
gdb_2290,7.93749,1.44441,1.32251,2.0924,64.71,-0.247,0.0312,0.2782,944.0004,0.136715,-325.775071,-325.767648,-325.766704,-325.807533,CCN=C1CCO1,"InChI=1S/C5H9NO/c1-2-6-5-3-4-7-5/h2-4H2,1H3"
gdb_2291,7.35937,1.19042,1.09924,0.097,75.09,-0.2835,0.0895,0.373,1149.1136,0.195237,-274.984732,-274.976549,-274.975604,-275.017458,CCCC1CCC1,"InChI=1S/C7H14/c1-2-4-7-5-3-6-7/h7H,2-6H2,1H3"
gdb_2292,7.29474,1.28322,1.18889,1.5606,68.,-0.2406,0.0889,0.3295,1060.587,0.171539,-310.908555,-310.900574,-310.89963,-310.941315,CCCC1CCO1,"InChI=1S/C6H12O/c1-2-3-6-4-5-7-6/h6H,2-5H2,1H3"
gdb_2293,7.4704,1.21054,1.13131,1.9721,67.37,-0.2413,0.0788,0.3201,1088.9062,0.17152,-310.902795,-310.89474,-310.893796,-310.935993,CCCC1COC1,"InChI=1S/C6H12O/c1-2-3-6-4-7-5-6/h6H,2-5H2,1H3"
gdb_2294,7.80496,1.31416,1.21047,0.9383,68.71,-0.2429,0.0879,0.3308,1043.0122,0.171288,-310.906553,-310.898654,-310.89771,-310.939067,CCOC1CCC1,"InChI=1S/C6H12O/c1-2-7-6-4-3-5-6/h6H,2-5H2,1H3"
gdb_2295,8.03973,1.32649,1.23613,2.2394,61.2,-0.2459,0.072,0.318,991.4927,0.147341,-346.822424,-346.81463,-346.813686,-346.855315,CCOC1COC1,"InChI=1S/C5H10O2/c1-2-7-5-3-6-4-5/h5H,2-4H2,1H3"
gdb_2296,7.75867,1.28533,1.17847,0.9237,68.69,-0.25,0.0911,0.3411,1055.0762,0.171553,-310.897684,-310.889761,-310.888817,-310.930214,COCC1CCC1,"InChI=1S/C6H12O/c1-7-5-6-3-2-4-6/h6H,2-5H2,1H3"
gdb_2297,7.89088,1.3465,1.24656,1.3299,60.99,-0.2453,0.0755,0.3208,983.9394,0.147704,-346.819305,-346.8115,-346.810556,-346.852203,COCC1CCO1,"InChI=1S/C5H10O2/c1-6-4-5-2-3-7-5/h5H,2-4H2,1H3"
gdb_2298,7.60321,1.33907,1.24869,2.0907,61.01,-0.2439,0.0828,0.3267,979.4096,0.147771,-346.815715,-346.80792,-346.806976,-346.848672,COCC1COC1,"InChI=1S/C5H10O2/c1-6-2-5-3-7-4-5/h5H,2-4H2,1H3"
gdb_2299,7.66503,1.19472,1.10233,1.3777,67.82,-0.2615,0.0808,0.3423,1088.3004,0.171885,-310.904631,-310.896679,-310.895734,-310.937138,OCCC1CCC1,"InChI=1S/C6H12O/c7-5-4-6-2-1-3-6/h6-7H,1-5H2"
gdb_2300,7.62133,1.28881,1.19164,0.9669,60.68,-0.244,0.0787,0.3227,1001.811,0.148088,-346.828378,-346.820584,-346.81964,-346.861042,OCCC1CCO1,"InChI=1S/C5H10O2/c6-3-1-5-2-4-7-5/h5-6H,1-4H2"
gdb_2301,7.87621,1.20969,1.12832,2.3887,60.22,-0.2435,0.0742,0.3178,1032.2202,0.148082,-346.82246,-346.814622,-346.813678,-346.855436,OCCC1COC1,"InChI=1S/C5H10O2/c6-2-1-5-3-7-4-5/h5-6H,1-4H2"
gdb_2302,5.43273,1.3998,1.21945,0.1951,74.15,-0.2247,0.0573,0.282,1027.7749,0.146878,-272.554773,-272.546341,-272.545397,-272.588942,CC#CC1CC1C,"InChI=1S/C7H10/c1-3-4-7-5-6(7)2/h6-7H,5H2,1-2H3"
gdb_2303,5.73435,1.47145,1.27971,1.6611,66.9,-0.2381,0.0438,0.2819,952.9426,0.123054,-308.477155,-308.468994,-308.46805,-308.51031,CC#CC1CC1O,"InChI=1S/C6H8O/c1-2-3-5-4-6(5)7/h5-7H,4H2,1H3"
gdb_2304,5.9552,1.41913,1.25156,1.5456,70.96,-0.219,0.0421,0.2611,988.4085,0.135116,-288.585212,-288.576965,-288.576021,-288.619117,CC#CC1CN1C,"InChI=1S/C6H9N/c1-3-4-6-5-7(6)2/h6H,5H2,1-2H3"
gdb_2305,5.69991,1.38633,1.21105,1.2623,70.74,-0.2317,0.0455,0.2773,1016.8428,0.135527,-288.594527,-288.586261,-288.585317,-288.628359,CC#CC1NC1C,"InChI=1S/C6H9N/c1-3-4-6-5(2)7-6/h5-7H,1-2H3"
gdb_2306,5.88897,1.39039,1.21994,2.0672,66.81,-0.244,0.0303,0.2743,996.7495,0.122629,-308.477915,-308.469717,-308.468773,-308.511896,CC#CC1OC1C,"InChI=1S/C6H8O/c1-3-4-6-5(2)7-6/h5-6H,1-2H3"
gdb_2307,6.76382,1.38899,1.26142,0.8682,70.14,-0.2552,0.0586,0.3138,972.4627,0.146815,-272.539058,-272.531105,-272.530161,-272.571238,CC1CC1CC#C,"InChI=1S/C7H10/c1-3-4-7-5-6(7)2/h1,6-7H,4-5H2,2H3"
gdb_2308,6.73733,1.40222,1.27416,4.2444,65.09,-0.2898,0.0384,0.3283,942.6876,0.136654,-288.648208,-288.640648,-288.639704,-288.680203,CC1CC1CC#N,"InChI=1S/C6H9N/c1-5-4-6(5)2-3-7/h5-6H,2,4H2,1H3"
gdb_2309,4.16364,2.07491,1.80323,0.9913,66.1,-0.227,0.0397,0.2667,770.054,0.135012,-288.570006,-288.562278,-288.561334,-288.601616,CC1CN1CC#C,"InChI=1S/C6H9N/c1-3-4-7-5-6(7)2/h1,6H,4-5H2,2H3"
gdb_2310,7.19149,1.47483,1.33343,4.8145,62.11,-0.2502,0.0265,0.2767,895.0573,0.124571,-304.677606,-304.67017,-304.669226,-304.709518,CC1CN1CC#N,"InChI=1S/C5H8N2/c1-5-4-7(5)3-2-6/h5H,3-4H2,1H3"
gdb_2311,7.32576,1.38355,1.26267,1.735,66.96,-0.2443,0.0584,0.3027,956.9746,0.13545,-288.582662,-288.574811,-288.573867,-288.61485,CC1NC1CC#C,"InChI=1S/C6H9N/c1-3-4-6-5(2)7-6/h1,5-7H,4H2,2H3"
gdb_2312,7.31097,1.3971,1.27631,4.6702,61.94,-0.2641,0.0376,0.3017,926.7937,0.125251,-304.691526,-304.684063,-304.683119,-304.723547,CC1NC1CC#N,"InChI=1S/C5H8N2/c1-4-5(7-4)2-3-6/h4-5,7H,2H2,1H3"
gdb_2313,7.55689,1.40046,1.28926,2.0811,63.31,-0.259,0.0516,0.3105,932.2101,0.122572,-308.465445,-308.457676,-308.456732,-308.497663,CC1OC1CC#C,"InChI=1S/C6H8O/c1-3-4-6-5(2)7-6/h1,5-6H,4H2,2H3"
gdb_2314,7.54833,1.41097,1.30013,5.0918,58.32,-0.2825,0.0296,0.3121,904.0786,0.112342,-324.572987,-324.565602,-324.564658,-324.605037,CC1OC1CC#N,"InChI=1S/C5H7NO/c1-4-5(7-4)2-3-6/h4-5H,2H2,1H3"
gdb_2315,5.12536,1.76975,1.48037,1.2415,66.36,-0.2271,0.0507,0.2777,846.4976,0.13508,-288.570364,-288.562639,-288.561695,-288.60223,CN1CC1CC#C,"InChI=1S/C6H9N/c1-3-4-6-5-7(6)2/h1,6H,4-5H2,2H3"
gdb_2316,5.16484,1.78781,1.49112,4.0632,61.48,-0.2423,0.0294,0.2717,820.9436,0.124856,-304.67834,-304.670998,-304.670054,-304.710047,CN1CC1CC#N,"InChI=1S/C5H8N2/c1-7-4-5(7)2-3-6/h5H,2,4H2,1H3"
gdb_2317,6.8214,1.45041,1.31652,1.77,62.7,-0.2529,0.0614,0.3143,903.2453,0.123298,-308.462196,-308.454596,-308.453652,-308.494034,OC1CC1CC#C,"InChI=1S/C6H8O/c1-2-3-5-4-6(5)7/h1,5-7H,3-4H2"
gdb_2318,6.71869,1.47692,1.3421,4.5785,57.76,-0.276,0.0414,0.3174,869.3087,0.113112,-324.571682,-324.564481,-324.563536,-324.603339,OC1CC1CC#N,"InChI=1S/C5H7NO/c6-2-1-4-3-5(4)7/h4-5,7H,1,3H2"
gdb_2319,6.57686,1.30051,1.18578,2.9462,65.59,-0.2438,-0.0181,0.2258,1008.4053,0.146821,-309.71775,-309.709804,-309.70886,-309.750545,CC1CC1CC=O,"InChI=1S/C6H10O/c1-5-4-6(5)2-3-7/h3,5-6H,2,4H2,1H3"
gdb_2320,4.4411,2.03622,1.65616,3.456,61.53,-0.246,0.0276,0.2736,787.5592,0.136567,-325.790442,-325.782829,-325.781885,-325.822514,CC1CC1NC=O,"InChI=1S/C5H9NO/c1-4-2-5(4)6-3-7/h3-5H,2H2,1H3,(H,6,7)"
gdb_2321,5.97716,1.55467,1.37415,3.8932,58.56,-0.2743,0.0028,0.2771,882.5958,0.123587,-345.661705,-345.65419,-345.653246,-345.69383,CC1CC1OC=O,"InChI=1S/C5H8O2/c1-4-2-5(4)7-3-6/h3-5H,2H2,1H3"
gdb_2322,6.54487,1.38143,1.26001,3.0117,61.99,-0.2392,-0.0224,0.2168,953.4127,0.134679,-325.75097,-325.743159,-325.742215,-325.783639,CC1CN1CC=O,"InChI=1S/C5H9NO/c1-5-4-6(5)2-3-7/h3,5H,2,4H2,1H3"
gdb_2323,7.05835,1.31104,1.20923,3.2446,62.31,-0.2396,-0.0187,0.2209,980.7986,0.135416,-325.761605,-325.75375,-325.752806,-325.794518,CC1NC1CC=O,"InChI=1S/C5H9NO/c1-4-5(6-4)2-3-7/h3-6H,2H2,1H3"
gdb_2324,7.34964,1.32173,1.23098,3.1647,58.59,-0.251,-0.0259,0.2251,957.0895,0.122543,-345.644179,-345.636418,-345.635474,-345.67703,CC1OC1CC=O,"InChI=1S/C5H8O2/c1-4-5(7-4)2-3-6/h3-5H,2H2,1H3"
gdb_2325,4.96427,1.73717,1.43338,2.3417,61.64,-0.2324,-0.0248,0.2076,854.0564,0.13482,-325.7484,-325.740616,-325.739672,-325.78113,CN1CC1CC=O,"InChI=1S/C5H9NO/c1-6-4-5(6)2-3-7/h3,5H,2,4H2,1H3"
gdb_2326,5.88358,1.42951,1.34108,3.195,57.96,-0.2436,-0.0163,0.2274,900.9011,0.123081,-345.640072,-345.632412,-345.631468,-345.672881,OC1CC1CC=O,"InChI=1S/C5H8O2/c6-2-1-4-3-5(4)7/h2,4-5,7H,1,3H2"
gdb_2327,6.51154,1.58973,1.38458,4.3587,55.96,-0.2369,0.0338,0.2706,843.174,0.113016,-361.713179,-361.70594,-361.704996,-361.744995,OC1CC1NC=O,"InChI=1S/C4H7NO2/c6-2-5-3-1-4(3)7/h2-4,7H,1H2,(H,5,6)"
gdb_2328,5.55339,1.7911,1.50964,2.6952,55.88,-0.2443,0.0132,0.2575,802.367,0.112139,-361.678341,-361.671016,-361.670071,-361.710355,OC1CC1OC=N,"InChI=1S/C4H7NO2/c5-2-7-4-1-3(4)6/h2-6H,1H2"
gdb_2329,5.47302,1.85617,1.54037,3.5919,51.05,-0.2591,0.0002,0.2593,768.7283,0.099784,-381.580675,-381.573465,-381.572521,-381.612402,OC1CC1OC=O,"InChI=1S/C4H6O3/c5-2-7-4-1-3(4)6/h2-4,6H,1H2"
gdb_2330,5.76714,1.24382,1.12254,1.3012,67.96,-0.2608,0.0816,0.3424,1089.0458,0.170792,-310.903589,-310.895083,-310.894138,-310.936654,CC1CC1CCO,"InChI=1S/C6H12O/c1-5-4-6(5)2-3-7/h5-7H,2-4H2,1H3"
gdb_2331,5.83913,1.53565,1.34776,1.9839,64.6,-0.2281,0.0871,0.3152,932.8083,0.159357,-326.940002,-326.931886,-326.930942,-326.972857,CC1CN1CCO,"InChI=1S/C5H11NO/c1-5-4-6(5)2-3-7/h5,7H,2-4H2,1H3"
gdb_2332,6.07693,1.25263,1.14017,1.9442,64.73,-0.2433,0.0771,0.3205,1062.7557,0.159507,-326.947461,-326.939074,-326.938129,-326.980538,CC1NC1CCO,"InChI=1S/C5H11NO/c1-4-5(6-4)2-3-7/h4-7H,2-3H2,1H3"
gdb_2333,6.25042,1.2701,1.16627,0.842,61.09,-0.2601,0.0787,0.3388,1033.5414,0.146736,-346.831382,-346.823115,-346.822171,-346.864342,CC1OC1CCO,"InChI=1S/C5H10O2/c1-4-5(7-4)2-3-6/h4-6H,2-3H2,1H3"
gdb_2334,5.59747,1.23311,1.11499,0.0937,75.23,-0.2615,0.0923,0.3538,1151.2167,0.194161,-274.983383,-274.974653,-274.973709,-275.016651,CCCC1CC1C,"InChI=1S/C7H14/c1-3-4-7-5-6(7)2/h6-7H,3-5H2,1-2H3"
gdb_2335,5.73672,1.2745,1.15247,1.335,68.03,-0.2516,0.0821,0.3337,1082.3199,0.170647,-310.906004,-310.897632,-310.896688,-310.938859,CCCC1CC1O,"InChI=1S/C6H12O/c1-2-3-5-4-6(5)7/h5-7H,2-4H2,1H3"
gdb_2336,5.22346,1.39639,1.22988,1.2192,71.85,-0.2198,0.0846,0.3043,1048.1442,0.182492,-291.01475,-291.006271,-291.005326,-291.047664,CCCC1CN1C,"InChI=1S/C6H13N/c1-3-4-6-5-7(6)2/h6H,3-5H2,1-2H3"
gdb_2337,6.06681,1.2573,1.15645,1.6906,68.37,-0.2566,0.0946,0.3511,1096.161,0.170159,-310.911406,-310.902926,-310.901982,-310.944548,CCCC1OC1C,"InChI=1S/C6H12O/c1-3-4-6-5(2)7-6/h5-6H,3-4H2,1-2H3"
