Dataset_ID,SMILES,PC1,PC2,PC3,PC4,PC5,PC6,PC7
gdb_1,C,20.339843744240824,-7.221594055360112,17.58354448496106,-1.8510317555120184,2.27270097646736,-0.7995506905625478,-0.8223870960009946
gdb_2,N,21.597996540104592,-11.544242253187134,27.480189675126933,4.945398071451706,1.8776758586280091,-2.1301813681219435,0.3938529848274397
gdb_3,O,25.866498485114796,-16.158854395380594,43.276825020837784,6.013536295665398,3.631114650289615,-3.126522440635836,-0.09507871241621531
gdb_4,C#C,12.363442174580394,-4.295961977734951,0.5982210656771045,-0.03611028305785528,-0.07093120536745873,-0.0001085681989549097,-0.7880362661909307
gdb_5,C#N,12.197439152233468,-5.717114059906429,2.0709955059062617,-2.9453786666875392,1.0892122222287568,-0.477714873166329,0.1797461561160416
gdb_6,C=O,9.945703894031018,-6.260067977058788,0.6336905579341175,1.0861193210380065,0.3315878039200049,-0.967058533340733,-0.32496561622205816
gdb_7,CC,12.229384212414171,-1.5510302239072304,-0.8150959721084524,-2.8281604515383862,0.20421821176593558,0.461682207413494,-0.4967458460850271
gdb_8,CO,10.317490985280545,-3.4081885827372553,-0.24793899959793214,-0.19238989534254128,-0.7879284748058873,0.6002273522478455,0.40223108917038664
gdb_9,CC#C,9.243108773980099,-2.1640967748730247,-2.3525113438672807,0.12949556717241417,-0.4754644144876218,0.13316040895879225,-0.15443866075950322
gdb_10,CC#N,8.702630289732518,-3.300407922370276,-2.032960051435761,-2.6828958019745306,0.3658643954581348,-0.15256925997302137,1.0819773386564588
gdb_11,CC=O,7.059852763268601,-4.001973689086943,-2.1986586146235227,0.7306239381150861,-0.12890216102762192,-0.6012440743885515,0.16972420528034873
gdb_12,NC=O,6.856285431517142,-3.8950118373002898,-1.6656703904440233,-0.07420331164953956,-0.7559407841638629,0.2801279330721014,1.1963464887634285
gdb_13,CCC,9.744006352079985,-0.19297548786845883,-1.7940877390385401,-2.4153074553385885,0.1711372020794919,0.319536635483707,-0.5077192688438622
gdb_14,CCO,7.876151889993429,-1.704842756580026,-1.6283812184597408,-0.41317113378682907,-0.8447126258205264,0.6897722111720196,0.31239882821696324
gdb_15,COC,7.961222105106383,-1.5494302832875224,-1.5065843260733205,-0.11333735117492633,-1.0570341687498095,0.8605006118453196,0.29683376756670987
gdb_16,C1CC1,10.106762653819462,-1.095286434509017,-0.9500597703081206,-1.0869830825690363,-0.44293792132907067,0.6375068799793675,-0.34253734548506076
gdb_17,C1CO1,8.635064867564502,-2.34929627503389,-0.43967080282587995,-0.8282753467012879,-1.0849706537460588,1.1700531354434764,0.6280163432188269
gdb_18,CC(C)=O,5.138481904954861,-2.6861531994182917,-1.825269767211193,0.9351516079205139,-0.16651181232542367,-0.5864041757727293,0.3519873171814237
gdb_19,CC(N)=O,4.896465208890301,-2.628165305340026,-1.3937731943867522,0.20391430144070907,-0.7622503016563998,0.2639715778129115,1.1631273140794933
gdb_20,NC(N)=O,4.6299017935297115,-2.694450559622161,-1.0293482243377017,-0.3914523295030255,-1.1456259880411594,0.9811994679201007,1.1141255617662464
gdb_21,CC(C)C,7.739789949660109,0.816954543996235,-1.3563354516034378,-2.122274443850205,0.39782841178266953,0.050870451419907335,-0.6187334906831325
gdb_22,CC(C)O,5.930644919227826,-0.588113176447192,-1.227279165750874,-0.39522895788447265,-0.6093559099156541,0.5047564203866618,0.20021996520354918
gdb_23,C#CC#C,6.83890505533996,-2.812557920775834,-2.7840228042557733,0.9367280825910418,0.25609365757558555,-0.7116310024567601,-1.4531585009113814
gdb_24,C#CC#N,6.0465307385072675,-4.315113122667246,-2.644519453531127,-1.3093810860674568,0.9911465652307256,-1.1862846969677017,0.2056269315762977
gdb_25,N#CC#N,6.06847264546415,-4.513504950160196,-2.4418385378861824,-3.0172549834236633,1.5312330439933743,-0.5773174802188836,-2.8738102522564195
gdb_26,O=CC#C,4.989389470750247,-4.4667762629097645,-2.515550345476413,0.09740732595677713,0.5802200763157689,-1.0413166428456244,-0.4603316870347173
gdb_27,O=CC#N,4.524850366646176,-5.27172078536617,-2.3969352875669165,-1.1921956273473346,1.0353495827819386,-0.9510736433302773,-1.3767634516290668
gdb_28,O=CC=O,3.58140365917964,-4.88632563310477,-2.254906243350295,0.8617772489318984,0.24646932911055786,-0.4517478528704153,-2.587764900301484
gdb_29,CC#CC,7.0695134801530735,-0.38545104643556255,-2.221975681145762,0.8141984630000209,-0.41070672728558666,-0.024805479000958763,-0.48628221067943206
gdb_30,CCC#C,7.179724914093012,-0.8700053320926358,-2.161155535681345,0.1445555431899669,-0.22260243215248998,-0.09741115375779648,-0.2594847580247639
gdb_31,CCC#N,6.600569676321782,-2.0251399290957113,-1.9197107515682663,-2.578172487905992,0.5546357659469535,-0.36587449638373604,1.070114847095266
gdb_32,NCC#N,5.510783919854835,-2.9417359332435873,-2.0318763896070555,-0.594549140174402,-0.13053032614924634,-0.3241128363722997,1.4390406351025196
gdb_33,OCC#C,5.651590393768052,-2.3140473633282004,-1.9483428470586226,-0.06923730055768543,-0.44747799020488216,0.23549380136060954,-0.10576031100977945
gdb_34,OCC#N,4.932243041830712,-3.527406969099707,-1.7860181481152921,-1.9632878029609557,0.12243860635182656,-0.06272563043940055,1.1511669857253872
gdb_35,CCC=O,4.955679915096322,-2.6558110604081246,-2.1262422654741964,0.7457049208747322,0.061943641013149864,-0.7800939864807946,0.18286857048213898
gdb_36,CNC=O,4.847238706076566,-2.49666063336244,-1.5601241048719188,-0.11672505286203036,-0.6297869852970017,0.20997990390702154,1.1582674978087355
gdb_37,COC=O,4.0838972170861,-3.1710980912617726,-1.4887738523271006,-1.2532484631472092,-0.28747003270390553,0.2895874830073392,0.782959628555934
gdb_38,OCC=O,3.772478560876877,-3.522588013723588,-1.8301422308978215,0.4459278554332657,-0.3568791668261801,0.06376685317766116,-0.7511741365140052
gdb_39,CCCC,7.6374523963395005,1.1938081747728093,-1.5725290843361885,-2.277955797337511,0.4083430419104699,0.08512304922572198,-0.5904079916867944
gdb_40,CCCO,5.819202025148825,-0.2637260447136913,-1.4739058374756868,-0.5490691402027268,-0.5908193463067156,0.5274862791947047,0.20866928863128323
gdb_41,CCOC,5.882029258436484,-0.0818183321342909,-1.4125695363490505,-0.15994776578551384,-0.8387558670453754,0.7086391097118533,0.1840803826450334
gdb_42,OCCO,4.688727914002186,-1.3407691784504765,-1.0831285648383107,-0.43388494027061836,-1.0895452757861313,1.3769045221985479,-1.0074292915205807
gdb_43,CC1CC1,7.728429306742777,0.30971892302059195,-1.5717444465300074,-0.6736740020859356,-0.4527580022662674,0.49404918585031904,-0.2700406724699077
gdb_44,CC1CO1,6.326235372805204,-0.8048281636123011,-1.1966968344007112,-0.9158952352681126,-1.0373945569881764,1.1353560210919114,0.6313687654218807
gdb_45,CN1CC1,6.788880856964834,-0.49591234309814647,-1.5101559758722436,0.7428584279527701,-1.092647337501806,0.6251582827789307,0.45240583568799425
gdb_46,OC1CC1,5.984676387391794,-1.2442457273943799,-1.4259137660228718,0.34245022909967643,-1.1054200512158072,0.8229845301593768,0.27571975874744803
gdb_47,C1CCC1,8.01122430489881,0.21291520146605233,-1.223135637960052,-1.5364331578569639,-0.14220233139022265,0.49571400703329965,-0.5302410033311201
gdb_48,C1COC1,6.173933100983313,-1.296852787655246,-1.034426614298217,0.14648369867586036,-1.13228769649111,0.8865293569598686,0.5759478162948856
gdb_49,CC(C)=NO,3.0181777573837056,-0.8881008916065934,-1.0999538470954415,0.809651725458207,-0.46824593865545283,0.22492094531018078,-0.8160198497302698
gdb_50,N1C=CC=C1,4.652816866145354,-1.4419549101351576,-1.3766496909648474,2.040225790922845,-1.097516811719124,0.24085513333161954,0.4783952594148134
gdb_51,N1C=CN=C1,3.990432987783581,-2.3711403191259555,-1.2123454819155106,0.9692622780027319,-0.8776122390530965,0.20566366375605286,1.1806373993753887
gdb_52,O1C=CC=C1,4.050196867778702,-2.0445223371954793,-1.222014835689075,1.4354766233193423,-0.9383401796549747,0.5486651159825466,-0.820384569651124
gdb_53,O1C=CN=C1,3.483463012628342,-2.8546329273860316,-1.0467570414167475,0.32225202001391956,-0.6930347724143687,0.6122626560240522,-0.6478724564408163
gdb_54,CC(C)(C)C,5.805294216743923,1.8331904662093108,-0.8234204156676702,-1.9718175680214838,0.6758669267529429,-0.19839683450479317,-0.8277740255047137
gdb_55,CC(C)(C)O,4.019781521094411,0.46139831443714724,-0.6943667695350076,-0.3285308514799618,-0.34859112663386393,0.2964198814653377,0.03862428128744428
gdb_56,CC(=O)C#C,3.154826490734791,-3.0753342243307698,-1.84388918661352,0.36168885974055087,0.5516499563313833,-1.0243910085371113,-0.28828727523249903
gdb_57,CC(=O)C#N,2.603576925062646,-3.984536440134288,-1.7309367514105791,-0.9454506002275935,0.9621576805827098,-1.0124917429368587,-0.561200759737586
gdb_58,NC(=N)C#N,2.721241377352847,-3.650665426243486,-1.639404533872606,-0.5109434284199734,0.39264663548181483,-0.8167892819842316,1.1208118606929387
gdb_59,NC(=O)C#C,2.773623258429774,-3.2153374980272527,-1.5463048842095841,-0.12015254159423697,0.03141706313936573,-0.3417046396877714,0.40011494410095183
gdb_60,CC(=O)C=O,1.6796597074818316,-3.7250394497774013,-1.5711153846983021,1.069414986730817,0.22801078175674996,-0.5444148200838864,-1.8905551054157719
gdb_61,NC(=N)C=O,1.9036406692494368,-3.458815072610806,-1.441775671715695,0.5191778127690263,0.10757584582402302,-0.48642634082950803,-0.48953655107004224
gdb_62,NC(=O)C=O,0.8533991865128623,-4.5402417949366916,-1.3513860405687703,0.254598506044547,0.00817446157152416,-0.5384448595494981,0.7650618073190805
gdb_63,CC(C)C#C,5.328618049489906,0.3585346116400006,-1.4955612956172557,0.1252970938298242,0.026221544294627953,-0.257536634855629,-0.3594643642164182
gdb_64,CC(C)C#N,4.738918732493798,-0.8054588503264613,-1.2649331089312381,-2.515506867485137,0.7452949466807927,-0.5037447470733767,1.049863919312326
gdb_65,CC(N)C#N,3.9322672908729333,-1.271965926309951,-1.3096022204061626,-0.6344569362618457,-0.03132777920134784,-0.08724567926739712,0.40335845258548514
gdb_66,CC(O)C#C,3.9332062075463425,-0.938369464068991,-1.2373308991109087,-0.39534192131286466,-0.18945692987221666,0.21513180598832732,-0.39394393061088107
gdb_67,CC(O)C#N,3.3264967938839676,-1.9373652839487079,-1.0742112785353792,-2.074798020654989,0.24957172312979267,0.12757637369646457,0.27142488441475165
gdb_68,CC(C)C=O,3.0908844625784115,-1.4476156050811162,-1.4649046853924903,0.8089171689931566,0.26398905938442696,-0.9287481786276794,0.14859721366175166
gdb_69,CC(O)C=O,1.8980449697935375,-2.475338171729146,-1.1182469574854637,0.18224853243979589,-0.1254524084933667,-0.15094295734162239,-0.11060635421339529
gdb_70,CN(C)C=O,2.8542945492952656,-1.2472141088387592,-1.0379205432545537,0.20599723620034144,-0.4417614253467496,-0.018803616852876306,1.1351477160956165
gdb_71,CC(=O)CO,1.9876489343544559,-2.3885464445004096,-1.0697862202242034,-0.42413606469084164,0.05082000394577673,-0.14633383701083602,-0.10707758028635919
gdb_72,CCC(C)=O,3.15007386354803,-1.2860655184667231,-1.430173377827057,0.8652351264906457,0.10693757893761996,-0.7684805999572782,0.22405237552799914
gdb_73,CCC(N)=O,2.9065837400621617,-1.2296844233785498,-1.048200346340041,0.09906360701203892,-0.48720622441662415,0.09160625347071184,1.0132078999861145
gdb_74,CNC(C)=O,2.898576886709657,-1.1435956091017179,-1.0272705131779751,0.1626899337390199,-0.506056421348856,0.08798579048859735,1.0783740942820252
gdb_75,CNC(N)=O,2.5805314974042006,-1.2721940867261345,-0.7494143482076613,-0.3126221590351698,-0.9569646647526057,0.8074660109909502,1.1598126542873701
gdb_76,COC(C)=N,3.2778172999274378,-0.7562283472061443,-0.9477068850363103,-0.22650727930922276,-0.4120369692154916,0.4518090810653456,-0.48961801806221705
gdb_77,COC(C)=O,2.478214232235169,-1.5603948133547463,-0.8112582002554682,-0.6763836405875675,-0.423767829507138,0.6265129877812793,-0.46445906953044896
gdb_78,COC(N)=O,2.223575244559806,-1.502023720896179,-0.4486502877971948,-1.2668494510896777,-1.0443315747674289,1.4960842233210188,0.13007371621027972
gdb_79,NC(=O)CO,1.5515117521089385,-2.3612314449267333,-0.7287036338039223,-0.39674906869681215,-0.8707246842432763,0.6885296807046372,1.3634957465906599
gdb_80,[NH3+]CC([O-])=O,1.4963113404168482,-2.586055117947351,-0.7320648286429395,-0.6773760129914648,-0.7315216117308847,0.5284968038314208,1.7233218477897692
gdb_81,CC(C)CO,3.995065744061786,0.8623826679034645,-0.7759785051881872,-0.5928190825452796,-0.33315884542232865,0.3660048518911605,0.09170549668778107
gdb_82,CC(O)CO,2.6319389983898764,-0.4820099839824904,-0.4597340545956434,-0.7852405443344678,-0.7854898298968978,0.9460670769266174,0.34806355105650766
gdb_83,CCC(C)C,5.6776043245875325,2.1792741547995567,-0.9363925298973806,-1.898384578396208,0.6281607014825696,-0.1963686971791597,-0.6567316816867571
gdb_84,CCC(C)O,3.9231713364960084,0.7800546240739221,-0.8092083954781427,-0.4951540139597395,-0.2807376183356445,0.26487909472498766,0.09727319590167781
gdb_85,COC(C)C,3.9783954600850198,0.9581524927203553,-0.769846147037824,-0.031207855871767394,-0.5796158188205124,0.4737079334241874,0.09007436541055068
gdb_86,CC1(C)CC1,5.6992825059975285,1.3093693363685355,-1.0741778882408772,-0.23209961204794377,-0.21803358585449892,0.1773195107351616,-0.3975730286491022
gdb_87,CC1(C)CO1,4.3169812620482,0.15990855667225395,-0.7154069760920663,-0.6799193974790314,-0.7292442450834576,0.8065379255935249,0.46253779639629483
gdb_88,CC1(O)CC1,4.185078411769557,0.015407849178540562,-0.8229116331529183,-0.09974992019525712,-0.7513725994501466,0.6864290461013451,0.13876358774165462
gdb_89,N=C1CCO1,3.3421996439988106,-1.7849677803454707,-1.0451510366712657,-0.4849555210407168,-0.4845988111354769,0.46895187677275807,0.22175699734167323
gdb_90,O=C1CCC1,3.3126178534064583,-2.2072084997929395,-1.5550036958460478,0.962778347611622,-0.06683723032841181,-0.5867084136531835,0.13044695340196782
gdb_91,O=C1CCN1,3.211763563749607,-1.8812784841471009,-1.061306141691189,-0.21808765361762997,-0.6784472413633872,0.43087917324666475,1.0494084843134712
gdb_92,O=C1CCO1,2.510329544819081,-2.7388419509057313,-0.8902776895548918,-1.2847527461337527,-0.3853717501503071,0.5335883186675003,0.6857802243093263
gdb_93,O=C1CNC1,2.777022422521344,-2.6685863704851474,-1.4158113860856874,0.7864272855287114,-0.24850167795996303,-0.232435130253016,-0.15112953799209844
gdb_94,O=C1COC1,2.358205624804272,-2.8735537485306466,-1.1718210894450822,0.04672912424461397,-0.28439965876748563,0.3865985504807524,-1.4964606845521016
gdb_95,CC1CCC1,5.865559762732449,1.5214079373563578,-1.0499100907883898,-1.299414174148047,0.06955729217501912,0.23302290879941076,-0.5189234289021994
gdb_96,CC1CCO1,4.175908606745978,0.18519719907011284,-0.8444004383964568,0.037277293598242174,-0.9522206885669656,0.8063561711359031,0.4900252567660103
gdb_97,CC1COC1,4.06739621482223,0.005577926286729528,-0.9150435521495728,0.0713953152486111,-0.8407750315229741,0.6401895184661225,0.5331406553998954
gdb_98,OC1CCC1,4.199911454940473,0.12178966377589469,-0.8793196343067196,-0.4125109129881852,-0.6888741542356085,0.7056587925061575,0.1756659025546619
gdb_99,OC1COC1,2.6914288340966652,-1.2250922808852356,-0.6445740482034877,-0.3306873906426,-1.1171938577050748,1.1645712161798198,0.42392116315158657
gdb_100,CC1CC1C,5.6787312617770445,1.4496934622134319,-1.114549459366625,-0.29359185826510886,-0.22588458175255377,0.20161802531567674,-0.3581972106950084
gdb_101,CC1CC1O,4.205702659942865,0.15743353170238758,-0.8423060918229877,-0.24405334389718528,-0.746380242511318,0.7361190865832054,0.12145676774074808
gdb_102,CC1CN1C,4.737679783083602,0.6647672502844014,-1.0996340375008398,1.1010845667686404,-0.919668405308052,0.3772017010862655,0.4748424838666459
gdb_103,CC1OC1C,4.2919845725082055,0.35530182739885935,-0.765270542695874,-0.6799681225802473,-0.7785955791018717,0.8544248973635339,0.5358669502611593
gdb_104,OC1CC1O,2.670954335997586,-1.2532894224607767,-0.6019736602975209,0.0010505205543224498,-1.2619869879044079,1.1993656973649085,0.5539253898678071
gdb_105,C1C2CC1C2,6.435618524193318,0.9834934670638753,-0.7336101305154169,-1.7418723806087166,-0.2530380096521268,0.8150548405443492,-0.5481802769392424
gdb_106,C1C2CC1O2,4.534566026295855,-0.550719836499787,-0.6237055308890749,0.15711440885053982,-1.3280258998608314,1.208536137161777,0.6452804932863233
gdb_107,C#CCC#C,5.377452005603161,-0.970963184825499,-1.9157833455015194,0.04117965577305864,0.03634278863426902,-0.14226105475584636,-0.7956018469553937
gdb_108,C#CCC#N,4.553711575833608,-2.2299344035285564,-1.8113117936138852,-1.3361296376923026,0.4224728366030122,-0.44682691889827425,0.6568068137292896
gdb_109,N#CCC#N,4.241316744694105,-2.8926243829524174,-1.5917849542127056,-3.5360846382527673,1.0417008005459254,-0.2940124203671745,0.07182759855774377
gdb_110,O=CCC#C,3.2658133197425316,-2.5006787620442443,-1.8218891527879706,0.4369324604128052,0.30434864629489966,-0.6809770105938354,-0.5306674184304192
gdb_111,O=CCC#N,2.764416884138674,-3.2183451480101324,-1.6926387620933554,-0.6464984302944183,0.5541844513580304,-0.5211092804997449,-0.9244692803488166
gdb_112,N=CNC=O,1.9230833683575206,-3.1990937804051227,-1.2722142326919155,0.11827847060909721,-0.20542956123957642,-0.3275424318119201,1.3273675955836102
gdb_113,N=COC=O,1.4398204332176194,-3.2703400349602605,-1.0389769433120635,-1.653079131402761,0.1846958059460157,0.07316904614083727,0.3678180980166194
gdb_114,O=CNC=O,1.1727961154911437,-3.9798593267306885,-1.1320644336240837,-0.376789032874173,-0.1948208593581552,-0.11074272085229281,1.0935760064724103
gdb_115,CC#CC#C,4.5189249501576345,-1.136705253726134,-2.1752945568065263,1.3963314402472904,0.6176867548751539,-1.3110876573076804,-0.5786500205386326
gdb_116,CC#CC#N,3.713124810918256,-2.677638759656868,-2.0610249897021076,-0.7263690949870112,1.237709557848904,-1.7326171394990753,1.245635616409769
gdb_117,CC#CC=O,2.742523305592538,-2.7851704941223483,-1.9135813696969026,0.35170629821950916,0.922891048549683,-1.5499347905447718,0.28231656273944594
gdb_118,CC#CCO,3.492481577364714,-0.483400984341656,-1.3448282600318198,0.5358544688821493,-0.1676901001652006,-0.12191559840281112,-0.2883088514961981
gdb_119,CCC#CC,5.004697004389732,0.9496218208175238,-1.553593950441911,0.8595417769871972,0.06280034152923991,-0.4761478386010194,-0.5494436540858759
gdb_120,COC=NC,2.6857957881687433,-0.855348547457906,-1.1138910321046456,0.15504425630247762,-0.1006616114046197,-0.25736495928806696,0.5503296161407815
gdb_121,CCCC#C,5.138730068464998,0.5908931663512046,-1.5552668121441946,0.07839002865023303,0.19266586295624238,-0.44553514302250424,-0.27231896189033755
gdb_122,CCCC#N,4.544286560470564,-0.5821786096737024,-1.3366966952611132,-2.5790734317261066,0.9300322836343156,-0.7054527492926022,1.120193141189549
gdb_123,CNCC#N,3.403643561476068,-1.4694085877507532,-1.5039871211472184,0.09019786538986276,0.01407469284390475,-0.5926947131658047,1.3269683083505455
gdb_124,COCC#C,3.689982512610309,-0.7646620172512097,-1.341908863059531,-0.009425458304349304,-0.13534387109608786,0.016904655533806663,-0.34159311564892675
gdb_125,COCC#N,2.865929290687067,-2.05489437116399,-1.2406222704366128,-1.449135115797183,0.2748704454255814,-0.3018335331380827,1.1343806402531982
gdb_126,OCCC#C,3.904322840494082,-0.43494487464060844,-1.2190561107373596,-0.4950597347769635,-0.27503735834959997,0.3304868076442069,-0.16980209936477952
gdb_127,OCCC#N,3.1799449855332456,-1.5427578985778905,-1.1036146487894858,-1.8406162272594144,0.07712356312805141,0.16139955697815728,0.7997483992150703
gdb_128,CCCC=O,2.8967495821972236,-1.2065001835537397,-1.5193377723606374,0.7092007876246983,0.48355122028341446,-1.1480554989379568,0.17541925087984817
gdb_129,CCNC=O,2.8369679748373025,-1.1246835206462789,-1.063366853144582,-0.1229317819516371,-0.30655264570151064,-0.0548578307635037,1.0873406627445026
gdb_130,CCOC=O,2.0756306353836864,-1.8193610343546462,-0.9111091811351634,-1.2072226672137445,0.0191740989816035,0.008493517378448091,0.8182723133107571
gdb_131,COCC=O,1.7184971189482754,-2.1932272434040145,-1.183245654744328,0.06164384475269755,0.10017783986917297,-0.3533273735457223,-0.1479402603324188
gdb_132,OCCC=O,1.8248730438514955,-1.9519728139988384,-1.1927977986928844,0.3681819585926944,-0.0066891554452450964,-0.15812465901390813,-0.9661683842294069
gdb_133,CCCCC,5.513490390401047,2.6193441206366117,-0.9077146307711689,-2.0845480098569036,0.8388774483963135,-0.36551649038780787,-0.6010936441069559
gdb_134,CCCCO,3.7591276595313206,1.194832743208506,-0.8039991771699181,-0.6077676055845855,-0.12248292881020953,0.12541627386856422,0.1649078524151584
gdb_135,CCCOC,3.83317837455187,1.3822018045882636,-0.7774120436617663,-0.2149752840195152,-0.3895509666922135,0.33780381987204666,0.0755899160170813
gdb_136,CCOCC,3.8494518189387352,1.376134190464017,-0.7770096411649575,-0.1376182306966203,-0.4326351964950689,0.3657160597135121,0.061559303214990625
gdb_137,COCCO,2.6388082164243625,0.04450201146956809,-0.44185709384421307,-1.0350471150505358,-0.7943127025434675,1.0488544304659873,0.45349451204590335
gdb_138,OCCCO,2.4099858861872963,0.04088825002403069,-0.49199841857199256,-1.0744792058354768,-0.6007661639901601,0.7752289647792547,0.7363792376855064
gdb_139,C#CC1CC1,5.286662385172451,-0.38889422829304576,-1.7355694111512376,0.747693096136742,-0.2632684865239929,-0.1550688073380057,-0.25051813288131275
gdb_140,C#CC1CN1,4.576626691504308,-1.1396319919680662,-1.6736790148083858,0.7208399369259076,-0.3432270382196768,-0.04725409302968675,-0.24965345412858198
gdb_141,C#CC1CO1,3.9154643753921605,-1.781996005734443,-1.4662226436980457,-0.286627929696847,-0.22725219617124126,0.20717260528102077,-0.3517649981472482
gdb_142,N#CC1CC1,4.629117830579489,-1.6081598532756234,-1.5398558027083655,-1.5642202627848543,0.3621496709191649,-0.42181620720375596,1.223835823871943
gdb_143,N#CC1CN1,3.9693129483598044,-2.140281319645812,-1.5329343948016445,-0.7729624581910388,0.05451025895152268,-0.10756558481626183,0.1988594608359536
gdb_144,N#CC1CO1,3.306633773089395,-2.8475351589218825,-1.3103887493738424,-2.091041572637983,0.2888573192368878,0.07374017972124733,0.2815938318801664
gdb_145,O=CC1CC1,3.218466178475389,-2.0116720380622892,-1.5995665176702936,0.6028352615061824,0.11669782048396082,-0.7244804243683516,0.39277999025449994
gdb_146,O=CC1CN1,2.8549498397117685,-2.641578147986189,-1.4156441753061342,0.19764147712819846,0.09274043404286383,-0.32566251193237394,-0.6682276981895038
gdb_147,O=CC1CO1,2.008181884598757,-3.082032465415685,-1.3174511685691916,-0.023265731789846873,-0.0612985131939203,-0.05186467998802368,-0.5960514208549
gdb_148,O=CN1CC1,2.909175414878261,-2.267118366389745,-1.299545415514347,0.017644757057284372,-0.22532335170468823,-0.08733832331381235,0.43636335480205235
gdb_149,CCC1CC1,5.68628388939858,1.6620711740979304,-1.1372356604775347,-0.716373622838974,-0.09387387675698923,0.20010518192296364,-0.3728748062647366
gdb_150,CCC1CO1,4.250261162415913,0.4693726341232469,-0.8243530631459021,-0.8810061276281408,-0.6645988739877983,0.8027433038700443,0.46179533838960635
gdb_151,CCN1CC1,4.752650235314282,0.8781259928479426,-1.1394334346572164,0.6960052494054992,-0.7668177835449289,0.3720883957377158,0.3238856497586212
gdb_152,COC1CC1,4.199609091565082,0.47061800753873445,-0.8782052317852117,-0.06691786813109588,-0.9060995986009582,0.8725301651994141,0.14498041261818234
gdb_153,OCC1CC1,4.130927166779587,0.2685758840356243,-0.932301474454591,-0.5589931877079518,-0.5490505249685744,0.621495967810599,0.05798160197541275
gdb_154,OCC1CN1,3.233382092751852,-0.6463844984869781,-0.9006426528583946,-0.15800961836562238,-0.8167789293711855,0.614778954382007,0.9453821332055246
gdb_155,OCC1CO1,2.927784100323494,-0.6912406843432444,-0.5604502699581582,-1.140858005520192,-1.0265999871780205,1.4343243135628085,0.0836032953771013
gdb_156,C1CC=CC1,5.2297013367337275,-0.22062656599649585,-1.4947867819239744,1.4587960129857254,-0.234364273137398,-0.36502263173713145,-0.7356180804721165
gdb_157,C1CN=CO1,3.435179070921648,-1.891700722348944,-0.9224086666223891,0.24851971393866534,-0.7461355960527662,0.633763456326835,-0.30437375618674545
gdb_158,C1OCC=C1,3.7672225407300344,-1.5349782995300258,-1.1816583008316117,1.1980651893257783,-0.6092397837353472,0.09425752550625105,-0.1820315102941131
gdb_159,C1CCCC1,6.053186187545166,1.3460826187590444,-0.8876328034305162,-1.8924703128828955,0.27250714160585965,0.23948351152139116,-0.7477709656018794
gdb_160,C1CCOC1,4.273926294646583,0.01598678091224268,-0.7261739473396106,-0.09479627222648175,-0.8590460936289448,0.7866190047536648,0.2440732329840596
gdb_161,C1COCO1,3.2109526822906296,-0.7333629936699995,-0.2692264721965499,-0.8581540540470759,-1.3308141565677698,1.7425082117975625,-0.07057669802168158
gdb_162,C1C2CCC12,5.933438734850555,0.6799245801909191,-1.1128008480132552,0.035429830154844584,-0.6785652674944678,0.6011036783392448,-0.21981014156519496
gdb_163,C1C2COC12,4.360637602261276,-0.6975936964510601,-0.8648842297282441,0.3323730362635798,-1.2336673162085148,1.0517049095572786,0.44066663293838465
gdb_164,C1CC2OC12,4.550373209949577,-0.5161021552800129,-0.7501371998188647,-0.47732070051314385,-1.1041625105784705,1.1784729613535132,0.5042860095978617
gdb_165,N1C=CC=N1,4.1960282091987615,-2.2004273639960776,-1.1835801301660152,0.4998424552468202,-0.650151542442852,0.31773711189644577,0.14766337952993194
gdb_166,N1C=CN=N1,3.401100360990764,-3.318906113448785,-1.073460203141402,-0.4172931298960309,-0.33896150377621026,0.08861677910347138,0.9752578603671795
gdb_167,N1C=NC=N1,3.6830138389120126,-2.9363275685430863,-0.9982938977549008,-0.5985629030944674,-0.43039445383011654,0.4579714449954229,0.08700814941164602
gdb_168,N1C=NN=C1,3.3633849421127606,-3.3009276256728293,-1.0183254986860057,-0.3973579938143693,-0.5578315548531007,0.150809807803603,1.9177650008730063
gdb_169,N1N=CC=N1,3.903010039420865,-2.5994347732564687,-1.0256582086478927,-0.32563134006272904,-0.41234953004803143,0.7230358585518487,-1.7000626899752675
gdb_170,O1C=CC=N1,3.3278846770988055,-3.230009553636958,-1.0820890982314315,-0.3123366197923824,-0.2865871470051989,0.20790568786071204,-0.03678358906332382
gdb_171,O1C=CN=N1,2.636122994459738,-4.139400201470432,-1.0032557852324253,-0.9574176404910358,-0.026666593247783428,0.1465414247138486,-0.14447596901128146
gdb_172,O1C=NC=N1,3.1264565320692506,-3.5550591145278747,-0.843593896954194,-1.5710315000777282,-0.038313670425534276,0.6944212227978762,-1.580695874225269
gdb_173,O1C=NN=C1,2.9281594572879555,-3.7339725752380737,-0.8296321545313817,-1.3081401865767859,-0.2727775309809455,0.5813626896724847,-0.146821961451525
gdb_174,O1C=NN=N1,2.3485593798854807,-4.650600197526214,-0.75111465280307,-2.6065774279163825,0.37609657705035,0.43963336274651593,-1.0073186490664028
gdb_175,O1N=CC=N1,2.8544129113356846,-4.098957341428835,-0.9222784612967779,-2.2183210821756503,0.42310895575203583,0.1320346089240907,-0.5415643352110693
gdb_176,O1N=CN=N1,2.352510306241528,-4.703763253842223,-0.8170956940555931,-2.593122057529594,0.5679600613035545,0.35549227065256966,-1.7572130003263413
gdb_177,O1N=NN=N1,1.9730478970178011,-5.187807096046946,-0.654427608830531,-3.491165790761426,0.8243868577334744,0.65155927364999,-3.0424626915405177
gdb_178,CC(=NO)C#C,0.8572897564949391,-1.233331228464778,-0.9373560290905497,1.2513101041478358,0.14202829041918774,-0.4047001121239998,-1.4438613792619404
gdb_179,CC(CO)=NO,-0.2903323481544632,-0.7748942616403331,-0.09250785474869402,-0.06843901609787643,-0.3339818786244096,0.4539285786543275,-0.4797805697225913
gdb_180,CCC(C)=NO,1.0081915166586497,0.4793674534070332,-0.42300138851137503,0.7857408745938357,-0.036750339668195034,-0.1387947623605096,-0.9120163117756985
gdb_181,ON=C1CCC1,1.146704394604666,-0.35902695312191163,-0.6176174160224027,0.7517653097138738,-0.18229121441910065,0.038748043902386835,-0.9330074143248648
gdb_182,ON=C1CNC1,0.4746290168176694,-0.937973984140523,-0.5311283654262409,0.9863447716388245,-0.5021755825969076,0.32077610893556613,-0.7943563241124646
gdb_183,ON=C1COC1,-0.10327874043407743,-1.4018201352552995,-0.29965578208928617,0.09315637886307274,-0.4999226024127657,0.7289844249303529,-1.1381460141906419
gdb_184,FC(F)(F)F,-0.48369170086845714,-1.0319015406514171,2.8099564638804417,-10.017795675148623,-2.4109417330950125,7.010198440878257,-1.9048229641599774
gdb_185,N=C1NC=CO1,0.5382029975453277,-1.879745026191741,-0.6173162568712023,1.782800340219071,-1.3969023273491052,0.7636874686438333,0.8141861095790908
gdb_186,N=C1OC=CO1,-0.06520231384610828,-2.546618529187509,-0.3865103284225395,0.48591586629473266,-1.1673840308172592,1.0052858469798178,0.5897796161842096
gdb_187,O=C1NC=CN1,0.6043476093580261,-1.8255901990953862,-0.5683683996310595,1.5728649696546007,-1.5082455192619366,0.8939573255932491,1.1656378095198126
gdb_188,O=C1NC=CO1,-0.12715056769241295,-2.6481463817419177,-0.37522226679483817,0.44364010787655755,-1.2747326571064868,0.9900967589451266,1.313203118358921
gdb_189,O=C1OC=CO1,-0.6806950678788567,-3.2184420786819095,-0.14432949385030816,-0.7733529724825106,-1.0576046457318424,1.3002714631747208,0.7206555670359016
gdb_190,CC1=CC=CN1,2.5067155334390474,-0.0024510636910341156,-1.0318323477919784,2.3387938098784216,-0.8181916478662249,-0.09416371671248783,0.48798495856903507
gdb_191,CC1=CC=CO1,1.9305710663989573,-0.5398718584550133,-0.8812668238995299,1.8028977094392453,-0.7420082834899462,0.28990109650341567,-0.8096578126570131
gdb_192,CC1=CN=CO1,1.2905003431059248,-1.4375950179164785,-0.7473705008655587,0.6887952049481455,-0.5183420553451205,0.29147804646329845,-0.24913525787132454
gdb_193,CC1=NC=CO1,1.3982045987766132,-1.3061529288265326,-0.7244695027860595,0.7242745300406339,-0.5716876561261142,0.4390961825215881,-0.6854535416747235
gdb_194,NC1=CC=CN1,2.0347073035933203,-0.32068535810166576,-0.8756503044378967,2.4541495376563986,-1.270635502963647,0.47936326751452024,0.233980415943693
gdb_195,NC1=CC=CO1,1.23562569142558,-1.0074092756554451,-0.748947404168164,2.431937451740172,-1.420197078958532,0.7262840761978738,0.02371356306883524
gdb_196,NC1=CN=CO1,0.5659269930762467,-1.911634547467462,-0.6359772981424727,1.496893799631169,-1.2184433143728073,0.7106706597344026,0.49213868470260147
gdb_197,NC1=NC=CO1,0.7964131098710194,-1.6167623720170565,-0.5624107652488639,1.37565767885842,-1.32125712912601,1.0185700195917333,-0.1389821098769539
gdb_198,OC1=CC=CN1,1.4734500152346575,-0.6051981468307729,-0.6437739221477304,2.3473290106464346,-1.7136253317516774,1.1524933095733465,-0.11660835551649074
gdb_199,OC1=CN=CN1,0.7536569890673043,-1.589302921364246,-0.5292880419865761,1.3347705605406845,-1.4876659817237132,1.0611700567586835,0.694683022850725
gdb_200,OC1=NC=CN1,0.9162289589550103,-1.3837136507421661,-0.4735253112116713,1.246620287866929,-1.5569692651040956,1.2726666986482529,0.262164727768061
gdb_201,CC1=CNC=C1,2.590675958819746,0.09491008017906116,-1.000762144778105,2.127478324915518,-0.8096382829083187,-0.0003748490080370779,0.35757110075266724
gdb_202,CC1=CNC=N1,1.9179297395983195,-0.8188100976819008,-0.8748521091341127,1.2479449082892775,-0.6755130749261462,0.006997105546603219,1.014112415349898
gdb_203,CC1=COC=C1,1.9410271563976536,-0.5733559146103884,-0.8694844288634712,1.5084918054239265,-0.6726103922397358,0.27039705936455716,-0.6397769807351449
gdb_204,CC1=COC=N1,1.3983891828482538,-1.3047359759996924,-0.7320550980707762,0.6297134764599546,-0.5331517290516089,0.4301182189627487,-0.7161399156541032
gdb_205,NC1=CNC=C1,1.9180476019439305,-0.3937997140449741,-0.9196501870940541,2.840826469941463,-1.3742172232217862,0.41435662869163387,0.47679031017695955
gdb_206,NC1=CNC=N1,1.232762554987766,-1.2615395034389367,-0.8151403136458226,2.2780825086648986,-1.3245340355007977,0.45957183857981343,0.9101424559117259
gdb_207,NC1=COC=C1,1.1991262420427187,-1.1646616486155446,-0.7834251759702237,2.108068518526276,-1.20253194111793,0.5798255488485823,-0.0357334544349167
gdb_208,NC1=COC=N1,0.6345066900928529,-1.8402144304721886,-0.6774569982678299,1.6891174441189274,-1.1969701071634844,0.7969032179679497,-0.38357718264946616
gdb_209,OC1=CNC=C1,1.316974093530579,-0.8896047830440802,-0.7069456625894937,2.2177893133471596,-1.4926554527025226,0.862550930328629,0.16076296980007443
gdb_210,OC1=CNC=N1,0.6484270413585134,-1.7559950816701109,-0.5966027360948876,1.5513818694335229,-1.3902354525054095,0.8953928049583703,0.5217846777797639
gdb_211,OC1=COC=N1,0.16146710248639062,-2.168143249843583,-0.45114137075905514,0.9894629644943398,-1.2586121187222046,1.3637901139960604,-1.4391717146390473
gdb_212,CN1C=CC=C1,2.543563814065743,-0.08314664695175117,-1.021133331498015,2.0808649895525084,-0.7269433726161485,-0.11850708541010954,0.490318633744684
gdb_213,CN1C=CN=C1,1.877850912261246,-1.008065687181069,-0.8827186952309117,1.0074333035064338,-0.5570731485210817,-0.11971600910621041,1.29942460113009
gdb_214,C1=CC=CC=C1,3.4813861570661735,-0.3868797775162194,-1.2264836636346992,1.0974706019919254,0.1729545549995381,-0.48880917119072176,-1.3280957687277204
gdb_215,C1=CC=NC=C1,2.583051186597925,-1.5807027543947552,-1.2013827152526735,0.7664653097621046,0.265819471395522,-0.6994361240562023,-0.3774524159311691
gdb_216,C1=CN=CC=N1,2.0506755132028722,-2.0898872696414075,-1.1835590658601953,1.1955222638727485,0.11639034544002361,-0.3247063039260995,-1.999748013936001
gdb_217,C1=CN=CN=C1,1.934182372717074,-2.357820697502882,-1.132137339508079,0.6996047527081267,0.163579569649448,-0.5099248662773616,-0.5930873498384213
gdb_218,C1=NC=NC=N1,1.7347479850137195,-2.5944915119870107,-0.934376673770618,-0.03977021227822596,0.1564504325467967,0.1332224019550698,-2.2971622511129457
gdb_219,CC(C)(C)C#C,3.550676807663491,1.6173857912169942,-0.7449903910658466,0.06080575904458404,0.21882004016513196,-0.33336956587319516,-0.4177353723103425
gdb_220,CC(C)(C)C#N,2.956318735519149,0.4503188716514437,-0.5194712225678102,-2.527655699302188,0.8972160921698787,-0.5618335819500113,1.0462369385260364
gdb_221,CC(C)(N)C#N,2.1305623317457942,-0.03623328752947821,-0.5705408783156399,-0.6335681533231236,0.12414761668325269,-0.16829157891505098,0.4664629527251474
gdb_222,CC(C)(O)C#C,2.07721228667184,0.26028656897253805,-0.5051109919562358,-0.26286040644380776,-0.08364605441022133,0.1000289663894387,-0.10277188804875748
gdb_223,CC(C)(O)C#N,1.3300045763687736,-0.9530747440228026,-0.36549300591012557,-1.9154198141431942,0.34209591158837477,-0.14521588694167345,1.3091733458911914
gdb_224,CC(C)(C)C=O,1.3138897928671642,-0.29755418409846174,-0.7333540640437275,0.7767093005571968,0.46834781453888613,-1.0192631856028107,0.0004253355263098383
gdb_225,CC(C)(O)C=O,0.07969246861817395,-1.3093877779668002,-0.4044456561249559,0.234075172897963,0.058728475923979215,-0.2640616982934928,-0.16861253724416228
gdb_226,CC(C)(C)CO,2.142205564994302,1.8933524695454669,-0.07397459983397224,-0.5962000337363296,-0.036592138946099216,0.14410129014477863,-0.02702252870914993
gdb_227,CC(C)(O)CO,1.066310867960843,1.234593008846262,0.2829986314582289,-0.7885148513014967,-0.6628784183103633,1.2057779610479358,-0.9420083854962423
gdb_228,CCC(C)(C)C,3.75202682506061,3.150930081865804,-0.26815492708453276,-1.6174624493168799,0.8894107121181187,-0.47350977438644554,-0.8030740006299047
gdb_229,CCC(C)(C)O,2.0472493902559616,1.7994737600574793,-0.12096558521236084,-0.38687838406602987,-0.003463110259478093,0.03484873982287145,-0.06482774273208773
gdb_230,COC(C)(C)C,2.0986769666041027,1.9666896492106358,-0.09095299373830677,0.08251821114549077,-0.31608237668743616,0.24774355714031573,-0.028649393419980088
gdb_231,CC#CC(C)=O,0.8829320725722016,-1.27796126849973,-1.0866887598455208,0.6249648361846906,1.0355476536108699,-1.6364125087849373,0.25144513313423755
gdb_232,CC#CC(N)=O,0.5327673037705877,-1.3887726366635773,-0.8073338779001179,0.20091612130646488,0.48695897988386716,-0.8965419166247922,0.7221686537536084
gdb_233,CC#CC(C)C,3.0945432397533725,2.2440754334529576,-0.760578677690244,0.8220889755248777,0.43780363882958134,-0.7703048374563263,-0.6036982122473113
gdb_234,CC#CC(C)O,1.6128835213382482,0.7787526472699314,-0.5109271773817882,0.11624841054200725,0.26009688001377484,-0.4243734876793568,0.027751595674032997
gdb_235,CC(=O)CC#C,1.4463856803674708,-1.1792609779760346,-1.0388324688888073,0.7050126260696213,0.3018584870480893,-0.6991634672294494,-0.2891652205344168
gdb_236,CC(=O)CC#N,0.5929331977948958,-2.3644456465196817,-0.9107106539918469,-0.763794092518727,0.7053416958166717,-1.0305022453912707,1.3815831385892317
gdb_237,NC(=O)CC#C,1.1180183967253507,-1.1754809941063185,-0.6621367566693193,-0.22481573893785856,-0.2007525433099689,0.0323338590628499,0.8672944153458353
gdb_238,NC(=O)CC#N,0.3227606613764173,-2.360686510344532,-0.553129835911176,-1.4904305352567728,0.09573627481834562,-0.1897828222202103,2.2653834554308907
gdb_239,CC(=N)NC=O,0.5514192114870402,-1.0515905310192335,-0.5100135026904368,0.029350477569501394,0.03719550666294576,0.11888485870494311,-1.3390296129368617
gdb_240,CC(=N)OC=O,-0.5037817184948092,-2.090312627155684,-0.3413102456332394,-0.9246332381443055,0.16175000363238656,-0.043248144977857075,0.3596583987681117
gdb_241,CC(=O)CC=O,-0.10293968818736678,-1.7174003041345236,-0.6299869343821346,0.3654508548865573,0.22263940130551604,-0.4365896628465932,-0.3932355073161375
gdb_242,CC(=O)NC=N,-0.04278290531130567,-1.7421382642740375,-0.5855376942751479,0.31953317023755773,-0.013886446545368301,-0.517286030158763,1.4214951575560049
gdb_243,CC(=O)NC=O,-0.8126980572330119,-2.56184051610282,-0.45045508327968764,-0.22020855938280373,-0.0142668432148724,-0.31813277506190074,1.39674830377492
gdb_244,CC(=O)OC=N,-0.13038643036018124,-1.4621237858363347,-0.28738617733536237,-0.7584837815899115,0.06149816898177903,0.4521840886633616,-1.5984156588962124
gdb_245,NC(=N)NC=O,-0.297570288977195,-1.8058304204739015,-0.4535452378397424,0.7040472259277468,-0.5038082457078252,0.3166602465286427,-0.3015744875466999
gdb_246,NC(=O)CC=O,-0.639804101714579,-2.1847617403133506,-0.4397724375451856,-0.028858407134722798,-0.10423639811153777,-0.02399570816163587,0.23710204774220725
gdb_247,NC(=O)NC=N,-0.3985124850685006,-1.948542641343164,-0.3398138523345371,-0.2113543596379077,-0.37804618529277123,0.11500676978532552,1.497052635797834
gdb_248,NC(=O)NC=O,-1.2011424795357688,-2.800756187733124,-0.20182235285474556,-0.7640164428761455,-0.3806610622036346,0.27506308689792136,1.69500856284805
gdb_249,NC(=O)OC=N,-0.5580361980578985,-1.714891523559255,-0.02427444802544838,-1.2270175700022854,-0.4285505478348814,1.0656299844775095,-0.8074303884581361
gdb_250,CC(C)CC#C,3.309053265815252,1.7252853143015423,-0.8083224354952943,0.0805227576221268,0.47414220063429113,-0.6357999916706844,-0.43476449548958107
gdb_251,CC(C)CC#N,2.706500197956564,0.5473529525395107,-0.5969257733018797,-2.483588938904357,1.1633713464367474,-0.8783520911333497,0.9890071058113239
gdb_252,CC(O)CC#C,2.0687842532565677,0.7201152467415555,-0.46264144283349734,-0.5099846011107937,-0.00863414343054682,0.14341052494474357,-0.22305903508349992
gdb_253,CC(O)CC#N,1.2026915683306327,-0.5386532862496735,-0.3539012119417799,-1.8271057708021055,0.3361615746298033,-0.1861655924453294,1.4981261177653953
gdb_254,CN(C)CC#N,1.521521835974702,-0.3307238600144154,-0.7899352926148155,0.5301940648578752,0.11194836390051197,-0.7411266189071681,1.282837849494715
gdb_255,CC(C)CC=O,1.0713271341167534,-0.05560058257577509,-0.7620068996921315,0.7065420688146076,0.7336099567691489,-1.3135662467881593,0.08934883515160275
gdb_256,CC(C)NC=O,0.9422398757292374,0.15619840763258172,-0.3251429923960372,-0.10906806413606679,-0.004091926766859378,-0.2814601695996805,1.0083095370702388
gdb_257,CC(C)OC=O,0.16016804190962278,-0.5334234226450859,-0.1553037493740063,-1.1570499091309843,0.3154484076080864,-0.23913037007213556,0.8260686363026997
gdb_258,CC(O)CC=O,-0.2459412371199115,-0.9880109958281396,-0.43060662212042894,0.43152751687748764,0.20729976373323433,-0.5734591727137263,0.23936402740027238
gdb_259,CN(C)CC=O,0.35405206861299504,-0.6006333005752627,-0.7155372912237078,1.4231218739809288,0.2840364013500389,-1.0057232738228834,0.056520520183080486
gdb_260,CC(=O)CCO,0.028031614526327332,-0.45115339996571824,-0.35060869982784243,0.46085555936822287,0.08558503680222301,-0.16612672415445076,-0.9559003378224137
gdb_261,CCCC(C)=O,1.0589293287541497,0.24916895125785385,-0.6918313307299436,0.8377234295275655,0.6404249849593764,-1.2313260572360212,0.11008587132940674
gdb_262,CCCC(N)=O,0.8216625599984393,0.3104251164660709,-0.3275154195672296,0.07149479154040493,0.03288369812112124,-0.35579947621513486,0.8932373204236198
gdb_263,CCNC(C)=O,0.8710483485520643,0.27231522366275673,-0.32901902935080174,0.18111567947796928,-0.07237905204131052,-0.2870525528396813,0.9798038213535597
gdb_264,CCNC(N)=O,0.5135776261769213,0.20862272095163764,-0.05732581952483692,-0.33339394810342715,-0.4723841574893362,0.38398894237861114,1.0909360257834695
gdb_265,CCOC(C)=O,0.3925068633194716,-0.08933720729940717,-0.12550959168959358,-0.658016850588109,0.021434667824572876,0.20618950861097998,-0.3921099930628448
gdb_266,CCOC(N)=O,0.14607866234753908,-0.024658888621658135,0.21742703697590102,-1.2586963435942626,-0.5989726621686117,1.089859057326119,0.14135090785364204
gdb_267,C[NH2+]CC([O-])=O,-0.47663411845933873,-1.271174748752159,-0.06985576738333465,-0.5778853017777358,-0.39798783653061076,0.23959252168412865,1.6029378763557616
gdb_268,COCC(C)=O,-0.2097965917313956,-0.8412562090263913,-0.36228966963750975,0.2610740568983995,0.18191046519254966,-0.5222459895824266,0.49657706622070213
gdb_269,COCC(N)=O,-0.47136228003318703,-0.8267564319869718,-0.022315950332238536,-0.4328606219164819,-0.3856062591255714,0.31015993432876654,1.1199507462854865
gdb_270,NC(=O)CCO,-0.20722368289018986,-0.39110518748893836,0.01614078773894002,-0.3117914178949374,-0.5311865021165814,0.7182909875498098,-0.1500636009100354
gdb_271,[NH3+]CCC([O-])=O,-2.7614457481221346,-3.4452653915313265,-0.6606048106245254,2.25607649930764,-0.045470402846322956,-2.4658595317555836,7.556615895828587
gdb_272,CC(C)CCO,1.8902866860242238,2.4007416964739785,-0.026299307271069265,-0.624516093393895,0.19162481291631292,-0.10626315741925857,0.08391088305520772
gdb_273,CC(O)CCO,0.7478263785674976,1.6099662134732098,0.27131409799393,-0.6767455216062891,-0.3826825006583141,0.8558222568797821,-0.93351014316035
gdb_274,CCCC(C)C,3.5456684984510636,3.7195358600933526,-0.17692012938128668,-1.8068552329673158,1.1451329652413968,-0.6958892270324019,-0.6815137155775877
gdb_275,CCCC(C)O,1.8263723666041465,2.317393670991166,-0.05391451697658378,-0.5524707194096143,0.2664585742206433,-0.21082505281125208,0.021876761281591234
gdb_276,CCOC(C)C,1.915627382171837,2.49239812552803,-0.04302849171799897,-0.022016083760422293,-0.09879009754523037,0.05986339738923273,-0.0238599667683909
gdb_277,COCC(C)C,1.952274238774234,2.518354195416553,-0.02708730960169177,-0.21802824019302558,-0.04299769726902061,0.07071541892528581,-0.06786974183553637
gdb_278,COCC(C)O,0.7004517289705612,1.2037809937644923,0.27423666105117717,-0.9168917864614398,-0.46977186211468674,0.7567623560416875,0.35565871939079047
gdb_279,CC(=O)C(C)=O,-0.09270411641749728,-2.163300673334827,-0.8452310851544262,1.486904219011286,0.21357433122113406,-0.4460048429466047,-2.358766324891983
gdb_280,CC(=O)C(N)=N,0.154438947654954,-1.9351271009150453,-0.7094865506076098,0.7328037656543588,0.1574354028589173,-0.4019032378314149,-0.9305391431020884
gdb_281,CC(=O)C(N)=O,-0.5586093999696391,-2.4931716042098437,-0.5921492891468213,0.9554277799925616,-0.16965789140413481,0.061373524722509024,-1.5867110475499857
gdb_282,NC(=[NH2+])C([O-])=O,-1.6871305675544102,-3.792833831384451,-0.3669674336086284,0.013065412267715768,-0.37247052575503653,-0.33795853993408903,3.062004600618471
gdb_283,NC(=O)C(N)=O,-0.6852595911154288,-2.24231860406705,-0.25990499873332024,0.5647613851424862,-0.7714011539492824,1.0804736101256183,-2.140248715342009
gdb_284,CC(C)C(C)=O,1.2728605052881838,-0.1077817128874779,-0.7179065586657528,0.974905926651139,0.3488774079658392,-0.9657136916086565,0.142312000320728
gdb_285,CC(C)C(N)=O,1.0528297630248773,0.00037634862602265465,-0.329169150292631,0.16993865328689642,-0.2606688612446638,-0.07019599563436463,0.929593151397452
gdb_286,CC([NH3+])C([O-])=O,-0.38878121376225133,-1.3938266733981315,-0.041246843585883035,-0.5929936703824074,-0.44434052470936297,0.31529285872062707,1.499577494354303
gdb_287,CC(O)C(C)=O,0.08449525036319028,-1.1934772523750716,-0.36884452336964874,-0.1939438104495453,0.2497570596807839,-0.3406149736005761,-0.15538235623600627
gdb_288,CC(O)C(N)=O,-0.21164118047701286,-1.1799362368397641,-0.006222781921943818,-0.8393726471580896,-0.3981275914595086,0.49342336376256835,0.8548862895538707
gdb_289,CN(C)C(C)=O,0.9541526147752825,0.02177539392627013,-0.342587929724672,0.47260303769497836,-0.2668861306366291,-0.17700635869695244,1.0131193127639644
gdb_290,CN(C)C(N)=O,0.6124355514298022,-0.08456531683474239,-0.0734578173976621,0.15501287559491173,-0.8069581201524171,0.5680755718355243,1.2243683834257753
gdb_291,CC(C)C(C)C,3.739834446505749,3.3525589515382483,-0.2284927500472565,-1.6332131377432728,0.8782819879433845,-0.45096632025074745,-0.7569135443439453
gdb_292,CC(C)C(C)O,2.045904037960609,1.868082686239303,-0.10525837819936047,-0.46885048890433295,0.01550578026068178,0.03176581808398482,-0.005067563610466178
gdb_293,CC(O)C(C)O,0.9289714134257535,1.1520299146179644,0.21888005264091095,-0.4946823927223669,-0.6181412908395234,1.0547888086727788,-0.998963652578695
gdb_294,CC1(C)CCC1,3.9048662881610214,2.501355941715928,-0.42657931059894877,-0.9867308512149945,0.3461538133675326,-0.06741686651430472,-0.7049005566434446
gdb_295,CC1(C)CCO1,2.2372804924010663,1.2064799051783555,-0.2270796207957638,0.1718075477298142,-0.6336121694058349,0.5183608054060184,0.3060488736924494
gdb_296,CC1(C)COC1,2.1514268717119793,1.0683194691926738,-0.27309438840653966,0.09667428781189155,-0.4984561183669911,0.36072889396076435,0.3721553360160778
gdb_297,CC1(O)CCC1,2.300476559688802,1.217081907540952,-0.22417132125247305,-0.24345717114246349,-0.428678215199312,0.4810734490312324,-0.0035740385562242037
gdb_298,CC1(O)COC1,0.8360579687142192,-0.036003023307785945,0.033307313211444894,-0.372132340976485,-0.8734165179961116,1.0034611784555667,0.4011513171213107
gdb_299,CC1(C)CC1O,2.2896237369123233,1.4346947935219911,-0.20141840856306398,-0.2112043932289674,-0.46988029089588285,0.5255359123214977,0.04466455679317247
gdb_300,CC1(O)CC1O,0.9531050752630207,0.38121618280268843,0.1051546799846407,-0.36639667813883775,-1.0326630647541368,1.248391982520731,0.2529634264732672
gdb_301,CC1CC1(C)C,3.675883661095165,2.617327160594724,-0.4953812126205158,0.01002073346560976,0.05509266798154352,-0.11050211869661737,-0.4421316669523107
gdb_302,CC1CC1(C)O,2.224938677287693,1.3867070345547217,-0.2321572441738289,-0.029222165854181206,-0.47395488326403507,0.4667280729265182,0.036330880943000014
gdb_303,CC1OC1(C)C,2.3190975436338825,1.5162347698264187,-0.14206169753473885,-0.551582463345161,-0.44659803421655986,0.5493980758020676,0.41128761482667003
gdb_304,CN1CC1(C)C,2.7872297530145485,1.8592658711696814,-0.4793503086655878,1.1650908224315124,-0.5731051798893014,0.08981912767237683,0.29496271289002973
gdb_305,CC1CC(=N)O1,1.3329262652746627,-0.45096473719268304,-0.4469142148758873,-0.47803688535963873,-0.1694776965203274,0.17613949003416274,0.3639241314629646
gdb_306,CC1CC(=O)C1,1.3033952132335813,-0.820234514394636,-0.9309502735805116,0.9308681647269466,0.2828207740052331,-0.8898953207393093,0.2083431935939607
gdb_307,CC1CC(=O)N1,1.1890393266066768,-0.5600928678307954,-0.4675774170656822,-0.17223715757476016,-0.3463640436936971,0.11924954022477562,1.1145988368505164
gdb_308,CC1CC(=O)O1,0.5026427764811254,-1.4029545616510588,-0.30595782032868685,-1.2091583860902442,-0.11104768487728482,0.2681232641718929,0.806410710133791
gdb_309,CN1CC(=O)C1,0.7022337920061394,-1.303510455646647,-0.8413959654867506,1.221326382249475,-0.03180492079732531,-0.5362587652846217,-0.0860800387906223
gdb_310,OC1CC(=O)C1,0.09333971740289307,-1.7623485038517739,-0.5981432215623576,0.4713713771215339,-0.19964192967346492,-0.07150346429512057,0.023462406493853057
gdb_311,CC1CC(C)C1,3.789237832472912,2.8624457720223697,-0.41189331686930913,-1.092287493791353,0.44397079124035027,-0.15730735325242334,-0.5475857626498197
gdb_312,CC1CC(C)O1,2.2325159097418465,1.5916740514637442,-0.19460051460951172,0.01395580969197188,-0.6234094696456901,0.5694374067874706,0.3675952194587024
gdb_313,CC1CC(O)C1,2.1691559457416156,1.5005339562354243,-0.2426639414242482,-0.3299556601209675,-0.29802183133637755,0.35621297095017007,0.0681049996596405
gdb_314,CN1CC(O)C1,1.474766832501421,0.9871482743789757,-0.17866719636882103,0.7327258634340335,-1.0132610493754295,0.8082131764557399,0.2927841094813986
gdb_315,OC1CC(O)C1,0.9189891903436227,0.4841420150069233,0.047100219916811105,-0.6081653397466784,-0.7898023420238188,1.1482104286381543,-0.2806756802196807
gdb_316,CC12CC(C1)C2,4.297824513426111,2.1497516550237643,-0.4067757153550106,-1.5918008945863236,0.10571885800211192,0.42204330517432437,-0.5545965689535781
gdb_317,CC12CC(C1)O2,2.519038051220037,0.8224899770474144,-0.2572998069672142,0.23493148898926336,-1.104514768408617,1.0233163770638833,0.5794863802976521
gdb_318,CC12CN(C1)C2,2.9828424862850693,0.9749394805570063,-0.5832761837372935,0.7974570748662648,-0.7072696885453851,0.2847031374800856,0.6749222526235121
gdb_319,OC12CC(C1)C2,2.6193170645478876,0.7001633874358425,-0.26389967230910494,-0.591799217013673,-0.6445439654564765,0.8796162455837947,-0.044566998459779635
gdb_320,OC12CN(C1)C2,1.8423160295720433,-0.017913081190559177,-0.23050252758485965,-0.13911427764630976,-0.9236145987256076,1.031998274446623,0.08996296128674065
gdb_321,O=C(C#C)C#C,1.2683733679463443,-3.2227005551390633,-1.5172220197467223,-0.017746085034979018,1.1415359575425603,-1.384261119730164,-0.6663826417996749
gdb_322,O=C(C#C)C#N,0.7062402971658961,-4.180394896425026,-1.41281262428659,-1.369298169192655,1.5499025251711505,-1.3831289749187803,-0.8213947828755718
gdb_323,O=C(C#N)C#N,0.5307799090364526,-4.513035094905388,-1.291607939408189,-2.365624573943937,1.8441768076571519,-0.8508975401767251,-3.3618453811715403
gdb_324,O=CC(=O)C#C,-0.5023357175555158,-4.245192385148234,-1.25884053185519,0.2631254941156832,0.8836569565659648,-1.2641944811928363,-0.26780332244315075
gdb_325,O=CC(=O)C#N,-0.7359501770801856,-4.6111829672543285,-1.1514253951234985,-0.5018272415630863,1.0751287084089396,-0.740635131825034,-2.572340845884931
gdb_326,O=CC(=O)C=O,-1.9981002176067097,-4.8839931747634004,-0.9496116845050259,0.514040232219019,0.5858093247179214,-0.8017560194355852,-1.164747658309845
gdb_327,CC(C#C)C#C,3.502002771093814,0.2340778134651069,-1.1586643246312442,0.07153762548961862,0.33365407291903454,-0.3875182644115113,-0.7929861176434776
gdb_328,CC(C#C)C#N,2.672790628832336,-1.0388607840320156,-1.0605011112718579,-1.2445632182795587,0.6790346193423717,-0.6748223392749686,0.6979260078759215
gdb_329,CC(C#N)C#N,2.3292599501705404,-1.7529365314121614,-0.8487085758382491,-3.385316263437662,1.253167801058173,-0.5334927302622485,0.3112717200659823
gdb_330,NC(C#C)C#N,2.1068866406464775,-1.4634718388617156,-1.0008995345985323,-0.8256177723917848,0.4006503698074357,-0.2793322571663041,-0.23870325460168815
gdb_331,NC(C#N)C#N,1.4546656414193777,-2.4105290747808206,-0.9058554656337889,-1.8230136847742129,0.6576607934101744,-0.29827616897275333,-0.0055717052227492675
gdb_332,OC(C#C)C#C,2.058561593970493,-1.1603996403921866,-0.9366839957078231,-0.42287413886251696,0.1865842698484433,-0.0029351389083519574,-0.871321006748203
gdb_333,OC(C#C)C#N,1.383294674864456,-2.21675945289603,-0.8166875505444826,-1.8003531998973972,0.5513795307636563,-0.11997045647145353,-0.16448469162185408
gdb_334,OC(C#N)C#N,1.0830406850429952,-2.7555162406495874,-0.6424797503934182,-3.348967479254743,0.9582695877087823,0.18051248877961304,-1.3221600908549036
gdb_335,CC(C=O)C#C,1.3866244811506514,-1.3318508414238213,-1.0648726200988237,0.5692835853828876,0.5277180107184316,-0.8986176128576728,-0.425086241410087
gdb_336,CC(C=O)C#N,0.8512945466787895,-2.12209734376949,-0.9461547786943839,-0.4890005119885716,0.7480930227069201,-0.7618609537400727,-0.6049663513308545
gdb_337,OC(C=O)C#C,0.2422538253431006,-2.40770692374202,-0.7457931509325856,-0.30256219047530053,0.27286382712377494,-0.14392960628890564,-0.9732235012910864
gdb_338,OC(C=O)C#N,-0.2808276605700983,-3.2527545558398105,-0.6013683822402327,-1.7623073058337773,0.6477857200018339,-0.08707898582227451,-0.9835352549547144
gdb_339,CC(C=O)C=O,-0.2113163592965266,-2.0932146464773718,-0.7044219282284185,0.32707234390203005,0.42899069133991496,-0.6954538363331404,-0.36425234314853117
gdb_340,CN(C=N)C=O,0.34222306705683064,-1.2297660545162206,-0.5288298117226932,-0.06530122835183096,0.1386768419085598,-0.16644922189644776,-0.4007052366488103
gdb_341,CN(C=O)C=O,-0.1618955083507569,-1.6644230400339621,-0.3722984006767774,-0.4345827857822791,0.028567024120904193,0.41337613396258927,-1.8528206102671576
gdb_342,OC(C=O)C=O,-1.3863690598390133,-3.1461270152290814,-0.3777352103034709,-0.3326536737664585,0.024353176672060297,0.08891676567791242,-0.5291668124315989
gdb_343,CN=C(N)C#N,0.6776401314551034,-2.1863749860807378,-0.9906589391691779,-0.11081696951035672,0.6488736908861656,-1.12385067216603,1.0963375135899176
gdb_344,CN=C(N)C=O,-0.15363948931726382,-1.9588462142447034,-0.7965375100348104,0.7927811455811196,0.4329345356492657,-0.8329896355827787,-0.4980621207565431
gdb_345,CCC(=O)C#C,1.179317235920304,-1.6257251160867054,-1.1523014411276618,0.35649003453600514,0.9289910207331707,-1.3193556922438623,-0.41183982075533954
gdb_346,CCC(=O)C#N,0.5950294617456058,-2.584629547770193,-1.0518690940255735,-0.9367601209373713,1.3161251229397906,-1.3310849713327753,-0.47768641422284724
gdb_347,CNC(=N)C#N,0.8237007216518263,-1.892705439324226,-1.013653255175632,0.46698359485158475,0.43638066299713496,-0.8185309276607335,-0.09657011089654137
gdb_348,CNC(=O)C#C,0.7716810704320543,-1.7127490567717394,-0.8564257765768689,-0.022961423967708304,0.3983400839556344,-0.6700965784331467,0.35938288273795166
gdb_349,COC(=O)C#C,0.3495294956939066,-2.0722299851982475,-0.6645960046128824,-0.6817772562118641,0.38154726467753414,-0.0691930089637871,-1.2163315518589557
gdb_350,COC(=O)C#N,-0.35071283576221296,-3.261611305236757,-0.550665194006557,-2.3576120645609033,0.900002578614745,-0.3001806234450691,-0.37463589716391316
gdb_351,OCC(=O)C#C,-0.1543775005427208,-2.7419877500946366,-0.8185997969974502,-0.2380239057961584,0.4900259399271163,-0.6748649107573929,0.1933969717159451
gdb_352,OCC(=O)C#N,-0.6573131464318976,-3.5599698934601776,-0.712325205781239,-1.4588342495009559,0.8575878374661007,-0.5786409518756273,-0.3698219109141955
gdb_353,CCC(=O)C=O,-0.31823308527151356,-2.347426392055625,-0.9008641591120936,1.066669193562677,0.5877732230082946,-0.854218317136426,-1.8779723495291554
gdb_354,CNC(=N)C=O,-0.38285348267165953,-2.3100495444445994,-0.8788317940334024,1.0712726743207976,0.435494968721366,-1.0767292540440792,0.09004525941379829
gdb_355,CNC(=O)C=O,-1.1744393827280348,-3.0424193071446224,-0.6698660327099124,0.2820980662463765,0.40474140886717597,-0.8969735061619007,0.8105995719995767
gdb_356,COC(=O)C=O,-1.623619015066637,-3.4473823759631297,-0.4730299824642271,-0.33588521906725216,0.31219079542740374,-0.28881938749990554,-0.44906689079606876
gdb_357,OCC(=O)C=O,-2.0036665119287123,-3.8279429214713288,-0.5943311946802681,0.2544064742214834,0.3170766766915238,-0.6895024649911818,0.39937499194336634
gdb_358,CCC(=O)CC,1.1400577392356868,0.18234765743143722,-0.7010523156609741,0.8428462144064297,0.540657389282467,-1.119482754646148,0.09752092975044734
gdb_359,CCC(=O)CO,-0.18732571257402614,-0.9155241495777371,-0.3693786635977781,0.2683900654890933,0.0899958789300291,-0.4607798660393498,0.671016369692253
gdb_360,CCC(=O)NC,0.8903560896109671,0.28618249967913423,-0.326223671503452,0.11168456556492577,-0.05251275152355347,-0.27545034358421683,0.9239961281913817
gdb_361,CCC(=O)OC,0.4792850427691805,-0.09427315490102788,-0.1264801394672087,-0.7252240298155397,-0.010155236726242155,0.3049890894369975,-0.597292615339978
gdb_362,CNC(=O)CO,-0.4711642186390343,-0.8794544370912571,-0.038289305803325936,-0.31132418459478495,-0.45045897188031525,0.3275426674402209,1.1860258265368646
gdb_363,CNC(=O)NC,0.5734488732397351,0.25336821633007206,-0.04247250249172224,-0.22325736673032456,-0.6228040261463065,0.509188168100254,1.187457774715854
gdb_364,CNC(=O)OC,0.14136652285529963,0.030167576237056355,0.20094377840480415,-0.7260499143606401,-0.8653354569727979,1.212395678532165,0.20684763615602775
gdb_365,COC(=O)CN,-0.22355327743171405,-0.6442469648252789,-0.074975481609526,-0.04162847966035928,-0.4854111607222311,0.6449929064742643,-0.6075757704103877
gdb_366,COC(=O)CO,-0.9274148924443169,-1.3889416422277525,0.134908772422048,-1.1710840204016466,-0.34858504676905355,0.8167934803721526,-0.24392764879502912
gdb_367,OCC(=O)CO,-1.5165710537967467,-2.0136477700467013,-0.04144132767537203,-0.2926643329407986,-0.35108775004667553,0.19203641096048032,1.195718421566403
gdb_368,COC(C)=NC,1.2039776671627254,0.5924138246684995,-0.31554416030121607,0.45107112504811925,-0.1964619246648731,0.12494195697030964,-0.6765343659755887
gdb_369,CC(CO)C#C,2.092947828382369,0.7475714832631425,-0.456029582825506,-0.46174884277977235,-0.03997447237368937,0.1777692448202373,-0.28293148542940033
gdb_370,CC(CO)C#N,1.3771083961603698,-0.3590192446726178,-0.3343880547352727,-1.8208096805099028,0.27950734500898455,0.03468994638512892,0.767282698733237
gdb_371,CCC(C)C#C,3.3209767842094196,1.7641361137888834,-0.7917367365464195,0.1121369038840929,0.4351646242592911,-0.6075683145412709,-0.3859437997537771
gdb_372,CCC(C)C#N,2.717976596597927,0.5838996243867882,-0.5767408855000867,-2.4617879267071987,1.1159382265563131,-0.8455073302559016,1.0792558370167955
gdb_373,CCC(N)C#N,1.9211362355081842,0.1132921535357746,-0.6220526606779442,-0.6704480552017913,0.3794494783673519,-0.44040698153573093,0.40806431924630976
gdb_374,CCC(O)C#C,1.924306744586,0.4590382286518525,-0.5507559837964761,-0.37524227679625033,0.21938690132037056,-0.13551739554671657,-0.4795149169864185
gdb_375,CCC(O)C#N,1.3087400583615982,-0.5642224818092381,-0.39915672888104436,-2.049775936147903,0.640780405921326,-0.2217865598983847,0.25916112030762084
gdb_376,CNC(C)C#N,1.5769453973174106,-0.26718900613087604,-0.7268467703416112,0.2114356580491185,0.13152705292824257,-0.6964414126878455,1.5111507530824269
gdb_377,COC(C)C#C,1.9063690507875168,0.48435977617029435,-0.5535202910542631,-0.0022671485064822143,0.026579968027137628,-0.06493095296768671,-0.316202379575128
gdb_378,COC(C)C#N,1.3384859440932242,-0.6048118591859162,-0.3828855971380486,-1.4410956873977274,0.32405306175093956,-0.06724605212188164,0.317220196712089
gdb_379,NC(CO)C#N,0.46308129535484843,-1.2046558433527512,-0.35599062432505063,-0.8828116628522725,-0.13791087394002596,0.10820274091394685,1.2206501084742047
gdb_380,NCC(N)C#N,1.0709778732738342,-0.7535506293295913,-0.5571748214167596,-0.4302640784323294,0.031011064025011543,-0.3617153829193531,1.6171397577569615
gdb_381,NCC(O)C#N,0.4034276992892453,-1.2261509570435647,-0.43891746410709137,-0.3571382536304786,-0.13289169080283522,0.06215323987027811,0.5106525244885362
gdb_382,OCC(O)C#C,0.5323730198355537,-0.7712754150173338,-0.29544227238113174,-0.6089580542729034,-0.2098661473763633,0.4461148813945418,-0.291578588300001
gdb_383,OCC(O)C#N,0.033823284527532166,-1.4763741285179217,-0.17592402977132207,-1.55928271084974,-0.01412434885938642,0.6408305527754126,-0.7678427445774535
gdb_384,CC(CO)C=O,0.11381943031402865,-0.8116349880879814,-0.397736326815768,0.32168189659332425,0.10061948759556034,-0.16099126564435456,-0.9537861647695366
gdb_385,CCC(C)C=O,1.0769754642594924,-0.060609403125872346,-0.7581133973306063,0.8085855418243315,0.6713079402739852,-1.2844210805626393,0.13239595337681043
gdb_386,CCC(O)C=O,0.02445094362476469,-1.0197831540900626,-0.4112403012676424,-0.41958197970779804,0.5627286477772706,-0.5052008101980452,-0.7429416335750062
gdb_387,CCN(C)C=O,0.8515599734305925,0.09088119024350916,-0.3661387112758924,0.19968868322667077,-0.06173053864019949,-0.35017315505714397,1.1366448484613274
gdb_388,COC(C)C=O,-0.09131474994703473,-1.0722551146855694,-0.43542472456603737,0.15495322229297884,0.28045930792973595,-0.47847476028294994,-0.21074181509090842
gdb_389,OCC(O)C=O,-1.1773171775176305,-1.9084131474771602,-0.13912662126858044,-0.31262217711704227,-0.0500024524564334,0.40285314826048046,-1.5796526353368978
gdb_390,CC(CO)CO,0.5973153207162746,1.1062336278928036,0.24646127412230293,-1.041171683808237,-0.3462072731286424,0.603046560173417,0.5686455268241895
gdb_391,CCC(C)CC,3.598721823726867,3.5974201137015105,-0.210040417030643,-1.7381421294865869,1.056277027096221,-0.6208748356284522,-0.7026312486939691
gdb_392,CCC(C)CO,1.9560635326983595,2.279046875307333,-0.052655885968736826,-0.6353775995862047,0.13760732322154648,-0.038810539834098434,0.0347384116569821
gdb_393,CCC(C)OC,2.0250057525205576,2.313076561028852,-0.04377294189700903,-0.09308063917622186,-0.18356926601472479,0.16835511112134693,-0.010123497534032114
gdb_394,CCC(O)CC,1.8838976665065659,2.1866106173270947,-0.07968570738055354,-0.5639385682038003,0.20736785192942792,-0.15051103235721708,0.03709768851793972
gdb_395,CCC(O)CO,0.4958810617904749,0.9797806364847199,0.17947039983676444,-0.7129753405183692,-0.30440720362157303,0.4795179047913585,0.32465742160518574
gdb_396,COC(C)CO,0.7439171460915617,1.1138192325642737,0.26690657999142803,-0.7905499967609468,-0.5915558652269027,0.8394823920109162,0.40961582377119965
gdb_397,OCC(O)CO,-0.681129979415715,0.0390157164248078,0.47553213105233944,-1.0865856659920723,-0.7382700648157768,1.3136471359061916,-0.3855706114826888
gdb_398,CC1(CC1)C#C,3.4915570539286414,0.91188341806901,-0.9804566617904811,0.7606981421218262,-0.08785160020481385,-0.23364742125563256,-0.31739332257337055
gdb_399,CC1(CC1)C#N,2.803345738197308,-0.32036080113734533,-0.8017510592772484,-1.3679039460694087,0.462683395939195,-0.49060153221280683,1.2242134123800472
gdb_400,CC1(CN1)C#C,2.7729444418130638,0.1186455932092404,-0.8895838453568738,0.41590569289922047,-0.12326910380896774,-0.1655479850091085,0.1497800502358409
gdb_401,CC1(CN1)C#N,2.0005416462769627,-1.1152544122387178,-0.7684851198676431,-1.0607059118926896,0.24950485987566842,-0.4067278465858036,1.5376204408472713
gdb_402,CC1(CO1)C#C,2.1057609011864464,-0.5135859703658001,-0.7188838336888105,-0.2628846093846828,-0.06747145893469134,0.12073703153245717,-0.31921954819605747
gdb_403,CC1(CO1)C#N,1.48092167086211,-1.5749219360221298,-0.5664665780849175,-1.97553790790835,0.38476405645516476,0.004891471702068778,0.44148137050109326
gdb_404,NC1(CC1)C#N,2.234027401030509,-0.690629710921432,-0.7276937033209142,-0.839816005515133,0.07932462478500721,-0.04342350937869269,0.4758214360025906
gdb_405,OC1(CC1)C#C,2.095085609166117,-0.333478556017148,-0.7381822043734556,0.4571663344258891,-0.38706939302838533,0.29007032076204786,-0.4723139146535018
gdb_406,OC1(CC1)C#N,1.4674877063905218,-1.4136732830636287,-0.5746960614596541,-1.354236839182596,0.0742372498031784,0.16225047877969892,0.45665781838769176
gdb_407,CC1(CC1)C=O,1.4407129549155253,-0.8160201825633451,-0.8590961283302252,0.5960541948608465,0.3198429934265537,-0.8113360238871925,0.20203953766594218
gdb_408,CC1(CN1)C=O,0.8367608763103587,-1.4008425729458198,-0.7566578087337016,0.4863265848171064,0.14422957704900313,-0.5289216489411851,0.08485522500097223
gdb_409,CC1(CO1)C=O,0.21128078877964931,-1.8786515607338947,-0.5823649430027406,0.08133175382927485,0.07525900552637305,-0.12159418633872786,-0.6733004784629617
gdb_410,OC1(CC1)C=O,0.19413679892349767,-1.7778773293921233,-0.574535121639661,0.3203848917011904,-0.04203928103493616,-0.08732568125355544,-0.5317755043156605
gdb_411,CC1(CO)CC1,2.295517975749632,1.3824288831161389,-0.20704744165853736,-0.60877643995426,-0.2552362879773703,0.4236270759241596,-0.05634506837259454
gdb_412,CC1(CO)CN1,1.5711655916482776,0.7054507012918633,-0.12555259540587693,-0.2559601450176332,-0.6408046555535003,0.6733544007549123,0.38712284159042976
gdb_413,CC1(CO)CO1,1.1188484058036097,0.5067694418599312,0.17485560482012835,-1.082991676925639,-0.8511225361979212,1.3338097719513615,0.012742998245332881
gdb_414,CCC1(C)CC1,3.693145218966478,2.595633653238595,-0.49446952965026336,-0.24534879001241408,0.15919274276342185,-0.14034931530508574,-0.4921368657586286
gdb_415,CCC1(C)CO1,2.324061878102032,1.4541040639762903,-0.1545516520708513,-0.6769803631623209,-0.3747384509698067,0.516478834532529,0.32736516854445025
gdb_416,CCC1(O)CC1,2.185771280915983,1.2866507909255405,-0.26073056381263693,-0.21435086801071024,-0.32898749665381377,0.35612526776469744,0.0017939476387411365
gdb_417,COC1(C)CC1,2.336610606493782,1.535960888786309,-0.1782166878458009,-0.08067352118719742,-0.5991554791623733,0.6445190530041396,0.01976114418292124
gdb_418,OCC1(O)CC1,0.7961178539637455,0.1684165704371141,0.011246894199776182,-0.20253974593863108,-0.8840012073617072,1.011569400322451,0.186870427425176
gdb_419,CC1CCC1=O,1.4043207311858268,-0.8931987406372147,-0.8661936252724628,1.0553536515558253,0.17873399844636031,-0.7837791334558291,0.08188380404831072
gdb_420,CC1CNC1=O,1.2778091537371457,-0.6292005515901177,-0.41517817137495827,-0.060112340199357336,-0.42381802447000727,0.2087109381672668,0.9316669111482502
gdb_421,CC1COC1=N,1.4317264796747387,-0.5071295595480448,-0.3934279101301857,-0.4783061790571382,-0.20180872196104943,0.2611325243294137,0.12936043133721348
gdb_422,CC1COC1=O,0.5543452210615908,-1.494537530128775,-0.2639633155683977,-1.114305860072654,-0.15606625497031007,0.30904805891288056,0.6924018825117311
gdb_423,CC1NCC1=O,0.8674454544324361,-1.3716441447350327,-0.7340820051011809,0.788490980432967,0.039405694198624934,-0.45204934682020864,-0.18321203533275401
gdb_424,CC1OCC1=O,0.4149207714333842,-1.6148303142314038,-0.5124625464941536,0.24134289891831656,-0.077990106362471,0.17378964772649366,-1.4331319930414643
gdb_425,CN1CCC1=O,1.2433138984411425,-0.5419159171436657,-0.3940514377635974,0.09274860977791995,-0.44038261890506636,0.17319389941926364,0.9957439165233993
gdb_426,NC1COC1=N,0.8744685106186182,-0.8699058204613661,-0.32144881901562544,0.03789922291163107,-0.5787853850935498,0.7219848147631278,-0.706834979549659
gdb_427,NC1COC1=O,-0.10224067755444347,-1.9080287894889953,-0.23519591323125985,-0.14159728330442256,-0.6639328359159826,0.7370744887463591,-0.013268666193680629
gdb_428,OC1CCC1=O,0.28733168912836243,-1.8096575947662819,-0.5172947573153187,0.3247689701363473,-0.14592821571535555,0.04933975773009143,-0.6242539907171805
gdb_429,OC1CNC1=O,0.09017340336268448,-1.5482414250560135,-0.12786582959880363,-0.2516931903839931,-0.8508565508507245,1.0384777715615408,-0.08604054955541948
gdb_430,OC1COC1=N,0.3357043021643612,-1.3412761926230483,-0.0730145145630042,-0.9530864684460788,-0.5584249319676118,1.1532320215275589,-1.0950726308717253
gdb_431,OC1COC1=O,-0.6918311938020955,-2.4170443027434456,-0.0005375259842530808,-1.032121361939266,-0.6672854968946623,1.126269092421375,-0.2381174180439845
gdb_432,CC1CCC1C,3.880444068084128,2.5638101885519897,-0.40384342747973456,-0.971604133745485,0.3408316090076046,-0.08149368804149448,-0.6116467324947428
gdb_433,CC1CCC1O,2.293524949775911,1.2620571353125862,-0.20230318692356303,-0.23344419997212087,-0.4200286315709298,0.47251695537463995,-0.016079538941731208
gdb_434,CC1COC1C,2.22208113658649,1.2972981260325462,-0.19389967337345365,0.09483287238184655,-0.610750535018999,0.500953619748506,0.41631600812862146
gdb_435,CC1OCC1O,0.8374553528429757,0.027604215532772057,0.065541041972079,-0.2888049618127324,-0.8850924006031332,1.0107892574849695,0.32322819223700355
gdb_436,OC1CCC1O,0.9873615992432612,0.19834164624127482,0.060490614822049524,-0.24935920441704712,-0.9024248532414426,1.1936085414751643,-0.5225676244789671
gdb_437,N=C1CN=CN1,1.167989903442841,-1.8107442735450896,-0.876695259594585,0.8637885820461199,-0.35833187830808455,-0.14724695056536563,0.5398730637294468
gdb_438,O=C1CC=CC1,1.606072663126548,-1.4632769051590695,-1.0152300195405337,0.8661307167746662,0.01299906944813623,-0.49120272001669407,-0.040880122832432315
gdb_439,O=C1CC=CN1,0.9690402129717935,-1.8397452188833208,-0.8666245387077813,1.4130236771046973,-0.6291237485769,-0.007998605662947932,0.5196086681044355
gdb_440,O=C1CN=CN1,0.6397103761292168,-2.2993963437761193,-0.6793418140418809,0.1737784652103872,-0.4088588275572042,0.35666500388210487,-0.3542808184541016
gdb_441,O=C1CN=CO1,0.18573138390127752,-2.7183683812995527,-0.42998440761370516,-0.9465313466820207,-0.30454321528519,0.8453815885938887,-1.298213155639342
gdb_442,N=C1OCC=C1,0.9058298321499186,-2.040598559157854,-0.8880254344241306,0.6123217834145213,0.0423545253563669,-0.46072664964402527,0.1804549471625398
gdb_443,O=C1CCC=C1,1.2357568823067575,-1.9497872067873396,-1.1643648619717712,1.2255280141231533,0.2866580573293098,-1.0488968472238338,0.3633073879999431
gdb_444,O=C1NCC=C1,0.8418017931389247,-2.247877660263155,-0.904450734115114,0.5604744983337724,-0.038866573388498526,-0.4835097782326793,0.7648784261362802
gdb_445,N=C1CCCO1,1.366437682883857,-0.60027921051349,-0.4279656243967246,-0.3259007398814314,-0.31215246386445045,0.23350325150535328,0.5849765268052113
gdb_446,N=C1COCO1,0.3428724138448888,-1.3686486387626253,-0.06806650793805998,-1.1009176191342696,-0.6162278345513698,1.1749992771444941,-0.6525169249731675
gdb_447,N=C1OCCO1,0.2593604871785638,-1.306706757798527,0.0542132530936942,-1.0914807966159465,-1.0017515226122915,1.2513664137013703,1.2374707801974754
gdb_448,O=C1CCCC1,1.4282859770126042,-0.9120308768918202,-0.8950870757293232,1.0702796519768973,0.06943704468719188,-0.7031276568351986,0.23414524135588322
gdb_449,O=C1CCCN1,1.219668628320992,-0.7108616713313674,-0.47421661159007644,0.21325572605186752,-0.5536752002329753,0.21223942606993065,1.1271095754557756
gdb_450,O=C1CCCO1,0.5280803431665996,-1.5182552537553298,-0.29265272422339744,-0.8927154408864018,-0.31580517551668574,0.3550545881323076,0.9760781183427651
gdb_451,O=C1CCOC1,0.30617591242028286,-1.7521542564336399,-0.564922200813726,0.5807213104916513,-0.3047450086137834,0.16557956238609833,-0.7406771314139269
gdb_452,O=C1COCO1,-0.5176175847815364,-2.2705185679733515,0.04503412774991603,-1.4462937729095033,-0.6538438968171081,1.2956258333683954,-0.42890590593223016
gdb_453,O=C1NCCN1,0.9587484973248768,-0.7690782608630388,-0.15408026787532503,-0.5774307209547453,-0.9410094279274288,0.954971128044793,1.299851811973921
gdb_454,O=C1NCCO1,0.24073631050095695,-1.4799358724769611,0.05163912773952473,-1.449513376967492,-0.8923746274147629,1.1696123255283828,1.5353679679325802
gdb_455,O=C1OCCO1,-0.3213639434607657,-2.030401654275481,0.303440124595303,-2.7259966283945913,-0.7180575349056246,1.4895130784939243,1.2581118164266687
gdb_456,CC1=CCCC1,3.1361241554905424,1.2613027416887597,-1.0059534306188684,1.7213440928992736,0.027969744165687715,-0.668212497995566,-0.658893948039535
gdb_457,CC1=CCOC1,1.6959835363572782,-0.045853884266450075,-0.722677205435558,1.2360101710093931,-0.3178056618685695,-0.1874470528493668,-0.022341495875527976
gdb_458,CC1=NCCO1,1.444210561905295,-0.30820574015531227,-0.4686216473975514,0.4514650082049674,-0.5597630169366488,0.4961121276245088,-0.49996931948481577
gdb_459,CC1CC=CC1,3.2220327688849277,1.1143305735032847,-1.0069332187640876,1.3890169227116,0.1135694848040323,-0.6363296495467899,-0.8155879882864765
gdb_460,CC1CN=CO1,1.4366448300265986,-0.5835564647441608,-0.4771236927642809,0.19345203359722857,-0.48019101148853616,0.4153241632804183,-0.22214618823813528
gdb_461,OC1CC=CC1,1.9666176343208115,-0.1643814396098777,-0.6418124363085768,0.4863461323245822,-0.19078157833097534,-0.01757636172587929,-0.3819513029134045
gdb_462,CC1CCC=C1,3.205892536454466,1.1239903119194585,-1.0067337684627478,1.3872444915947089,0.14828703707052315,-0.6734647991692276,-0.8213643765810119
gdb_463,CC1COC=N1,1.4483073425007127,-0.532042187195223,-0.4846313732167548,0.20252482425686913,-0.44611384584928737,0.4184888969847437,-0.4373951598118872
gdb_464,CC1OCC=C1,1.7844227577846157,-0.1672672399644594,-0.7199623974692837,1.1469977241149139,-0.2905323474894082,-0.13427957757549414,-0.3339122226260799
gdb_465,OC1CCC=C1,1.873876131660966,-0.24747950727963905,-0.6811908406155455,0.40969298254862513,-0.05255479469538014,-0.17728790993039037,-0.2989511868021845
gdb_466,CC1CCCC1,3.998133888539448,2.679158321548456,-0.3702746127340501,-1.8273642588765666,0.622398114503834,-0.08725110844469412,-0.7709662001095704
gdb_467,CC1CCCO1,2.229878752781207,1.416107441602222,-0.2275553109242981,0.17822751120001978,-0.6541964394349733,0.5493823244782114,0.28636740690053436
gdb_468,CC1CCOC1,2.17726228950323,1.3393059592111474,-0.2532620410343401,0.1658160682941836,-0.6133748693225831,0.4788657212901413,0.3850259071475443
gdb_469,CC1COCO1,1.197307875820342,0.6704491234969483,0.19244413193014384,-0.7022305894404676,-1.1179989921827655,1.5460307216098677,-0.10570450009292989
gdb_470,CC1OCCO1,1.246762133990559,0.7248237696261572,0.2125535649941482,-0.8133295610652151,-1.0716800665207398,1.571888169187287,-0.28705325019027794
gdb_471,OC1CCCC1,2.3743819799505173,1.2271733167467815,-0.19424783589352274,-0.531445653894946,-0.36777595733550317,0.5129190361320539,-0.05842482252163284
gdb_472,OC1CCOC1,1.0141126765459538,0.24454320564568902,0.0909460992859851,-0.24486650820514774,-1.067930793066003,1.2901396984389646,-0.04245053432299366
gdb_473,CC1C(C)C1C,3.687034910259688,2.5268772690266723,-0.4721427622115529,0.014499397836651553,0.08751773969029486,-0.13552084351883242,-0.5373172040665927
gdb_474,CC1C(C)C1O,2.1949031577058555,1.2097810779989937,-0.2351106155492189,0.10907565518575103,-0.4622157174246809,0.40009655876077455,0.008506578654769077
gdb_475,CC1C(C)N1C,2.694490177087437,1.6901900170556912,-0.5022060991698271,1.5223588455379826,-0.6390745546373318,0.010997125316536105,0.4117018832981356
gdb_476,CC1C(O)C1O,0.7047107780036724,-0.09629569056512456,-0.027594167138984816,0.38249112649519673,-0.9869879871601062,0.9340402432751294,0.10904735740479708
gdb_477,OC1C(O)C1O,-0.13711158852073757,-0.7459292224323226,0.4377245935294624,-0.8047596420145418,-1.3303618163561413,2.0594760984861606,-1.0826261267144424
gdb_478,CC12CC1CC2,3.8689040099668044,1.928276689334504,-0.619745499603681,0.35911225599059127,-0.4167772025795122,0.2855443179186393,-0.24388771337802775
gdb_479,CC12CC1CO2,2.386765170976891,0.6506212589523791,-0.3493319991390871,0.46662455160992744,-0.9952885364548152,0.8461332179688141,0.355733215741505
gdb_480,CC12CC1OC2,2.2991284608469913,0.5246128933661686,-0.4004065145471792,0.4702838223504012,-0.9143619085819867,0.7193004148670045,0.45393961628667456
gdb_481,CC12CCC1O2,2.5243207980262405,0.8073162826689418,-0.27038052780284905,-0.25243589781361453,-0.8722424638168492,0.9339738314868968,0.47657621862408295
gdb_482,OC12CC1CC2,2.542751422075121,0.7496687351764565,-0.312970142977609,-0.18031279734569294,-0.7797959080596368,0.9055996087355433,-0.07813070666141528
gdb_483,OC12CC1OC2,1.0191491804731077,-0.5418584982835741,-0.08586334170337928,0.04528488649924571,-1.332746839426895,1.42469660795389,0.3605265137385096
gdb_484,C#CC#CC#C,2.9697226550336553,-1.0604651233319664,-4.461667505226949,12.162450327947232,37.177579802159755,27.992375300831508,4.5586763331079965
gdb_485,C#CC#CC#N,1.4754578245307148,-2.4782711637436003,-1.7303929360359382,-0.03125932520092938,2.0338293961081515,-2.5718824626043952,0.3554206832107968
gdb_486,N#CC#CC#N,1.5705110610844022,-2.625353133976649,-1.5755248357888394,-1.185079818316843,2.2040064478133923,-1.659384795046587,-3.073711406326068
gdb_487,C#CCCC#C,3.3427169051721926,0.7729624525842335,-1.1148268256493987,0.08847052692855299,0.5447741447006846,-0.5408404166592446,-1.1095213353819522
gdb_488,C#CCCC#N,2.4716728496540163,-0.5438602502349446,-1.0300771125767878,-1.093360321460843,0.8130204846327331,-0.8341716016101068,0.6137953178075437
gdb_489,N#CCCC#N,2.58909707535962,-0.5417909779951465,-0.7671794627369217,-2.9513749924384043,1.1782417690187679,-0.034148785555270504,-2.0933491708287146
gdb_490,O=CC#CC#C,0.7286728020876375,-2.395550960201715,-1.4635076349235967,0.32878148234298027,1.7340432653870428,-2.1420547628672932,-0.551049413753947
gdb_491,O=CC#CC#N,0.3448043708721582,-3.2245782572500215,-1.3738108772530226,-0.7445939799580806,1.9122260981189323,-1.7965390593814656,-1.5521394606685803
gdb_492,O=CC#CC=O,-0.30852425595420685,-2.8411081965555662,-0.9554513982275132,-0.6056368053055423,1.2892795976951954,-1.1191517682162426,-1.3547818992374223
gdb_493,N=COCC#C,1.1447788144301947,-1.0372179905849264,-0.6287584387313455,-0.8123251252362544,0.2073899663705906,-0.14067001507308852,0.4080711262003957
gdb_494,N=COCC#N,0.609913629614841,-1.7344900759018045,-0.5185700972655399,-1.5862608365156394,0.33572733318101683,0.052554131851521385,0.035694901985329514
gdb_495,O=CCCC#C,1.166561330740234,-0.9266822664172305,-1.0194547929414886,0.4754318562241058,0.8131732547297047,-1.1580375054941772,-0.503452679834188
gdb_496,O=CCCC#N,0.6463935544585343,-1.619855695476854,-0.8951483732187138,-0.3347933229472148,0.8868779618357479,-0.9255859468938823,-0.694471762221077
gdb_497,O=CNCC#C,1.0521356297279019,-0.9608910997790928,-0.6472350880990716,-0.3540283294643504,0.03828504230455355,-0.12513406349338038,0.5495750824200986
gdb_498,O=CNCC#N,0.5442455354908549,-1.7384421922601003,-0.5345157121521668,-1.2541830642923013,0.16866405942123974,0.07880430336935099,0.29503905452710477
gdb_499,O=COCC#C,0.3593389183865308,-1.8028154817982738,-0.48949298979415284,-1.3669578772826712,0.24461156871113282,0.03299951958854889,0.33412634469185304
gdb_500,O=COCC#N,-0.1657285323643558,-2.466848722447025,-0.36517602702987473,-2.2803395797057724,0.4355368336295988,0.20723335295738185,-0.057605571320339694
gdb_501,N=COCC=O,-0.6909593925365035,-1.8870159862159834,-0.4513796539290619,-0.14255099377959377,0.32355994317423975,-0.2229136876714972,-0.9563253986017118
gdb_502,O=CCCC=O,0.0011623187310739042,-0.9052349237210088,-0.5424016503344263,0.3602123323129387,0.4527470116044155,-0.31157365125349434,-2.075793669242742
gdb_503,O=CCNC=O,-0.7091499983587807,-2.0262607923173577,-0.44478601142837415,-0.15595386348392828,0.1741373658760657,-0.20149354162949004,-0.2306832343677102
gdb_504,O=CCOC=O,-1.2966748432595965,-2.28667843029643,-0.22071296043342353,-0.8568545355644273,0.26574091731563454,0.20978229207867424,-1.3639044635251298
gdb_505,CC#CC#CC,2.298175423190395,1.2110664492918444,-1.21976274224979,2.0641966926738458,1.210014565313321,-1.9113495128716866,-1.188192715669101
gdb_506,CC#CCC#C,3.1110656321907526,0.7879835902866944,-1.1101996023989302,0.5237420846579929,0.5123721478167974,-0.7588902358463168,-0.5488367195675455
gdb_507,CC#CCC#N,2.239940555635244,-0.5159469829608824,-1.0296705746290173,-0.6506290207466944,0.8076930354122728,-1.0662550930513608,1.0811707213147583
gdb_508,CC#CCC=O,0.942205788975324,-0.7849850987232604,-0.9831285653927817,0.7453826490656384,0.8898950761714747,-1.4165977365311184,-0.03656037753480392
gdb_509,CN=CNC=O,-0.14090473987975718,-1.4830604576949964,-0.5856173585338199,0.44258021772310313,0.18438773334179584,-0.6888434311185136,1.0204396227242933
gdb_510,CN=COC=O,-0.7587541647612848,-1.5868104058397214,-0.25445731187830584,-1.0896358253656517,0.5825406300071303,-0.4427385779019405,0.4051898504672369
gdb_511,CCC#CC#C,2.421742494096045,0.40199727310541306,-1.3438963707437102,1.4353761293752993,1.181816254332186,-1.8531804367688889,-0.6209027855954543
gdb_512,CCC#CC#N,1.6127722447001258,-1.1643763303383732,-1.2367450982066084,-0.6596090652019356,1.7670471969362336,-2.259773445982765,1.270665229497619
gdb_513,OCC#CC#C,1.072158958471863,-0.7896634394256115,-1.0709260396461637,0.9725382466579026,0.8333906668416056,-1.2547032232746294,-0.5729215666490759
gdb_514,OCC#CC#N,0.2667658386191902,-2.333837872260225,-0.975329988574021,-0.9767230447735986,1.3732757195998933,-1.627821901012894,1.1756023790899084
gdb_515,CCC#CC=O,0.6287084954948255,-1.2218200621245028,-1.0657636386071132,0.3251727005466263,1.5113397133582591,-2.098374200051843,0.3174375753238823
gdb_516,OCC#CC=O,-0.5527240831783102,-2.1271710613159245,-0.7315204086724832,-0.20811298218311203,1.0528278189992804,-1.2558947643174714,0.009527982647598755
gdb_517,CCC#CCC,2.838878062194731,2.5135881824238924,-0.7080904288925213,0.9152642125772011,0.7334862224196035,-1.1085157130135488,-0.6994939572101898
gdb_518,CCC#CCO,1.39716168136378,1.0826070235813912,-0.48921963317342815,0.5034419776755683,0.42666255977637696,-0.6544957339541905,-0.34746078352588217
gdb_519,OCC#CCO,0.18887817756831,0.11959538503665006,-0.1542028666304109,-0.19985074734670608,0.07543818222632098,0.1009134078448714,-0.575565721111355
gdb_520,CCN=COC,0.7176204295601863,0.5575679605929995,-0.3204345827521424,0.21166877983678395,0.26479058441648323,-0.5655671746277041,0.4762735390749746
gdb_521,CC#CCCO,1.54940901770231,1.418836260625287,-0.35355253424428396,0.1547829098737034,0.2624573401149198,-0.3891640653400045,0.004324200486515799
gdb_522,CCCC#CC,2.84699675774694,2.5941870732785857,-0.6697197243792951,0.8040248587241053,0.728174495114926,-1.0837183549769565,-0.5650402869748651
gdb_523,COCC#CC,1.4451512603871268,1.2493343719656271,-0.45559799054460554,0.48626553540302603,0.4181188574174257,-0.5849097614295545,-0.535341695090862
gdb_524,CCOC=NC,0.5677298980554885,0.7640144560377626,-0.2757026032954856,0.19035335082328525,0.4720982621115252,-0.782434246535555,0.48394522709756355
gdb_525,CCCCC#C,3.0202630230964775,2.1483728974051264,-0.7137446289624926,0.044147650112120504,0.7932354596051944,-0.991577759750461,-0.30274783253937243
gdb_526,CCCCC#N,2.4207079023253915,0.9652991049263044,-0.5029888497603225,-2.5728442370340785,1.5029657964552772,-1.2424995669898873,1.1304355345301502
gdb_527,CCNCC#N,1.317322906775063,0.0720091064637942,-0.6821975416206025,0.06566059396615492,0.5535565343501784,-1.0811648805038083,1.3361806603872333
gdb_528,CCOCC#C,1.6352456893937373,0.7854613043241749,-0.5290021303648736,0.0037299446236731,0.3705343446219637,-0.42405384785706884,-0.4368970993246267
gdb_529,CCOCC#N,0.7971875305345583,-0.5286796419799656,-0.4374250363378074,-1.3956257339764404,0.7538149604688156,-0.7446336672986822,1.1251572347601986
gdb_530,COCCC#C,1.8295914086067644,1.1420386075849918,-0.4080483688149607,-0.3346059591232574,0.2385193098627724,-0.13399533838461594,-0.4197589221385634
gdb_531,COCCC#N,0.9840923138578331,-0.07597304562947922,-0.34269301377540506,-1.2527909168045157,0.4575691394098645,-0.3619896689299159,0.8488491928995354
gdb_532,OCCCC#C,1.7402115607087278,1.0575686677046092,-0.3944207078073328,-0.49103996435584885,0.3005975226307125,-0.2566040125751069,0.06058123084987551
gdb_533,OCCCC#N,0.9005398597052716,-0.2039517088770874,-0.30595219153196784,-1.7001697951832244,0.5953077890420548,-0.5282643666166477,1.587636624837803
gdb_534,CCCCC=O,0.758348159735735,0.3781254158538458,-0.6635166818848993,0.6662578912624818,1.1097828736986253,-1.7192302363635747,0.15074828195161785
gdb_535,CCCNC=O,0.7615030884325005,0.37840082858143875,-0.29972372150879073,-0.16156308415599194,0.21551947068039642,-0.5101373383160759,1.0199042522936772
gdb_536,CCCOC=O,-0.042976294662200355,-0.28867894205552586,-0.10952921794210406,-1.257420965155341,0.5980275232692366,-0.5169785979919981,0.8133114129740354
gdb_537,CCOCC=O,-0.38708571361790484,-0.6600966312619655,-0.3546510617613145,0.03810748563493568,0.6656429054792152,-0.8711334633424471,-0.14257148588485044
gdb_538,COCCC=O,-0.3978565397385945,-0.6070887969650881,-0.3509966018543089,0.11534048506900253,0.6463018299233276,-0.8701530654626786,-0.15403020242443188
gdb_539,OCCCC=O,-0.45236714933706557,-0.6012911880061937,-0.33305824566607894,0.1248328858420422,0.6118620264044653,-0.8998796954644939,0.17217841634235015
gdb_540,OCCNC=O,-0.40358643873462313,-0.5761497107951623,0.02521811597818067,-0.5249385654407583,-0.41344485434792677,0.4092460051944969,1.0094587115550877
gdb_541,OCCOC=N,-0.3430364841734164,-0.562203519786695,0.019155262828289568,-1.0585359544707336,0.032123949643217437,0.2539193419547099,0.11368145931352716
gdb_542,OCCOC=O,-0.9147081561902962,-1.3653986221957546,0.17550789889870053,-1.6058195175026044,-0.17773222508403014,0.7313352015577151,-0.06018921603893904
gdb_543,CCCCCC,3.285967081499193,4.25220821250553,-0.029781297401202556,-1.8755918803873042,1.4779879519369663,-1.0198679393737269,-0.6821454518714563
gdb_544,CCCCCO,1.5956122391746728,2.842483026096248,0.08867012522441463,-0.6579543802134629,0.5661241794846305,-0.4916431273917736,0.052063941255177174
gdb_545,CCCCOC,1.6507590225953828,2.9845644828734144,0.09110692632760282,-0.25081432604993686,0.3011345689035868,-0.3024299817332313,0.019061053269501103
gdb_546,CCCOCC,1.7013824056189353,2.9896254459124116,0.08247568431118464,-0.18268226688716374,0.22358151210272356,-0.21968366521502997,-0.053459498161821564
gdb_547,CCOCCO,0.5768859630350097,1.5367532898732252,0.3418673996895045,-1.057960981563281,-0.287024472089099,0.6021945846652497,0.4137731945542835
gdb_548,COCCCO,0.25245527129525885,1.6735773114546444,0.35023167569625874,-0.723997211552403,-0.0770110858888465,0.2388825634706229,0.49742722300632264
gdb_549,COCCOC,0.5859520275214168,2.1600311537211456,0.393244044759151,-0.5100248086431428,-0.28694908892139664,0.7234433803319027,-0.8900809676209414
gdb_550,OCCCCO,0.5421852378601539,2.1290112673254624,0.40883734093746715,-0.8647048521486551,-0.04647199318026296,0.5814456350300249,-1.0115922779596862
gdb_551,C#CC1CCC1,3.465960407047351,0.955732452633468,-0.9987023632642357,0.2567664921569172,0.20060886752443102,-0.3791797874644405,-0.4425362176605817
gdb_552,C#CC1CCO1,1.9571959486644965,-0.5851674189848405,-0.8057650154115162,0.0834883871617667,-0.08219822770782793,-0.007048185973186566,-0.2563787138765123
gdb_553,C#CC1COC1,2.134378030484858,-0.21996400322386706,-0.7237392698761489,-0.027336611785611944,-0.2479146314026132,0.29064903888448823,-0.46777921783239196
gdb_554,N#CC1CCC1,2.8253548236747426,-0.27880364511319244,-0.8036679122173973,-2.195639510169137,0.8654426023186965,-0.6487810096288898,1.0455429897993649
gdb_555,N#CC1CCN1,1.9817361073462352,-0.9823244340066765,-0.896286908748208,0.04749490110344228,-0.03613360989168381,-0.23471780469844142,0.4513512662351808
gdb_556,N#CC1CCO1,1.221273795821877,-1.7591985042495584,-0.6991879377907254,-1.2130082793624886,0.23654866754355328,-0.17380191095542116,0.7849288492853853
gdb_557,N#CC1COC1,1.431711861740478,-1.2405490305733677,-0.6407010412219908,-0.9197493206656522,-0.041253261282838814,0.2380664514057572,0.017982970172717747
gdb_558,O=CC1CCC1,1.2580312541760224,-0.8082333741466493,-0.939955050126343,0.7578495290095986,0.4652136139494175,-1.0267639264980444,0.11211210454398714
gdb_559,O=CC1CCO1,0.03584187793444092,-1.91043071795171,-0.6450104197629635,0.3879779860182506,0.010545484777418752,-0.24186816026947647,-0.2717023089505406
gdb_560,O=CC1COC1,0.2585199759322768,-1.548818474722217,-0.6029920190938145,0.2788329278859719,0.011976700944145822,0.023108649109814233,-1.3024938402050619
gdb_561,O=CN1CCC1,0.9735754629328085,-0.7314801692035509,-0.5524326627535547,0.2068828261880044,-0.2530659387282722,-0.16305809765965396,1.2712877563364928
gdb_562,CN=C1CCO1,1.2895349519200634,-0.21019522102232482,-0.46496435323859053,0.08667957584499632,-0.2906425494560431,0.22217584123762948,-0.028891561428435596
gdb_563,CCC1CCC1,3.7861538202450746,2.8907452325208816,-0.4078036080331172,-1.173883747784411,0.49288140773027833,-0.17602358934986082,-0.605096472787191
gdb_564,CCC1CCO1,2.1285917746492986,1.5341927554470942,-0.2376204533217107,0.04042071216211038,-0.5059852743218481,0.41964104970879706,0.3445004823655577
gdb_565,CCC1COC1,2.008614027553231,1.355466740852745,-0.29065565413654465,0.04522435898290935,-0.38332879160359284,0.23754465592899435,0.4558633440601523
gdb_566,COC1CCC1,2.212270102063358,1.6746999868801364,-0.22096830576929602,-0.03879266594379296,-0.479700535782762,0.5014433200650303,-0.03232534575264969
gdb_567,COC1COC1,0.7883150483094704,0.34961233981521334,0.037133984443140346,-0.4779611720634182,-0.7990297569184367,0.9942160193817019,0.29080684736852863
gdb_568,OCC1CCC1,2.2100341238739283,1.5582676161686069,-0.21958905298143822,-0.6310682246377346,-0.1769032133881469,0.3427079305859543,-0.050340169995043774
gdb_569,OCC1CCO1,0.7925039161796438,0.23438877754324952,0.038501991433315085,-0.5459572265003154,-0.8239604230533787,0.9887104570892801,0.5239397633682754
gdb_570,OCC1COC1,0.749576225242919,0.29052992054538207,0.011510586109858046,-0.3402535738107021,-0.8426781658040351,0.9781059820766415,0.35361502960641045
gdb_571,C#CCC1CC1,3.4610617458103032,1.1357965601148872,-0.9547053432717221,0.021248698237134253,0.28116337160374577,-0.37303809143812083,-0.47966337442116835
gdb_572,C#CCC1CO1,2.0975506794602308,-0.03514010765601001,-0.6418522612567137,-0.5331985528100883,-0.10516176312191186,0.21728787065157446,0.006889666324492943
gdb_573,C#CCN1CC1,2.798459745303281,0.15808265740713465,-0.9587838442617947,0.7701753240797172,-0.20434297864600295,-0.06400048535811598,-0.5046844870940606
gdb_574,N#CCC1CC1,2.7622191392805036,-0.08516409784625979,-0.7884616318150593,-2.0529656362153634,0.8330311996962501,-0.641097260266982,1.0216311178472814
gdb_575,N#CCC1CN1,1.845323701467091,-0.8450316687898198,-0.8319683462739588,-0.6549672405959349,0.24011691688100914,-0.46737982756722607,1.2487035479169675
gdb_576,N#CCC1CO1,1.3153949263027718,-1.2473030275667347,-0.5372479928405831,-1.9061608942834918,0.2575888897566621,-0.025698196529867774,1.2918296525305202
gdb_577,N#CCN1CC1,1.808374938412157,-0.9289786748345916,-0.8637787373810201,-0.48758307468857787,0.22653233886728763,-0.5112631051890945,1.247513345340262
gdb_578,N=COC1CC1,1.0381013965249934,-0.47396742444689527,-0.50555731955152,-0.40976926476896086,0.10332688474821441,-0.21917166952424208,0.6220984424255197
gdb_579,O=CCC1CC1,1.1722754962982556,-0.6196722464568366,-0.913600311323797,0.7154271085626789,0.5645653789252596,-1.1059940659278367,0.07152058615489816
gdb_580,O=CCC1CN1,0.6847059072077899,-1.17706060354862,-0.7934041637372569,0.5004856120920271,0.33259485400229377,-0.6952427721950801,-0.167725159569617
gdb_581,O=CCC1CO1,-0.020552344922555324,-1.5932735764525172,-0.584844128528609,0.11608371349281266,0.1693424305747699,-0.3159666993565203,-0.2478419772529917
gdb_582,O=CCN1CC1,0.6857540553494127,-1.1244647960689098,-0.7827478356735079,0.45832984806007626,0.3502371880794185,-0.694771433156523,-0.16894562909310307
gdb_583,O=CNC1CC1,1.1050173696298768,-0.609462596080372,-0.5171334157193231,-0.06388214815914363,-0.22837146805633085,-0.011784419567060514,0.8678665390917869
gdb_584,O=COC1CC1,0.30438219093673186,-1.29324395247064,-0.3545072091213611,-1.1858808297852845,0.17374537090353623,-0.019910692889642524,0.5831484198351425
gdb_585,CC#CC1CC1,3.0844975518992874,1.5728477501500384,-0.9836008332046645,1.3697821817624076,0.1754997114499073,-0.6452346496367456,-0.6105789469117148
gdb_586,CC#CC1CN1,2.2669825087784594,0.6065457020331667,-0.9264671155765745,1.0642994551374985,0.1698637520128019,-0.7121457934489868,0.228672813626567
gdb_587,CC#CC1CO1,1.6175070704370484,0.02417634784844978,-0.7264865062734219,0.2523778543525024,0.20744656791551425,-0.3958449752835256,-0.03939520993390334
gdb_588,CCCC1CC1,3.538613198686029,3.1511153364037927,-0.3942312594357455,-0.6870900047313451,0.4901918592729218,-0.3499297823314963,-0.4510111549054969
gdb_589,CCCC1CO1,2.1388075323847673,1.9924323206406203,-0.08891661272889831,-0.9162611917105549,-0.09752647796065064,0.3027904827910225,0.34581461301744293
gdb_590,CCCN1CC1,2.643263616097305,2.3796375675832713,-0.41748021233187715,0.6650597479687216,-0.20996637177921998,-0.1202990423910424,0.20985186220415727
gdb_591,CCOC1CC1,2.1209834347130045,1.979631764162836,-0.16760062805653886,-0.048386043848242376,-0.408125176164466,0.43506586247445644,0.019223844506838565
gdb_592,COCC1CC1,2.1304587054916375,2.0081809150393837,-0.1530967848553277,-0.29084728924040865,-0.2759487377867161,0.38337437422821763,-0.07614140853316656
gdb_593,COCC1CN1,1.2973859404814971,1.0786108923412248,-0.10846320859997843,-0.3125225613149136,-0.39495610594265596,0.36317661030448756,0.720893837060365
gdb_594,COCC1CO1,0.7602559548257444,0.785063306679973,0.1661700881939833,-1.0779585747832745,-0.5642532436599076,0.9128288982528711,0.5198007946636102
gdb_595,OCCC1CC1,2.0554197126668963,1.799127867675106,-0.17548229500128842,-0.7182203036159394,0.0015503610001974075,0.16501880551936832,0.032958570238366555
gdb_596,OCCC1CO1,0.9113201188477523,0.9490656235784083,0.16720544220332142,-1.1951318775801791,-0.4918510706177828,1.064964568203383,-0.4295488447305598
gdb_597,OCCN1CC1,1.47798340227772,1.0557864648335558,-0.07433910611324834,-0.4207751936300158,-0.6114066344790307,0.6156651763111728,0.8953620260683304
gdb_598,CC1CC1C#C,3.3941766553537667,0.8468694607367104,-1.0247486653779503,0.8094887518054225,0.006670392818582861,-0.3709703759965528,-0.30221987997042044
gdb_599,CC1CC1C#N,2.724403157807543,-0.3735836450217839,-0.8426337814459044,-1.3676891991234679,0.5672127815024752,-0.6139884274261803,1.1984178850115197
gdb_600,CC1NC1C#C,2.710129340385027,0.1307583984136337,-0.927570923546862,0.4625858381311918,-0.023281922580224716,-0.2614590730919422,-0.041853737787142
gdb_601,CC1NC1C#N,1.9473399303557535,-1.1133094824582352,-0.8030991452860253,-1.1062089669138297,0.3782651554015941,-0.5095449941223211,1.3662131620449065
gdb_602,CC1OC1C#C,2.009758013911409,-0.5403651282968189,-0.7646263211358297,-0.15513281391133157,0.003609780620800291,0.001462063753231089,-0.3455549486125731
gdb_603,CC1OC1C#N,1.3907211654240201,-1.6016824510944294,-0.6217492260802235,-1.814452566648666,0.44472068897371503,-0.10046485532758433,0.3182152400748809
gdb_604,CN1CC1C#C,2.670888416503429,0.12851446397513605,-0.9982122281457101,1.220871198917183,-0.23347924642457044,-0.18913106822243284,-0.46453255982251757
gdb_605,CN1CC1C#N,1.9788330716541447,-0.9718760175630466,-0.8811656026199542,-0.09839966834600122,0.08670269254813472,-0.30412692748214315,0.373787586162462
gdb_606,OC1CC1C#C,2.154243268253422,-0.29382924409540395,-0.7126212402506987,0.1273588533343493,-0.2995201529211298,0.3070359957344391,-0.4960723715075852
gdb_607,OC1CC1C#N,1.4445795023448265,-1.3129473484645067,-0.5481074784940653,-1.3419294785037266,-0.033337865906953076,0.2009060678008536,0.8951996998103657
gdb_608,CC1CC1C=O,1.256292295938193,-0.7672607295596613,-0.8947449131627658,0.7033363512728531,0.4244490487938499,-1.0172918986778043,0.4371152072092297
gdb_609,CC1CN1C=O,0.966434052046669,-0.9998817566017077,-0.6166571402334581,0.07404640751600439,0.008582649965250592,-0.3134710954979688,0.646027398433378
gdb_610,CC1NC1C=O,0.6926599495953653,-1.3172616994165927,-0.7843733899025793,0.4967606459912784,0.28811575719577703,-0.7120301716539238,0.15721791040822122
gdb_611,CC1OC1C=O,0.09543894534602979,-2.1017818048123047,-0.6001104086151726,0.02846315801790809,0.1735416952410717,-0.3236238023123262,-0.21719793944104435
gdb_612,CN1CC1C=O,0.824207696310616,-1.3698668684371222,-0.8434129827365741,1.352818744106963,0.04067628340913024,-0.4878907353504778,-0.9695905046188049
gdb_613,OC1CC1C=O,-0.027550386276913173,-1.8218914593289492,-0.5525712722030967,0.22198291814379123,-0.10861974662289454,-0.2662208340023787,0.8866366699825498
gdb_614,CC1CC1CO,2.15856177514934,1.5847729679976819,-0.21629155964985916,-0.5006411218542476,-0.20013041403411153,0.312856433138061,0.039792334147577595
gdb_615,CC1NC1CO,1.42872784748123,0.8347034114122488,-0.1473603948603512,-0.30125051051590507,-0.497180350110223,0.5027404137871969,0.5027995081859877
gdb_616,CC1OC1CO,0.9537008143860738,0.6113897384738005,0.14987760326857294,-1.167377370811151,-0.6802660066147034,1.1249904237912758,0.21978888625113505
gdb_617,CCC1CC1C,3.627667952219965,2.8998623404615085,-0.4551759169070247,-0.3518825815375884,0.23576074077112047,-0.18886606130021702,-0.422047386595733
gdb_618,CCC1CC1O,2.1637025456366596,1.5977592641501417,-0.21907688956270854,-0.3087559530177659,-0.30730204512204856,0.3733373367463709,0.04149782891410962
gdb_619,CCC1CN1C,2.698302283269817,1.934884475952258,-0.4992367966672422,1.1010771953376384,-0.47590952550957055,-0.014724814148173787,0.3494783807989764
gdb_620,CCC1OC1C,2.2520990563040084,1.7805946637495182,-0.12262212463206754,-0.6998745799593853,-0.3351387115257975,0.4801198857509223,0.4178005634560641
gdb_621,CCN1CC1C,2.7010949419748536,2.1206281918885046,-0.4705165595317749,1.0468085735753712,-0.4759583841034796,0.014767995057326011,0.360285488414647
gdb_622,CN1CC1CO,1.2504285179697516,0.763862377568504,-0.2440787520233013,0.6610113131984435,-0.7380292729199895,0.4530740894756638,0.5066865586459288
gdb_623,COC1CC1C,2.245155776212275,1.7482160346417195,-0.1900438641787993,0.02407005043904394,-0.5620891878146882,0.5794031394473043,0.0027499789791522494
gdb_624,COC1CC1O,0.8093617499136808,0.35585616670137843,0.023807670176920773,0.24730918475351518,-1.124875885153149,1.1686510376763244,0.10983574227574353
gdb_625,OCC1CC1O,0.9800057029483312,0.7279549906092053,0.10574403023730738,-0.5688038081272904,-0.8741160405680701,1.2695496045495753,-0.359697715228819
gdb_626,CC(=O)C1CC1,1.4294634156961095,-0.6571928308556709,-0.8573025032120056,0.77582516747134,0.23334619967609496,-0.7469657176205322,0.11947283564679838
gdb_627,CC(=O)C1CN1,0.9212003724937149,-1.2117445801605042,-0.7297624848729384,0.21318397381816725,0.2567971473220026,-0.47570638778317687,-0.3204843293386408
gdb_628,CC(=O)C1CO1,0.2390004407495263,-1.7017083967725202,-0.5673677720583569,0.30036221009285674,-0.10854555390096723,0.027532679113206643,-0.6720665967707317
gdb_629,CC(=O)N1CC1,1.0406986082101093,-0.9223554898042859,-0.6025442662371442,0.2833502118216118,-0.13355587566345717,-0.15923309208798084,0.3828620077992738
gdb_630,NC(=O)C1CC1,1.1994521041479211,-0.6024405281944895,-0.4871617596424449,-0.02550534610003416,-0.34702953885161614,0.12527184948344597,0.823462813773757
gdb_631,NC(=O)C1CN1,0.596430220411207,-1.246727601726993,-0.39028589754018117,-0.32035483920043284,-0.39330009742402056,0.32990307052465306,0.6333420528006583
gdb_632,NC(=O)C1CO1,0.00036996848497353754,-1.6186524855300288,-0.21573577948037492,-0.3138860962953459,-0.7161037833263281,0.9124882025606257,-0.1955669474085275
gdb_633,NC(=O)N1CC1,0.7958275476369495,-0.9152058741077821,-0.2933308869384311,-0.2153314417675994,-0.6893806704459353,0.6961951974295587,0.4805736637717462
gdb_634,CC(C)C1CC1,3.7744019596283764,2.843915390977869,-0.4245367682467092,-0.705926208387897,0.2610845999691821,-0.07821889563747901,-0.5325092397368827
gdb_635,CC(C)C1CO1,2.3471362568050695,1.4938615631056333,-0.15032777970367475,-0.801804325555598,-0.3426795081858792,0.5293028841361833,0.28942279831809753
gdb_636,CC(C)N1CC1,2.838196590911166,2.0334212508511826,-0.4455408684242822,0.7181559405483282,-0.4217440613695933,0.09474096793621038,0.18299537062326515
gdb_637,CC(O)C1CC1,2.2099397595976615,1.4711739746637051,-0.21173983892390721,-0.5615758321089903,-0.24195820941486815,0.3628396893144403,0.10609902669434453
gdb_638,CC(O)C1CN1,1.3295495886066833,0.45094899302418423,-0.22954595670405362,0.19066947703047585,-0.6284878515919898,0.41629625301880785,0.743260103163083
gdb_639,CC(O)C1CO1,1.1907014560913771,0.6497123435469295,0.20460990567257703,-1.2671819044001207,-0.8469340352654859,1.4178225292692022,-0.0777983388664447
gdb_640,C1CC11CCC1,3.9684059558082416,2.0733605949867253,-0.5894650956989377,-0.3520207865736476,-0.16543570728949905,0.284198974853894,-0.4597619586200933
gdb_641,C1CC11CCO1,2.253089338184137,0.6198435232523141,-0.4389786146284561,0.6935657299702294,-0.9580350103431715,0.7203564070350821,0.3387870189185532
gdb_642,C1CC11COC1,2.2473943829912906,0.4909713960507668,-0.4524577646308915,0.12625334328163818,-0.6427833128240654,0.5493867327513752,0.26286154595458194
gdb_643,C1NC11COC1,1.6572486383596143,-0.08699303791801558,-0.34157793928479135,-0.10623463329477577,-0.7560092589484195,0.8086813990403754,0.11124185528602833
gdb_644,C1OC11CCC1,2.431266281243761,0.6371651682970014,-0.3541767325677431,-0.5940114435601486,-0.5171871078460873,0.6698202397239745,0.2154935803520108
gdb_645,C1OC11COC1,1.138538252281176,-0.3631462793513912,-0.06681663954421924,-0.7699154392338502,-0.9907348763837678,1.4092204643804072,-0.13068986629587678
gdb_646,C1C2CC1C=C2,3.415172828400276,0.008863085456346752,-1.1046835714827075,1.9151805411030363,-0.2602186353321947,-0.3702016970002828,-0.9192381468941457
gdb_647,C1C2OC1C=C2,2.0108548598769644,-1.3860408857862816,-0.7974924914263429,1.035242405926066,-0.44093993492158495,0.060710065561434254,-0.35526324617375893
gdb_648,C1C2CC1CC2,4.394731834855451,1.947038606399516,-0.3598130402398725,-1.6095846411049344,0.07114154276879063,0.48486602022999703,-0.7166583407219376
gdb_649,C1C2CC1OC2,2.660553649461215,0.7003228889700716,-0.1737811243973225,0.0966286236821959,-1.1325320604689155,1.1231468965471958,0.4285395494429162
gdb_650,C1C2CCC1O2,2.658741903317851,0.6209217050105427,-0.18810678323868452,-0.13188381039976074,-0.9996361608896885,1.0552884479292814,0.34573211936096004
gdb_651,CC1C2CC1C2,4.306833596885282,2.2647297913981417,-0.4128124623600072,-1.4969273103090819,0.007154426138645512,0.5028575561719263,-0.5256153221767438
gdb_652,CC1C2CC1O2,2.3946684827783913,0.6599092226578319,-0.34817182460876284,0.19751583102646753,-0.9404404407899756,0.8279652696210584,0.5708218302008535
gdb_653,OC1C2CC1C2,2.4985397502077697,0.5859494042805039,-0.3452653494914622,-0.3231979934958152,-0.6532763511644207,0.7724351809753629,0.019627085867469942
gdb_654,OC1C2CC1O2,1.0655516287250564,-0.5564776143478545,-0.10122233064736584,-0.09759577051275407,-1.2182359797827553,1.4077420055001502,0.007296054745024935
gdb_655,C1CC=CCO1,2.015406943338909,-0.04964945562275924,-0.5759289088329328,0.6401702290709316,-0.26033715258720574,0.04950550314145376,-0.5139131270074352
gdb_656,C1CCC=CC1,3.3042208754698077,1.0882735504684593,-0.91899348874924,1.3498282876496457,0.06514566541859125,-0.5795285281295103,-0.7386976643777691
gdb_657,C1COC=NC1,1.4543468596514377,-0.6412647748450546,-0.3976071449947119,0.1914787707151617,-0.5024426324787291,0.391857210455529,0.03070470356510788
gdb_658,C1CCCCC1,4.034148494780812,2.6317164311058776,-0.32582810749854174,-1.331784874088704,0.3642613840972382,0.03170052505663257,-0.7064123139353528
gdb_659,C1CCOCC1,2.3880342520786395,1.430358012295285,-0.12825205978525817,-0.0059350290180991295,-0.6918685976679995,0.6822680186299942,0.16994311460750677
gdb_660,C1COCCO1,1.3387655965898975,0.8756381206202339,0.2499769127156395,0.0029132652379053733,-1.441133611035052,1.8327798958006805,-0.7685205192652995
gdb_661,C1COCOC1,1.301309756670684,0.5439638377271346,0.3061930478241967,-1.1310657867752436,-1.0460646518970962,1.5449439622602281,0.1840614038772213
gdb_662,C1CC2CCC12,4.006205842487261,1.7693615471772375,-0.5961446628519923,-0.31628097821768403,-0.1675216335210279,0.27253555146167247,-0.5542312498328223
gdb_663,C1CC2OCC12,2.4184532208005933,0.44568074216493986,-0.3620667531107186,0.1362214864061548,-0.8390243697354127,0.7706032741998273,0.2874371940043484
gdb_664,C1OC2COC12,1.20649834821129,-0.5563898210196854,-0.05170912012043851,-0.3591104364721578,-1.1392151928492296,1.4951561375123215,-0.443603339124462
gdb_665,CC1C2CCC12,3.926740295808561,1.8977129311778689,-0.6089531210480916,0.18230425218669605,-0.37662727197269985,0.31893086452917074,-0.36380137214106256
gdb_666,CC1C2COC12,2.39288811765976,0.5644209024507034,-0.3684183494582091,0.350617601941169,-0.9368821459767838,0.8197378663768372,0.29686849761606665
gdb_667,OC1C2CCC12,2.4800007359888347,0.5571354164306027,-0.34370731061746335,-0.05837516662668987,-0.7696263074164207,0.8143264970723506,0.03634855337373761
gdb_668,OC1C2COC12,1.0844919051641304,-0.6565244034169118,-0.09625502390068619,-0.006648307832629712,-1.2527858108267511,1.4344725238057736,-0.11634011818453167
gdb_669,C1C2CC=CC12,3.39682743112632,0.20975257259917585,-1.1313294820406554,1.7423432217324366,-0.23321121933117417,-0.35053725884582115,-0.8390550603097341
gdb_670,C1C2OC=NC12,1.6636023010425023,-1.465657901289557,-0.5795837042433553,0.28563944264172636,-0.6862562099883608,0.6927210839720336,-0.5678178336626581
gdb_671,C1C=CC2NC12,2.713767443862423,-0.53205972206826,-1.0030487090463924,1.294250556482576,-0.2933956961022225,-0.23770867115715863,-0.24752776474317859
gdb_672,C1C=CC2OC12,2.011224168381942,-1.2324133342672707,-0.8208220769628106,0.5902862664362617,-0.26613079975144144,0.01643801753611778,-0.36959400078260657
gdb_673,C1C2CCCC12,4.059123229717954,1.8552046683705203,-0.544194492032272,-0.30133186200318907,-0.26629954379342097,0.366986780028172,-0.45355602516200766
gdb_674,C1C2CCOC12,2.5079593812391576,0.6601174274112759,-0.3031995915888719,0.4901052064510744,-1.144638320373078,1.0261768108588545,0.2620701134381541
gdb_675,C1C2COCC12,2.6465040917061122,0.7411686334703267,-0.22416640604116708,-0.341553922492402,-0.8967474734497292,1.0287386234407794,0.2539384559321157
gdb_676,C1C2OCOC12,1.3815356348493402,-0.16578766572664871,0.07575078254297841,-0.002562480149609102,-1.6451409979425606,1.9465843779832253,-0.2103999625973749
gdb_677,C1CC2OC2C1,2.7121315361304337,0.770692902967988,-0.17185544281723666,-0.7334628306876166,-0.8380688724367346,1.0653230829688123,0.41216785539879236
gdb_678,C1OCC2NC12,1.7755138444350278,-0.16310299397298642,-0.19360498531075587,-0.13682249599320423,-1.0298043903393592,0.9867085261733332,0.8750872290360365
gdb_679,C1OCC2OC12,1.4642396009941248,-0.14723087186863168,0.18438609494066902,-1.1308640340426601,-1.3432509483609134,1.851558740955583,0.44352945962074775
gdb_680,N=C1OC2CC12,1.5454450285269319,-1.3478606277639438,-0.5973195184650035,-0.483733525897141,-0.33534299885121865,0.4222394404840748,0.08593544083880504
gdb_681,O=C1CC2CC12,1.6468610348017947,-1.5123882184486575,-0.9761851026865023,0.7139856672326695,-0.07921461183745718,-0.42802736311779593,0.4270378764326198
gdb_682,O=C1CC2CN12,1.1246321056933373,-2.116572906129599,-0.8019769415353479,0.15038973607049086,-0.19279123834785517,-0.11583892038273148,0.5827058489580278
gdb_683,O=C1CC2NC12,0.99152945196551,-2.1592898758097885,-0.8796024768575958,0.596397942549878,-0.22320209324554796,-0.22289663047674751,0.5135010414255013
gdb_684,O=C1CC2OC12,0.3839479422179258,-2.619588187338708,-0.7057680509422366,0.28781590981437255,-0.35097019298556914,0.23698704344253899,-0.3277723494448359
gdb_685,O=C1CN2CC12,1.167656518993881,-1.9566369870947686,-0.8688532394200403,0.48099096464453134,-0.13844735445536177,-0.06320642576314091,-0.5154258136844307
gdb_686,O=C1NC2CC12,1.2683616405925477,-1.7644374893966497,-0.7108159862482968,0.04864748459540327,-0.3956098690683166,0.15214789432540377,0.7148658570664005
gdb_687,O=C1OC2CC12,0.7194748910587304,-2.3373146594971406,-0.4460730830600595,-1.3891144356841356,-0.21280518865693712,0.48131229783595453,0.6035498340541221
gdb_688,CC1CC2CC12,3.911471354957611,1.9028055559410317,-0.6197131057112393,0.07671902398877693,-0.33149906028022863,0.2920759074145061,-0.31773880261570003
gdb_689,CC1CC2OC12,2.537809227253982,0.7086359487142995,-0.2864381422189186,-0.4379797570386019,-0.7720517485078153,0.8924614423355689,0.3678213794824171
gdb_690,CC1OC2CC12,2.4191356077523087,0.6762307878969582,-0.3542863598368205,0.3133287664064299,-0.9884747524221705,0.8895338256949559,0.3496641158017146
gdb_691,OC1CC2CC12,2.4830403102272403,0.605739093785572,-0.3508083684598648,-0.2479370777494421,-0.6908398836524103,0.7931274216311514,0.01504192634166985
gdb_692,OC1CC2NC12,1.7452493825864333,-0.1057945284940386,-0.24375425665895878,-0.0762935707082713,-1.0298142773486658,0.9931676902404779,0.745778108364713
gdb_693,OC1CC2OC12,1.2744704754037675,-0.3531053808414702,0.023296621293572635,-0.7815336852595944,-1.2040133613593662,1.6205925813954778,0.09695239297365255
gdb_694,OC1CN2CC12,1.69361143755109,-0.14480772532354044,-0.3305100374422539,0.25837125904040925,-0.9696042045059358,0.9327105731751162,0.10835471286015598
gdb_695,C1C2C3CC2C13,4.596487758232622,1.581614588364663,-0.46945853256880704,-1.559084796999272,-0.2776214874301802,0.8951853983305181,-0.6482554825072517
gdb_696,C1C2C3CN2C13,3.3806471522937818,0.4857129925606188,-0.5828431467689047,0.5188693151302479,-1.0356815280298066,0.822385561340918,0.514201311073824
gdb_697,C1C2C3OC2C13,2.579260155911737,-0.2501176975338587,-0.47413085981280323,0.3347115724886081,-1.144520910886776,1.0628269829826857,0.33682613961470675
gdb_698,N1C2C3NC2C13,2.581738793903586,-0.41073280441559123,-0.6202342168468462,0.8237814179623995,-1.0704365241803306,0.8335303268614016,0.0953581876658701
gdb_699,N1C2C3OC2C13,1.9607333303273138,-0.9414121363579261,-0.4146614719827325,0.15241041301614142,-1.1221759022077176,1.2282288494932294,-0.26187854419537926
gdb_700,O1C2C3OC2C13,1.4489141152196165,-1.2405627306637115,-0.21041349191385728,-0.2008043864772655,-1.2899550593548699,1.8214100442358243,-1.39758432159654
gdb_701,C1CC1C1CC1,3.711085697996527,2.2177667082669648,-0.6672013302896326,0.22010263433145696,-0.1618825754767168,0.09285215304469882,-0.4714682084503749
gdb_702,C1CC1C1CO1,2.4274864349492162,1.0959941692041788,-0.28249942588846555,-0.8560532645072852,-0.4918424153007885,0.7273849685041277,0.37325627172075426
gdb_703,C1CC1N1CC1,2.9929559317429475,1.3469480272728422,-0.6173387917694519,1.0325467447437318,-0.8251407593983944,0.4479586533131251,0.24255701888942902
gdb_704,C1NC1C1CN1,2.203466326519322,0.3417214257562557,-0.5424562877404973,0.33407060150250084,-0.6440625119938891,0.3100430115391565,0.9868624246265265
gdb_705,C1NC1C1CO1,1.5918428470777934,0.22561767816132916,-0.27291456927545615,-0.530517300613275,-0.6580943078700857,0.7494053569655129,0.6590312548821694
gdb_706,C1OC1C1CO1,1.2330915763532215,-0.2513616938360416,-0.0021906947316876063,-1.2266550560477036,-0.9296524004204305,1.4797420720089582,-0.022114016177540607
gdb_707,C1C2C1C1CC21,3.810378454880692,0.8966893542645229,-0.8892933025220587,1.7250265702080314,-1.046574279104225,0.5177801096539839,-0.15124879179095638
gdb_708,C1C2C1C1NC21,3.088382182556407,0.14429464585223284,-0.7718997969640635,1.5347248986993312,-1.1918984221117552,0.6298831850939569,0.5046207345925096
gdb_709,C1C2C1C1OC21,2.4614544880796636,-0.5096473317946926,-0.5586957876578512,0.4651056680999163,-1.034891667028459,0.8929551165672077,0.2212529657300613
gdb_710,C1C2C1N1CC21,3.1370267995925833,0.07993614397959468,-0.7671666204336897,1.066685198276808,-0.9542486320210204,0.5542054781346164,0.2717283263142633
gdb_711,N1C2C1C1NC21,2.3240465724442823,-0.6133272400804228,-0.6866616130407329,1.5176716480503285,-1.3534603095943214,0.7169628005070758,1.0824610866060278
gdb_712,N1C2C1C1OC21,1.6519338865800204,-1.3124273102006385,-0.48266219845368796,0.5465176713184007,-1.2321897362042264,0.9479440229172725,0.9842157935133856
gdb_713,O1C2C1C1OC21,1.1142383118207655,-1.8683867350261059,-0.2384852710165622,-0.7554327940351308,-1.0187782378801227,1.2790566911572505,0.46263954064259744
gdb_714,C1C2C3C1CN23,3.4667331616577512,0.37233104261944316,-0.5030564053467719,0.2496939291793569,-0.9955115652601357,0.8623577397620449,0.5099058813269204
gdb_715,C1C2C3CC1C23,4.3061050096706115,1.2971450370575792,-0.5608621814736051,0.1297326649005006,-0.8338943384970012,0.8644231256490166,-0.2189807771154432
gdb_716,C1C2C3CC1N23,3.480078257686183,0.36303443853556444,-0.5086432161997737,0.09007175464160554,-0.9146884831297122,0.838124512205796,0.41895004413424625
gdb_717,C1C2C3CN1C23,3.3540590566270114,0.2683765653191182,-0.5649415568336805,0.7831801247888338,-1.0948290191518095,0.7963392219715285,0.47556687125121916
gdb_718,C1C2C3OC1C23,2.6816370828324945,-0.23863213109065046,-0.3659860581971526,0.3698786735892957,-1.2687836189937503,1.2010656463881435,0.34240463086817774
gdb_719,C12C3C1C1C2C31,4.233376474549486,0.22205129603275411,-0.8075831319458868,1.0786980505307178,-1.099629399333413,0.9011457253051277,-0.5297826624659456
gdb_720,C12C3C1N1C2C31,3.311570664753019,-0.8515408992758599,-0.7742902486047817,1.2171522272855995,-1.2151404192315611,0.7816098965927422,0.4309967679912067
gdb_721,C1=CN=NC=C1,1.5161713207721348,-2.8432886996615743,-1.268501702973625,1.386147537992991,0.11588923114789855,-0.9459431492304263,0.5367188088903596
gdb_722,C1=CN=NN=C1,0.9360509466214186,-3.655051462272039,-1.1293710649122164,0.4336101714460437,0.31201100287539746,-0.858189812102401,0.6109278439561974
gdb_723,C1=NN=CN=N1,0.5309258229918374,-3.9197383518309263,-1.1836446986255746,1.5050188630510295,0.0953459006443692,-0.26914489496554816,-2.7135404048368845
gdb_724,C1=NN=NC=N1,0.47679497038033347,-4.167040541023706,-1.0845825469689736,0.5021832155533295,0.2805466928084552,-0.46957831553382595,-1.1579224542262534
gdb_725,C1=NN=NN=C1,0.2927674285937265,-4.42994266436857,-1.0867797317839354,0.25676703658815186,0.3769810943837827,-0.7420130931905284,-0.007709051221255295
gdb_726,CC1=CC=NN1,2.0064087718542356,-0.8223368597312796,-0.8758966153480268,0.8157588128142811,-0.42045251233457737,-0.029458920033201254,0.43715498482334697
gdb_727,CC1=CC=NO1,1.1777119576642394,-1.7570707134351016,-0.7705706124959916,0.09194391684410445,-0.1465882850258163,-0.046523298365161954,0.19062620528560678
gdb_728,CC1=CN=NN1,1.2040574313835546,-1.9227826280797777,-0.7990818176214411,-0.09870067938345732,-0.14338901454214353,-0.23524039052899867,1.3270120304266588
gdb_729,CC1=CN=NO1,0.45206669840905234,-2.7084190333202622,-0.712101816214903,-0.5964674925072326,0.10378048126175592,-0.1360958233734216,0.32575722795470924
gdb_730,CC1=CNN=C1,2.0637517440650237,-0.7154877024854809,-0.8664733922952873,0.8184400427333782,-0.4510970807442713,0.06164327315409716,0.18670577358387425
gdb_731,CC1=CNN=N1,1.2807795555721175,-1.8012351166058145,-0.7910041387412691,0.007105805803587475,-0.20152110033569423,-0.11257291733442143,0.9165474755255971
gdb_732,CC1=CON=C1,1.1617201102215062,-1.792183879628443,-0.7791871790514888,-0.017508069201371174,-0.10551218465258325,-0.07452535502011794,0.2515482748791469
gdb_733,CC1=CON=N1,0.47202368281415436,-2.6850324646257357,-0.7224226079762841,-0.514291536743203,0.08288436864534002,-0.09282379193915521,0.09235961637231836
gdb_734,CC1=NC=NN1,1.5213945559735595,-1.5132530373272184,-0.713290852413,-0.23330264188237143,-0.2749019775361611,0.18996638251545972,0.3302791004393161
gdb_735,CC1=NC=NO1,0.9294702950164269,-2.1536934051242125,-0.5680517595123687,-1.1500044666650227,0.041012709898339564,0.4252797515497886,-0.9959404910169315
gdb_736,CC1=NNC=C1,2.1742354569218474,-0.617865650352963,-0.8231256934074771,0.5672204150379613,-0.40613683965563496,0.14944092409558926,-0.043737372352770164
gdb_737,CC1=NNC=N1,1.6278818551116991,-1.3379886817001425,-0.6910646510961429,-0.17325827445277117,-0.33384292896268586,0.3442842673777603,-0.13761910413027428
gdb_738,CC1=NNN=C1,1.7212240315267373,-1.1745794488387635,-0.7406823338536935,0.07607284143125519,-0.27923610668287313,0.4484272202505018,-1.3565860133340657
gdb_739,CC1=NNN=N1,1.0580147234831019,-2.1781963725977898,-0.6215334906958287,-1.1695463546364482,0.08920514405495471,0.3405071709494184,-0.8835318176238417
gdb_740,CC1=NOC=C1,1.2868350270900686,-1.6729838841997398,-0.7315247540870133,-0.2639016974135755,-0.0799555152967643,0.039995298782373824,-0.0010618334767288318
gdb_741,CC1=NOC=N1,1.0502493024738306,-1.9902268882621783,-0.5469280166795123,-1.2360170444903442,0.041639573282217554,0.5685278849971678,-1.5190162883337341
gdb_742,CC1=NON=C1,0.6699937950851315,-2.6594392356682897,-0.6358518894657621,-1.7112915428440705,0.47983704234500996,-0.10465284088076013,-0.12200815678477687
gdb_743,CC1=NON=N1,0.16560608260496024,-3.290405796726376,-0.5508678101791048,-2.20043804806627,0.6220821853468621,0.11949201734896003,-1.1532470779352588
gdb_744,CN1C=CC=N1,2.1050756858730035,-0.7707754749360421,-0.844866382923829,0.6490048422570658,-0.37512164522885655,0.03704787942464922,0.1540243643223247
gdb_745,CN1C=CN=N1,1.3137119954116654,-1.8715814881609543,-0.7615689558296204,-0.3036900355804639,-0.1042409551965947,-0.15445296051805593,1.072354024710692
gdb_746,CN1C=NC=N1,1.5544517800730182,-1.5452955835586875,-0.6951334975450788,-0.4447646312699005,-0.1977438780515176,0.16848478727505647,0.34007007491377395
gdb_747,CN1C=NN=C1,1.219115945244968,-1.9686367152957673,-0.7342320073097743,-0.3150103010764413,-0.280004344374002,-0.17197746252484455,2.1645533474330185
gdb_748,CN1C=NN=N1,0.7176658871039469,-2.711067864956088,-0.6185378025123024,-1.439786380215928,0.11219214946381406,-0.09426066360647839,1.4518614757043553
gdb_749,CN1N=CC=N1,1.7319978452877152,-1.2095528740258596,-0.7294669522572003,0.11277683823586415,-0.26774455825504867,0.4289136552954042,-1.3822542841458014
gdb_750,CN1N=CN=N1,1.0142932164638288,-2.3032800937838087,-0.6061888202424649,-1.3260610456541742,0.1464861805002386,0.2345333806125832,-0.4542306393206265
gdb_751,CN1N=NN=N1,0.3083863485686207,-3.3339529384270437,-0.4888719497690505,-2.6155658950537695,0.5182714881129736,0.0838717376942598,0.28525043521685267
gdb_752,N=C1NC=NO1,0.01636275505384996,-2.6408014981264176,-0.49901436847926706,0.5018049225169325,-0.9494310952426837,0.7910349605993233,0.27742311082558624
gdb_753,N=C1NN=NN1,0.1739054459130039,-2.5755470816051735,-0.6543292217222301,1.1757736864260446,-0.9430605595090132,0.7967013333689709,-0.9730128522351671
gdb_754,N=C1OC=NO1,-0.39755641435175304,-3.000395618900681,-0.26477797398073744,-0.5797651823635848,-0.7827484154051547,1.2983929335380193,-1.167839537715337
gdb_755,N=C1ON=NO1,-1.0999338440909046,-4.036872970383491,-0.2784941160384969,-1.3771205918970852,-0.2056784605297772,1.0751396098207726,-2.1123592777375473
gdb_756,NC1=CC=NN1,1.3338922978704977,-1.2782316284383028,-0.7536861545013875,1.4305662284409026,-1.0560931141530732,0.41362655247310887,1.0135334920301078
gdb_757,NC1=CC=NO1,0.4993844892061806,-2.1090483732175724,-0.6352855240141921,0.9835650886289098,-0.945296815322515,0.4771004851778645,0.8842280513333726
gdb_758,NC1=CN=NN1,0.5203501239672017,-2.3691932979862145,-0.6870973654391944,0.6200674559408254,-0.7915472936269239,0.20442757313212803,1.8221660575364647
gdb_759,NC1=CN=NO1,-0.2884920622256389,-3.1071438463891816,-0.5931034873799329,0.37711063619458196,-0.6814110306225022,0.3120909883258238,1.1715696712189758
gdb_760,NC1=CNN=C1,1.263338695180624,-1.2900652193516464,-0.8308102265670275,1.9881651254691854,-1.131909906317377,0.4001563525543369,0.5585424836666242
gdb_761,NC1=CNN=N1,0.5249293801306434,-2.284789762706726,-0.7521039538443131,1.2702766030895254,-0.909590005719967,0.29327849342058215,0.9791624949292785
gdb_762,NC1=CON=C1,0.3410849336439227,-2.389604352246955,-0.7382902416906103,1.108525739981597,-0.777042312718101,0.23252611031247458,0.7948248266730874
gdb_763,NC1=CON=N1,-0.3386978046432647,-3.249488425152377,-0.6876867289783634,0.737873298366248,-0.6235000699814084,0.24597677496926384,0.4736482542597391
gdb_764,NC1=NC=NN1,0.882773722281707,-1.8663407966832213,-0.5725126086094836,0.5053168920777573,-1.0108984569513793,0.723930248971089,0.8608714034120563
gdb_765,NC1=NC=NO1,0.20977561803915482,-2.5293543462545687,-0.4242467265151341,-0.16130728505310055,-0.8437425445174117,0.9433973500873258,0.05242787312667325
gdb_766,NC1=NNC=C1,1.4424380569920383,-1.0661543909037596,-0.7734785333482519,1.84690386910696,-1.1689822284623987,0.6125295976653002,0.03579859377168399
gdb_767,NC1=NNC=N1,0.8993871937673367,-1.748075181173399,-0.6468924179346794,1.2685967781410772,-1.152111026105676,0.8434531713071661,-0.1792626706843841
gdb_768,NC1=NNN=C1,0.8503824061480709,-1.824069709911589,-0.7054411495846469,1.3011958957027485,-0.9959681695942522,0.7208981727882743,-0.564342169128133
gdb_769,NC1=NNN=N1,0.2048278838527915,-2.7160553933615836,-0.6079243513343603,0.5001572652180692,-0.7742895706261528,0.7226230433213812,-0.5066525993869013
gdb_770,NC1=NOC=C1,0.6003924613821706,-2.116470481034496,-0.6347135099963565,0.5649635968996845,-0.7345558899897116,0.48296943072389426,0.3209555192778447
gdb_771,NC1=NOC=N1,0.19939254212311774,-2.5485868851239113,-0.5076569921032831,0.231360664447054,-0.803943846344506,0.935989381067614,-0.8339553321611072
gdb_772,NC1=NON=C1,-0.21586146213600446,-3.237244664884103,-0.61747306949495,-0.0952679112709511,-0.38528378947558206,0.23827266404879013,0.5408576223923252
gdb_773,NC1=NON=N1,-0.765914183484404,-3.9197577628561255,-0.543494876353789,-0.47503462531032936,-0.27210514078849185,0.42524247495551865,-0.340140482722502
gdb_774,O=C1NC=NN1,0.21500392988339706,-2.3720976891695833,-0.4289543663249319,0.4800191083103506,-1.2055933498466842,1.1541171352188093,0.05558302055359465
gdb_775,O=C1NC=NO1,-0.64610507103882,-3.473428940068408,-0.24448179120067604,-1.1352375963434724,-0.7085625744864937,0.9504700348217654,0.9092179526299033
gdb_776,O=C1NN=NN1,-0.1606969688471997,-2.8814696872579577,-0.36066533138604695,-0.26957523799623906,-0.823209332995079,1.4099147832612453,-2.058026793579772
gdb_777,O=C1NN=NO1,-1.0830357648457176,-4.09210817353127,-0.19706970871168267,-1.8962747405521096,-0.26948831360364167,1.1067444199633405,-1.052848968049337
gdb_778,O=C1OC=NO1,-1.0455405213397044,-3.807375492128528,-0.0023463425588650774,-2.286432356526381,-0.5081532277322983,1.4550882173238224,-0.5869755466101444
gdb_779,O=C1ON=NO1,-1.522074524228748,-4.497374123352571,0.0052315930649826006,-2.99141973212078,0.029888586715544115,1.5216374817436746,-2.7935906003723683
gdb_780,OC1=CC=NN1,0.8376373263534515,-1.6015977086187712,-0.49846357859704526,0.7666239982103187,-1.259068125307494,1.0237462333527343,0.5102463149569504
gdb_781,OC1=CNN=C1,0.8715186608493425,-1.478120461967047,-0.5887382130534577,1.3491942464966011,-1.2629917722501705,1.100798097218163,-0.8153119964258885
gdb_782,OC1=CNN=N1,0.0674879781455637,-2.6015660839542276,-0.5151962659571234,0.49551965867493913,-0.9630452266705889,0.8710806560810053,-0.04736423971589935
gdb_783,OC1=NC=NN1,0.4952018186114592,-2.061364797829417,-0.31051969892748266,-0.2352992253365148,-1.1493878116910605,1.4271453240915137,-0.31394966268709795
gdb_784,OC1=NNC=C1,0.8347410286912137,-1.6399007829933485,-0.5438217159421951,0.8919369542484779,-1.1599223754374575,0.9748215872216184,-0.05676569863892142
gdb_785,OC1=NNC=N1,0.23708812078937502,-2.4515856638860996,-0.4196533602189115,0.0952033501126909,-1.0297201120403876,1.076755513198185,0.040230586302642264
gdb_786,OC1=NNN=C1,0.3104769368512333,-2.299414235025478,-0.4688515269459475,0.3355559494386612,-0.975569964344087,1.1574757967347808,-1.0417713443231609
gdb_787,OC1=NNN=N1,-0.17227409901094523,-2.9892893292431966,-0.3488467128802143,-0.6089872176612334,-0.6903099987222902,1.3145967300702712,-1.8210628121129921
gdb_788,OC1=NOC=C1,0.21296389310529723,-2.362948377374412,-0.379778051414056,-0.3706429995831243,-0.738812737971516,1.1129249236381795,-0.9548467483103054
gdb_789,OC1=NOC=N1,-0.45375367579047815,-3.2720586032772276,-0.27866320034648734,-1.0915588661689366,-0.5965673518715124,1.1323351621775357,-0.6755966536130341
gdb_790,OC1=NON=N1,-1.1893768133371205,-4.29478856082363,-0.29081172340903955,-1.736554518472232,-0.09249994506967428,0.9094581183436248,-1.4453636614470418
gdb_791,CC#CC(C)=NO,-1.5026885679687778,0.7875902284398055,-0.0004852881954998313,1.6604448983198143,0.8155358934300438,-1.200071511187426,-1.185540943611962
gdb_792,CC(CC#C)=NO,-0.7205943898767228,0.6862099386763092,0.09379790069393826,0.36162055624864553,0.34569858428514333,-0.19400279144396376,-1.3670930702501867
gdb_793,CC(CC#N)=NO,-1.5802240419437772,-0.5563329062062478,0.17359535793018976,-0.6432642308143214,0.5565431775139563,-0.4388643904737688,0.17479094346919413
gdb_794,CC(CC=O)=NO,-2.5996237214224442,-0.5265082864324663,0.32720112676115043,0.45104014542772164,0.3945099481758964,-0.38239415644403757,-0.9367758461319949
gdb_795,CC(CCO)=NO,-2.3859265948534065,1.1102065279071418,0.7665318091915612,0.2700055745139686,0.1811904137919204,0.030194428314965462,-1.1471515138477726
gdb_796,CCCC(C)=NO,-1.1711071766833252,2.1349345902133607,0.4630698485764341,0.752907119390618,0.6500842488491206,-0.7717053717354276,-0.9614614187581756
gdb_797,COCC(C)=NO,-2.1535926579699103,0.8351361733998821,0.7030201613574503,0.06358344287816212,0.06493682763307054,0.25602705971661266,-1.3448882659451153
gdb_798,CC(=NO)C(C)=NO,-5.031111292127018,1.0869033745164751,1.3367983625759705,1.2178042646673735,0.3761782934332823,-0.15613652021712357,-2.202792908677554
gdb_799,CC(=NO)C(N)=O,-3.0806147109613864,-1.3099498149128328,0.46862745966273,-0.1537670152625825,0.13971493823728082,-0.00868460798899691,-0.2806015928102143
gdb_800,CC(C)C(C)=NO,-0.8605688180149503,1.7701049240497595,0.377802793479425,0.7310257727530118,0.2960498739476881,-0.36575723755239353,-1.02605532442467
gdb_801,CC(O)C(C)=NO,-2.1843907860262664,0.6952499606114414,0.6922578220271365,0.15709838497412154,-0.0763553382364552,0.2689357722472644,-0.7862029885002333
gdb_802,CC1CC(C1)=NO,-0.9116370314947163,1.141255658403959,0.2015383823086108,0.70821335530613,0.32738502747255377,-0.4173874954304645,-0.879424807680367
gdb_803,CN1CC(C1)=NO,-1.5861965346590152,0.6254438468409691,0.25455488345880933,1.3524204689004384,-0.11897991061129923,-0.06840042138551208,-1.0016350864455106
gdb_804,ON=C1CC(O)C1,-2.155007980364243,0.1286457017879434,0.5261159818850462,0.18882383623531096,-0.15008230110775958,0.3568072005431255,-0.7991730796530733
gdb_805,ON=C(C#C)C#C,-1.0067815553512849,-1.3072747075375208,-0.5230609560228404,1.332283618356408,0.5690744799516144,-0.6815704127192773,-1.9920144205641883
gdb_806,CCC(=NO)C#C,-1.0416507953918477,0.05266886081670338,-0.130639134875485,1.211654450183021,0.5006830892103398,-0.6804829009641128,-1.5026540172033374
gdb_807,OCC(=NO)C#C,-2.372870227896572,-0.989303768460826,0.2054126172442816,0.7584077419277453,0.012898961024130282,0.00624099374284021,-1.0320374104584462
gdb_808,CCC(CC)=NO,-0.9269084425098524,1.780062173541809,0.38490230952910093,0.7674218713503604,0.37649328618864275,-0.46900220311760876,-1.045350352136939
gdb_809,CCC(CO)=NO,-2.249800088430754,0.5301798051674972,0.6975730599679971,-0.10562727538839718,0.08782074704193642,0.10415087540551052,-0.5428854400032093
gdb_810,CC1CCC1=NO,-0.7671118005891222,1.016573821361697,0.18572045331270812,0.7229802784102647,0.18680406050533185,-0.23938418023263397,-1.0198835343720198
gdb_811,CC1NCC1=NO,-1.452458585104155,0.43404719195755426,0.2632303555573117,0.9910067440288534,-0.12325865856525241,0.026473779440233464,-0.9117147918233278
gdb_812,CC1OCC1=NO,-2.029297042132999,-0.040820384799875,0.4912705545171364,0.1277197622701436,-0.1511727924538678,0.4507143979405856,-1.2159035666180602
gdb_813,ON=C1CCC1O,-1.9804372512216515,-0.024407012102949398,0.5005217610991417,0.03789594973645899,-0.14733188523683163,0.496924170659059,-1.3137748503343254
gdb_814,ON=C1CC=CC1,-0.588411956276206,0.4089546879390534,0.010717723490569708,0.8650614377356014,-0.1222699378494458,0.10185187814449669,-1.1314828456550754
gdb_815,ON=C1CCC=C1,-1.1332974613008002,-0.09271013207860482,-0.2140180732500761,1.8811940682153596,0.14340776993672552,-0.6288741989769168,-0.9216342367779112
gdb_816,ON=C1CNC=C1,-1.8895457094938575,-0.604942154472581,-0.11632504817363701,2.6382974715631127,-0.5210861637458061,-0.26326871276965386,-0.046894050420705824
gdb_817,ON=C1CCCC1,-0.732136962645755,0.9895350981536785,0.17388004786572459,0.7752638534757006,0.06347963009072867,-0.14601170798334032,-0.9084830085671335
gdb_818,ON=C1CCOC1,-1.9232898490457833,-0.01980793347710871,0.5003662946591477,0.04235264449148899,-0.2629451635133032,0.6076473415662438,-1.2344181749455843
gdb_819,CC(=NO)C1CC1,-0.8053400108680295,1.087483669054267,0.17150999663744904,1.0624821676280531,0.05307422460097755,-0.18584654312335108,-1.0622565210874622
gdb_820,CC(=NO)C1CN1,-1.5173540115296476,0.3020913018733171,0.25149499099792455,0.8458169496178345,-0.04675221809966001,-0.08307093479946269,-0.6118735968064242
gdb_821,CC(=NO)C1CO1,-2.152066115818447,-0.03403210392243125,0.48370122677366,0.1585218106745753,-0.07607431476662271,0.30303090190167725,-0.9640299631215045
gdb_822,ON=C1CC2CC12,-0.6305186217665725,0.3685340022705972,0.011584453194069205,0.9374093327733046,-0.20314817293244397,0.08449484632924151,-0.7036308233858194
gdb_823,ON=C1CC2NC12,-1.298037883217946,-0.3024908981828619,0.11934918312820318,0.6744731461124084,-0.3215112436510604,0.2570941443350685,-0.366550649911265
gdb_824,ON=C1CC2OC12,-1.8780259942708335,-0.8243837544265394,0.32714861954678864,-0.15241780743378847,-0.31692908813478415,0.6649124957789821,-0.8594198615547257
gdb_825,ON=C1CN2CC12,-1.2192778863663478,-0.19204626912456907,0.09656310630199572,0.8465111874956864,-0.3189837253753038,0.3555689700754798,-1.1321913295929027
gdb_826,FC(F)(F)C#C,-2.7321180016572693,-3.1617055729301686,0.9798696034856142,-3.5877737599895165,-1.061346804232931,2.887915196530609,-1.429340718408733
gdb_827,FC(F)(F)C#N,-2.9225060821109636,-3.663586487374841,1.2359764834401685,-6.0141877303030205,-0.36521031636396184,3.1337874512144532,-2.4781796131490705
gdb_828,FC(F)(F)C=O,-4.72876243402295,-4.511668372397236,1.022547294283429,-2.2904397614483334,-1.07589593321809,2.6351966720708924,-2.425065813204378
gdb_829,NCC(F)(F)F,-3.4734228126501963,-1.7591339903849215,1.527385812391731,-2.0997836705836477,-2.2721993353049545,3.5728468433450242,-0.10537858897752779
gdb_830,OCC(F)(F)F,-4.028079279807783,-2.3501900360127816,1.7765090646523911,-3.6439505846076035,-1.9538772380062224,3.822379542506646,-0.4218169835054401
gdb_831,CCC(F)(F)F,-2.001866341473982,-0.5822309776480681,1.8319839687606536,-5.831626644859752,-1.1392865161257706,3.6890436562647158,-0.7922419941277157
gdb_832,CC1=CC(C)=CN1,0.4492830756512618,1.5855823795382005,-0.2693756905672782,2.454045569851872,-0.35685030382379845,-0.5080495793168723,0.36375245950829005
gdb_833,CC1=CC(C)=CO1,-0.15102136712897563,1.0083784200237367,-0.12750428306587794,1.9089870172500936,-0.3040406164962013,-0.13777419442835387,-0.7345476148006609
gdb_834,CC1=CC(N)=CN1,-0.18751459172327395,1.1086162690116286,-0.1871231499662842,3.043750984448826,-0.8978042879684618,-0.06726132542828693,0.42582044223186
gdb_835,CC1=CC(N)=CO1,-0.8548573223680102,0.4272767564792811,-0.03918289747058277,2.370140835360478,-0.8084181178727564,0.19853895455277135,-0.1792653847926477
gdb_836,CC1=CC(O)=CN1,-0.823228002106369,0.5498948357613955,0.012019440361932698,2.4453176752991697,-1.0334378929564,0.3503501092286543,0.2951933681768486
gdb_837,CC1=CC(O)=CO1,-1.5454416987669712,-0.22105918068588074,0.1513587338259457,1.7200646047123476,-0.899044904004486,0.5273676150214897,-0.06732016764341327
gdb_838,CC1=CNC(N)=C1,-0.04496672681193112,1.2381911043750906,-0.12882307057099332,2.6216452737726144,-0.8358126882063772,0.05457305469917993,0.21569800603903197
gdb_839,CC1=CNC(O)=C1,-0.5637655419936346,0.9751696644892399,0.1062008920342673,2.4130046737667232,-1.2710286960255548,0.7712997676401545,-0.22275280587240054
gdb_840,CC1=CNC(O)=N1,-1.103408199394591,0.2120111238166876,0.2543833612809544,1.4632692177503106,-1.2060025569093067,0.957739459479166,0.10029855671674887
gdb_841,CC1=COC(N)=C1,-0.804261875853549,0.5796701760767221,0.0017593532158391438,2.478158859596876,-0.9847642889298849,0.34739291260406135,-0.02139548873772064
gdb_842,CC1=COC(N)=N1,-1.2098350655575991,0.0033227323853834835,0.16900164627106573,1.549082026193324,-0.9694666285982199,0.7205694568183112,-0.3124440729531863
gdb_843,CC1=COC(O)=N1,-1.9031245304476694,-0.7182172414065863,0.37350003658203934,0.609883893962677,-0.9576370454488443,0.9848110163034025,-0.011782938320902926
gdb_844,CC1=NC(C)=CN1,-0.16848160624571748,0.6975917313237799,-0.14868431647103167,1.594659140811252,-0.2987576220555997,-0.40285757954889956,0.9426381762495706
gdb_845,CC1=NC(C)=CO1,-0.641859837203586,0.29907785238241286,0.005958400206286626,1.0449500689319389,-0.2416513511219327,0.11650412476019137,-0.8588496085172704
gdb_846,CC1=NC(N)=CO1,-1.368575964664329,-0.22382624531184553,0.0607786233316887,1.9738247365608206,-0.8805502917408937,0.5102856156608508,-0.5842067606357415
gdb_847,CC1=NC(O)=CN1,-1.4422255749030495,-0.2874124853509327,0.11481917484310933,1.8145566293341022,-1.0122816006668345,0.4785580180985937,0.5967369320697663
gdb_848,CC1=NC(O)=CO1,-1.9599112659614746,-0.74485025308806,0.2677958935962512,1.2235561835695612,-0.9285690497308132,0.9296544862343835,-0.964794711142367
gdb_849,NC1=CC(N)=CN1,-0.692899611051523,0.6970085354028778,-0.033368333651583565,2.9615758222201976,-1.2893937194411813,0.4288609174642381,0.505792252098672
gdb_850,NC1=CC(N)=CO1,-1.4312156426000116,0.04632631689948819,0.1316555992524994,2.568355096941671,-1.4081671173805446,0.7193029691391684,0.5343316677825614
gdb_851,NC1=CC(O)=CN1,-1.3458021251323686,0.11181786516267216,0.16120959644128197,2.3716285228494973,-1.4204484005616853,0.8249432376686021,0.43328397779753597
gdb_852,NC1=CC(O)=CO1,-2.1126267874625966,-0.5570987045649124,0.31757403347755314,2.0621397675384756,-1.5565666007230081,1.0933883426060287,0.5267548057217445
gdb_853,NC1=CNC(O)=C1,-1.1794557595231856,0.48040228922639494,0.2109003619952993,2.738353567051341,-1.739675130893824,1.1908022688504696,-0.029428711778497197
gdb_854,NC1=CNC(O)=N1,-1.716964821453012,-0.19019833892614688,0.3464169489657715,2.166755646097161,-1.8230805313564507,1.4666061708185434,0.0985753725171219
gdb_855,NC1=COC(O)=N1,-2.5076735135572243,-1.0781714434964615,0.4732046056210462,1.3538246996805257,-1.6074157243157934,1.5200445203733197,-0.008731435768731236
gdb_856,NC1=NC(N)=CO1,-1.8754385002993819,-0.5068438125155676,0.27083995960727036,2.0328277167444035,-1.5123522797005655,1.1206391568021956,0.13578193071007308
gdb_857,NC1=NC(O)=CN1,-1.9347325683560228,-0.5816431389746017,0.28863450028102006,1.9751178787455566,-1.5815785760098449,1.082896487763084,0.8010927840930828
gdb_858,NC1=NC(O)=CO1,-2.513559494796744,-1.068674658655511,0.47006020808734733,1.3893445575712304,-1.6059324345162207,1.5113928299251178,-0.031120417681791687
gdb_859,OC1=CC(O)=CN1,-1.9141356049792517,-0.21491204123435628,0.3927161796923381,2.1723419177609924,-1.8626596592034381,1.4868960150085873,0.27510492851823487
gdb_860,OC1=NC(O)=CN1,-2.3282452119776873,-0.7099632276009414,0.5553184616473593,1.5102844963295328,-1.935314671794597,1.8974172457055656,-0.12407269520216031
gdb_861,CC1=CC=C(C)N1,0.3856843792477942,1.5012774869108418,-0.30259113422415995,2.661949124542569,-0.3781921854614083,-0.5762099963808541,0.44840716068972997
gdb_862,CC1=CC=C(C)O1,-0.12236161949854879,1.0532452510300143,-0.14918075457239097,2.220585283064284,-0.4026258119694515,-0.06432256774260363,-1.0347328703821022
gdb_863,CC1=CC=C(N)N1,-0.07813022898856209,1.1876341372745258,-0.15631996676329477,2.7821311521653698,-0.8371856551082563,0.011543792559262987,0.15152860640322716
gdb_864,CC1=CC=C(N)O1,-0.8238578449408677,0.5571844531537156,-0.023871510931035223,2.7318196736853215,-1.0325131062584936,0.33653275827736384,-0.11909412250764771
gdb_865,CC1=CC=C(O)N1,-0.6262305739143303,0.9043231814035231,0.06863488012852163,2.653193335292423,-1.278814017118997,0.6994855926200088,-0.24837580801661654
gdb_866,CC1=CN=C(C)O1,-0.7489376791371628,0.15388447851669232,-0.01395552797980148,1.1081284807963876,-0.2297254864114654,-0.02281663131214713,-0.3844105555081279
gdb_867,CC1=CN=C(N)O1,-1.3023412798168572,-0.10252535720875418,0.1429938061105528,1.6763593717534175,-0.9530154492029755,0.5999342735102182,-0.053731167847543046
gdb_868,CC1=CN=C(O)N1,-1.212926987404315,0.0857706587976205,0.22137111366551662,1.5466645289881427,-1.1478670435623421,0.8051959222592746,0.336982355672196
gdb_869,CC1=CN=C(O)O1,-1.7506846134706533,-0.4137292421553826,0.3738777850734193,0.9808234201513183,-1.0812283325828984,1.2317958402979,-1.056558795632189
gdb_870,CC1=NC=C(N)O1,-1.4490194746642784,-0.30429240438662747,0.09370663974227297,1.8108696254628258,-0.8934645418344574,0.4042611628313051,0.2858445208828707
gdb_871,CC1=NC=C(O)N1,-1.3064170150163832,-0.04042424274354829,0.1867012177626197,1.6652872074753304,-1.12007448667237,0.687965351892708,0.5247128411370737
gdb_872,NC1=CC=C(N)N1,-0.44750967423707155,1.0019453887550085,0.008435976664469888,2.85555861356076,-1.3060606725202677,0.7144952771928096,-0.5418693539938007
gdb_873,NC1=CC=C(N)O1,-1.3969885171478702,-0.030786922240331513,0.11171881782456489,2.4085013688828654,-1.2524970361001533,0.661774316481072,0.16518473823813468
gdb_874,NC1=CC=C(O)N1,-1.0463887084671744,0.5510717267848686,0.22661503645225436,2.4432879772469365,-1.6061783057138177,1.263833506634799,-0.6486907113448886
gdb_875,NC1=CC=C(O)O1,-1.9916889295863618,-0.5628531698436685,0.322510621848604,1.716123348957673,-1.3744377149962348,1.1187563966835448,-0.0751898598562274
gdb_876,NC1=CN=C(N)O1,-1.903592528174653,-0.7287140745858427,0.277799584307365,1.3207611176754828,-1.1539293937847699,0.8807409728815363,0.38557526858336283
gdb_877,NC1=CN=C(O)N1,-1.6779657913294086,-0.2705778687152601,0.36843939120129554,1.535442335419635,-1.5439016613506948,1.3564048862431723,0.0648271586545623
gdb_878,NC1=CN=C(O)O1,-2.294804332046937,-0.9433661205777787,0.5133431505523894,0.66474573069028,-1.2930189316843466,1.5871058290421312,-0.9600284926818144
gdb_879,OC1=CC=C(O)N1,-1.722701497361848,0.13308179625765587,0.4199560680848294,2.563848582381275,-2.1135266425008012,1.8419602027435527,-0.5852888332585572
gdb_880,OC1=CN=C(O)N1,-2.2743022903722143,-0.595819495266685,0.5812963386143747,1.5010811113129583,-1.9982640162678786,1.9963788224522787,-0.19354999941372672
gdb_881,CC1=CNC(=N)O1,-1.5376413376140297,-0.34398178690902304,0.10382174045447494,1.959313500757947,-1.0182486187625739,0.3606188652791861,0.9823545137753436
gdb_882,CC1=CNC(=O)N1,-1.490179927567992,-0.32692988015149116,0.14940049430610927,1.7162330850914143,-1.0945515278171654,0.45623182635791937,1.3435894809639697
gdb_883,CC1=CNC(=O)O1,-2.1920338597678084,-1.0979083088287498,0.33564905982500326,0.7115543321526614,-0.9501807860686616,0.6321770850098214,1.4142597626196711
gdb_884,CC1=COC(=N)N1,-1.5495769210185022,-0.3793324294154618,0.10673429397281259,1.8548480617791578,-0.9890059090978508,0.336138234473829,1.0929456645315203
gdb_885,CC1=COC(=N)O1,-2.1274486882499484,-1.0010464407159463,0.32961987292065936,0.6776171853043668,-0.8444909002645519,0.6505819104715109,0.8086990415445474
gdb_886,CC1=COC(=O)N1,-2.223427173197784,-1.1628113441311827,0.3377641946137985,0.5800091504480587,-0.9080373026455504,0.5775204767256283,1.6374357208604133
gdb_887,CC1=COC(=O)O1,-2.7743156711975256,-1.7182816126011964,0.5564149208062955,-0.5059805403012453,-0.7748947639996733,0.9336975632947243,1.0837558348275869
gdb_888,NC1=CNC(=N)O1,-2.058730835308577,-0.6969862826200222,0.28316643950885034,1.9997235780691915,-1.5438289795924152,0.904499162543701,1.4224998339817487
gdb_889,NC1=CNC(=O)N1,-2.0607091472831662,-0.785134097774647,0.3033402323919273,1.7201442506200402,-1.5349565186481764,0.9011797612519957,1.8088626133427668
gdb_890,NC1=CNC(=O)O1,-2.7403459634302183,-1.401365016029619,0.5012788457638508,1.0943645062741523,-1.614416874387752,1.22696441558748,1.8494180152331516
gdb_891,NC1=COC(=N)O1,-2.550623582445829,-1.3289986221463024,0.474259127113658,0.5164871658897326,-1.116436505606369,1.185219727910282,0.1633364275245236
gdb_892,NC1=COC(=O)N1,-2.771172325078441,-1.551162336274402,0.5014910847106329,0.6456280285276853,-1.3934368430385125,1.071945570944029,2.03706945883686
gdb_893,NC1=COC(=O)O1,-3.3525346009781294,-2.031010738962703,0.7230239169391673,-0.05806313786008122,-1.4744600589995753,1.5110766581210942,1.6977599183556769
gdb_894,OC1=CNC(=N)O1,-2.4704962207432892,-0.882802769076431,0.5131595156212989,1.5959341219188674,-1.8158831731414058,1.6636549521236992,0.1771086844389096
gdb_895,OC1=CNC(=O)N1,-2.7056106078070123,-1.308882778393874,0.4916733776528346,1.3813223435181827,-1.781269131334287,1.3738133925648435,1.6229265544386273
gdb_896,OC1=CNC(=O)O1,-3.0927841643987732,-1.5030246566949261,0.7466428988480116,0.6360617357802995,-1.8851380226301457,2.0527025305604796,0.38466291643447986
gdb_897,OC1=COC(=N)N1,-2.6976591737428515,-1.2622200383837028,0.47173671488819496,1.4159264254099424,-1.659602787102756,1.3187347554921343,1.1623831920914005
gdb_898,OC1=COC(=N)O1,-2.98384282117812,-1.3554775991460586,0.7682647117501097,0.43290739944962936,-1.7601829337582213,2.1048960941070756,-0.1943399673364039
gdb_899,OC1=COC(=O)O1,-3.7430492093220353,-2.2080724270058614,0.9545329034881123,-0.5730534101852562,-1.6726288692825493,2.254220051814048,0.29646132547828785
gdb_900,CN1C=CC(C)=C1,0.4881672083530227,1.5088626407925199,-0.2698527453296071,2.2206107554829764,-0.27856388886150285,-0.5229022248202113,0.34963695454698884
gdb_901,CN1C=CC(N)=C1,-0.17122190881307786,1.0498176503832262,-0.19454385531143603,2.944760551214417,-0.8559599744396262,-0.08592074217453007,0.4214446087965709
gdb_902,CN1C=CC(O)=C1,-0.7643285737400322,0.5411311843097282,0.01439371375850562,2.3057792543206883,-0.9930542361350171,0.3813546254994453,0.13697096593613128
gdb_903,CN1C=NC(C)=C1,-0.18232466971632066,0.6013407514504044,-0.14940736118978307,1.3406563827403555,-0.19161435007671987,-0.4830290151301976,1.111718362846552
gdb_904,CN1C=NC(N)=C1,-0.8518121732114492,0.18312366324862472,-0.09636643809753251,2.3492786403988557,-0.8415467477766186,-0.011960683065239192,0.9610577350104015
gdb_905,CN1C=NC(O)=C1,-1.4369047654672467,-0.3342680366516253,0.11469410883555159,1.6204731273543092,-0.9299199445016053,0.43573250001415287,0.6357755869094095
gdb_906,N=C1C=COC=N1,-1.4186808571659182,-1.7309072880157281,-0.17934504139665233,0.5574206891127966,-0.08416024270145991,-0.07810371191043604,-0.1238586104836755
gdb_907,N=C1N=CNC=N1,-1.7707251923046117,-2.511640400986059,-0.32209979823522683,0.5944160741693424,0.07746662241477432,-0.7931424387590755,2.133077614672226
gdb_908,N=C1N=COC=N1,-1.9795933295067232,-2.570100572888485,-0.04686299003933607,-0.49588877539555787,0.09545506735216011,0.03727504973944693,0.0486831958179628
gdb_909,O=C1C=CNC=C1,-1.2847351131160418,-1.6428735753291064,-0.33942016175654394,1.1862284371361602,-0.14206095411575262,-0.7702974069217696,2.3368988208914594
gdb_910,O=C1C=CNC=N1,-1.88684968989338,-2.4968989450279153,-0.23053092760028196,0.3948410613260326,-0.0413335787812041,-0.6552074147195892,2.516710337841035
gdb_911,O=C1C=COC=C1,-1.6990340065495648,-1.9831710117038879,-0.18574536872442635,0.6571811968346676,-0.09489706564981626,-0.1709929279756234,0.1784983369670131
gdb_912,O=C1C=COC=N1,-2.2525555953934977,-2.747613755943114,-0.03677367902547745,-0.25707911472835787,-0.0393369127354166,0.017925214199318487,0.4977460231495875
gdb_913,O=C1N=COC=N1,-2.763854598226051,-3.4372933800791574,0.10864573575656827,-1.079674045951183,-0.001730263913717633,0.2704777503565307,0.47344016130776867
gdb_914,N=C1NC=NC=N1,-1.431869322256103,-2.0691162602674646,-0.3842948869705235,1.0739208558670736,0.09421545280315234,-0.3761301118311308,-0.7462024575259989
gdb_915,N=C1OC=CC=C1,-1.2438231018661883,-1.5424692222787169,-0.4925311555080026,1.983641298848297,0.05411644538399366,-0.7953099853469802,0.010626829306551434
gdb_916,N=C1OC=CC=N1,-1.918349978805713,-2.5553850923581916,-0.39127274309457744,0.9626308341762594,0.2837405329161171,-0.836883507687181,0.5628489669851391
gdb_917,N=C1OC=CN=C1,-1.7292949470107646,-2.177856357779088,-0.3893424582614439,1.3142011315833169,0.17550483942243006,-0.5433552362737049,-0.7467578261903038
gdb_918,N=C1OC=NC=C1,-1.4341961484119574,-1.7860062801711514,-0.30590049136003794,1.0825283558103787,0.060648787631034616,-0.14391312022854316,-1.5576902977114848
gdb_919,N=C1OC=NC=N1,-2.1195568314897906,-2.8623254475932285,-0.19711117547040627,-0.1054525485836162,0.3408381252027002,-0.22966679523729824,-0.8187379728063016
gdb_920,O=C1NC=CC=C1,-1.2234691732515168,-1.6013060532263275,-0.45223738401389524,1.680152318219221,0.0013449339367151225,-0.7503185044850688,0.5621254784441927
gdb_921,O=C1NC=CC=N1,-1.902202868868038,-2.6314497702330373,-0.3455879111880375,0.6056211212416043,0.23760091753667792,-0.8041742175013546,1.2197861118842832
gdb_922,O=C1NC=CN=C1,-1.794652399427904,-2.3182690328800457,-0.3659651818546417,1.1158618818910646,0.11491846715841336,-0.5926261537385831,0.11846785712968977
gdb_923,O=C1NC=NC=C1,-1.4021720872869745,-1.84648734543032,-0.2521588577717216,0.6355776946854998,0.04784367339554216,-0.11177580443857939,-0.9299529208712418
gdb_924,O=C1NC=NC=N1,-2.1096656581716204,-2.950346529652148,-0.14665918330367556,-0.5140949628733735,0.30751552995785664,-0.2133946078753624,-0.0686636891234944
gdb_925,O=C1OC=CC=C1,-1.9353316861567174,-2.3910932557855005,-0.290559985239093,0.7813339273416494,0.1686001502057166,-0.583879896653768,0.3666905083177759
gdb_926,O=C1OC=CC=N1,-2.5222017279744384,-3.294879510702712,-0.16780213853193612,-0.35780015405363885,0.42238572440401195,-0.5388971385603629,0.5848846908904344
gdb_927,O=C1OC=CN=C1,-2.366010704578977,-2.9112939458208773,-0.19698253008215097,0.272398070266848,0.27035024307840383,-0.25116891963492227,-0.913028717919489
gdb_928,O=C1OC=NC=C1,-2.0962700308566737,-2.6135033812931154,-0.09275582570596196,-0.253220744493103,0.225178830842002,0.07197245724428371,-1.2791393600104355
gdb_929,O=C1OC=NC=N1,-2.682987042164991,-3.5249838603143386,0.025000768720740616,-1.3493637525140758,0.4643865718225099,0.12658071455206746,-1.1032783624324058
gdb_930,CC1=CC=CC=C1,1.3243704191136751,1.0332460479213055,-0.6370234711313024,1.4480041008773394,0.5126929619210143,-0.9290747060282436,-1.1244620745372442
gdb_931,CC1=CC=NC=C1,0.49746041485706566,-0.1233725098258934,-0.5826901676197401,0.7345499372354672,0.6717875807235868,-1.0985316973074537,-0.10809588985788661
gdb_932,CC1=CN=CC=C1,0.49196720145089,-0.125907897789558,-0.5966884636248144,0.8317408119022023,0.6800593659542281,-1.1083803201346258,-0.2724355610844134
gdb_933,CC1=CN=CC=N1,-0.06173567333614339,-0.6718360471868736,-0.584028784509144,1.2662575115547332,0.4939692551415358,-0.7443230086697751,-1.650034661830535
gdb_934,CC1=CN=CN=C1,-0.17760216523011518,-0.9294255951359983,-0.5450537062920502,0.7714555848755568,0.5448567915803967,-0.9207705683009304,-0.31574221951049414
gdb_935,CC1=NC=CC=C1,0.565792621245113,-0.009246023732212184,-0.5874038076780546,0.9175326570228238,0.6280721082737424,-0.9971884410934458,-0.627401539722416
gdb_936,CC1=NC=CC=N1,-0.05812201131123472,-0.7275563856534584,-0.5363163817891886,1.0183673131108328,0.42584795140161447,-0.7213728362903339,-0.962464563814526
gdb_937,CC1=NC=CN=C1,-0.06173567333614339,-0.6718360471868736,-0.584028784509144,1.2662575115547332,0.4939692551415358,-0.7443230086697751,-1.650034661830535
gdb_938,CC1=NC=NC=C1,-0.12640115663300544,-0.860500695469369,-0.5333143702572981,0.7617093748525833,0.5181621052859886,-0.8508247786424966,-0.4684424160842626
gdb_939,CC1=NC=NC=N1,-0.40679962999901953,-1.2010337092924992,-0.3745521709380279,0.14979004255933195,0.4430416529217787,-0.2613254314327263,-1.768121908580804
gdb_940,NC1=CC=CC=C1,0.43300202541761795,0.368365174593279,-0.6022001594326535,2.5374659110993636,-0.13431312056014807,-0.7226337372011676,-0.18201725279164122
gdb_941,NC1=CN=CC=C1,-0.3144670060091222,-0.6400406709722026,-0.5356976006916521,1.8960102095195115,0.003933876726999141,-0.7894661103561987,0.3774729924137649
gdb_942,NC1=CN=CC=N1,-0.792244712869383,-1.18068733711113,-0.45031841832123853,1.6179007273609782,-0.004523967356267916,-0.45629970940715514,-0.6608882565762609
gdb_943,NC1=CN=CN=C1,-0.9310579603300314,-1.4677713141965776,-0.44380097482410497,1.2428412922336103,0.08843797358875434,-0.6733104633155323,0.41756275793897063
gdb_944,NC1=NC=CC=C1,-0.15429040726176604,-0.3803499194192246,-0.510666053562038,2.0486795154943027,-0.10832132982709394,-0.545791346730246,-0.3578903555151617
gdb_945,NC1=NC=CC=N1,-0.5353072566962642,-0.8531498246134344,-0.38849834710754394,1.5809796747875342,-0.15721920446391405,-0.08447665869639935,-1.4627979102461044
gdb_946,NC1=NC=CN=C1,-0.7919576671820295,-1.1800424764240096,-0.4500675435996234,1.6177020559390454,-0.005142889482122355,-0.4556816378440026,-0.6597826388085092
gdb_947,NC1=NC=NC=C1,-0.7167839474231154,-1.2235235684599886,-0.337803234149324,0.7448276570247611,0.040161311120371086,-0.42367426286699894,0.3819491838529751
gdb_948,NC1=NC=NC=N1,-1.1001153313450664,-1.750706400159465,-0.20873376863901252,0.12964477499665275,0.028914333094969463,0.01240715668293013,-0.5800563065017217
gdb_949,OC1=CC=CC=C1,-0.08946885821413103,-0.11926587894042931,-0.37670968480753103,1.6470454490358313,-0.18205059227579168,-0.22451901201781124,-0.7124847447994624
gdb_950,OC1=CC=NC=C1,-0.598490301865513,-0.8871498493590404,-0.18672406984811235,0.16455379328074343,0.05301125440983605,-0.09128562666665418,-0.20302558221438136
gdb_951,OC1=CN=CC=C1,-0.895784301367216,-1.2272239285541604,-0.3122895082986845,0.9037497307052944,0.005774266422555819,-0.3897129948596284,0.19121026864233942
gdb_952,OC1=CN=CC=N1,-1.2847013130641534,-1.663784458694367,-0.22474447303679457,0.6124231179325569,0.023345763141729387,0.03484268862454817,-1.4062045937239753
gdb_953,OC1=CN=CN=C1,-1.3731382024901984,-1.8470275517160621,-0.20897744975764362,0.312089330969393,0.064689970540576,-0.0934908534075566,-0.5564531448587113
gdb_954,OC1=NC=CC=C1,-0.6307378556960288,-0.8253925206445178,-0.2847517254981265,1.1168284949559737,-0.11978595079295833,-0.013610926870687559,-1.1921269874023217
gdb_955,OC1=NC=CC=N1,-1.2678562450801476,-1.7865445819914894,-0.17749326669310303,0.1323154190694213,0.07311866845501937,0.005761890188041906,-0.7834264798897194
gdb_956,OC1=NC=CN=C1,-1.2847013130641534,-1.663784458694367,-0.22474447303679457,0.6124231179325569,0.023345763141729387,0.03484268862454817,-1.4062045937239753
gdb_957,OC1=NC=NC=C1,-1.0608520578072913,-1.4462089189387564,-0.11153821249371869,-0.029708391661113505,-0.001332401407810918,0.2865228632266059,-1.362097369355166
gdb_958,OC1=NC=NC=N1,-1.6060832212060283,-2.221120363784599,-0.01568653719005527,-0.669082969921166,0.0701168508083318,0.4895583740546904,-1.692193809520676
gdb_959,CC1=C(C)C=CN1,0.5774876705499988,1.3940566454146432,-0.24830900084413343,2.4791540267489682,-0.493678500899057,-0.36497196023736284,0.3575412591684745
gdb_960,CC1=C(C)C=CO1,-0.03594582236680984,0.8068015623925562,-0.10328698603287334,1.9411347227218883,-0.4348699233317796,-0.01382947105127763,-0.6944830580908554
gdb_961,CC1=C(C)N=CN1,-0.10075911207720782,0.4793217069708722,-0.12154349402913014,1.5877580830227027,-0.37810395716117906,-0.3523332326366932,1.1095274419614025
gdb_962,CC1=C(C)N=CO1,-0.6454492886106061,-0.017477682086320463,0.027971854328209422,1.0351393887892377,-0.29514712709290797,0.06851433150614747,-0.37443438357751413
gdb_963,CC1=C(N)C=CN1,-0.0017924739994870929,0.9761307499824441,-0.15096717709617447,2.903914449245995,-0.9551222847436371,0.0998173548979015,0.13559951595892683
gdb_964,CC1=C(N)C=CO1,-0.7641576428826117,0.22680556256923634,-0.012919367349716333,2.432749591439387,-0.9185021150168095,0.28617012502885136,-0.12451328787546145
gdb_965,CC1=C(N)N=CO1,-1.3647145693331784,-0.49890380458833417,0.08271801683163435,1.9903910909990103,-0.9024220638582755,0.4601561656985273,-0.3018735036961154
gdb_966,CC1=C(N)NC=C1,0.20242204243215892,1.1306821553836655,-0.06897886728123595,2.236116666941979,-0.839709793780066,0.2589385459036469,-0.14631719505327653
gdb_967,CC1=C(N)OC=C1,-0.7306323747918642,0.3378123443012997,0.00952228336164203,2.5656779100011273,-1.0746422952989412,0.4084938405035026,-0.012233170382496685
gdb_968,CC1=C(N)OC=N1,-1.1927375577128008,-0.5533926801593642,0.1726939228584874,0.6932050836553172,-0.5058050343476415,0.41801884403345796,-0.21337278010708194
gdb_969,CC1=C(O)C=CN1,-0.6601856751870772,0.4895691630767563,0.046175236871081694,2.5770675726065018,-1.1883371275089236,0.5489612886375064,-0.01126558439599466
gdb_970,CC1=C(O)C=CO1,-1.4004545487602387,-0.2887227569909615,0.18395430173288446,1.9141404513039941,-1.0517186950360222,0.7051210703477448,-0.38969573595527673
gdb_971,CC1=C(O)N=CN1,-1.3506940568446268,-0.39335438239936593,0.15140654813969434,1.9024132094943542,-1.0988107285689108,0.5670732974693787,0.49691828016311534
gdb_972,CC1=C(O)N=CO1,-1.839155108054449,-0.77688748947882,0.30309048590308396,1.4422873306267994,-1.0343064699009432,1.0669434350791636,-1.390098067595235
gdb_973,CC1=C(O)NC=C1,-0.5218302995341464,0.6906106919563682,0.08756190784070812,2.585675168828528,-1.325758528095881,0.7828858062758779,-0.3299604527696758
gdb_974,CC1=C(O)NC=N1,-1.1914145206339446,-0.1849693542335955,0.22977037845673426,1.6604683517280994,-1.2129357119427038,0.803690722127947,0.47331939479467705
gdb_975,NC1=C(N)C=CO1,-1.2194213373503142,-0.1247885366277346,0.13333270620193985,2.3089225615669378,-1.2197505158485917,0.7957294209780987,-0.5542070903221309
gdb_976,NC1=C(N)N=CO1,-1.7753770633577666,-0.7636375028372479,0.2748458220011962,1.7271819740598064,-1.2589920056876835,1.0412767194224704,-0.4901627039020399
gdb_977,NC1=C(O)C=CN1,-1.0056318814305756,0.27230649796781026,0.23307133252940296,2.340305197805814,-1.5422308812562464,1.2117564292899834,-0.6625323122161438
gdb_978,NC1=C(O)C=CO1,-1.871520588381845,-0.5047375923551723,0.3323212638607716,2.2864983335558744,-1.6133218119852688,1.3438077914013493,-0.7352264183762257
gdb_979,NC1=C(O)N=CN1,-1.6926355021216415,-0.6148293732241906,0.33730531303665473,1.6658568421921254,-1.4464541522207714,1.2313109171045624,-0.19605662599389542
gdb_980,NC1=C(O)N=CO1,-2.4039093905577986,-1.2760672914409281,0.4464405253354292,1.3859162686630264,-1.3920792337224406,1.478629940854145,-1.1534191646074072
gdb_981,NC1=C(O)NC=C1,-0.9587078663039386,0.3892357573204029,0.25783551660343995,2.4316828718363013,-1.6896539943622226,1.3392683074963037,-0.5666457407078972
gdb_982,NC1=C(O)NC=N1,-1.5898824954500432,-0.4442025824884581,0.3742682550130823,1.624386607573611,-1.5388260669655398,1.3933701694136185,-0.3401238255207477
gdb_983,NC1=C(O)OC=C1,-1.824586019337996,-0.5020660706115572,0.332643737717978,2.1666579569425077,-1.5556487407015704,1.3677335708343603,-0.9943861069786515
gdb_984,OC1=C(O)C=CN1,-1.7576108372211825,-0.2960051050688628,0.4153781472414905,2.2334407917670918,-1.895641581806328,1.617231231734899,-0.29703900535185446
gdb_985,OC1=C(O)N=CN1,-2.414534383239329,-1.0472681518226152,0.5030353168265888,1.9684561478599742,-1.9209771369028492,1.7488411364107268,-0.32416274597084577
gdb_986,CC1=CNC=C1C,0.6785804392348043,1.4821702217703494,-0.2148548493717664,2.231933947375298,-0.49704303927236787,-0.24919929508765026,0.23996635370283584
gdb_987,CC1=CNC=C1N,0.020963906296188745,1.0113780311577314,-0.12687874942240757,2.829086160899473,-1.0287863216567277,0.16377035074012902,0.380370223569718
gdb_988,CC1=CNC=C1O,-0.6061339166170308,0.48975406922525083,0.07758133835912302,2.2408632121021506,-1.1537412460317553,0.5874756671817206,0.15763811550697499
gdb_989,CC1=COC=C1C,-0.007306425595982982,0.7563891269860521,-0.08642051940635556,1.613784159627814,-0.3798929530881059,-0.010434031425885625,-0.5061625351665633
gdb_990,CC1=COC=C1N,-0.7084363561455645,0.2191504625830008,0.009094328987822883,2.1007744878487724,-0.8841438829809789,0.3312530236136777,-0.004548804347397242
gdb_991,NC1=CNC=C1N,-0.42014101300906953,0.7208436803819115,0.03580293877433109,2.750092017584775,-1.3949758629014926,0.7227729200292748,0.03890518409740108
gdb_992,NC1=CNC=C1O,-1.3218536020393283,-0.2899588641452958,0.17212369468264155,2.0260103003476546,-1.326908214913103,0.7208445858366732,0.864909893824016
gdb_993,NC1=COC=C1N,-1.1532519969228812,-0.06788327299686885,0.18156611532093733,1.9597132812652227,-1.239146837011058,0.8756696284003795,-0.2333798012793887
gdb_994,OC1=CNC=C1O,-1.8922810067498212,-0.625375125222127,0.41370025768069596,1.6438758492518306,-1.6483726394500888,1.3171464197007474,0.6595548565221085
gdb_995,CN1C=CC=C1C,0.5830690320218374,1.273930805328613,-0.2651026100128226,2.3844851203282404,-0.494774274957481,-0.3771069586818785,0.5360164545884365
gdb_996,CN1C=CC=C1N,0.0694690409740802,0.9355377429573918,-0.12657319627469527,2.564529283874197,-0.9186687583808247,0.13599351732732454,0.2998133290476622
gdb_997,CN1C=CC=C1O,-0.4940623759528551,0.6336636242393372,0.0955558385759171,2.4467590752207173,-1.3489157830527732,0.8024972354694877,-0.08078756675402693
gdb_998,CN1C=CN=C1C,-0.07063926826355148,0.34912225159264276,-0.13389229821206805,1.3951090348604671,-0.3553142471548486,-0.3491233313819811,1.2344917032783682
gdb_999,CN1C=CN=C1O,-1.0779760462970702,-0.1826660032988623,0.24830208288263506,1.3826825943705046,-1.1957886313957102,0.9004224932102723,0.34710269940892186
gdb_1000,CN1C=NC=C1C,-0.09998111330695417,0.3277186479321948,-0.1337804798048111,1.3366320879891422,-0.33399950396005496,-0.3919281365925445,1.4099816047075575
gdb_1001,CN1C=NC=C1O,-1.193132863685898,-0.3215148584084697,0.22323225662962043,1.4128201594601262,-1.179521327300199,0.7643545518469284,0.8359794571878848
gdb_1002,CN1C=CNC1=O,-1.3392762078592237,-0.5123988191817023,0.1573597895511719,1.7710996565182653,-1.180230219565791,0.6019515252971961,0.9717950341245941
gdb_1003,CN1C=COC1=N,-1.4094382269483994,-0.5553848303616441,0.10646543584740602,2.0151361355572623,-1.099035343907027,0.48639949814630684,0.6647790077647304
gdb_1004,CN1C=COC1=O,-2.085322247382559,-1.3392839359858884,0.3429904892115974,0.693268992405883,-0.9919091561593083,0.7094462619620447,1.2304057342842025
gdb_1005,C#CC1=CC=CN1,0.37608300017556445,-0.0800480141479522,-0.7676875771634686,2.4991166670613434,-0.010115188791156584,-0.8032390085090615,-0.27987454761467623
gdb_1006,C#CC1=CC=CO1,-0.25463417068442296,-0.6771475986384831,-0.6181805798808836,1.9558702558458514,0.024303567397178344,-0.46196310284514613,-1.127025094750626
gdb_1007,C#CC1=CN=CN1,-0.24681993281731482,-0.9560541344411374,-0.6383039742669024,1.5309131113489776,0.08888742663133893,-0.709849904617112,0.2998358110046878
gdb_1008,C#CC1=CN=CO1,-0.758174078509518,-1.3631427245286258,-0.4812233119028501,1.0669971629284587,0.10220511253678047,-0.21346399385405773,-1.27129289276939
gdb_1009,C#CC1=NC=CN1,-0.3118511767495315,-1.0836634252904362,-0.6570568124448579,1.5185052702323687,0.13798945235469662,-0.8198259437483603,0.5467451780922484
gdb_1010,C#CC1=NC=CO1,-0.7857502804724367,-1.4653758168324889,-0.49521314878950173,1.0003896219483328,0.16378575621700256,-0.28679290526970597,-1.18130253063096
gdb_1011,N#CC1=CC=CN1,-0.3485468948958595,-1.3623713175024907,-0.6633865988255626,0.9607327090023381,0.356646954112698,-0.9821336163914932,0.897904656228122
gdb_1012,N#CC1=CC=CO1,-1.0867525135280627,-2.161675657116724,-0.5227617926220693,0.22695841316674076,0.4872549689697953,-0.8222838999899298,0.6552488262022858
gdb_1013,N#CC1=CN=CN1,-0.7234446621944315,-1.836409923160335,-0.512808399381368,0.15447729978886632,0.39417765602598703,-0.5585590655505469,0.04767285225308842
gdb_1014,N#CC1=CN=CO1,-1.34062329738173,-2.4530380985890816,-0.3622986540503471,-0.5393425970823386,0.5156064041866001,-0.2489573400936395,-0.8969644119006901
gdb_1015,N#CC1=NC=CN1,-0.9666101961929285,-2.2329765354814866,-0.5547226128654072,0.08967055972159357,0.4951341545511978,-0.9066226516492578,1.1833914998909683
gdb_1016,N#CC1=NC=CO1,-1.5871846135464407,-2.878223851278071,-0.40548804800479304,-0.6527932657852145,0.6376449834410597,-0.6129225659426019,0.267403451021685
gdb_1017,C#CC1=CNC=C1,0.430553855537984,-0.12399337760355503,-0.6885792111659301,2.0066142924665455,-0.09322623710074035,-0.7057575098216841,0.5289816687817259
gdb_1018,C#CC1=CNC=N1,-0.20953954574729824,-0.948989214584442,-0.5702184891185771,1.302987228874908,-0.07282419201022472,-0.5935708034770709,1.050774591073726
gdb_1019,C#CC1=COC=C1,-0.02171960861187082,-0.5014486995414426,-0.5351220111922733,1.5169662639866266,-0.08220794040667175,-0.13102329964675719,-1.3792785608065719
gdb_1020,C#CC1=COC=N1,-0.6502800378188219,-1.3151975488801317,-0.4168253511804739,0.7834202638830556,-0.0360120640112224,-0.01854338062727786,-0.9545155203705448
gdb_1021,N#CC1=CNC=C1,-0.3883304245952574,-1.5228992827301202,-0.5901648572158531,0.43639085791241033,0.29884620462390704,-1.0120030970133544,2.2138992367281176
gdb_1022,N#CC1=CNC=N1,-0.9724689650790291,-2.295176886770825,-0.45981737420805197,-0.4045366000744438,0.37578961716894754,-0.8663606163054148,2.4932613202213756
gdb_1023,N#CC1=COC=C1,-0.8536518644625489,-1.911918852433405,-0.44107070542625826,-0.06494715210501739,0.3415739534197472,-0.4689168671007271,0.29972127317186226
gdb_1024,N#CC1=COC=N1,-1.3945060746290412,-2.6344818372433862,-0.30321760829546984,-0.9768268797451707,0.45037260148766356,-0.290136460137632,0.36525173563545477
gdb_1025,O=CC1=CC=CN1,-1.3558957226247865,-1.4544909392995011,-0.43528886107737214,1.2191681979685136,0.38942794999384867,-1.050965115787709,0.664391496165096
gdb_1026,O=CC1=CC=CO1,-1.9500512416290958,-2.0839538388717957,-0.2557765894051045,0.44027918136899596,0.41480978505633376,-0.6769229296973989,0.09486059132535253
gdb_1027,O=CC1=CN=CN1,-1.8288782230824236,-2.13186375803425,-0.2967487391226286,0.33316652553316445,0.437170716532623,-0.7497463978882891,0.42817464004561295
gdb_1028,O=CC1=CN=CO1,-2.1962692651946467,-2.352187724623464,-0.10777784463590427,-0.11923516607498967,0.3474416782797617,-0.036848210680236276,-1.5836112772261786
gdb_1029,O=CC1=NC=CN1,-2.0147590914867224,-2.365993496902954,-0.3215090499535802,0.3179252648278275,0.5242387751767282,-1.022270269936124,1.2455806922848716
gdb_1030,O=CC1=NC=CO1,-2.5043537730312018,-2.8229600462100968,-0.1448088847493158,-0.3590484622460344,0.5449754964556692,-0.5091693712862211,-0.11202056172167876
gdb_1031,O=CC1=CNC=C1,-1.264628789826082,-1.4402515173846988,-0.38832416088846355,1.075925739968808,0.20140076896697137,-0.8463308238492667,0.9651787597616901
gdb_1032,O=CC1=CNC=N1,-1.963880064833464,-2.333100678139,-0.2447857620660853,0.14981469598161265,0.27031167024605474,-0.8362992716764351,2.0811018130397283
gdb_1033,O=CC1=COC=C1,-1.7708744265939498,-1.9146047169168416,-0.226382846881654,0.476885963714413,0.21537416825501376,-0.34043055056723986,-0.4583500849013582
gdb_1034,O=CC1=COC=N1,-2.37763990386064,-2.627592715455732,-0.07894427479307313,-0.2711403075278533,0.21405532778167316,-0.17971845577711384,0.06932543779458843
gdb_1035,O=CN1C=CC=C1,-1.0064405954600784,-1.2012541637392344,-0.4057824911154119,1.2652574807457309,0.14615275890197593,-0.5272826915345065,-0.5513097790216364
gdb_1036,O=CN1C=CN=C1,-1.5581550162987,-1.9938434161761014,-0.2861263872706504,0.36007755712623846,0.26226165469009693,-0.35451936527413563,-0.5469943035271584
gdb_1037,CN=C1NC=CO1,-1.5232036396561317,-0.352337066209116,0.0782602153901898,2.0384274888908553,-1.0104376454384034,0.3803073061514013,0.6987178553072495
gdb_1038,CN=C1OC=CO1,-2.095136932548761,-0.9172778228307975,0.30238735726425975,0.8883855093800443,-0.8587973058645954,0.70986833442071,0.2651222617191995
gdb_1039,CCC1=CC=CN1,0.47576429836243866,1.4517461744553806,-0.2888728225074685,2.2980714341464688,-0.32047417876575574,-0.512391841752618,0.3621982916244093
gdb_1040,CCC1=CC=CO1,-0.09165631133444319,0.9057022632325591,-0.14860028235841943,1.774890030652282,-0.26930019973835356,-0.10740146383883944,-0.9230000912380201
gdb_1041,CCC1=CN=CO1,-0.7395556633236675,-0.007081884028788065,-0.02088649403114088,0.6604350922278642,-0.056919849131241845,-0.10680312190447773,-0.29980397957013094
gdb_1042,CCC1=NC=CN1,-0.13872142694601344,0.5683647344383906,-0.1544479433280691,1.274651014493062,-0.20144407635326383,-0.4328052331101439,0.9936873375470583
gdb_1043,CCC1=NC=CO1,-0.629698399733789,0.11683705197178715,-0.006702123995253512,0.6981969371543099,-0.11878703407715137,0.04710938009882464,-0.7286960790521716
gdb_1044,CNC1=CC=CN1,0.002773244235708253,1.127668189537132,-0.1467005598081252,2.4347795022133263,-0.761182494457325,0.049076375499152156,0.06913296718204708
gdb_1045,CNC1=CC=CO1,-0.8212567424845396,0.47589173784795935,-0.037415232463773304,2.643064239950709,-1.0183932366309552,0.3279073434326311,-0.05294057047848921
gdb_1046,CNC1=CN=CO1,-1.5158452314675348,-0.4631550436906199,0.0644601477227752,1.7294257692400734,-0.8286414218569668,0.2927858241990622,0.5290915130049875
gdb_1047,CNC1=NC=CO1,-1.2757694987773824,-0.11145216802791462,0.13582496240743938,1.6544896136683667,-0.969972360427538,0.6427829194368787,-0.14948297584349302
gdb_1048,COC1=CC=CN1,-0.7919640185096151,0.48766506291722,0.05803068155654866,2.237146612634679,-1.1681854743735336,0.41724686239659686,1.077914779717086
gdb_1049,COC1=CC=CO1,-1.3277461032558466,0.035234399962194324,0.18886052008518608,1.9234749003166933,-1.1671199600989972,0.8903941838555579,-0.5830063234444518
gdb_1050,COC1=CN=CN1,-1.305879588707968,-0.18422563898078173,0.1865094931164899,1.3511803449073359,-1.0286897449234635,0.6236065566662481,0.7780969279420045
gdb_1051,COC1=CN=CO1,-2.0328512596654593,-0.9971103754195997,0.2886967586691272,0.7219912918363429,-0.8170264401802092,0.7538210059288061,0.030010694319702786
gdb_1052,COC1=NC=CN1,-1.1226401675523379,0.06468298431112542,0.22956376334461007,1.369926582257206,-1.1512420969291082,0.8906358858206256,0.21410900914266784
gdb_1053,COC1=NC=CO1,-1.6390910800946479,-0.39392418744690766,0.3755375882707462,0.8126289933993472,-1.0532716971516283,1.334996920705352,-1.4556493706862101
gdb_1054,NCC1=NC=CO1,-1.1713433238816893,-0.37985639731022847,0.13796038228373506,0.31628082839296506,-0.2889004496819926,0.3950191921766762,-0.7226757970368499
gdb_1055,OCC1=CC=CN1,-0.7833028373915559,0.4170449687433987,0.014618753325262322,1.8839278785465203,-0.7758947421418092,0.23203118484294435,0.2731226191124974
gdb_1056,OCC1=CC=CO1,-1.3940844766251468,-0.20992792686069212,0.16654677397055884,1.0782841132804006,-0.6062961300682187,0.5338907454204208,-0.7385076863542474
gdb_1057,OCC1=CN=CN1,-1.5333074373379658,-0.5880797455642993,0.15430200375920253,0.7485358397996713,-0.6060994895779357,0.1417205764270489,1.610778577861994
gdb_1058,OCC1=CN=CO1,-1.905194581114815,-0.8948275419137123,0.30818158008710167,0.10298165688527555,-0.4707153613623422,0.7391664035433178,-0.8503463233162093
gdb_1059,OCC1=NC=CN1,-1.284639220491619,-0.2808247049298606,0.18416240186885308,0.9314933400026241,-0.8024889741350063,0.5211934331538779,0.6474177211485651
gdb_1060,OCC1=NC=CO1,-1.9527962063081379,-1.125377865138819,0.3022410649483287,-0.18609588869531413,-0.3789792104074938,0.6125900674223925,-0.3310978186128089
gdb_1061,CCC1=CNC=C1,0.5368510139611041,1.5204173192212198,-0.2544093810837833,2.0632441866568283,-0.28932974854584936,-0.4552295794408308,0.3153176168051434
gdb_1062,CCC1=CNC=N1,-0.11663455975914133,0.6175661226031688,-0.140375875158203,1.191823655392946,-0.18191755045293923,-0.41326475411665764,0.9381980293243545
gdb_1063,CCC1=COC=C1,-0.09875683300676934,0.8681922769439196,-0.1264035002383701,1.4657543803385742,-0.17397617203273116,-0.15439827889770177,-0.7400372327122648
gdb_1064,CCC1=COC=N1,-0.6295922241569599,0.14903972450830857,0.004549952581811305,0.5862411696034742,-0.07794966061361204,0.048016876155787806,-0.7793502797533879
gdb_1065,CNC1=CNC=C1,-0.0852751884113483,1.1626179093647013,-0.17602682368580652,2.977747418545491,-0.9597003336344493,0.07459796936327942,0.1864936117625637
gdb_1066,CNC1=CNC=N1,-0.8002189084140808,0.269817385312611,-0.09304623927715089,2.4850165535512057,-0.9427781136649078,0.10851255039305906,0.7348292692231886
gdb_1067,CNC1=COC=C1,-0.8505292695854015,0.3103983332153218,-0.04986459988013552,2.2351270708485638,-0.7927264157519117,0.1888079704721266,-0.05559373742941576
gdb_1068,CNC1=COC=N1,-1.4196516917945685,-0.34674598507191895,0.03707490868471603,1.901476329754841,-0.8251004901261657,0.42809577352554534,-0.43839773713212526
gdb_1069,COC1=CNC=C1,-0.7498747288750297,0.46531520395057,0.04301377545014703,1.9933235132283464,-0.972477976878768,0.3712055915338626,0.5586960259481252
gdb_1070,COC1=CNC=N1,-1.3706266878228766,-0.25735242644327183,0.11280663599192503,1.7619182922601666,-1.0161928672823795,0.5531971705427133,0.332883475132936
gdb_1071,COC1=COC=C1,-1.3175028514769054,-0.07140288418270613,0.18393644361381514,1.4113727318152889,-0.8744172525706085,0.7593111572378772,-0.8193967553895569
gdb_1072,COC1=COC=N1,-1.8655450397074358,-0.6764307369383583,0.24914712545663983,1.265620642709154,-0.9190332934602511,1.0340419739010054,-1.6078795914102795
gdb_1073,OCC1=CNC=C1,-0.7711239805142777,0.35396488164887474,0.05214871870765681,1.404397264175799,-0.6561227400933125,0.1849895483589665,0.5949963505973135
gdb_1074,OCC1=CNC=N1,-1.1512807328831904,-0.008953370094911879,0.21396533625774705,0.9710539675261555,-0.8451317550906301,0.7176352842950464,-0.06083773262819802
gdb_1075,OCC1=COC=C1,-1.3530772204902095,-0.20558757318738086,0.19370977198112257,0.8303401258516212,-0.5794217321132733,0.5692853700464862,-0.6586140891461312
gdb_1076,OCC1=COC=N1,-1.7910819089890746,-0.6912146356575433,0.34165738100169196,0.250765182824519,-0.6512902305967063,0.9697375336669243,-1.1286987706822282
gdb_1077,CCN1C=CC=C1,0.5291521003795177,1.3390775024133812,-0.2868863571923117,2.0486926652849142,-0.2900738644278991,-0.49138211268715815,0.4632131505730701
gdb_1078,CCN1C=CN=C1,-0.1477897586957799,0.4040490350766982,-0.15676382513778098,0.9866791158881005,-0.12718260316175203,-0.4977323925386686,1.3116073636601973
gdb_1079,C1CC2=CC=CN12,0.8708259888161095,0.7253631918837316,-0.39682691467948117,2.0855209200580895,-0.7326704978678311,0.022209333543023478,0.48206478699603744
gdb_1080,C1CC2=CN=CN12,0.17530541331724983,-0.2376145664954532,-0.2736386522036704,1.0541303809006664,-0.5670583661421399,-0.008111310871454377,1.3715204107966399
gdb_1081,C1CC2=NC=CN12,0.2382116315792336,-0.1799701574514796,-0.2586543797125051,1.0615219399198488,-0.6130243231975048,0.08452866726847648,1.1888561059734872
gdb_1082,CC#CC(C)(C)C,1.2632397640382655,3.532824127962067,0.0640990451201653,0.7431715916846985,0.7217212443332156,-0.9512932387993542,-0.6023193635765348
gdb_1083,CC#CC(C)(C)O,-0.17381759848786868,2.219948647840972,0.3149856124802029,0.3289021114410669,0.413272681908479,-0.47498486660107403,-0.299038555384905
gdb_1084,CC(C)(C)CC#C,1.48193838459486,2.816869184776647,-0.05742042206796241,0.09159254536405106,0.7538462248592293,-0.8266158638976414,-0.5962118803509542
gdb_1085,CC(C)(C)CC#N,0.8681566086794431,1.632523006098513,0.14706383748481577,-2.3791561398668377,1.398060709202573,-1.0568661522970857,0.8658247124117631
gdb_1086,CC(C)(O)CC#C,0.13286153928525704,1.7436258438717156,0.268466505971787,-0.2919262644891215,0.23656792716857195,-0.14591500029593601,-0.056982661911398086
gdb_1087,CC(C)(O)CC#N,-0.6761291884555815,0.4657701869004992,0.35930705468137875,-1.6711014740405628,0.6233522145411444,-0.4337696346012806,1.297247066032742
gdb_1088,CC(C)(C)CC=O,-0.7619914944115393,1.040229768963142,-0.010521753489680666,0.7857612936223269,0.9792827951708699,-1.4932662525139788,-0.046634430098535865
gdb_1089,CC(C)(C)NC=O,-0.8659688789574386,1.193784446546487,0.4035712334271396,-0.021755874542489426,0.19077595424538948,-0.41213000166384667,0.8801826309710895
gdb_1090,CC(C)(C)OC=O,-1.71971360973927,0.5302403406647723,0.586387285729861,-0.9214145382313854,0.47199206141731387,-0.4181762575766495,0.9281610713529131
gdb_1091,CC(C)(O)CC=O,-2.0497510097218945,0.140223482393756,0.34619592626168894,0.4502377058539406,0.3874371752729891,-0.6921945699276045,0.30350819571614146
gdb_1092,CC(C)(C)CCO,-0.004400649018342217,3.463596397409468,0.7213350306777212,-0.5579917643067623,0.5359599610238446,-0.39261528433779397,-0.07841539403040261
gdb_1093,CC(C)(O)CCO,-1.1504850894964178,2.675262452366556,1.0160952116928443,-0.5861193684108984,-0.0454936766649194,0.5709626212766533,-1.1002405601195455
gdb_1094,CCCC(C)(C)C,1.6020438143458238,4.742401417716679,0.5482596344680863,-1.558546266718442,1.4661361533798525,-1.019882858561657,-0.8437727678620196
gdb_1095,CCCC(C)(C)O,-0.08091348534667575,3.386038329950222,0.6883875741559392,-0.4145628069897556,0.6015447287656526,-0.5020385712885624,-0.17883059988596164
gdb_1096,CCOC(C)(C)C,0.014246724510270942,3.5383064668950963,0.6955041890964174,0.08314668778800453,0.21795672918015077,-0.2189235979830664,-0.1383260943389214
gdb_1097,COCC(C)(C)C,0.05258437659605872,3.5393811320940634,0.7082088633389007,-0.18342526068354734,0.3239667195352204,-0.2371963807740598,-0.2145816093549985
gdb_1098,COCC(C)(C)O,-1.0667297391768258,2.7567944298600504,1.0538588484278113,-0.5815943591965674,-0.2147962766218006,0.7227238237492771,-0.8303183807415975
gdb_1099,CC(=O)C(C)(C)C,-0.5734077194035222,1.0525446599314223,0.02846733444198304,1.0204113492953726,0.5862233591861945,-1.1366794764738462,0.08254989193704737
gdb_1100,CC(=O)C(C)(C)O,-1.7503429033596973,0.18529273584524597,0.37854096571026186,0.5247208507732838,0.10677659142373037,-0.28114258643274126,-0.20866508864768082
gdb_1101,CC(C)(C)C(N)=O,-0.8010315902151446,1.137715979465318,0.4027642271471664,0.225802176204587,-0.012583140780514274,-0.2493652207453244,0.8204849270481006
gdb_1102,CC(C)([NH3+])C([O-])=O,-2.1850147126988837,-0.1415902420336288,0.7146362811351293,-0.5438775757889228,-0.2949420391412467,0.2468030383576894,1.4647289845419607
gdb_1103,CC(C)(O)C(N)=O,-2.1428240135432004,0.054530539986364694,0.7367781483945796,-0.31190052830754256,-0.4507905117438111,0.39233693465128927,1.3557686781516838
gdb_1104,CC(C)C(C)(C)C,1.813506100339508,4.339523755019228,0.463841613869314,-1.4019718883924253,1.1513184678471842,-0.7320178266487531,-0.8522481006601373
gdb_1105,CC(C)C(C)(C)O,0.18197633510915232,3.0597580814789422,0.6437956415964333,-0.4350473705381832,0.29857138183014675,-0.17057879323437988,-0.14723708105103664
gdb_1106,CC(O)C(C)(C)C,0.1731376568437345,3.0341185294362147,0.6404175223059584,-0.41967483463983973,0.2786407308811202,-0.17132219504278232,-0.06430956402545707
gdb_1107,CC(O)C(C)(C)O,-1.0463307405551618,2.097694110192741,0.9788547947755579,-0.8868056967681721,-0.20469962269536318,0.6369530696949899,-0.17359862064665593
gdb_1108,CC(=N)NC(C)=O,-1.9645726166525417,-0.3859876906787216,0.228586124401802,0.08987555475222915,0.44911814568999664,-0.8301922736079543,1.2841337562584847
gdb_1109,CC(=N)NC(N)=O,-2.35811590983742,-0.6078144044606008,0.477448890299389,-0.41149206386970516,0.029290412264384374,-0.2133995250817334,1.708361962230599
gdb_1110,CC(=N)OC(C)=O,-1.980873571540195,-0.3206526860017018,0.5495708455124122,-1.0775577171673874,0.24569952856274785,0.28786074199168143,-0.7568791779252276
gdb_1111,CC(=N)OC(N)=O,-2.7539867480574123,-0.928281404968202,0.6908366470265042,-1.1571723650077412,-0.03117090520109825,0.4253691936666714,0.3784496191280927
gdb_1112,CC(=O)CC(C)=O,-1.8385584854474526,-0.40936837342990834,0.13161146348013456,0.5649353658569641,0.4502926107055526,-0.48231449748881505,-1.2346257946018395
gdb_1113,CC(=O)CC(N)=O,-2.4831573507544435,-0.7499301001389325,0.3315986391417194,0.2722524521561538,0.1966900678695791,-0.18692671503262492,-0.5790889089027709
gdb_1114,CC(=O)NC(C)=O,-2.8043691681434773,-1.084536392242198,0.37575196482985945,-0.058660499343254534,0.26600096660872297,-0.6017578163307772,1.5733296194167803
gdb_1115,CC(=O)NC(N)=N,-2.0351704349973403,0.07158867718546368,0.4001467588890053,0.8835433680518092,-0.2783454376156061,0.36221967999703586,-1.3497204028977015
gdb_1116,CC(=O)NC(N)=O,-3.1780332173629633,-1.3174177138457708,0.6104406267401526,-0.5873738932460058,-0.09543351381245387,0.008495939851616017,1.7280357836541773
gdb_1117,NC(=[NH2+])CC([O-])=O,-2.8228793039272726,0.4667989247726425,0.8005218932064466,1.4973568862657294,-1.0930159824599377,1.1177102732881419,-0.9071602390789533
gdb_1118,NC(=O)CC(N)=O,-2.732146623346983,-0.7289450180827495,0.6723358790663064,-0.3291553514916015,-0.4684603088042555,0.7063643501391779,0.1499971556387454
gdb_1119,NC(=O)NC(N)=O,-3.4364462123851087,-1.4011901245942524,0.8792278856270742,-1.2346807381361822,-0.4810321070034883,0.7603131311423303,1.5696760707435518
gdb_1120,CC(C)CC(C)=O,-0.8006893682435482,1.4662033503727565,0.09981226987019978,0.8067694036421637,0.9747262615719363,-1.465539584831423,-0.03878851130392841
gdb_1121,CC(C)CC(N)=O,-1.0253613733679845,1.5080976295367006,0.45811740717336114,0.03354243282993234,0.3515450851593487,-0.5725537980972701,0.7533745829754147
gdb_1122,CC(C)NC(C)=O,-1.07329539588423,1.6429633603368938,0.48690254572359304,0.17730253803240165,0.33094561396772304,-0.6085287260110036,0.8792805281916418
gdb_1123,CC(C)NC(N)=O,-1.3600034347390537,1.4709690145610816,0.7297351388446708,-0.29215211598530166,-0.16277542699201789,0.16314062597069962,0.9097507711974965
gdb_1124,CC(C)OC(C)=O,-1.470884496266826,1.1567942335195396,0.6609502596749239,-0.6453802952779871,0.3235744424766582,-0.008743093500806686,-0.5134306919996968
gdb_1125,CC(C)OC(N)=O,-1.701111949259012,1.2323745838671885,1.005050751457862,-1.277059309551075,-0.29591148317837374,0.8899316304218154,-0.005165335262364029
gdb_1126,CC([NH3+])CC([O-])=O,-2.5331350792374834,0.08134753509363735,0.7685918486584893,-0.7318781151643377,-0.013814404947094147,-0.19020354528896832,2.3914013842139683
gdb_1127,CC(O)CC(C)=O,-2.0815895210012525,0.3637862292682079,0.40838448983264003,0.4742329704096047,0.36743085539241743,-0.6910418673128731,0.44715009448438436
gdb_1128,CC(O)CC(N)=O,-2.450145718057043,0.21839047597151062,0.7299049560546121,-0.5244603393157701,0.06283247880204589,-0.11094638936098132,1.2562054412433286
gdb_1129,C[NH+](C)CC([O-])=O,-2.4440535283546367,0.09369406397342217,0.702247013745942,-0.4257515420822183,-0.028241106454270574,-0.08322163123808943,1.430724853048996
gdb_1130,CC(C)CC(C)C,1.571689887790592,4.846960606722434,0.580200704510292,-1.581649552580217,1.4962146186379495,-1.050389875755231,-0.7905312035453944
gdb_1131,CC(C)CC(C)O,-0.07400631143295107,3.5336793961154687,0.7402393637130644,-0.5653324068430841,0.6408888919225711,-0.5044176529606872,-0.08900092774139522
gdb_1132,CC(C)OC(C)C,-0.06432802462337729,3.6156921276796536,0.7084210452965473,0.15883520315838945,0.2708065165570461,-0.30691631135124986,-0.1082354671567821
gdb_1133,CC(O)CC(C)O,-1.2064097254322024,2.8495570710266866,1.0761570494155868,-0.5404675248923061,-0.08584338490981155,0.5458470681814774,-0.7473199414797017
gdb_1134,CC1(C)CC(=N)O1,-0.5678463158495349,0.7678691793210292,0.30770416878588563,-0.44163710008041523,0.10815097800895826,-0.05793466548061414,0.4238555847804027
gdb_1135,CC1(C)CC(=O)C1,-0.5696768021652907,0.360686040582998,-0.17167955648090422,0.9337596555713736,0.5823592570306924,-1.1147436623069555,0.14087169299563587
gdb_1136,CC1(C)CC(=O)N1,-0.7085334796588969,0.655335750438993,0.2898400654080753,-0.14580404209376988,-0.05832948623315215,-0.11500298763293593,1.1308093586934451
gdb_1137,CC1(C)CC(=O)O1,-1.397183231383353,-0.18189000313421272,0.44389039233101807,-1.128310587243418,0.13994577484877213,0.05095395948721584,0.8599320495206486
gdb_1138,CC1(O)CC(=O)C1,-1.794080455426788,-0.5751362781243229,0.1637187113640219,0.49364630355393174,0.07871748213271941,-0.29873994121457453,0.06062293697430457
gdb_1139,CC1(C)CC(O)C1,0.257788861632749,2.623921518508357,0.5095302927225553,-0.38167741190816146,0.06766352112369092,0.06196046041213234,0.029135443482642808
gdb_1140,CC1(O)CC(O)C1,-0.7521632839902676,1.884644549873286,0.8488620918575832,-0.49968606861391923,-0.6809062266551179,1.2205441952417457,-0.8123082620596206
gdb_1141,CC1CC(C)(C)C1,1.8134708184386834,3.9572094681951167,0.305571841265631,-0.8262316731530012,0.7778471988137634,-0.5012487006571018,-0.7011959410990297
gdb_1142,CC1CC(C)(C)O1,0.25025532621982677,2.6750990928469385,0.5037693361738638,0.14886722927406235,-0.21870603137906602,0.19261785802751222,0.17954084358045608
gdb_1143,CC1CC(C)(O)C1,0.24033705477010112,2.6752841604699853,0.5087572813526079,-0.25548482953299007,0.05597645643574645,0.0540512417587709,-0.05090596758430361
gdb_1144,CN1CC(C)(O)C1,-0.6952957528821867,1.9540603286121867,0.46916465497458726,1.314369381618742,-0.6399166545867765,0.25413447253617705,0.3826666686883289
gdb_1145,CC1(C)CC1(C)C,1.7007792560896635,3.724662262793138,0.20441524187076704,0.2498877598457289,0.38844868059399845,-0.45061603335670697,-0.5675804601161009
gdb_1146,CC1(C)CC1(C)O,0.30045685278043976,2.540817987353507,0.4899924197725427,0.029901827778723584,-0.11906579902712498,0.16435570137987643,-0.07939569000805605
gdb_1147,CC1(C)OC1(C)C,0.3582730535479753,2.613300075723895,0.5591578823840733,-0.4053262433304367,-0.08049475967940332,0.2092874539340678,0.2548605505457105
gdb_1148,CC1(O)CC1(C)O,-1.2105797314140276,1.2227038818788558,0.7078964744000321,0.24802550371162768,-0.6949741498209173,0.7041023278408307,0.381026310036421
gdb_1149,CC12CC(C)(C1)C2,2.260759069698869,3.560919254814935,0.2626121365413189,-1.4704451256624247,0.5232735032400944,0.05349438387570991,-0.7565083688477405
gdb_1150,CC12CC(C)(C1)O2,0.5074150797621622,2.24971669190531,0.40760708062747725,0.3431198808352999,-0.7387809679759638,0.7053159953768626,0.4503666087825096
gdb_1151,CC12CC(O)(C1)C2,0.5873089568755948,2.1072010892261517,0.4017259448044039,-0.5195199109674536,-0.27877592414884556,0.5420812980266301,-0.025627385695999705
gdb_1152,OC12CC(O)(C1)C2,-0.6831866068916365,1.0553180080105855,0.6712205314668812,-0.641831270613269,-0.8006960543774934,1.3242336136322974,-0.4264873193683977
gdb_1153,CC(C)(C#C)C#C,1.6572285162808809,1.403954166586948,-0.4011533596332083,0.10067373905628636,0.6100489468305856,-0.5924688907925386,-0.8636117835140454
gdb_1154,CC(C)(C#C)C#N,0.8195026121715577,0.11941693343285015,-0.30770741842621496,-1.1590192738925187,0.9192435919651901,-0.869106809640603,0.6818659446774955
gdb_1155,CC(C)(C#N)C#N,0.4581003050102717,-0.6264557923653838,-0.1000920211297512,-3.260825211679761,1.4594687557071342,-0.7301701029661578,0.4257935175925737
gdb_1156,CC(N)(C#C)C#N,0.28706110950256264,-0.2218552275739657,-0.2189026728654656,-0.7722566378540066,0.5748207111431757,-0.40349178178756046,-0.13205723595873825
gdb_1157,CC(N)(C#N)C#N,-0.36789620864304995,-1.1792601902486992,-0.12541027790639162,-1.7321181529046104,0.7935880640400713,-0.40517150134363217,0.1687734160525555
gdb_1158,CC(O)(C#C)C#C,0.29222699201731556,0.18565199415934722,-0.14293787169289665,-0.341041062953441,0.34259589542513524,-0.05350237257891405,-1.0342335787426626
gdb_1159,CC(O)(C#C)C#N,-0.40903512121554936,-0.9116501325602222,-0.02428213779655618,-1.7056751650883963,0.6773403983527527,-0.18570187456680717,-0.11479128006590703
gdb_1160,CC(O)(C#N)C#N,-0.7497005930946863,-1.5132635516744113,0.14633733685977815,-3.232349395058298,1.050972727299834,0.0843112462342038,-0.9861161247948135
gdb_1161,CC(C)(C=O)C#C,-0.40405253686958065,-0.15873735412916692,-0.29851816057945413,0.6169241165925551,0.7192729046932024,-1.0067767502260239,-0.5194251657329169
gdb_1162,CC(C)(C=O)C#N,-0.9694508212021464,-1.0075849411735414,-0.18127522032897678,-0.4575007056667322,0.9302233995129822,-0.9018049513347157,-0.4799942258682393
gdb_1163,CC(O)(C=O)C#C,-1.7020108268128389,-1.2682822175325676,0.014522235957622797,0.08674249472255928,0.34172033638493443,-0.3455313980935096,-0.458733058791633
gdb_1164,CC(O)(C=O)C#N,-2.2610821646289745,-2.10880587746259,0.1565307770486261,-0.8676984359056861,0.46756911226872644,-0.20247125905458666,-0.30368938985316424
gdb_1165,CC(C)(C=O)C=O,-1.8648359847479374,-0.8615719186534222,0.14637205794762462,0.1943961957697315,0.38539335903264316,-0.556853600272479,0.010147795849609642
gdb_1166,CC(O)(C=O)C=O,-2.9881601899360057,-1.6401584447369715,0.3767446333797878,0.041565512744484834,0.1374589411908848,0.27747705023087105,-2.110356013324511
gdb_1167,CC(C)(CO)C#C,0.2626033379822136,1.8483354494054243,0.29409442066032243,-0.405446471907665,0.21531443501915973,-0.007466010136315514,-0.40029265004788367
gdb_1168,CC(C)(CO)C#N,-0.44197657784499733,0.747604831445409,0.4193425514862108,-1.7667945250692825,0.5090019993863093,-0.12430278198829146,0.6724066411904693
gdb_1169,CC(N)(CN)C#N,-0.7060499858059892,0.4562034787873105,0.22769961272413108,-0.37825902059696304,0.18040125557114298,-0.43139500114054746,1.5841613048982581
gdb_1170,CC(N)(CO)C#N,-1.0261894898483928,0.34319640732012485,0.48108594530223564,-1.2840393512123032,0.19079079320263148,0.2691563227066714,-0.1327791285471931
gdb_1171,CC(O)(CN)C#N,-1.3764932138085006,-0.17912521614245655,0.4535685853001757,-1.4132958733939052,0.24255973927696775,-0.17183969042389757,1.8180720723473527
gdb_1172,CC(O)(CO)C#C,-1.2065305231689207,0.510658410667876,0.5105331343267825,-0.613032772223261,-0.081474352256027,0.4322491523438786,-0.3544577158262462
gdb_1173,CC(O)(CO)C#N,-1.9413346104088178,-0.5984875366366164,0.644688992070695,-1.952485589323362,0.1773312077966092,0.29760633852321,0.9743302367152206
gdb_1174,CCC(C)(C)C#C,1.5505418142820555,2.9727141734172746,-0.0012046287435805926,0.07263753553149516,0.639368525227833,-0.700650577382026,-0.46624529477603655
gdb_1175,CCC(C)(C)C#N,0.9395118851517082,1.788505499585069,0.20990530397251847,-2.421398438903395,1.271925414152169,-0.9207390231455328,1.0521134628247935
gdb_1176,CCC(C)(N)C#N,-0.1064444580961135,0.9282999406853694,0.11388491193632481,-0.569087146910211,0.5697315657201774,-0.8231181325655762,1.4838058142397337
gdb_1177,CCC(C)(O)C#C,0.1617196041247726,1.6948045087489358,0.23861088624208449,-0.3516251022936658,0.3911870777265245,-0.19936655654925392,-0.611647873538183
gdb_1178,CCC(C)(O)C#N,-0.4694082574104008,0.6543089102060751,0.3893508391647029,-1.9772929869809013,0.7690828657085222,-0.2809497419164937,0.2662354767635145
gdb_1179,CNC(C)(C)C#N,-0.1755734639335378,0.9713887251075952,0.06148733710694523,0.25961283121717016,0.26535442605493265,-0.7302957124165675,1.40320065174086
gdb_1180,COC(C)(C)C#C,0.1296573133286319,1.6895510692031508,0.23349979100931822,0.0053785380002778225,0.1747526976449676,-0.13360624369193755,-0.27469882182384514
gdb_1181,COC(C)(C)C#N,-0.6975670130630719,0.41789020257053056,0.33467446415302243,-1.2865006739367648,0.4723208643588471,-0.3935260449004964,1.3155281989696723
gdb_1182,CC(C)(CO)C=O,-1.8660830962580133,0.08223601834409743,0.3367149384873019,0.3325609632932467,0.36976846246782574,-0.5215626607203224,-0.2770158016698375
gdb_1183,CC(O)(CO)C=O,-3.1095052319612053,-0.8983824540663897,0.6602513197486348,-0.20704641162170043,-0.04704450430607111,0.22766271566413993,-0.37803321641108256
gdb_1184,CCC(C)(C)C=O,-0.6882100670949653,1.078443655505683,0.011885800116374265,0.7668100013222652,0.8828103333738063,-1.3773890381514047,-0.01735538792188411
gdb_1185,CCC(C)(O)C=O,-1.9041668242470868,0.07143737695007499,0.3384736083693435,0.2570561442061099,0.4309022970038386,-0.585989339884857,-0.17682159437357378
gdb_1186,COC(C)(C)C=O,-1.87912596120266,0.06689107035094864,0.32837978572003074,0.21809183569011034,0.451392539574221,-0.5711156409389022,-0.3040735896339165
gdb_1187,CC(C)(CO)CO,-1.2401972323525352,2.111799551871401,0.9767941970397396,-0.985265249747913,-0.07341622677609722,0.39497667723689844,0.4252939745704443
gdb_1188,CC(O)(CO)CO,-2.6009053038427763,0.9515304119268817,1.24352582498286,-1.1910394813172318,-0.5317993166127024,1.0336423878101368,0.4722680076028344
gdb_1189,CCC(C)(C)CC,1.6943836436955306,4.553113271076678,0.4952188532344852,-1.489301412366932,1.3203373112428685,-0.8901671550892358,-0.8386245582352887
gdb_1190,CCC(C)(C)CO,0.11406751974844628,3.277134190721363,0.6809512016057887,-0.6256022304311837,0.4367422789619425,-0.2647480369570495,-0.09826607385625807
gdb_1191,CCC(C)(C)OC,0.1413279628560573,3.314370063999743,0.6661335383281545,0.036324447079596804,0.09119567046533968,-0.07506473480363353,-0.12239858307786762
gdb_1192,CCC(C)(O)CC,0.022412753222087148,3.1896580250664024,0.6412337175283749,-0.4179885370013386,0.4784786954517175,-0.3768041837193301,-0.16225018055115464
gdb_1193,CCC(C)(O)CO,-1.301460090241231,2.096940849163352,0.9391139281748033,-0.6415775024992042,-0.10652454349001136,0.3582247974851756,0.20322538131465664
gdb_1194,COC(C)(C)CO,-1.0506612604283,2.5159451371633135,0.970911810776587,-0.24722378010746401,-0.38421871186073303,0.7937235000259935,-0.8653857867949047
gdb_1195,CC#CCC(C)=O,-0.8846993127291862,0.8452248672483127,-0.07433615755413689,0.8743614042748626,1.0833618266236624,-1.5019702780071487,-0.21462725620557618
gdb_1196,CC#CCC(N)=O,-1.13757357365177,0.8362511724061278,0.26348702263156537,0.17819067209524397,0.45623903250002745,-0.6331220904789386,0.5649717544827432
gdb_1197,CC#CCC(C)C,0.9637700933030059,3.762249434681992,0.12545205226214823,0.7910329172815138,1.0835457865321083,-1.3631070536143635,-0.6533943293740384
gdb_1198,CC#CCC(C)O,-0.3281732821863344,2.6419608164780497,0.4591092379874643,0.1356941891065462,0.6049026975165417,-0.6508754714963975,-0.06423407886493933
gdb_1199,CC(=O)C#CC#C,-1.2129626928415473,-0.8104789094960287,-0.5784338754745217,0.6650580826697203,1.9414356320022546,-2.353676668936687,-0.5699281259628665
gdb_1200,CC(=O)C#CC#N,-1.7349732194219212,-1.8535068868219666,-0.4959200163838587,-0.5204751989044073,2.1541000380027024,-2.1932197923698524,-0.7257149715834452
gdb_1201,NC(=O)C#CC#C,-1.6672336710740219,-1.124180090233864,-0.3629356165680904,0.40551574511646443,1.441351668341728,-1.751166202528476,-0.05589472326650882
gdb_1202,NC(=O)C#CC#N,-2.2507136813000987,-2.244616859541039,-0.27840960440890605,-0.900022790430185,1.722759290464513,-1.705481206502518,0.14293563865463788
gdb_1203,CC(=O)C#CC=O,-2.360999601117344,-1.4251491357955024,-0.083797511690512,-0.3953723804405999,1.6096853141598584,-1.5158264201075542,-0.9327939697577564
gdb_1204,NC(=O)C#CC=O,-2.946535982491097,-1.9560437963397552,0.05561820447939646,-0.6091046646227031,1.338629710494752,-1.1799284108179036,-0.5759797403430429
gdb_1205,CC(=N)OCC#C,-0.6187318584825933,0.9814271712655561,0.2856460904981155,-0.5704530468122847,0.46274050580372866,-0.12349358520369366,-0.7150254891572104
gdb_1206,CC(=N)OCC#N,-1.2533870571917307,0.042024530402354994,0.3491529091684986,-1.4373360108244202,0.7254623518511212,-0.11682084553646564,-0.8692638074569184
gdb_1207,CC(=O)CCC#C,-0.7548017232435645,0.5354630343165496,-0.13127409216387195,0.5545563851401198,1.0460021590677646,-1.3719600169670292,-0.24964292971791374
gdb_1208,CC(=O)CCC#N,-1.37485863007362,-0.33734277169907095,-0.011338108493248168,-0.38545086242649584,1.1477980058201003,-1.2801552883842726,0.25855568202357004
gdb_1209,CC(=O)NCC#C,-0.9454167283706897,0.4996298530340043,0.1882588930789573,-0.10974869888884618,0.3693123531958815,-0.4476331602019675,0.49167130152264055
gdb_1210,CC(=O)NCC#N,-1.5035844465851524,-0.36315798732205157,0.2873369480854813,-0.9980471122207754,0.4758975194221608,-0.29068090368540384,0.558271244387402
gdb_1211,CC(=O)OCC#C,-1.3915018219137494,0.2255557144533071,0.4083460378778397,-0.8876679157393222,0.39729241351195804,0.1165083722008378,-0.9204227121969224
gdb_1212,CC(=O)OCC#N,-2.001468067159514,-0.6753793722444902,0.5243695039858361,-1.9546094775358671,0.5867822086469642,0.17312618911177774,-0.5389895535208787
gdb_1213,NC(=O)CCC#C,-1.0074529956948832,0.5412572442265589,0.22464332260440661,-0.252497606411922,0.44486976760441027,-0.5170578895264593,0.6484746201270124
gdb_1214,NC(=O)CCC#N,-1.63170201553632,-0.33422572303468717,0.34168832559912893,-1.1587410934493552,0.533884382898757,-0.42267690770370087,1.1594308592693057
gdb_1215,NC(=O)NCC#C,-1.286773117166667,0.12410685676989285,0.3889940942309088,-0.6782775295636373,0.003964456399193497,0.18360184865486215,0.5705603593165854
gdb_1216,NC(=O)NCC#N,-1.9458196834781063,-0.6084838249225618,0.5080290893763836,-1.4360017854590366,0.16753092752152712,0.2375307688956932,0.6545055319213533
gdb_1217,NC(=O)OCC#C,-1.8437355988343,-0.11131888494921106,0.6218062937736447,-1.2787403682319956,-0.012538743968614423,0.6676016037227785,-0.4600212677219036
gdb_1218,NC(=O)OCC#N,-2.4350951679035058,-1.2844026854840724,0.6884223037615937,-2.353423045655884,0.10246171005733835,0.7330975468697,0.223749032253923
gdb_1219,CC(=N)OCC=O,-2.729598795282437,-0.5816470086007169,0.45260028180214024,-0.4254143470511194,0.6901552707055786,-0.6362309837435659,0.07301293361619532
gdb_1220,CC(=O)CCC=O,-2.2599059578479412,0.06679046828155041,0.34699323110519903,0.01078789000591469,0.8951789916439837,-1.036022930294016,0.08031949906982372
gdb_1221,CC(=O)CNC=O,-2.6545090263667563,-0.5429472476850652,0.4012291057067284,0.02522142302584749,0.4956823435063359,-0.4588706715774037,-0.45339717875467406
gdb_1222,CC(=O)COC=N,-2.7813013218995017,-0.9109965309550068,0.3713325299012948,-0.13810768970473683,0.4780771564130264,-0.6566995635142132,0.8089005675274167
gdb_1223,CC(=O)COC=O,-3.4632924535834846,-1.6432812596932345,0.5750720018509764,-1.0799085006883367,0.46194072684943177,-0.3682135594396536,1.145258384602273
gdb_1224,CC(=O)NCC=O,-2.7950993759998664,-0.6047280303411026,0.4158136548349142,-0.0863754749668929,0.6212916582279341,-0.67174223264874,0.06409595921289545
gdb_1225,CC(=O)OCC=O,-3.2623708672804503,-1.0072066780037585,0.6263124427872017,-0.6778176959583507,0.4024373510533494,-0.03054119201797963,-0.6585817209966587
gdb_1226,NC(=O)CCC=O,-2.8436358022515007,-0.5130460197724119,0.4875179225890927,-0.26793478751437755,0.6025951946636111,-0.69769788245665,0.6416195577264426
gdb_1227,NC(=O)CNC=O,-2.9339409955990985,-0.5297508873902832,0.7440722378820093,-0.5719323568087344,-0.17795105710544198,0.40773425854503303,0.4521293774201656
gdb_1228,NC(=O)COC=N,-3.065455225736398,-0.9232993090251976,0.6860330699854603,-0.6828058886315378,-0.12029841653893035,0.16763342338028792,1.3843173755778089
gdb_1229,NC(=O)COC=O,-3.7886811088133663,-1.7269204415586656,0.8840958990727704,-1.6602334831125733,-0.11305977960156711,0.39473559500043076,1.9291811915472257
gdb_1230,NC(=O)NCC=O,-3.3492991064617725,-1.0737800438899066,0.5726525511825313,-0.3098863975677788,0.31451606318434705,-0.2761921585435768,0.36415786527530675
gdb_1231,NC(=O)OCC=O,-3.8770042235685263,-1.6143365401183356,0.7593631522084832,-0.8464007587821022,0.06773972362316831,0.29810968826655965,-0.00020551563960239343
gdb_1232,[O-]C(=O)CNC=[NH2+],-3.4491787487018284,-0.9920313231439137,0.6921959283864694,-0.5458656370279685,0.11245570031008702,-0.33597284837259045,2.3009523727999794
gdb_1233,CC(C)C#CC#C,0.4577940698891105,1.8179519566271247,-0.4876427208196946,1.4351353510046754,1.6346320914708339,-2.234103857372852,-0.6909642461473529
gdb_1234,CC(C)C#CC#N,-0.3543336421972891,0.23260198123181317,-0.38389718303294235,-0.638377053025198,2.193532506214241,-2.6307743274313644,1.2586536567183917
gdb_1235,CC(O)C#CC#C,-0.7896419572091741,0.7157662655262773,-0.19942427762192122,0.8527850378341875,1.3027448394340262,-1.5299076215038299,-1.0412394725735752
gdb_1236,CC(O)C#CC#N,-1.4872976461155158,-0.6587751921595875,-0.08717420996428099,-1.064538165040644,1.8011075752771086,-1.75414764514705,0.20534111554202444
gdb_1237,CC(C)C#CC=O,-1.3183669622706433,0.15161452810575626,-0.21836888940997165,0.3348362706074769,1.9416073006788805,-2.451653372971128,0.20462169831326293
gdb_1238,CC(O)C#CC=O,-2.401256148862263,-0.6803143929703497,0.1092462526774821,-0.1934839039123592,1.4841354390643953,-1.498949543613743,-0.6536399412000472
gdb_1239,CC(C)CCC#C,1.0962822969623673,3.4310684143295687,0.1115877016607171,0.052399839762211055,1.1752660334840885,-1.306296827106487,-0.36031912870404004
gdb_1240,CC(C)CCC#N,0.48907066533904814,2.2346659282589285,0.3165460793519164,-2.5069985832239627,1.8511988652644087,-1.548114715146233,1.1197979569224046
gdb_1241,CC(C)NCC#N,-0.588033373122086,1.360051350344921,0.14042902973722104,0.06218049380368875,0.911787174767577,-1.3641300288662752,1.279362612008635
gdb_1242,CC(C)OCC#C,-0.28973345780992504,2.0675008043543692,0.289213776894797,0.05481504978961317,0.7102689858065316,-0.7156906474797662,-0.4370915533218394
gdb_1243,CC(C)OCC#N,-1.1284225803148697,0.7441747617441266,0.3793610604693574,-1.3294890392098362,1.0702648323756896,-1.0253509450683782,1.1753686031400081
gdb_1244,CC(O)CCC#C,-0.15431069733158537,2.4531446113028212,0.43850415593352493,-0.29508531524325693,0.5895861021421176,-0.4825631519068243,-0.1760996455589671
gdb_1245,CC(O)CCC#N,-0.8632502174305354,1.323712765892411,0.560064794610778,-1.7453826356479885,0.9220916142865976,-0.6308144854393168,0.9681741461014833
gdb_1246,CN(C)CCC#N,-0.6142694135463519,1.5178256751381374,0.14568908450751814,0.6227262216294146,0.6132665333111913,-1.2242581738384257,1.4223057278514775
gdb_1247,CC(C)CCC=O,-1.1632657500731909,1.6843947711136449,0.17480637129901244,0.6451883140146089,1.4982935345521893,-2.0310758668530258,0.09998787519686601
gdb_1248,CC(C)CNC=O,-1.0800843253403305,1.5574805580518214,0.4866619541469793,-0.2021394091243844,0.5169747038423961,-0.7156383963327995,0.9219178814674067
gdb_1249,CC(C)COC=O,-1.900303422879458,0.9548059933222063,0.6959983152792717,-1.2758256996269397,0.9202855652143704,-0.7403392450147984,0.6705314220805145
gdb_1250,CC(C)OCC=O,-2.3158223077387836,0.6100155291796197,0.47077293031824535,0.05294187597074946,1.026133135503398,-1.1769755866404021,-0.13743523289690726
gdb_1251,CC(O)CCC=O,-2.3862656575608665,0.7581015315141354,0.5139256146469111,0.21339871598656582,0.9497506070700615,-1.1960370033749044,0.17443156697288095
gdb_1252,CC(O)CNC=O,-2.380889541745688,0.893337253418547,0.8718587869345779,-0.5130859908876874,0.06980696389279918,0.03683791843920601,0.7092598189281456
gdb_1253,CC(O)COC=N,-2.2662661229124845,0.9880481274495743,0.8465213079348626,-0.5740946140167457,0.22050606004925022,0.09257681301703397,-0.30122964582531353
gdb_1254,CC(O)COC=O,-3.149845437925347,-0.17719214366535388,1.0024915278898274,-1.6002577744035167,0.22061886769212283,0.10495609275731585,1.317768851900445
gdb_1255,CN=CNC(C)=O,-1.9626854902129145,0.7566474042130742,0.38219268143691515,0.38680871924223864,0.7998631087192145,-0.8711157202762613,-0.6075462584570833
gdb_1256,CN=CNC(N)=O,-2.4183844585383163,0.4467107782945832,0.5966403694635001,0.11734751873980383,0.3080169923947064,-0.2824190432359271,-0.05376516500431519
gdb_1257,CN=COC(C)=O,-2.3420665090924753,0.3773402951545738,0.5792645257695147,-0.1923385666516925,0.5611153851383097,-0.11261795549933892,-1.8234733283614866
gdb_1258,CN=COC(N)=O,-2.786705385730455,0.07011169448734635,0.8272491458898847,-0.6508383143101868,0.05644631382520267,0.4863850022510052,-0.9176138962623692
gdb_1259,NC=[NH+]CC([O-])=O,-3.489428390656447,-1.0644986489519563,0.6844137922951601,-0.5335902260093967,0.10120585325190205,-0.3798695246928633,2.5404270871279397
gdb_1260,CN=COC(C)C,-1.3372679213746337,2.07683157003348,0.5586823206257047,0.21036056973012537,0.8033631775053944,-1.0519126320136376,0.48494929398630243
gdb_1261,CC(=O)C#CCO,-2.598848461078661,-0.6928032915224714,0.170242537795492,-0.05788546359432769,1.3361145824265312,-1.6258398699595031,0.6272500584128268
gdb_1262,CCC#CC(C)=O,-1.2843171153357582,0.4204812516313692,-0.15636417066623043,0.6131691276590058,1.7330044357522125,-2.275773509753093,0.16599562706619098
gdb_1263,CCC#CC(N)=O,-1.6121074500148644,0.30335679610770844,0.11509763324015458,0.19430293782569036,1.1630521023659015,-1.5031113671736698,0.5828035257564783
gdb_1264,NC(=O)C#CCO,-2.9334478778548276,-0.8266493942568706,0.4466008865514599,-0.5460006286750196,0.7920595615178031,-0.8758357070821307,1.1182946675518102
gdb_1265,[NH3+]CC#CC([O-])=O,-3.026898198659086,-1.1344549743010879,0.3654575669733603,-0.6387107266939831,1.023315074000749,-1.1080301338639549,0.9492526213389927
gdb_1266,CC(C)C#CCO,-0.6158087414183775,2.478678282922378,0.37094663337121375,0.5202553233593388,0.9251834274420913,-1.095885911909953,-0.4151405566067312
gdb_1267,CC(O)C#CCO,-1.7598640816329423,1.4830446813384064,0.728776062057306,-0.5397917333510517,0.6623718031382119,-0.32409354155476516,-0.6572240809017988
gdb_1268,CCC#CC(C)C,0.881331427274958,3.9077538654216513,0.16340028514314028,0.8481856353335436,1.1853403875999837,-1.4792943830935952,-0.7068889116519395
gdb_1269,CCC#CC(C)O,-0.5802069100207179,2.4939884240607517,0.429042935122355,0.0963804586017537,0.9990831255738363,-1.1031419074500772,-0.0792456616917227
gdb_1270,COC=NC(C)C,-1.378633645263084,2.0888726097038077,0.5605057764238252,0.13513564110244378,0.9422461936302621,-1.1561831359114765,0.3310714728654371
gdb_1271,CC(=N)OCCO,-1.9704915250514223,1.2113413888983597,0.9201608177910942,-1.102125140226106,0.23944202950823115,0.39440271264786586,-0.9580630061331354
gdb_1272,CC(=O)CCCO,-2.456942180763944,0.8148157464106669,0.5694907843924891,0.1676272124651132,0.9280584409473661,-1.237679340852453,0.6135494110641058
gdb_1273,CC(=O)NCCO,-2.3931745337132964,0.9219530702242271,0.8652389668936287,-0.21862281935642933,-0.08909173587569169,0.10574925569984824,0.804900737984015
gdb_1274,CC(=O)OCCO,-2.8160461867910134,0.38921855693420493,1.0282880794525673,-1.2767721197179251,0.13212769309143438,0.5744302661750322,-0.8844168885770722
gdb_1275,CCCCC(C)=O,-1.1607184179317445,1.9497611894578755,0.25166792327169923,0.7789622178446881,1.403635033835095,-1.9373686159824344,0.05883150068310882
gdb_1276,CCCCC(N)=O,-1.3858199803247275,1.9982778737577982,0.605329378679232,0.018043368957773878,0.7777272529587104,-1.0420833144390684,0.833862110740142
gdb_1277,CCCNC(C)=O,-1.2965753476936697,1.9175198711025845,0.5649600916301502,0.14171107634055177,0.6087063459102818,-0.9051531161172865,0.8990609927710264
gdb_1278,CCCNC(N)=O,-1.6647771091668115,1.858994196661183,0.8480817839720218,-0.38780703400122785,0.2224714774949579,-0.2517234498875172,1.049212737724775
gdb_1279,CCCOC(C)=O,-1.8019693701366348,1.5647680218918132,0.7790777208848748,-0.7164230539435663,0.7344400296058862,-0.4523057934159955,-0.4184202654224679
gdb_1280,CCCOC(N)=O,-2.0381794502313073,1.6237262094217149,1.1143935782852084,-1.3145245967225558,0.1012882055714483,0.4480545856414733,0.0961249943713919
gdb_1281,CC[NH2+]CC([O-])=O,-2.5969663385554034,0.2927616152800559,0.7735015031862756,-0.6035868973399573,0.1872379972705346,-0.2975032770600726,1.612492063382311
gdb_1282,CCOCC(C)=O,-2.34999726976651,0.8227504448066055,0.5414587444744717,0.257516709464786,0.837621112756219,-1.1056457837119746,0.3449091818340663
gdb_1283,CCOCC(N)=O,-2.599640542995144,0.8261041123782713,0.8714645839921696,-0.43412305193362016,0.2540600856943086,-0.2543871313837117,0.9563980879048912
gdb_1284,C[NH2+]CCC([O-])=O,-2.592398871409779,0.21199765611952331,0.7869218131083214,-0.7494969572954261,0.11806298808636614,-0.29321137191894947,2.213998638118034
gdb_1285,COCCC(C)=O,-2.1808429512007463,1.1498885016745666,0.5658183175530715,0.36359235786195926,0.8315668902006585,-0.8768530643409908,-0.8449440966752656
gdb_1286,COCCC(N)=O,-2.4139581570292945,1.1870722481388358,0.9217500360103409,-0.40445786743960777,0.20230210650874972,0.013647915269801036,-0.015735771311452273
gdb_1287,NC(=O)CCCO,-2.666207607855157,0.8924314149652618,0.9248535480304177,-0.5635655132888127,0.2852631780464706,-0.31363047015012696,1.303315767499293
gdb_1288,NC(=O)NCCO,-2.7753391537969354,0.7704659412299366,1.1287824254320145,-0.7229567272392629,-0.5081964221756256,0.7510609476187541,1.109355708746165
gdb_1289,NC(=O)OCCO,-3.1254103403015967,0.3410119643444049,1.3593575487440137,-1.9097142398576368,-0.4823607653322218,1.377292228913787,0.03430273945986664
gdb_1290,[NH3+]CCCC([O-])=O,-2.5631390470930175,0.04334450063555313,0.756990511813564,-0.47584198124987487,-0.18488762908860523,-0.148900772277596,2.7208743138922222
gdb_1291,CC(C)CCCO,-0.32954495595562544,4.1379283149353885,0.9301616335561093,-0.6866897915401048,0.9754821408392154,-0.8162706067915678,-0.04419623333945649
gdb_1292,CC(C)OCCO,-1.428496121168179,2.711792555100602,1.1182813084223224,-0.9282488343951972,0.13786985031403745,0.190738018373686,0.3411570302185534
gdb_1293,CC(O)CCCO,-1.6382237956777461,3.063113516660602,1.2077175862677334,-0.8987563114128282,0.46284768145927985,-0.09311647175875995,-0.05013367297667472
gdb_1294,CCCCC(C)C,1.2764633743187928,5.453129986723981,0.7741949881743715,-1.6952964375837976,1.893188539076583,-1.435076188733884,-0.7487464709783558
gdb_1295,CCCCC(C)O,-0.4134125752808791,4.034312281476579,0.9012674989462679,-0.6095921588789308,1.0541929897614408,-0.9454721891658019,-0.02190880365795476
gdb_1296,CCCOC(C)C,-0.286596323509023,4.204244695928496,0.8899700940125107,-0.0773593778553718,0.645938477249644,-0.6141388311229337,-0.13448547643289646
gdb_1297,CCOCC(C)C,-0.21827720101231207,4.179044981353471,0.883971126179099,-0.19349973239137233,0.6321513484475976,-0.5511405882266225,-0.18474300919635167
gdb_1298,CCOCC(C)O,-1.4034517368781891,2.767579087280052,1.1376137295382682,-0.9519428957204134,0.11887604736519151,0.22949800623191172,0.3201542799612635
gdb_1299,COCCC(C)C,-0.33433185527969955,4.167083056476102,0.8911107125452122,-0.2012096038419677,0.7693539804956597,-0.7224464739778734,-0.12001958006378503
gdb_1300,COCCC(C)O,-1.545383409131383,3.214077158744442,1.165867101694827,-0.3568849009274175,0.25677453885353374,0.12121005911029761,-0.7893639830979376
gdb_1301,CC1(C)CCC1=O,-0.4644950277313008,0.28892241903881116,-0.1580708540457286,1.1647008902008418,0.4073575912213516,-0.9590363676530953,-0.019659062529294936
gdb_1302,CC1(C)CNC1=O,-0.5676060215971173,0.6170815182738986,0.3103694552868575,0.013542628312013584,-0.2179198607975343,0.07255276315525688,0.8503721353945154
gdb_1303,CC1(C)COC1=N,-0.39077707995217453,0.7553982556051375,0.3441192618246729,-0.5256328398161862,0.03299445205440836,0.13400531709121755,0.04542088852728982
gdb_1304,CC1(C)COC1=O,-1.3040404957495304,-0.2605011268187798,0.456682340040241,-1.010134969510758,0.03368974280920963,0.16810935244231753,0.6699620779810118
gdb_1305,CC1(C)NCC1=O,-0.9767753508762207,-0.15736507078412557,-0.015087532892539132,0.8644310048461532,0.2443217182268786,-0.5883988965676678,-0.2740000491797228
gdb_1306,CC1(C)OCC1=O,-1.4575674312922027,-0.4102797000352542,0.20615770708264194,0.35878023221599487,0.11197456682294671,0.01469468631244311,-1.3929760664531472
gdb_1307,CC1(N)COC1=O,-1.951581479968487,-0.8148049973888851,0.5479530997012464,-0.7954724298985718,-0.2802440179859503,0.4737021268788634,0.7017412431768891
gdb_1308,CC1(O)CCC1=O,-1.5890165798450329,-0.6177530137844512,0.17875451909159237,0.44074905593129454,0.08574993688094748,-0.12832311445486047,-0.7429723288547752
gdb_1309,CC1(O)CNC1=O,-1.7637031232952356,-0.27598745083556664,0.595459822833796,-0.14781985066517292,-0.6744019200337246,0.9141920375064726,-0.09844327788442742
gdb_1310,CC1(O)COC1=N,-1.5297766363135843,-0.09737920622650613,0.655385099711696,-0.9292243087741954,-0.3626488264285906,1.0028305439222742,-0.9636241989850571
gdb_1311,CC1(O)COC1=O,-2.566088259933359,-1.190531482584716,0.7271251105994154,-0.9829699692999048,-0.48652375997323294,0.9721731488600651,-0.04955336434901175
gdb_1312,CC1(C)CCC1O,0.4247922817127389,2.545633742726069,0.5309277955677759,-0.29146846887246,-0.1203138584016748,0.2762067277863407,-0.10421071712720172
gdb_1313,CC1(C)OCC1O,-1.0374181122168493,1.3050634148568219,0.771535228801623,-0.23812725503634183,-0.6368160862374186,0.8412685400314006,0.20408267502332111
gdb_1314,CC1(O)CCC1O,-0.7562116746920547,1.7024616263965393,0.8692181152667039,-0.596830590453068,-0.6714248880314865,1.17163515752544,-0.5003536481172728
gdb_1315,CC1CCC1(C)C,1.930209653359549,3.743630259488313,0.29454825096469195,-0.7817433303076847,0.6436477143224768,-0.36823693637741495,-0.7247052484066205
gdb_1316,CC1CCC1(C)O,0.3994931159254692,2.5385107211408555,0.5229983427389717,-0.23897122463074186,-0.11014288090426674,0.24847569429168676,-0.11802310439277824
gdb_1317,CC1COC1(C)C,0.28203216823636695,2.4455014902310968,0.4883482428275912,0.17356704327613848,-0.26990617815958806,0.20899768253207812,0.27868217504116755
gdb_1318,CC1OCC1(C)C,0.27402529261192066,2.4395532291841975,0.4857538642330604,0.12447424941018548,-0.22565190335245905,0.176760203896707,0.26152752509277216
gdb_1319,CC1OCC1(C)O,-1.0456295886737146,1.3290425726337454,0.7821960123628106,-0.31170244598376445,-0.6123093825021452,0.8228021044924229,0.2835261037598627
gdb_1320,CC1(C)CC1C#C,1.428874247084499,2.183056977594376,-0.2706743954347464,0.869852317272321,0.38037341736259467,-0.6997836643777915,-0.3270574152347802
gdb_1321,CC1(C)CC1C#N,0.7394102968620389,0.9323421145514834,-0.10423670177205646,-1.2083163814729254,0.8917966016380225,-0.9364917410474835,1.2435652495372025
gdb_1322,CC1(C)NC1C#C,0.7239813741976473,1.4432702896061513,-0.18045670974336717,0.5942389274761509,0.32339750890044383,-0.598778393775491,0.002713652805955206
gdb_1323,CC1(C)NC1C#N,-0.05156600756007681,0.1699742164371728,-0.0683593544900928,-0.9117984403114743,0.685831691884883,-0.8387619186037364,1.4756768930872057
gdb_1324,CC1(C)OC1C#C,0.04762492985028757,0.8028522385742259,-0.010548452469385539,-0.07661417532658532,0.3534218239190096,-0.3082952862295304,-0.35600643146096
gdb_1325,CC1(C)OC1C#N,-0.5996062027052548,-0.316434276338341,0.12280430805575289,-1.7351689319425565,0.7737475417749379,-0.4319440373088322,0.5112377376045811
gdb_1326,CC1(O)CC1C#C,0.16295649031033613,1.1121046110746924,0.06267863654537012,0.23283516643968058,-0.05251437618916358,0.025504136962826215,-0.07855569631120905
gdb_1327,CC1(O)CC1C#N,-0.5162580763693404,-0.053323905225601445,0.20916349394540842,-1.5157094159133857,0.36366792216575183,-0.13869117770136852,1.1538626272749875
gdb_1328,CC1(C)CC1C=O,-0.6895363378652065,0.5415133335295853,-0.11736962105340887,0.7315344457188057,0.7980800489311876,-1.335338195546375,0.41129362226164384
gdb_1329,CC1(C)CN1C=O,-0.9923367819786552,0.3024525385016838,0.13726106976044736,0.0848331777458221,0.3803322863642693,-0.6321132284764769,0.6493619392224741
gdb_1330,CC1(C)NC1C=O,-1.2651591662990012,-0.029062473925006216,-0.013468774322443644,0.5616118267642201,0.639276360974621,-1.031498091158117,0.19673483276372883
gdb_1331,CC1(C)OC1C=O,-1.8971424050389316,-0.777202089836608,0.1253938894837187,0.07209508674060881,0.529588470329686,-0.6560706890453132,-0.1141241101822198
gdb_1332,CC1(O)CC1C=O,-1.9730348958646986,-0.5325422760457378,0.2079553704026854,0.16481844413450777,0.355329648950802,-0.6232530499832555,0.6659297060882432
gdb_1333,CC1(C)CC1CO,0.19700740557435634,2.9169489358915683,0.5784872759495974,-0.5007900783342258,0.2172580746675228,-0.03526917040490405,-0.03050133750513788
gdb_1334,CC1(C)NC1CO,-0.5624604717810437,2.13867696343119,0.6289659197040318,-0.19641398482062858,-0.1204851371299653,0.14778902441051042,0.5108722150863478
gdb_1335,CC1(C)OC1CO,-1.022331568021953,1.924525193974308,0.9329238963634571,-1.089328804755831,-0.31650867683525424,0.7923889809339747,0.2404047619618588
gdb_1336,CC1(O)CC1CO,-1.1481117714508167,1.8338505752378702,0.857495026554831,-0.5989298977972948,-0.3437409048469,0.6804491779698809,0.08749068964686545
gdb_1337,CCC1CC1(C)C,1.575446014472741,4.152912638048091,0.2989688017107063,-0.037416876162317,0.6263408200842392,-0.6159660032471634,-0.5042964473365562
gdb_1338,CCC1CC1(C)O,0.12100695410359168,2.9038821803792096,0.5462558758157505,-0.06501318321633277,0.09441186225733837,-0.04014052149762019,-0.0361589273959815
gdb_1339,CCC1OC1(C)C,0.23845416115000978,3.0339610665609187,0.6394428814597259,-0.5742126062575975,0.10088320061767951,0.07163007093773452,0.29762861453054806
gdb_1340,CCN1CC1(C)C,0.7140520217775185,3.385256473477728,0.2925465926895772,1.1196804741948605,-0.029145552710498828,-0.3760751097617312,0.182767451326404
gdb_1341,COC1CC1(C)C,0.28648218883141313,3.103806099150316,0.5914641778855776,0.0321301280699397,-0.1571968516360304,0.24682284471163377,-0.08509379018608727
gdb_1342,COC1CC1(C)O,-0.9590439815303711,1.9349574850246516,0.8383633618068113,-0.006903738528057904,-0.7485377714878595,1.0655724519481722,-0.4397609432005038
gdb_1343,CC1(C)CC=CC1,1.3966975841982683,2.2895717145777317,-0.26134359306697585,1.3221393607045595,0.3874309865573904,-0.8005221673966989,-0.9283477981793167
gdb_1344,CC1(C)CN=CO1,-0.43155418894505354,0.6230508435592725,0.24743578581484152,0.17519951685442303,-0.22575959141508087,0.2319207780589312,-0.20554319236883153
gdb_1345,CC1(O)CC=CC1,0.08212327228820732,1.1956271613709415,0.0736931679196058,0.714215602668703,-0.03882215404225158,-0.1353896953846545,-0.47137586262671005
gdb_1346,CC1(C)CCC=C1,1.3668556938034389,2.3207681176743105,-0.25939858102081226,1.3190914563551552,0.4405249460276397,-0.8574164052591499,-0.9316649277104034
gdb_1347,CC1(C)COC=N1,-0.3941540761743823,0.7143791882888979,0.24753770842728123,0.16674032664620902,-0.1773181386581686,0.2554669931040314,-0.5608634299112821
gdb_1348,CC1(C)OCC=C1,-0.06646163947382144,1.0654896236986893,0.012589725595666755,1.1235307641107402,-0.018886587253857196,-0.30856238830918725,-0.4408237207690695
gdb_1349,CC1(O)CCC=C1,0.055716974252142865,1.1857029552183602,0.0736913975821105,0.5623053526356786,0.09667078297092159,-0.23297981162167117,-0.5128501679550771
gdb_1350,CC1(C)CCCC1,2.0366069891904117,3.6441036175750496,0.299017126318516,-1.4631674953852503,0.8857195113734097,-0.39503567576447873,-0.9155971861672543
gdb_1351,CC1(C)CCCO1,0.3366016418588672,2.4797043606825238,0.47570707754319325,0.2225568735824288,-0.3158569242756457,0.282095904121539,0.08133258321140241
gdb_1352,CC1(C)CCOC1,0.33768716406622834,2.4156319260307977,0.4682377328945602,0.03537664611885542,-0.22657438043877656,0.23676920266218754,0.07183338593255745
gdb_1353,CC1(C)COCO1,-0.70682164226556,1.7352282145832658,0.8884830921035942,-0.6499687171438067,-0.7846186586090257,1.2723926093409976,-0.26364557480734396
gdb_1354,CC1(C)OCCO1,-0.6440536250890934,1.8490367465214064,0.9022137684811821,-0.5264247151796666,-0.8539957363443189,1.3780002577753339,-0.5467544637016812
gdb_1355,CC1(O)CCCC1,0.4114783541180738,2.4171621074824547,0.49034790354393826,-0.4862505038818228,0.01641061016903554,0.18629103516321244,-0.20498374386860624
gdb_1356,CC1(O)CCOC1,-0.8531303059986441,1.5414942635926059,0.7940325485162685,-0.3401705728165433,-0.6997387629350669,1.0842633281922633,-0.43577654434905155
gdb_1357,CC1(C)C(O)C1O,-1.2320076327442357,1.2383976067462408,0.6786828805651804,0.4351490302993891,-0.6809827310699355,0.6858413282160919,0.06244175343098535
gdb_1358,CC1(O)C(O)C1O,-2.3781242783430883,0.45541527554259426,0.9943046830585636,0.3370206618943249,-1.2759005372146652,1.6548075343749402,-0.7847763887690554
gdb_1359,CC1C(C)C1(C)C,1.6829303341696715,3.7891244497274896,0.22289230458380158,0.27691838657922674,0.3916224517632504,-0.460575463854678,-0.5602341258487877
gdb_1360,CC1C(C)C1(C)O,0.2339188279929559,2.581452153567813,0.4911031658671907,0.2558952308642977,-0.18590537923916442,0.14422284393441237,0.03409552977652195
gdb_1361,CC1C(O)C1(C)C,0.2203986690569138,2.5066210724847067,0.46247748977770176,0.30370513248781716,-0.16189286328352548,0.11239969038588679,-0.05859867825532742
gdb_1362,CC1C(O)C1(C)O,-0.9372109580503996,1.664025404163769,0.8103600100290809,-0.12681775594856254,-0.684868459079466,1.0161757748735976,-0.4483560751065856
gdb_1363,CC1N(C)C1(C)C,0.7595063506071553,3.0040808249854156,0.2153427467803235,1.529833620298732,-0.27638334606146864,-0.2713154181913742,0.28325087438908114
gdb_1364,O=C(CC#C)C#C,-0.6420323321168719,-1.4495778047154781,-0.6504595867173742,0.1586637742133576,1.2532865091587173,-1.4456854434095956,-0.5604645259304623
gdb_1365,O=C(CC#C)C#N,-1.2323230259301847,-2.3440572814416742,-0.5877015589583664,-0.6422326112080289,1.4762619999815132,-1.362393609758993,-0.9662331364009153
gdb_1366,O=C(CC#N)C#C,-1.4120642569793591,-2.651390856186419,-0.5378549339761268,-1.2119510883679396,1.5611225579022379,-1.6475023526602595,0.8361298486164706
gdb_1367,O=C(CC#N)C#N,-1.5691734280658864,-2.9288977923102166,-0.41691850793662794,-2.065396937298156,1.7624399752966466,-1.04271603751367,-1.7526315640581867
gdb_1368,O=CC(=O)CC#C,-2.050000819964236,-2.0645358798662654,-0.4000196617371584,0.841158607959724,0.9024946720645168,-0.8675659265426233,-2.4611176349426844
gdb_1369,O=CC(=O)CC#N,-3.047021910488978,-3.3720794163938588,-0.2867071721803327,-0.46029873757752,1.2651463166178352,-1.330729280802674,-0.2171146637604447
gdb_1370,N=C(NC=O)C#C,-2.0275910011198754,-1.9214650044488124,-0.210141543575317,-0.014534667293553094,0.7404229459057619,-1.0540848273997707,0.9090760100021622
gdb_1371,N=C(OC=O)C#C,-2.47401135269225,-2.2340316678119487,0.0516499654161615,-1.1875011770174226,0.8833604828474113,-0.552419392950965,-0.1973636504536667
gdb_1372,N=C(OC=O)C#N,-2.8699768236783147,-2.8061431548219917,0.14592876557588155,-1.9031542571873599,1.0283652144799416,-0.19725849759885905,-1.5416489356535557
gdb_1373,N=CNC(=N)C#N,-1.680753355036736,-1.3877437405618689,-0.2599485445392822,0.1899341367083225,0.997412787263428,-0.9459393553824252,-1.3626508175300887
gdb_1374,N=CNC(=O)C#C,-2.026658272337609,-1.859120835940114,-0.20074781472697936,0.014777421413612027,0.7482789641561743,-1.056706564597465,0.8546404149845087
gdb_1375,N=COC(=O)C#C,-2.159836409829405,-1.660197573537539,0.0685026396173239,-0.8269149208560588,0.8059283983512815,-0.1294700371241284,-2.2780788034918698
gdb_1376,N=COC(=O)C#N,-3.0047539970968775,-2.9820042866027063,0.12728537209209853,-1.987480265087143,1.1526451823967385,-0.42379084349943086,-1.0449159596756985
gdb_1377,O=CNC(=O)C#C,-2.7776050870532893,-2.681706956643934,-0.0626225280209527,-0.5362207475317812,0.704707506187296,-0.812018495793863,0.8676145251281353
gdb_1378,N=C(NC=O)C=O,-3.6001134859405517,-2.802969763209233,0.07728623530984542,-0.15621080504608348,0.7622344141884453,-0.8619142805615578,0.0829559647784324
gdb_1379,N=C(OC=O)C=O,-3.838239339109268,-2.691260561143211,0.3415965656293982,-0.7997289859850207,0.687782929507288,0.027930822535813853,-2.4622662385574317
gdb_1380,N=CNC(=N)C=O,-2.6852627947390006,-1.3880621222719074,-0.04714762705286657,0.8003727831323757,0.9043138163850194,-0.9071980310629687,-1.9845746448161667
gdb_1381,N=CNC(=O)C=O,-3.8038433297093044,-2.9455081827236165,0.06595977035090565,0.0688533341700093,0.7021088125559456,-1.0654157025812196,1.0373414948947655
gdb_1382,N=COC(=O)C=O,-3.9842660462727117,-2.7803831054696904,0.3268929414522734,-0.6696063753112367,0.7217269783401875,-0.16068150289398841,-1.9547895080882958
gdb_1383,O=CNC(=O)C=O,-4.427339747894157,-3.5719140926913258,0.22529700596190066,-0.4526650291771772,0.6102371493592068,-0.6440557301871542,0.46466403644481064
gdb_1384,CC#CC(=O)C#C,-1.060332466178159,-1.3571157865412933,-0.6360375303795918,0.34121499967797386,1.713248445510516,-2.120187476960634,-0.09749808229188824
gdb_1385,CC#CC(=O)C#N,-1.7037658711347805,-2.427081009890877,-0.5438429604254335,-0.9843347976239556,2.0944967721453285,-2.2018583682133936,0.23696292486147433
gdb_1386,CC#CC(=O)C=O,-2.90312635783636,-2.4154522487005314,-0.3326532652949977,0.44014962188782153,1.5691927585694527,-2.1348828775715663,0.6217277590702204
gdb_1387,CC#CC(C)C#C,1.197663942445354,2.079515130848733,-0.2941267770752982,0.5628267802217276,0.8921856765046795,-1.0772790856756929,-0.6195919217781051
gdb_1388,CC#CC(C)C#N,0.3162670492611592,0.7595702708800064,-0.21660170277933088,-0.5709812421858362,1.1601907375894922,-1.3804075356439511,1.0716879546908176
gdb_1389,CC#CC(N)C#N,-0.45878366163389933,-0.045389858217395905,-0.17485014911483812,-0.4666999660769276,1.0144886092453818,-1.3103026179870458,1.3937875098165795
gdb_1390,CC#CC(O)C#C,-0.28380362950168614,0.6053024425269125,-0.07958481787425706,0.008812029580486548,0.7446442917574101,-0.7404999025147873,-0.38457404680493146
gdb_1391,CC#CC(O)C#N,-1.0211818830162134,-0.5066574855021702,0.015165539681749935,-1.1445591341994392,1.0205657817468177,-0.8779861366520699,0.5383123816583869
gdb_1392,CC#CC(C)C=O,-0.9547315176630982,0.47573955600368306,-0.17170776853649872,0.8538780249989156,1.1884874265125704,-1.6853099790205643,-0.015749172438356454
gdb_1393,CC#CC(O)C=O,-2.1296043786848715,-0.6189507544687669,0.11589233868846412,0.16292224035165068,0.8588716796689925,-0.9179400835195689,-0.5150797714549264
gdb_1394,CC(CC#C)C#C,1.4999647657833286,1.9044856207043461,-0.33946503941721196,0.14883262220016524,0.7850916688976131,-0.7376821104982574,-1.085983250880535
gdb_1395,CC(CC#C)C#N,0.6596913067415876,0.6154274007847653,-0.24307643786545177,-1.0863361627171595,1.0376822850589034,-0.9890258913579681,0.6174690258423028
gdb_1396,CC(CC#N)C#C,0.6518703597392304,0.6102737975806733,-0.2542926238456342,-1.0279668697077584,1.0441960152807332,-0.9997171181396431,0.5317071312921602
gdb_1397,CC(CC#N)C#N,0.6865643761722433,0.488634893412696,-0.001964329380737272,-2.852517967416071,1.3834356991678705,-0.2832569768961574,-1.7069118176561464
gdb_1398,NC(CC#C)C#N,0.13963105978652834,0.34649251711804036,-0.13952560019662655,-0.6464380100557351,0.6389193335817707,-0.4755493376674172,-0.18361671107965594
gdb_1399,NC(CC#N)C#C,-0.031243542423056363,0.06729909699526544,-0.2114321190552622,-0.35170143863286446,0.6033528250207605,-0.6566562608935747,0.3259477075384015
gdb_1400,NC(CC#N)C#N,-0.28178404598816065,-0.2540012578570488,-0.07197730542409622,-1.042809856825669,0.6277015290276321,-0.07406838111191631,-1.408490455098764
gdb_1401,OC(CC#C)C#C,0.04186065268428184,0.5815190432087997,-0.07705430077727302,-0.29440175233459914,0.46375715410597673,-0.28212530740385955,-0.5573615214305496
gdb_1402,OC(CC#C)C#N,-0.6095976043054783,-0.37711345123471945,0.01581619755458218,-1.2212704768411273,0.6379623293880265,-0.2574278887379641,-0.1903768838528516
gdb_1403,OC(CC#N)C#C,-0.7348514590821155,-0.6428001861431303,0.04589289165019092,-1.7713452282572175,0.7912362434104203,-0.5065900135304034,1.0127267336613965
gdb_1404,OC(CC#N)C#N,-0.7839164019270825,-0.7427134170574621,0.22716395027602254,-2.8269920591620847,0.9462521235318322,0.23503255241196375,-1.581999272631707
gdb_1405,CC(CC#C)C=O,-0.6428201188158765,0.22170259295377417,-0.23670694664000264,0.534331435581371,1.0046404434398135,-1.2967986870934052,-0.47656537735063653
gdb_1406,CC(CC#N)C=O,-1.1281561775475208,-0.6437845941955432,-0.12067869861664297,-0.43457157134917607,1.0284734372783257,-1.0331814235306434,-0.3280337558684858
gdb_1407,CN(CC#C)C=O,-0.8566212318221958,0.24483484402172168,0.1258307098986212,-0.20252121944840232,0.3175020154556929,-0.38483208763881405,0.5348671057490839
gdb_1408,CN(CC#N)C=O,-1.3575320985911132,-0.4216054222736953,0.2357670296349113,-0.9397097281147399,0.4097300742522242,-0.13520814673144174,0.035856388210204315
gdb_1409,OC(CC#C)C=O,-1.706097983368786,-0.8540001243392855,0.0680843548829925,-0.2572085086113206,0.6345231907273309,-0.40788344180544234,-1.1720577167926072
gdb_1410,OC(CC#N)C=O,-2.468138467932306,-1.8161403616846592,0.20781520318366886,-1.6800596831782728,1.0690308768327397,-0.6311140391439394,-0.22261537470818354
gdb_1411,CC(CC=O)C#C,-0.6549504615017492,0.24857232062131404,-0.23255625190058557,0.5211462834293609,1.0446969082429554,-1.3226338637997077,-0.5468498729155896
gdb_1412,CC(CC=O)C#N,-1.1613262859922244,-0.4363378987216197,-0.10734646135078359,-0.27170176821654013,1.093651020615224,-1.0605213851816224,-0.7709887088021274
gdb_1413,CC(NC=O)C#C,-0.8059809545575176,0.2879009431101487,0.14389486683206063,-0.2725101738896863,0.30330853007227043,-0.3269681327017765,0.4673699922558085
gdb_1414,CC(NC=O)C#N,-1.3284878549508394,-0.4665911277907175,0.26235864191780195,-1.1553479027959106,0.4308509483557799,-0.1312233017652755,0.24947989112172783
gdb_1415,CC(OC=N)C#C,-0.7645730359419369,0.31833139464545845,0.18571796225459578,-0.7050234523797816,0.5221217402923428,-0.403137442625102,0.3411645677629569
gdb_1416,CC(OC=N)C#N,-1.2938701332416802,-0.38585203605762103,0.29952971218151647,-1.4878924239325217,0.6243749010055187,-0.19137592204547,0.03923917557323007
gdb_1417,CC(OC=O)C#C,-1.5573055383471017,-0.5002908235971173,0.32136534529016436,-1.271229741487757,0.5448505275990186,-0.2362791944780434,0.3855383833718398
gdb_1418,CC(OC=O)C#N,-2.1079249968623235,-1.214898646367024,0.441068148140227,-2.162585935624649,0.7139770895629832,-0.08153295279479489,0.16219670745640258
gdb_1419,OC(CC=O)C#C,-1.9831462532868762,-0.7548686664456391,0.10487754687492891,0.13726357978314652,0.535831525957829,-0.6142856603173157,-0.17760078118639244
gdb_1420,OC(CC=O)C#N,-2.2289071517335723,-1.106195870357665,0.25340797245738556,-0.6308190356599254,0.5196444011621154,-0.0230292315276385,-1.5945571214442316
gdb_1421,CC(CC=O)C=O,-1.8991393239121859,0.06343424768134762,0.20794878539409511,0.4281436843815564,0.7009504579146035,-0.5816344300301175,-1.801045448950374
gdb_1422,CC(NC=O)C=O,-2.5326392085500595,-0.7518661016599536,0.3475768171512525,-0.0491548373183419,0.41378728742088333,-0.3508526365564424,-0.4661279850239259
gdb_1423,CC(OC=N)C=O,-2.6234270136851245,-0.6759615907862517,0.38784252356905946,-0.4193790402669304,0.7200633022164257,-0.5760429001159212,-0.4444923482945929
gdb_1424,CC(OC=O)C=O,-3.195586896907496,-1.1206089513181918,0.5792293005996776,-0.8497238806973665,0.5394866155335184,-0.05212205931232103,-1.101276117546348
gdb_1425,CN(CC=O)C=O,-2.533672260185844,-0.5096040286666694,0.32154987001987906,0.3152474093783112,0.4868367863860972,-0.3317170952395905,-1.5253988529014288
gdb_1426,OC(CC=O)C=O,-3.289991806255185,-1.1060608323532242,0.5018335031744493,-0.06127729251078728,0.3485736479129461,-0.0332378144591646,-1.4311852239791931
gdb_1427,CN=C(C)NC=O,-1.7126704616957418,0.4780828906891678,0.28633942431090353,0.4402393140762639,0.49794784731027664,-0.5305677827255072,-0.7626146993280857
gdb_1428,CN=C(C)OC=O,-2.6015080375703143,-0.5642867514511927,0.4810072563771316,-0.5139533688439193,0.4864383975899379,-0.4677808291079301,0.6001473428112207
gdb_1429,CN=C(N)NC=O,-2.184476692827357,0.1450789942924171,0.3745102248082452,1.109186796734242,-0.1523814806320106,0.15714131728634428,-1.4060521424472543
gdb_1430,CN=CN(C)C=O,-1.8967219086176306,0.4897792742425171,0.3213194761913711,0.29580305747910934,0.6963077783011589,-0.8122099032302798,-0.24933329266908813
gdb_1431,CC#CC(=O)CO,-2.5073513121266755,-0.78597265793758,0.13721660434236713,0.0259666587946545,1.1589776628550834,-1.4655972868664462,0.6779764950203555
gdb_1432,CCC(=O)C#CC,-1.1951383576191,0.33990503917443315,-0.1844150970251399,0.608773618911181,1.630139090333331,-2.1492450144761728,0.11019768960347243
gdb_1433,CNC(=O)C#CC,-1.5529452101059698,0.2941464766098169,0.09629734051105078,0.24614374374926612,1.0812549773340538,-1.4319737446033758,0.6253260071003223
gdb_1434,COC(=O)C#CC,-2.025128759587365,-0.10498651660578238,0.26094837852284125,-0.22660191851971798,0.9939531947009623,-0.8474050613410681,-0.7929370250310299
gdb_1435,CCC(=O)CC#C,-0.6758917318193663,0.38324317634841154,-0.16003830467177704,0.4921940094976062,0.936961404750504,-1.271438485227475,-0.06724911403761234
gdb_1436,CCC(=O)CC#N,-1.475264439788971,-0.825016517444984,-0.060821935337610655,-0.75534826687625,1.2258733453011132,-1.4945921315292494,1.3359546504067974
gdb_1437,CNC(=O)CC#C,-0.7594472473612596,0.44399865548231365,0.18422423671889104,-0.06730547969399567,0.10493985720449099,-0.16485179581101306,0.5190779343961497
gdb_1438,CNC(=O)CC#N,-1.0312658302750213,0.11062602989366022,0.3221953127066001,-0.7484189887951772,0.1388139255121493,0.38431650086875413,-1.1217213486417916
gdb_1439,COC(=O)CC#C,-1.3972646977005048,0.021993658653100396,0.3685470305542805,-0.8227782946269541,0.2888367594279433,0.1424841325889383,-0.6145292197238728
gdb_1440,COC(=O)CC#N,-2.1903809146951647,-1.2177450146279054,0.487564656955806,-2.330220865974216,0.6590106485478969,-0.12480278948743338,0.971038556707614
gdb_1441,OCC(=O)CC#C,-1.998228673381087,-0.725779477597662,0.1627542268747464,-0.05895071475122568,0.46997729773481817,-0.5996473049223279,0.4890878191700092
gdb_1442,OCC(=O)CC#N,-2.764069215130984,-1.8795396643340407,0.26610330640832214,-1.3014268011420316,0.7587733490777664,-0.7829076080425753,1.705091122497471
gdb_1443,CCC(=N)NC=O,-1.9973529281307785,-0.27231568363258535,0.2350101363137288,-0.05387085282685948,0.6631719115675034,-0.941406249070581,0.8572282004992184
gdb_1444,CCC(=O)CC=O,-2.169242265938636,-0.20539550081490301,0.21810951968632256,0.3586165916438887,0.7674755767342694,-0.9147887925935932,-0.49144260128112455
gdb_1445,CCC(=O)NC=N,-1.7495154235975279,0.5617277181216368,0.35602310287910577,-0.012855824197844827,0.7500441555573134,-0.6438552902445444,-0.8912260761855627
gdb_1446,CCC(=O)NC=O,-2.867778309548084,-1.0116379012418277,0.3790614904566947,-0.2307524052063956,0.5107566229058152,-0.7655836940344258,1.2688100736664036
gdb_1447,CCC(=O)OC=N,-2.22722631150115,0.06188294700251022,0.5625397105117068,-0.798837467431846,0.622586531994012,-0.06164382455720905,-1.552993431618274
gdb_1448,CNC(=O)CC=O,-2.719032675054426,-0.6410069369316668,0.4073529252457832,0.009107347851153344,0.43848110225790177,-0.5249422154345749,0.20928655369719998
gdb_1449,CNC(=O)NC=N,-2.1677137740032184,-0.2966957086581911,0.4443030707785472,0.09275438283749417,-0.039739766618264824,0.036699039623450926,0.10648924431162321
gdb_1450,CNC(=O)NC=O,-3.279843560829894,-1.242626299071533,0.6266927144417999,-0.731249414667245,0.10382625790304702,-0.18682107841532947,1.8227803424150075
gdb_1451,CNC(=O)OC=N,-2.696384146087361,-0.15282093373865255,0.8102310767402386,-1.0550538385932413,0.08646899074013957,0.5222207519513918,-0.684876509153139
gdb_1452,COC(=N)NC=O,-2.747587313470531,-0.7532000297302665,0.6499501465369596,-0.5973328648430772,-0.08347962013808617,0.4689135816672452,-0.4249090683133719
gdb_1453,COC(=O)CC=O,-3.244681817858598,-1.015835108704506,0.6159442459177725,-0.49889867505329166,0.2616833819769555,0.04745271833977443,-0.5477581573294603
gdb_1454,COC(=O)NC=N,-2.9367913957014493,-0.7235989731835484,0.6885871442715338,-0.675604710371035,-0.0391348454767484,0.27616067784405185,0.42176951106076593
gdb_1455,COC(=O)NC=O,-3.747376424106797,-1.6011796453100868,0.8137566746816539,-1.1969370349130686,-0.044614780218953126,0.4303215310925451,0.5994015280841083
gdb_1456,NCC(=O)NC=O,-3.3240407261149825,-1.3126265870849174,0.49572074106597275,-0.0971343141304917,0.1778920460915844,-0.22816009775477758,0.4641073030480421
gdb_1457,NCC(=O)OC=N,-2.924954355278273,-0.5151039215175058,0.6196425016273455,-0.23725588388991892,0.17524228900580713,0.26493976305355027,-1.4600056883211319
gdb_1458,OCC(=N)NC=O,-3.1280555436491,-1.272505259933975,0.5484978389386015,-0.8893225939321393,0.3859669320962056,-0.15456971511685952,0.24251382463523288
gdb_1459,OCC(=O)CC=O,-3.4313392365647357,-1.241126815823325,0.5425472597934063,-0.18196658698067586,0.2977844892299862,-0.17271198981189848,-0.26317024784558307
gdb_1460,OCC(=O)NC=N,-3.415447621298878,-1.285187415631403,0.5772480058206516,-0.29442714927134955,0.06989623823949763,-0.3001236975810496,1.836504758722115
gdb_1461,OCC(=O)NC=O,-4.187836308240516,-2.1137373339409753,0.7077152139109034,-0.836789264502623,0.06811197129145079,-0.10329738782836405,1.831795800038188
gdb_1462,OCC(=O)OC=N,-3.434859355190381,-0.8841535789821192,0.8971800502833653,-1.3164774147292106,0.12579949864973128,0.762279238506706,-1.585136324078554
gdb_1463,CC#CC(C)CO,-0.3029260560983624,2.6432938088071083,0.45094681650279883,0.1734227956753548,0.5731361071386173,-0.6183244139693661,-0.10634985351634026
gdb_1464,CC#CC(O)CO,-1.867251076345723,1.049420276696367,0.6383086629090444,-0.3690064494417434,0.49520392177769923,-0.4167459652171847,0.3298686272888446
gdb_1465,CCC(C)C#CC,0.9964571315800675,3.806744332905065,0.13460662190791076,0.8088227679482495,1.0375580203005486,-1.3106026769827637,-0.6615835411198704
gdb_1466,CCC(O)C#CC,-0.49460579464529025,2.3275073733923985,0.3750012345097561,0.126597797421741,0.8695465212552598,-0.981265907455973,-0.04790218258122488
gdb_1467,COC(C)C#CC,-0.36360170391879437,2.53825947828399,0.3781195114312668,0.4418950712287049,0.6585296457943904,-0.7301753350934429,-0.5258147846344235
gdb_1468,CC(CO)CC#C,-0.06093129182957781,2.1513327105760505,0.3662309143086152,-0.45806446251669125,0.5415139997948142,-0.41273623380435975,-0.08762099198764044
gdb_1469,CC(CO)CC#N,-0.8864571147165379,0.8954088843994955,0.45931222326887394,-1.6934284722077186,0.8239443534980279,-0.6634077710084958,1.4519918451211635
gdb_1470,CCC(C)CC#C,1.2158195300557466,3.2387162942811325,0.04791597644818279,0.05065349094330782,1.0560969662250426,-1.160972523305845,-0.46917037681527884
gdb_1471,CCC(C)CC#N,0.6071197516134064,2.0469841604638757,0.2520321411328409,-2.4769690335056613,1.7207756597615522,-1.39737307806229,0.9970049287636734
gdb_1472,CCC(O)CC#C,-0.1489808952935892,2.1072847024982373,0.34006157769977086,-0.24622564267315356,0.570607019193646,-0.5135685441541806,-0.12224406100070903
gdb_1473,CCC(O)CC#N,-0.9195297736402769,0.8752928827690407,0.46511034292892406,-1.827817979412331,0.9563424887726856,-0.7645569123208957,1.4157176961684728
gdb_1474,CCN(C)CC#N,-0.5441853881586597,1.1606728678093596,0.04833065632258085,0.5089450699199873,0.6413058414976591,-1.2173865187328003,1.2840166222654825
gdb_1475,COC(C)CC#C,0.046579130877024866,2.0752487536292943,0.3338351027485632,-0.11289974774990123,0.2723699888479923,-0.20142894195891892,-0.17611291780577912
gdb_1476,COC(C)CC#N,-0.8029436145649326,0.8282893486913502,0.4092165480763405,-1.1258107116768503,0.49885776834226475,-0.4451780194806174,1.2791058392061805
gdb_1477,OCC(O)CC#C,-1.3488507870533095,1.0217175339676727,0.635515131781858,-0.821336773654664,0.1260665780269906,0.2751219667480431,-0.2571634641008105
gdb_1478,OCC(O)CC#N,-2.0277938359819196,0.020131307501514838,0.7622816836030997,-1.765185268570427,0.17040489442928894,0.31380554214481865,0.825680532411912
gdb_1479,CC(CO)CC=O,-2.243103103802783,0.518695963125043,0.44155270541285885,0.14880005207332697,0.818482546754052,-1.024024326378994,0.08887313170776083
gdb_1480,CC(CO)NC=O,-2.2658469857888814,0.5879645293480267,0.811883530501708,-0.48054564499906954,-0.17439821412354486,0.2098408432231327,1.098398615956335
gdb_1481,CC(CO)OC=N,-2.2485834146811383,0.6164729766577864,0.80722281562025,-0.9171831322541749,0.251291138391977,0.022518284604701864,0.320643709533642
gdb_1482,CC(CO)OC=O,-2.912372598945384,-0.03494144826324695,0.9698806709008176,-1.5646678253218425,0.26619045737965497,0.3393935893054751,-0.14199900163467508
gdb_1483,CCC(C)CC=O,-1.0375282395692984,1.4837390825161512,0.1098170995944677,0.667641147936978,1.3340582232699423,-1.857130403826935,0.06509017412382341
gdb_1484,CCC(C)NC=O,-0.9828336995546201,1.4589020241157675,0.4802375658991094,-0.13768344467776428,0.385571897427922,-0.5861759308232584,0.907930107970229
gdb_1485,CCC(C)OC=O,-1.7814109648016998,0.780821303823766,0.6601779909088085,-1.1687019456360688,0.726671474434477,-0.5695299526365998,0.7078132984298185
gdb_1486,CCC(O)CC=O,-2.333414708738963,0.5480980364922862,0.44109850944288265,0.39959213695314194,0.7949075400460661,-1.0923158079133726,0.15600971088564097
gdb_1487,COC(C)CC=O,-2.2126273006657073,0.44199643163952324,0.40893899070624334,0.47636442865973344,0.6144039769118996,-0.9163484776705026,0.16682796370400985
gdb_1488,OCC(O)CC=O,-3.2107022980753284,-0.1049295135426013,0.7792419824574983,-0.22183997360378518,0.29440141019112825,0.09677182224737424,-1.4265179794180896
gdb_1489,CCN=C(N)C#N,-1.3658411714711898,-0.7124873027522662,-0.1840948671340841,0.010035783856447045,1.1049543314628798,-1.5507940199258607,1.0211778560687272
gdb_1490,CCN=C(N)C=O,-2.2111763386954277,-0.47448977630168593,0.02046232466097876,0.889808248320703,0.9157243316930803,-1.28446046211559,-0.559833257675277
gdb_1491,CCCC(=O)C#C,-0.9511580237826301,-0.018193878797786434,-0.2824755328515403,0.3446806065284933,1.5576547223368196,-1.8854321294818437,-0.5120463723855306
gdb_1492,CCCC(=O)C#N,-1.5547675936710021,-1.015593314416542,-0.18752346490098923,-0.9489427231803415,1.9356845800749969,-1.9154577151087897,-0.4480511760432014
gdb_1493,CCNC(=N)C#N,-1.3096682843564924,-0.3527774544831975,-0.16646799977334692,0.4594689787494914,1.023805057017555,-1.3819027503449237,-0.0031721935689609745
gdb_1494,CCNC(=O)C#C,-1.2866433024706243,-0.22465189967694488,-0.034780994520209586,0.032616525605355676,0.9002317089745818,-1.1269417039179068,0.287034059492536
gdb_1495,CCOC(=N)C#C,-0.9672455850619964,0.3033866161022106,0.011769011366460387,0.06356414215596413,0.8994929657620411,-0.7422227245209823,-1.499943527549121
gdb_1496,CCOC(=N)C#N,-1.7019572685917272,-0.8864000191576958,0.1037542302632935,-1.3166669304512626,1.2934407422728103,-0.9399996326282136,-0.6066578444884007
gdb_1497,CCOC(=O)C#C,-1.761366315172292,-0.5513828107950373,0.17136118329921138,-0.6693773530299088,0.9227635992255645,-0.589793663368229,-1.1098437934306469
gdb_1498,CCOC(=O)C#N,-2.471863279678752,-1.755150876442711,0.2803489112219139,-2.3116872343106847,1.414183349231013,-0.8178720146804309,-0.18948732467781906
gdb_1499,CNCC(=O)C#N,-2.2424818476952546,-1.6805989153985035,-0.29173221789666,1.0162280240856136,0.9237245335313423,-1.3111293823198087,-0.8780719969555002
gdb_1500,COCC(=O)C#C,-2.218346476842418,-1.1339829048182368,0.03110569136797558,-0.24102406932804085,1.0891278788569092,-1.1706711537839354,-0.09546214014394955
gdb_1501,COCC(=O)C#N,-2.832623256089374,-2.039218831046208,0.0912644510493905,-1.013207102498308,1.3121298189686939,-1.115269055577055,-0.4108687810650307
gdb_1502,OCCC(=O)C#C,-1.976813640872269,-0.7270310452793626,0.05384892549696103,-0.031013545072197442,0.9890853333168852,-0.8071528083471955,-1.5698955475711998
gdb_1503,OCCC(=O)C#N,-2.813161055250977,-1.9942095254967855,0.093876360500357,-0.9795520337341759,1.2966396509490263,-1.0632830108168878,-0.6432372610822942
gdb_1504,CCCC(=O)C=O,-2.450556262668183,-0.7810799053216816,-0.047600595493195806,1.0322458310343923,1.2028110345758745,-1.4170436250076253,-1.8986735557705403
gdb_1505,CCNC(=N)C=O,-2.536618164411605,-0.6986318804569521,-0.00805622442837351,1.0641680022386317,1.0725087220173206,-1.6727925778831894,0.08742510446590473
gdb_1506,CCNC(=O)C=O,-2.8678768909233683,-1.1754832132962754,0.16340517006627178,0.5714156619448982,0.751117433667938,-0.8620901326245526,-1.1019957968002494
gdb_1507,CCOC(=N)C=O,-2.8456148870826667,-1.0229870621968735,0.2500442774401273,-0.16476123534652573,1.0761873140935005,-0.9798366719884919,-1.0887243509838693
gdb_1508,CCOC(=O)C=O,-3.4618591010840407,-1.6554239513478175,0.36993143621221486,-0.069335369890838,0.6769295075490589,-0.4187971183556776,-1.6106185153275288
gdb_1509,COCC(=O)C=O,-3.672289726085154,-1.8213560142565492,0.26723104597837233,0.48835016989679525,0.7326809931866269,-0.6482602856987285,-1.786607115340102
gdb_1510,OCCC(=O)C=O,-3.9310751624421956,-1.9266052178987205,0.294445745522185,0.37879696824735604,0.8612086300921966,-0.9555520027917024,-0.8549112912543071
gdb_1511,CCC(=O)CCO,-2.074710649446776,1.1620676847997164,0.5515025964783596,0.44460947666647427,0.6906696935537013,-0.695526019030103,-1.084377159635606
gdb_1512,CCC(=O)COC,-2.309946143589569,0.7677607676845583,0.5277198704913302,0.2515259509247258,0.7788223931108174,-1.0447496508867113,0.36312955253115825
gdb_1513,CCCC(=O)CC,-1.0556760259687454,1.8772519090077675,0.21945689491057938,0.820639088365296,1.2649203315954827,-1.7816646310030253,-0.017230757191466717
gdb_1514,CCCC(=O)CO,-2.3722328656997327,0.7651577487196475,0.5417162765313221,0.2520311704716057,0.7947176115233778,-1.10392129249051,0.5566905587919673
gdb_1515,CCCC(=O)NC,-1.2901684990889901,1.9703136958190997,0.5767373285847178,0.09668422738394099,0.6478522790809016,-0.9136314147737298,0.8071924356813605
gdb_1516,CCCC(=O)OC,-1.6978440463540507,1.5807770709996942,0.7699704799332224,-0.7580156112763253,0.6876984525277521,-0.3258561769540045,-0.7136960561649957
gdb_1517,CCNC(=O)CC,-1.2158172900641229,1.8284694527746723,0.5339828489558318,0.13299549300892236,0.5346215211422474,-0.8096291046186983,0.8272549866779441
gdb_1518,CCNC(=O)CO,-2.5795985348469155,0.6896851438821975,0.8339323991611527,-0.3498607354687514,0.14211668150678347,-0.20876057690553518,1.1805525122032274
gdb_1519,CCNC(=O)NC,-1.5804270385913615,1.8804223954629675,0.8350888129614524,-0.22497871039958212,0.034043400608878435,-0.09422759681654248,1.1047776064688037
gdb_1520,CCNC(=O)OC,-1.942436565621015,1.4990435973683902,1.026242773305917,-0.7100936663138695,-0.3007904712110619,0.7034520009410946,0.08976833399517191
gdb_1521,CCOC(=N)CC,-0.8950643438383349,2.3140721122562153,0.6258815909862404,-0.2758405661672129,0.6401462360249164,-0.4868951613330311,-0.5338515000770029
gdb_1522,CCOC(=N)CO,-2.1762098960324083,1.2390856274816502,0.9546852396766474,-0.8261571233187484,0.12523670680259044,0.25497839357999497,-0.038439459917954465
gdb_1523,CCOC(=N)OC,-1.85013761770569,1.7485731740834936,1.0640605384483341,-0.8307865272833793,-0.18962870457247274,0.7718622889022795,-0.6010046011806998
gdb_1524,CCOC(=O)CC,-1.690164621642096,1.5076851323187717,0.7531278428364102,-0.7002290276811635,0.6110363052940252,-0.2979721043440227,-0.5265820247339705
gdb_1525,CCOC(=O)CN,-2.384943968972403,0.9456861548576577,0.8054122270409481,-0.07276585783774599,0.14341107084829735,0.044447858692152654,-0.5021315157211758
gdb_1526,CCOC(=O)CO,-2.998884037778748,0.39905191325083805,1.07900209741714,-1.2978132451862239,0.14949570444380983,0.3853040196003969,0.020170078300810156
gdb_1527,CCOC(=O)NC,-2.0031001009725284,1.642408834725461,1.071803328780018,-0.7316473209353055,-0.24616701834305582,0.6364649040321118,0.20527260427264157
gdb_1528,CNC(=O)CCO,-2.3387309086547576,1.2250291194372362,0.9092759566540679,-0.2746810322519513,0.07166621004741913,0.1422698741383938,-0.11446809481292018
gdb_1529,CNC(=O)COC,-2.5775744002200787,0.8024487899095151,0.8547020000186979,-0.36836310054511623,0.20382833236978204,-0.22811438590020489,1.000534326559099
gdb_1530,CNCC(=O)OC,-2.368567145930541,0.7090890762296999,0.6700241889833732,0.7773907958996255,-0.257865658301582,0.22799135434345957,-0.6259138431291533
gdb_1531,COC(=N)CCO,-2.1103032459509237,1.4020140887734103,0.9574084909740294,-0.7711157847734874,0.18779460241754903,0.32567589042958295,-0.8072698234256651
gdb_1532,COC(=O)CCO,-2.751199026075109,0.8448761711608375,1.0916509632034304,-1.0164674621571288,0.08192051287441672,0.7404270399429769,-1.704062140618433
gdb_1533,COCC(=N)OC,-2.0700069143972333,0.6715941137021609,0.7765789585856316,-0.5112484450731138,-0.030792255124611787,0.3534937790388084,-0.3737974365689754
gdb_1534,COCC(=O)CO,-3.6304338117956907,-0.3484633900824119,0.8474075704840802,-0.31208595168140385,0.319703793188108,-0.3758412995904092,0.9067530089719861
gdb_1535,COCC(=O)OC,-3.0062147558532293,0.44675532717001215,1.0554915559675446,-1.0502415700041734,0.12217716636503681,0.39908259297667786,-0.29167625399687114
gdb_1536,OCCC(=O)CO,-3.3916935067461513,0.050593913400848595,0.8748541604914541,-0.13482833898894694,0.2269619787429873,-0.02072493077594175,-0.5135412207378524
gdb_1537,CC(CCO)C#C,-0.11095672511826242,2.257582266413789,0.40751409390344506,-0.49205571007595833,0.6031319543141507,-0.4809724307720704,-0.004509443611056744
gdb_1538,CC(CCO)C#N,-0.9569612217280373,0.9801321397649414,0.49405390554102097,-1.6651188947351323,0.8666333516874128,-0.7421325233828091,1.5828679337707736
gdb_1539,CCCC(C)C#C,1.1731839356208458,3.367658046459587,0.08993653833218192,0.07378012423833412,1.0871521383107234,-1.2041544603084129,-0.4206225884703447
gdb_1540,CCCC(C)C#N,0.562918533702506,2.1763396961251638,0.2971695943781696,-2.458936082139318,1.7462732474648617,-1.4383437004742614,1.0756374902122363
gdb_1541,CCCC(N)C#N,-0.2269675528208571,1.7045429343850018,0.2516420608466079,-0.7012400559883565,1.0187256210420683,-1.0309473651599026,0.39650334436314194
gdb_1542,CCCC(O)C#C,-0.20849402026871713,2.073359683161946,0.3247540434055868,-0.3989824765941532,0.8571897271056471,-0.7073175441352422,-0.5795272153170874
gdb_1543,CCCC(O)C#N,-0.8428634424941885,1.0157024207170253,0.4690335500131623,-2.061686655564067,1.2679399347425653,-0.8102035856883908,0.26973659352952795
gdb_1544,CCNC(C)C#N,-0.5379611932197239,1.3311401804952105,0.1391995449584763,0.18764900435265314,0.729889340438563,-1.2383055268302505,1.4848804034578835
gdb_1545,CCOC(C)C#C,-0.17743948981969523,2.0744600591799607,0.298682481013579,0.01574624911563218,0.5836062832225787,-0.5572627293372244,-0.4241937001140137
gdb_1546,CCOC(C)C#N,-1.0119775854777935,0.7839818563352589,0.3932436976449214,-1.300775929782258,0.9058755273919669,-0.8391219686870395,1.1663148941955799
gdb_1547,CNCC(O)C#N,-1.777658477807057,0.16072698487148288,0.4759825555818445,-0.9562664251076691,0.5215115916751688,-0.6270833934410601,1.8091520405762378
gdb_1548,COCC(C)C#C,0.011456574304200424,2.377015848879897,0.39834599466415666,-0.34594682554267897,0.5111240900343964,-0.30996643053952855,-0.5232634719239628
gdb_1549,COCC(C)C#N,-0.8323537817873076,1.1530714667080537,0.4675326459987965,-1.257362302283938,0.6972239891034681,-0.5190171824819512,0.8267961159678342
gdb_1550,COCC(N)C#N,-1.342796441612214,0.5492071923326212,0.5380823129321695,-1.1035436623287032,0.3545481483499015,-0.078000947638247,0.42746319858904547
gdb_1551,COCC(O)C#C,-1.3872142979958686,0.8747438461769194,0.5890152564512049,-0.6183163036100543,0.16252289113406526,0.2005904445596896,-0.47456074381458524
gdb_1552,COCC(O)C#N,-2.1541364370445457,-0.2369014891269955,0.6639047285922639,-1.4982496320596488,0.34200115554905236,0.08338042064174726,0.44184922474334465
gdb_1553,NC(CCO)C#N,-1.5255561457125462,0.5955632028628696,0.5564862527614078,-1.1301066796934334,0.4986392421528892,-0.30137640356170387,0.7567022510946382
gdb_1554,OCCC(O)C#C,-1.2961835119516432,1.2929591628388255,0.6519421770432589,-0.7117027616771943,0.2682201173269247,0.31099017218441144,-1.3492705874605866
gdb_1555,OCCC(O)C#N,-2.239503023495361,-0.07739089067897251,0.7072348703581797,-1.6619661393973972,0.500260379220208,-0.03963730347108254,0.4596124338432083
gdb_1556,CC(CCO)C=O,-2.312114746667532,0.5379352343195065,0.45521804749129385,0.2296680243852018,0.8369151372389013,-1.0979266560019556,0.22219580217600463
gdb_1557,CCCC(C)C=O,-1.0820144249100103,1.5568026550066565,0.1302764237472996,0.7711355786714068,1.3362447836404132,-1.895249998847897,0.09803420239318889
gdb_1558,CCCC(O)C=O,-2.137934647416674,0.6206946696012863,0.47215397283055544,-0.44592074570596074,1.2288624244243247,-1.1132852327310419,-0.8119134292161932
gdb_1559,CCCN(C)C=O,-1.3186893750554878,1.6909652240141413,0.5001099629280032,0.18389601666075833,0.588414191701504,-0.9584315667240529,1.1236612345548445
gdb_1560,CCOC(C)C=O,-2.2227375800215072,0.5116353083305323,0.4311761132773082,0.13591037236392783,0.8935103505187584,-1.0420403896062507,-0.22499290669782748
gdb_1561,CN(CCO)C=O,-2.249480126617111,0.5059555109811191,0.7478890969727648,-0.3391514142107508,-0.06950720480870887,0.17179036478039594,0.40288968717841667
gdb_1562,COCC(C)C=O,-1.9946031231227168,0.6882080375798878,0.43787590707255053,0.24471152597156376,0.7092548881493527,-0.7164527424784842,-0.9157735227159701
gdb_1563,COCC(O)C=O,-3.311019611769586,-0.4685217767923158,0.7445980958890687,-0.5367089011884546,0.46964068155028404,-0.1474900136116743,-0.8080949282836082
gdb_1564,OCCC(O)C=O,-3.3072711559853167,-0.2576363563424201,0.7848907806843686,-0.6810014507025898,0.6201012840515834,-0.17895757426994321,-1.2111223961927502
gdb_1565,CC(CO)CCO,-1.2996378008611615,3.2305974228036423,1.1907366984905847,-0.8794106397485703,0.23314698757770536,0.36908492848025154,-1.0156216488437144
gdb_1566,CCC(C)CCO,-0.22870147710126632,3.9814640890853097,0.8766475646594538,-0.6605998372537938,0.8326873177071727,-0.6752522916805122,-0.028090818657495156
gdb_1567,CCC(C)COC,-0.18403928891810323,4.062622377996107,0.8553035121886772,-0.2483861762562306,0.6031252220477556,-0.519899446653284,-0.13033324479229863
gdb_1568,CCC(O)CCO,-1.3877336978105848,3.1473201351027473,1.1623431260816357,-0.7259060060576822,0.27403895631976577,0.2576843340986995,-0.9859580010875794
gdb_1569,CCC(O)COC,-1.448496954285302,2.7900655618463994,1.1214928800762505,-0.831999059251856,0.19526898301461149,0.16437920862830363,0.007119106234148101
gdb_1570,CCCC(C)CC,1.3674866664831802,5.287236998411711,0.7104418029114039,-1.5962078530212718,1.7324537125701533,-1.2950296677715414,-0.7518699657653153
gdb_1571,CCCC(C)CO,-0.22961621402510143,3.967806680930952,0.8724871871559209,-0.6888427470640589,0.8641960038237128,-0.6930107049744563,-0.07714123824359505
gdb_1572,CCCC(C)OC,-0.14170892084460787,3.947641741890635,0.8237411920340261,-0.1435378490726921,0.48852034507995773,-0.4416457231990134,-0.07240097521353567
gdb_1573,CCCC(O)CC,-0.3137878112466424,3.880236783826291,0.8442714755278504,-0.5794395397560488,0.932043520766369,-0.8148543546749177,-0.07820484176162489
gdb_1574,CCCC(O)CO,-1.7007245623687364,2.644837924289234,1.093652358653189,-0.7512609811608915,0.4140944141338206,-0.18271493001927383,0.25969415294827225
gdb_1575,CCOC(C)CC,-0.0492275672756055,3.8628632725382324,0.797489891501103,-0.07221457187087736,0.3580367699790168,-0.30963857001671496,-0.121236179290865
gdb_1576,CCOC(C)CO,-1.34359974393578,2.670997681238992,1.1044493776718334,-0.8008651353146584,-0.042996405596507074,0.3486280751315023,0.3725490935425272
gdb_1577,COC(C)CCO,-1.4368622208014692,2.834955536244888,1.1179660225529946,-0.5514984325720725,-0.0055030922281920636,0.28333711000474154,0.11607606822968682
gdb_1578,COCC(C)CO,-1.5605512211966366,2.8001244924694966,1.125851114761067,-0.706881180431115,0.18499066061634545,0.06568040915799216,0.3527121351006086
gdb_1579,COCC(C)OC,-1.2241185824426268,3.3311129829331585,1.195226877773719,-0.5296028350606026,-0.07570194046068858,0.5812318404930779,-0.8117473557883181
gdb_1580,COCC(O)CO,-2.7908113594564927,1.7563528103616188,1.4652767740703472,-1.4329165416996723,-0.23726234596275336,0.8129939602534126,0.5743238976147279
gdb_1581,OCCC(O)CO,-2.8425308981563187,1.7672214208736603,1.4242149535781807,-1.1990073299939759,-0.13882180117172355,0.744894221280585,-0.06808828216456299
gdb_1582,CC(=O)C(=O)C#C,-1.9196692029355709,-2.1443446802323693,-0.4185690461226027,0.9948790787822841,0.7361212838051843,-0.6987044096148582,-2.611972393895122
gdb_1583,CC(=O)C(=O)C#N,-2.8253731231000856,-3.6140077835297952,-0.35810282965064705,-0.4390824385524116,1.2130253075501518,-1.1403534635470307,-0.9841537380234583
gdb_1584,NC(=N)C(=O)C#C,-1.7752191491934683,-1.9962685759549004,-0.36540821919640604,0.7329286041261847,0.6375441154964979,-0.7318863011788571,-1.4204466374638374
gdb_1585,NC(=N)C(=O)C#N,-2.7520064676247498,-3.5071495158078694,-0.32231964897815174,-0.4584512656862249,1.026427047521943,-1.2063557031201362,0.46165342421826033
gdb_1586,NC(=O)C(=O)C#C,-2.4027313863259767,-2.5167273969855506,-0.2244989331198664,0.6734535791842111,0.3869915797030149,-0.21648162443874688,-2.294107831165912
gdb_1587,CC(=O)C(=O)C=O,-3.4947155068323514,-3.049910708833205,-0.03114298199164455,0.80136388014385,0.3737886065296931,-0.3643062648150301,-1.8014469635893327
gdb_1588,NC(=N)C(=O)C=O,-3.666398371089137,-3.203307203746353,-0.057844784670575,0.5393481475247615,0.5444797800303159,-0.8561172834024731,-0.005168531151172371
gdb_1589,NC(=O)C(=O)C=O,-4.281866949025945,-3.7242936406740137,0.06799336247692528,0.5470080672487386,0.290369985249274,-0.3174072090085841,-1.0977124053872473
gdb_1590,CC(=O)C(O)C#C,-1.677849981275117,-1.1450417093130556,0.06274645858941069,-0.2133004158204861,0.4253697803019788,-0.3405200909576548,-0.439835734297014
gdb_1591,CC(=O)C(O)C#N,-2.1896287569361976,-1.943531719038345,0.20923871655079737,-1.555252611397336,0.7266635670678719,-0.2313809530546603,-0.4665758926199399
gdb_1592,CC(C#C)C(C)=O,-0.40926938307498995,0.06155942779955974,-0.2485305359001162,0.7881174428904423,0.5767893046324326,-0.9035010563623003,-0.4239362015289119
gdb_1593,CC(C#C)C(N)=O,-0.6455857914823493,0.20627211598457418,0.13064541260133725,0.029481928222203226,-0.051831970241845084,-0.008856514013006625,0.3992992008272325
gdb_1594,CC(C#N)C(C)=O,-0.8952752344019623,-0.6307648035773229,-0.11211080593610089,-0.2323351774720869,0.7440841413036019,-0.6848012080682052,-0.7323731718153478
gdb_1595,CC(C#N)C(N)=O,-0.8829385022267289,-0.08420910529440655,0.27896754214992947,-0.6782289764053685,-0.016707830632107668,0.5796525014359829,-1.3869932341072102
gdb_1596,NC(=N)C(O)C#N,-1.9191218994660126,-1.4126519876644363,0.27499874971003524,-1.042515915411021,0.1709531826420933,0.14628100407444997,0.14156353083969342
gdb_1597,NC(=O)C(O)C#C,-1.980594646979868,-1.1063142806610837,0.4178992282448656,-0.8729747183097305,-0.19502089112778476,0.4770754529766334,0.5132091847464725
gdb_1598,NC(=O)C(O)C#N,-2.4018874377947457,-1.7563252807381544,0.5686698636272556,-2.0897916597856243,0.05424191197249962,0.7223608994509828,-0.052369786623215474
gdb_1599,NC(C#C)C(N)=O,-1.3013027276554288,-0.4363808019322463,0.21816737411136622,0.023012014954441055,-0.25010277404945436,0.2212825167955263,0.4707140090142142
gdb_1600,[NH3+]C(C#C)C([O-])=O,-2.1042694866756317,-1.237178431607226,0.4128535023216985,-0.9319203763649386,-0.15654399579062273,0.3172262105820641,1.1287577796548474
gdb_1601,NC(C#N)C(N)=O,-1.6706053237380007,-0.9257398142943143,0.35057268344958165,-0.749822210569061,-0.1638288615714709,0.626974781269272,-0.6516317674203403
gdb_1602,CC(C)C(=O)C#C,-0.6990922082599287,-0.45718267531563045,-0.38810001087635215,0.4648191696391568,1.1903717428951528,-1.5421736544419355,-0.45313830928549587
gdb_1603,CC(C)C(=O)C#N,-1.2859933439186229,-1.4179765404206037,-0.28789876153281374,-0.7928924143674674,1.545341351476705,-1.5409725590714647,-0.45761875800230944
gdb_1604,CC(O)C(=O)C#C,-1.976277602181236,-1.5653443114010706,-0.09112197865245249,-0.22031237150708002,0.9432335684538827,-0.9299950879986227,-0.656265735654362
gdb_1605,CC(O)C(=O)C#N,-2.392362925226291,-2.1530804334986637,-0.008441267454039742,-0.8572526499620176,1.0912049459773443,-0.597969941892243,-2.0378549531636803
gdb_1606,CN(C)C(=N)C#N,-1.142491793982868,-0.6976206654178028,-0.2739599647327804,0.9336079478985234,0.6252057637301838,-1.101328564307405,-0.0027354133978068694
gdb_1607,CN(C)C(=O)C#C,-1.1813592152279246,-0.49423456989628417,-0.12208365510522996,0.5215820538948692,0.5569627214879171,-0.9173109515726264,0.32658454819220045
gdb_1608,CN(C)C(=O)C#N,-1.8493320356703193,-1.543154512162604,-0.032221174642827415,-0.581838652068518,0.8278420541114906,-0.9661874213985171,0.7670349606803439
gdb_1609,CC(C)C(=O)C=O,-2.1864511115941694,-1.1823305462271758,-0.13689783573546188,1.1310935506576283,0.8466839473416772,-1.067744088584586,-1.8816056178866614
gdb_1610,CC(O)C(=O)C=O,-3.343329735275968,-2.149225901745047,0.19842552543393713,0.19363435330473422,0.6531336722714003,-0.3487043047876549,-2.4497344639412604
gdb_1611,CN(C)C(=N)C=O,-2.2782458737317053,-1.0190209815351314,-0.10843299908033963,1.2921930091305804,0.7068756692077773,-1.3124773993728498,-0.08851702938307675
gdb_1612,CN(C)C(=O)C=O,-2.717001843759539,-1.4177471608820615,0.13235111969852947,0.5522451980708778,0.5644465750361501,-0.6881954044878672,-0.9110671962831901
gdb_1613,CC(C#N)N(C)C,-0.3279668873799195,0.8943974141504902,-0.008005384484481553,0.7936464273150081,0.21172205071458655,-0.8495265098241979,1.371253772306249
gdb_1614,CC(C)C(C)C#C,1.462827805272272,2.979388341015256,-0.004451440990005756,0.0836462464957918,0.7665927258655749,-0.8393042481787296,-0.5335700061625462
gdb_1615,CC(C)C(C)C#N,0.8486802066471426,1.7937498409001367,0.20181825109371027,-2.383111924164473,1.4009590362341848,-1.0636538702623202,0.9490658909885428
gdb_1616,CC(C)C(N)C#N,0.08231385739412865,1.2650861749787545,0.14236431067827185,-0.648643815420294,0.6444563826824216,-0.6261127681043961,0.3004364581409857
gdb_1617,CC(C)C(O)C#C,0.07180230624412624,1.5906840007286454,0.2073188181574669,-0.33328981525107604,0.4910857532540904,-0.33983250897717004,-0.5727212607415006
gdb_1618,CC(C)C(O)C#N,-0.5698851998231054,0.6333149731149734,0.37319816427541497,-1.9181583501417974,0.8948381748009698,-0.4339478843556614,0.18252650265483966
gdb_1619,CC(N)C(N)C#N,-0.8569529179115438,0.46215394533304976,0.15318828065158308,0.2845698117898342,0.1805861384152674,-0.5516371075052174,1.0530602852798134
gdb_1620,CC(O)C(C)C#C,0.22746787304915986,1.7293272483861344,0.27670258830842265,-0.3077688114310086,0.2575608424966591,-0.07904647428366271,-0.4984050401130605
gdb_1621,CC(O)C(C)C#N,-0.4342573149947096,0.7458071955930049,0.4034411633119914,-1.4797894631877755,0.4726534037848311,-0.09795425002341494,0.2617369168029656
gdb_1622,CC(O)C(N)C#N,-1.2390145127317604,0.2703566211599125,0.5036569269013846,-1.2363893059181297,0.2115773773655969,0.04464064777861123,0.7764199673606285
gdb_1623,CC(O)C(O)C#C,-1.1081883924352338,0.9431842134548066,0.5370535920719229,-0.1765236024075583,-0.18398234956361167,0.6513342328672008,-1.441989573487504
gdb_1624,CC(O)C(O)C#N,-1.9808758421690809,-0.4155175654148845,0.6393148404533946,-1.629591522208424,0.19225090478039125,0.2909782840733431,0.4382250334117338
gdb_1625,CC(C)C(C)C=O,-0.7847283990638811,1.1609879302586021,0.03241074478066396,0.8017350527896705,0.9731014522996765,-1.5012870096457251,0.04934916897404974
gdb_1626,CC(C)C(O)C=O,-1.9041551536953571,0.1837267011872888,0.36255856699469285,-0.3342389355392658,0.8859143390287655,-0.7936144831822628,-0.7638521510701269
gdb_1627,CC(C)N(C)C=O,-1.0596584968420437,1.3466018230048857,0.4183089598491167,0.20690910731377066,0.25943057421380045,-0.6116441949090209,1.142618097334487
gdb_1628,CC(O)C(C)C=O,-1.981835488966837,0.2715685637666614,0.3874787478565385,0.3405651472014966,0.4158860506588378,-0.6314032578036869,0.06157608559406818
gdb_1629,CC(O)C(O)C=O,-3.132192488920792,-0.6829426370832987,0.6870060021936948,-0.43435875503567667,0.22468237242780403,0.10791981511613448,-0.9115231202748199
gdb_1630,CC(=O)C(O)C=O,-3.3231333849214972,-1.865644423949135,0.43500398211053964,-0.35028780585963637,0.23215962035033375,-0.1471211847449954,0.06552687324746279
gdb_1631,CC(C=O)C(C)=O,-1.865585421708477,-0.6339789026152802,0.1062596231367995,0.4962130222906419,0.5438919034110475,-0.5890668667589775,-1.1961854534790803
gdb_1632,CC(C=O)C(N)=O,-2.320645695597109,-0.9685211770836507,0.2847713340364028,0.23589871713895538,0.21947226081360746,-0.07768133147443813,-1.2678010357515894
gdb_1633,CN(C=N)C(C)=O,-1.561387744353116,0.08161530984964213,0.23846048094975136,0.3197486918209901,0.29916026444536076,-0.3238295807261715,-0.6027904859630426
gdb_1634,CN(C=N)C(N)=O,-2.0175213578547497,-0.18880074060943225,0.4728755579944032,0.0035962523367125522,-0.17752947863407728,0.2559956375326972,0.00428622721113884
gdb_1635,CN(C=O)C(C)=N,-1.6799193885739165,-0.15056348930848235,0.22903335310138012,0.04301237114639357,0.45429435308319605,-0.5585885504643341,0.05470601425365804
gdb_1636,CN(C=O)C(C)=O,-2.2046824153323925,-0.6002825463067493,0.3959624931043857,-0.3935326806283367,0.35040069035050736,-0.008149710539972908,-1.1713369944203993
gdb_1637,CN(C=O)C(N)=N,-2.242969873344941,-0.613809991327369,0.38853975467038576,-0.03782822575281895,0.04165235428716051,-0.12028832306189385,0.5326700020640349
gdb_1638,CN(C=O)C(N)=O,-2.8874943819834176,-1.2277001957882292,0.6139509824692764,-0.8300186046489043,-0.10761851526354672,0.294134695836122,0.8004896187757989
gdb_1639,NC(=O)C(O)C=O,-3.542269941802836,-1.8293370750546776,0.6134882001233242,-0.22347048069125416,-0.2810532379078727,0.7540275431922573,-1.405823156148525
gdb_1640,CN=C(N)C(C)=O,-1.926794913451004,-0.4358446744247182,0.033946330869072706,1.003160887460953,0.5566947544008697,-0.8263757663446488,-0.9313247184605493
gdb_1641,CN=C(N)C(N)=O,-2.1933578838214607,-0.4196603692593227,0.31889765749859,0.6798626257217022,-0.05540668692276903,0.043808066152609,-0.8812818908210961
gdb_1642,C[NH+]=C(N)C([O-])=O,-3.7659988810069884,-2.3413898437276806,0.37160047993751794,0.05111785518117402,0.05651412258674375,-0.7679477640387387,3.271723113810199
gdb_1643,CC(=O)C(=O)CO,-3.5311661294240855,-2.0577814365757012,0.2366026043936336,0.2960712520028911,0.6016957764970988,-0.48383783697064525,-1.6126306437441307
gdb_1644,CCC(=O)C(C)=O,-2.162091525115157,-0.6977135033687764,-0.07159543584900266,1.468212087426948,0.7003399304283725,-0.8893530604237484,-2.320120261265967
gdb_1645,CCC(=O)C(N)=N,-1.8810868880159473,-0.4322782418076252,0.055617760690160535,0.7059694463993303,0.6352262967045226,-0.8010939703571573,-1.0383259465359167
gdb_1646,CCC(=O)C(N)=O,-2.6039036154002133,-1.0017173230170449,0.1711418527232717,0.9404155843669237,0.29866822915486124,-0.34375631776566984,-1.6344659597595246
gdb_1647,CNC(=N)C(C)=O,-1.9423237878999382,-0.3610234506616372,-0.03588713366222781,1.7010598223673932,0.3985536159095704,-0.72163552106001,-1.721922354935307
gdb_1648,CNC(=[NH2+])C([O-])=O,-3.7665464520062795,-2.34372773682309,0.37098913699315494,0.05186094748997633,0.056944869946984215,-0.7688418318823174,3.271423274132919
gdb_1649,CNC(=O)C(C)=O,-2.6173289607287153,-0.9554599555201205,0.1804916266701234,0.9553249374457938,0.3211795773038527,-0.383617121658904,-1.5578813147558808
gdb_1650,CNC(=O)C(N)=O,-2.74449774760887,-0.7261836560277687,0.49980912507830466,0.5455789437928537,-0.29346632539154727,0.6409390642126208,-2.0441099348128633
gdb_1651,COC(=O)C(C)=O,-3.2533626989882953,-1.572562856300771,0.3618615975426606,0.34245497882258463,0.23071889246602986,0.006613821066215449,-1.8083223752386384
gdb_1652,COC(=O)C(N)=N,-2.866785477065577,-1.002142050083731,0.47677539516641604,0.2633711632693587,-0.11706642810021603,0.38775613118094754,-1.4031834384082946
gdb_1653,COC(=O)C(N)=O,-3.633494556628005,-1.741778590169276,0.6288102558865635,-0.10941726752696748,-0.2629470094997619,0.6740271096239595,-1.2761294580419058
gdb_1654,NC(=N)C(=O)CO,-3.1122768681069815,-1.3961378066256662,0.38867486108135535,0.21881188256439124,0.13905456238869712,-0.004836377302246697,-0.9926215641720496
gdb_1655,NC(=O)C(=O)CO,-3.7339347205567868,-1.7970273212657415,0.5131777191230973,0.5221639768600408,-0.22162181128743105,0.5858968321956728,-2.175707339646657
gdb_1656,CC(C)C(=O)CO,-1.9528948696839448,0.2940899649297502,0.41287675161703824,-0.25912265152064945,0.7459250432994385,-0.7572070546946819,-0.21842042771926584
gdb_1657,CC(O)C(=O)CO,-3.0430621483911824,-0.5381642218919955,0.7280752544915231,-0.8415364938749005,0.4151546080832412,0.12631893356071577,-1.3761280415149948
gdb_1658,CCC(=O)C(C)C,-0.7708874012402196,1.4188492046288845,0.0832933242397933,0.957703159304676,0.8512896991774948,-1.3866825782708712,0.005784311845420508
gdb_1659,CCC(=O)C(C)O,-1.9695191221991095,0.3188814186424223,0.41685783921911085,-0.19884836904846936,0.7350868385895212,-0.76240777298805,-0.2206338907096822
gdb_1660,CCC(=O)N(C)C,-1.0812370570344398,1.5404878607147103,0.43680551819190977,0.44859613975035745,0.23069511079673632,-0.5891197686925753,0.8636315012990332
gdb_1661,CN(C)C(=O)CO,-2.3657883454685913,0.30599249942411455,0.7394495524575134,-0.45644666386594857,-0.013373612709802495,-6.027210709014873e-05,1.078121967419404
gdb_1662,CNC(=O)C(C)C,-1.0020839568438673,1.5680188799488457,0.46842275231789277,0.16622385346190607,0.2622497345122665,-0.5220810996737679,0.8264195279948927
gdb_1663,CNC(=O)C(C)O,-2.283091933533245,0.35668046557255273,0.7682670316799249,-0.7135780441806776,0.04086508397266622,0.06743960778556508,0.8740412586948757
gdb_1664,CNC(=O)N(C)C,-1.418354810124266,1.4568164657240974,0.7017590432952744,0.2432635705698775,-0.4022362339770776,0.2007781956849995,1.2236426217320995
gdb_1665,COC(=O)C(C)C,-1.4395101353688897,1.1069484372031346,0.6430362793044877,-0.6166051510221482,0.3007369427964755,0.02669413569811293,-0.6386284953172404
gdb_1666,COC(=O)C(C)N,-2.2333894059539445,0.4701724932116781,0.6640993581460513,0.32621456527591136,-0.24171547825285933,0.2986036303151309,-0.38576869495179583
gdb_1667,COC(=O)C(C)O,-2.839228027212505,-0.14791456115719767,0.9095896478101223,-1.0427984971624626,-0.05154442931698978,0.5588038196748231,-0.32382973433317525
gdb_1668,COC(=O)N(C)C,-1.8601730968277466,1.2358195146655884,0.9292853588575354,-0.17315763471853166,-0.6496315264358619,0.8981834482204288,0.1565132432817055
gdb_1669,CC(=O)C(O)CO,-3.145165585769491,-0.6295625075838397,0.694645337745312,-0.35298694355852595,0.18959501456903752,0.12052697118102512,-0.898120508926112
gdb_1670,CC(C[NH3+])C([O-])=O,-4.509156242521946,-2.285626264891492,0.13579348453295553,2.0757450978173564,0.21104645503905783,-2.5474154905860895,7.320869325545078
gdb_1671,CC(CO)C(C)=O,-1.8185015556592468,0.6716969032254086,0.4134313132115148,0.6094413298494408,0.2803500496575135,-0.33768864542709165,-0.9480073824887789
gdb_1672,CC(CO)C(N)=O,-2.068415906184995,0.7168762527279117,0.7805315477902917,-0.17787136924575156,-0.32541480335259587,0.520668979218595,-0.054041797851195277
gdb_1673,CCC(C)C(C)=O,-0.7751169470488289,1.3772297606330268,0.07238400574182104,0.9743093803579593,0.8438674148213399,-1.3933365193625837,0.0398558043837414
gdb_1674,CCC(C)C(N)=O,-0.987274404340476,1.4669114306738253,0.4492793833033634,0.16066675978445308,0.22299141819881868,-0.4860499048789305,0.8400456411956208
gdb_1675,CCC([NH3+])C([O-])=O,-2.434967951282729,0.07856041115695461,0.7229973352772485,-0.6120032686861536,0.035465775848078314,-0.09889267371653314,1.4334523558967918
gdb_1676,CCC(O)C(C)=O,-1.9356802212551967,0.29219044990314824,0.41432264591126466,-0.2870207968249789,0.7645431034392481,-0.754439780817778,-0.28642401100297876
gdb_1677,CCC(O)C(N)=O,-2.242225530158365,0.3089387793872684,0.7623677863357006,-0.8414896745172765,0.0794912824290619,0.09185961440175658,0.7190188775517101
gdb_1678,CCN(C)C(C)=O,-1.0043744453709378,1.3762793973140752,0.4115571550153791,0.5197178811399288,0.08634622064914682,-0.46967371291179016,0.9238504588622528
gdb_1679,CCN(C)C(N)=O,-1.3336523443042727,1.305996724044364,0.6822020055000193,0.1686067387591727,-0.4560837194278659,0.29355572426978954,1.129348908156427
gdb_1680,C[NH2+]C(C)C([O-])=O,-2.4182221294217627,0.06272399323402707,0.7134835500335447,-0.4711281630315771,-0.05107252799788072,-0.050861589728353196,1.463152764693518
gdb_1681,COC(C)C(C)=O,-1.9405154671666436,0.3896624451786779,0.3961714892469738,0.4845445148369,0.3370402204241031,-0.537937316718212,-0.1413337760785475
gdb_1682,COC(C)C(N)=O,-2.155512421531522,0.5502364763595395,0.7738604176655316,-0.17203965920514944,-0.3461726040810113,0.4106028957430128,0.5621983740865218
gdb_1683,NC(=O)C(O)CO,-3.450237412876425,-0.6248404602209645,1.0452429676588137,-0.9665257953153921,-0.4722133741491424,0.9532902506452388,0.13363699112419739
gdb_1684,[NH3+]C(CO)C([O-])=O,-3.4925296966658665,-0.6989965780639315,1.0721629226090197,-1.1137588710956354,-0.513412925901474,0.9140345816943068,0.7783783054113848
gdb_1685,NC(C[NH3+])C([O-])=O,-2.7748899067680446,-0.4382864003368136,0.8466855614576845,-0.6130657683552339,-0.45465005102885253,0.5677341251006685,1.0575754780595454
gdb_1686,[NH3+]CC(O)C([O-])=O,-3.3755953236868628,-0.8281075893044044,1.0393483954922147,-0.9468716055390439,-0.6442860004733085,1.0678902111533146,0.43735116390738504
gdb_1687,CC(C)C(C)CO,0.053600829546205174,3.5417352793203762,0.753052540112383,-0.6388710773246447,0.48533151444384154,-0.31253689842426224,-0.021732931180215558
gdb_1688,CC(C)C(O)CO,-1.399765389258595,2.242386180788007,0.9859905873999973,-0.7413248716142663,0.033332496728651836,0.21861711107979664,0.30113283038882444
gdb_1689,CC(O)C(C)CO,-1.3145684993154478,2.247257695075843,0.9745443615915353,-0.5917272845069416,-0.11056074972207923,0.37071010068500554,0.1332312388297035
gdb_1690,CC(O)C(O)CO,-2.4583768406400774,1.5509505626010414,1.3440289209679592,-1.1778787857824873,-0.5032142243904512,1.244048488759979,-0.5542278683959163
gdb_1691,CCC(C)C(C)C,1.6627970891094257,4.83972597629434,0.5823098381173281,-1.5889221646161042,1.3743073155198895,-0.9124999173180565,-0.7616105095928555
gdb_1692,CCC(C)C(C)O,-0.02507038378417345,3.3806264806036017,0.6971347123734482,-0.46400314834357637,0.5184595456012396,-0.41456022133959064,-0.06218174201800014
gdb_1693,CCC(O)C(C)C,-0.018406622433842248,3.4577133050877897,0.7273745813007446,-0.5472143344505744,0.5409689363294544,-0.41498752695738056,-0.014355776558045884
gdb_1694,CCC(O)C(C)O,-1.3684968138955416,2.244506363595453,0.984147955553169,-0.7704929391953346,0.03715967012034427,0.24247076962694072,0.21788185801044802
gdb_1695,COC(C)C(C)C,0.07048843510638798,3.6018644211835564,0.7285717505992619,-0.08816556460251629,0.2236838273641126,-0.1653530802868031,-0.13361266772201075
gdb_1696,COC(C)C(C)O,-1.2569823233405168,2.468607062590714,1.026522698768284,-0.5661210700716514,-0.18869540175564573,0.4834608438717636,0.08154009906794765
gdb_1697,CC1(CCC1)C#C,1.670632132959744,2.152369675023968,-0.21979542370957403,0.264261937389804,0.4115794386496392,-0.4939140041621261,-0.5405689079401482
gdb_1698,CC1(CCC1)C#N,1.0167665524956646,0.9246578707340134,-0.03009517304600737,-2.0591562565618022,1.0105611398864385,-0.7409567323313649,0.9992690559004396
gdb_1699,CC1(CCN1)C#N,-0.053531547007457485,0.04762845237556446,-0.1316251209562409,-0.07041123482380922,0.24514536357278835,-0.6366431052424606,1.5325499411659338
gdb_1700,CC1(CCO1)C#C,0.19875627955096406,0.7185854648579181,0.0002810840451895349,0.06171487877463073,0.07977618781944248,-0.052657874418861675,-0.32314433925330993
gdb_1701,CC1(CCO1)C#N,-0.5427377266103541,-0.4259889891109093,0.10908768152250446,-1.18115259095969,0.3605550165122901,-0.2021152317443941,0.7715471182047356
gdb_1702,CC1(COC1)C#C,0.3189749856505002,0.9879018738219001,0.062772705413453,-0.08074603506604489,-0.011681656290779115,0.1411911031224939,-0.43146030294427273
gdb_1703,CC1(COC1)C#N,-0.38003393413740705,-0.02204875106426918,0.14961960038701744,-0.9507137625658817,0.15804543854142858,0.11302253887764054,0.11228943149070214
gdb_1704,NC1(CCC1)C#N,0.33852301953739883,0.49170741820824176,-0.01780429601062253,-0.6219041633468915,0.304874906005286,-0.2429540690230163,0.31007349249132493
gdb_1705,NC1(CNC1)C#N,-0.31836527819077,0.17583490292544077,0.021639207305199668,0.3966708611907665,-0.2644470665708349,0.230359765368704,-0.30472635868932185
gdb_1706,NC1(COC1)C#N,-0.8786676518644319,-0.36359519725728906,0.28018320470383135,-0.935844196005096,-0.11220806034285592,0.5659948840587316,-0.4332986759990346
gdb_1707,OC1(CCC1)C#C,0.3182376941524032,0.8756350001304178,0.03225801813150639,-0.040156355852753296,0.0650089083114221,0.08692618857762256,-0.7118415851440282
gdb_1708,OC1(CCC1)C#N,-0.3135225586464859,-0.1606908115026807,0.17634779205330284,-1.5961596942228122,0.433580850082514,0.012007692660862632,0.06996805651476368
gdb_1709,OC1(CNC1)C#N,-1.1285608328577879,-0.5703811339808641,0.15904240576697767,0.06399720541683741,-0.3328063723198529,0.4232228221924271,-0.2091168395107428
gdb_1710,OC1(COC1)C#C,-1.1276995537810393,-0.34983743840759274,0.2994930642162581,-0.38687646916657864,-0.30912980628384545,0.5996471957200327,-0.2922155497940642
gdb_1711,OC1(COC1)C#N,-1.6582103019504988,-1.0817519590604106,0.4024714042721031,-1.1620709166127716,-0.1771296723109337,0.794808875874847,-0.710681614314814
gdb_1712,CC1(CCC1)C=O,-0.5055708216234793,0.3539865253432344,-0.16725628134871673,0.7293672117908471,0.6640710263280123,-1.1060017884024893,-0.047262426659818425
gdb_1713,CC1(CCO1)C=O,-1.653800968269525,-0.5866732884034153,0.14906709332413184,0.6547507886998026,0.05327237079416632,-0.16236279945231502,-0.752421305800274
gdb_1714,CC1(COC1)C=O,-1.6904105523980852,-0.7294726919800963,0.18125454822159892,0.04600190304792577,0.28122226947878154,-0.33951151779905087,-0.207812824339788
gdb_1715,OC1(CCC1)C=O,-1.6038910672293265,-0.5860362096805165,0.18572345342525465,-0.23358446892394386,0.43254366323308097,-0.31039982103939595,-0.727352152760259
gdb_1716,OC1(COC1)C=O,-2.746164436453196,-1.3253779534070127,0.46495230531876913,-0.11789466486620213,-0.13923297688868141,0.668278438182003,-2.113067892691309
gdb_1717,CC1(CO)CCC1,0.4110538912345507,2.5950502965604123,0.5359479854695869,-0.6835279592046385,0.0881427300263586,0.1754840490324743,-0.15335131005421299
gdb_1718,CC1(CO)CCO1,-1.000235810027572,1.4271255056253105,0.8103989522964459,-0.5417041568946872,-0.6074273974505935,0.8759198157931254,0.3866537492996641
gdb_1719,CC1(CO)COC1,-1.0802244021195015,1.416435424024314,0.767838270540551,-0.3180357641459543,-0.5767438706670054,0.7964482827610604,0.21837186402416472
gdb_1720,CCC1(C)CCC1,1.8577132975022246,3.836765884360627,0.2835065999926699,-0.8426320521909453,0.7441314950186767,-0.45685332984697513,-0.7533693489092201
gdb_1721,CCC1(C)CCO1,0.24981281374510722,2.540958811342004,0.48032016546310885,0.15069656764130723,-0.20603722393278498,0.1676777670391189,0.16488742667348516
gdb_1722,CCC1(C)COC1,0.15079226140999977,2.405197698865129,0.449270817992315,0.06818356293271026,-0.07238108256504182,-0.0013961122802283504,0.31462588764182553
gdb_1723,CCC1(O)CCC1,0.2787134529788216,2.5102498086803764,0.48184499159242483,-0.21728475278748027,0.004379700796231115,0.09168412265681299,-0.07288686727958656
gdb_1724,CCC1(O)COC1,-0.9265095292654542,1.6252678836035406,0.780853729190697,-0.4362104066401569,-0.4772968447839433,0.9360678484451161,-0.7857540492709248
gdb_1725,COC1(C)CCC1,0.3662351779924205,2.7245696496964436,0.5148047103938697,0.05682505776722541,-0.24590108507353187,0.316836218816907,-0.12044901393082633
gdb_1726,COC1(C)COC1,-1.0246191320796074,1.481175083251809,0.7971282347830171,-0.46785498092264677,-0.5716957544630213,0.8508800436585102,0.2067692990457201
gdb_1727,OCC1(O)CCC1,-1.0708622495784248,1.3736434796072814,0.7675308588939607,-0.4918387300926525,-0.4836889740464956,0.7487451164777472,0.1887424278153505
gdb_1728,OCC1(O)COC1,-2.4657212890477234,0.2088915091855758,1.045793354468252,-0.7819608236879907,-0.9145215329144025,1.3431482030514657,0.4548429944405191
gdb_1729,CC#CC1(C)CC1,1.2515611890805785,2.92046795768429,-0.15017305821846363,1.3493777667317843,0.44582093688094465,-0.8124806203773882,-0.6815877243136361
gdb_1730,CC#CC1(C)CN1,0.4174405082303481,1.9429855856827551,-0.10278703019406854,1.1033933720351083,0.4405983214153308,-0.8943207948470421,0.12528922378677415
gdb_1731,CC#CC1(C)CO1,-0.2220744129927484,1.3576577096803404,0.10392864151340742,0.2565965740278624,0.46069267180094553,-0.5612145277284946,-0.06738164984779112
gdb_1732,CC#CC1(O)CC1,-0.2425830856464983,1.5054144433233339,0.08956293194781263,0.8702816092622147,0.19215013034158054,-0.4329215490739248,-0.14196566872295763
gdb_1733,CC1(CC#C)CC1,1.642624055831627,2.273595390108581,-0.1899472848170561,0.0011405449224587156,0.5699524380959362,-0.5586639223438838,-0.6510255209798487
gdb_1734,CC1(CC#C)CN1,0.8834727513013071,1.6161459341138897,-0.09931998218779893,0.30051357051383054,0.17645139190913314,-0.34033511233104224,0.10524787898332848
gdb_1735,CC1(CC#C)CO1,0.26418640681570155,1.0953972489341526,0.117556898167469,-0.4548027525185037,0.12333056935374857,0.050022561372701835,-0.07599930832360093
gdb_1736,CC1(CC#N)CC1,0.8570290869732811,1.01831634212738,-0.06622776362322934,-1.5780051810971965,0.962932872314959,-0.8300374008828622,0.9359690763336836
gdb_1737,CC1(CC#N)CN1,0.05741585918578028,0.40921460050949277,-0.021183852617643977,-0.6792359698421458,0.3864377392498766,-0.5451151275808145,1.4193237493086288
gdb_1738,CC1(CC#N)CO1,-0.5187974580070185,-0.09671571154901568,0.21712674767842385,-1.7096964966014483,0.4291689944049703,-0.1614903114085656,1.188040565596916
gdb_1739,OC1(CC#C)CC1,0.27219614544342235,1.1513181720975711,0.07136090232674884,-0.026988556073946585,0.03484210691696423,0.11482351573810233,-0.6059760405960899
gdb_1740,OC1(CC#N)CC1,-0.4238197095281609,0.1205162321603983,0.18525067849275656,-1.1757599910015415,0.2686628939514847,0.04755521036632257,0.23160100642883263
gdb_1741,CC1(CC1)NC=O,-0.7062193555966323,0.5877572066789014,0.25217792632936087,-0.05868845353075843,0.01321898458367414,-0.15453747058900302,0.7312578559383592
gdb_1742,CC1(CC1)OC=O,-1.5513778724709002,-0.09911720571027016,0.42285972893260804,-1.0675003653563893,0.3745778895978527,-0.18949734640593366,0.6265262502605844
gdb_1743,CC1(CC=O)CC1,-0.6427158249978779,0.5292569813336734,-0.1416132765433708,0.7404358793720702,0.8074617158334092,-1.262217844611119,-0.051911292091653884
gdb_1744,CC1(CC=O)CN1,-1.2445443626102952,0.012713870857649428,-0.01684628435257303,0.7398090557267968,0.48888395741710744,-0.9123918477054268,0.16873629239051152
gdb_1745,CC1(CC=O)CO1,-1.8381848686949152,-0.43725071380828645,0.1906912427101369,0.1661077999256291,0.3765175656941635,-0.45484071598972015,-0.28964612478614116
gdb_1746,OC1(CC=O)CC1,-1.747335385296178,-0.2382516009674836,0.19133884787203004,0.4349382441257394,0.2765475554933372,-0.28658084441976744,-0.9422150134587564
gdb_1747,CC1(CCO)CC1,0.20060990636492393,2.9914151232400013,0.6142699358975046,-0.7056870105949695,0.29427354488790847,-0.04975176732738042,-0.04832944367040079
gdb_1748,CC1(CCO)CO1,-1.0412145470388543,2.0146464663538772,0.9352640395077848,-1.0669602249032448,-0.23318433939848363,0.7627435904439991,-0.12007533200819613
gdb_1749,CCCC1(C)CC1,1.5428756134694643,4.174679719753207,0.31998011544214683,-0.2553510383756096,0.7752638524908111,-0.7073088157093549,-0.5510562682226166
gdb_1750,CCCC1(C)CO1,0.19581132661759496,3.0453388542350694,0.6505769511136281,-0.7294499259413704,0.23855144942334672,-0.023858686730527642,0.22405238463553834
gdb_1751,CCCC1(O)CC1,0.06384900117132412,2.9030764762874135,0.5645282569823782,-0.30199598545416817,0.27727982195765294,-0.17456100698058405,-0.037269880415000504
gdb_1752,CCOC1(C)CC1,0.24313791346666308,3.0911920616375004,0.5973361018473774,-0.07665396564741979,-0.05390555738333066,0.16417982305859735,-0.10219749554377253
gdb_1753,COCC1(C)CC1,0.23897161595049893,3.0953911972699766,0.6011370709522195,-0.2888819455200913,0.10021405658827294,0.08230454271701332,-0.23378673648634735
gdb_1754,COCC1(C)CN1,-0.5624972444413259,2.266463239219475,0.6566866034130576,0.02332113885536569,-0.27412185223022534,0.22978466723944074,0.6766518910968847
gdb_1755,COCC1(C)CO1,-1.0779522905663612,1.9631947558630145,0.9455335761108534,-1.0600542963338053,-0.286021253198735,0.7216178494433371,0.3888244496736541
gdb_1756,COCC1(O)CC1,-1.1374111336741073,1.97749587439131,0.8891520080431804,-0.45967471890037015,-0.4448536672391094,0.7496656928312835,0.1438794293490811
gdb_1757,OCCC1(O)CC1,-1.3343743562363723,1.7219105330026174,0.7913659943451211,-0.08253702168685964,-0.37390536755397946,0.5318820160436375,0.0745767857150974
gdb_1758,CC1(CC1O)C#C,0.1899897292554025,1.1469488995258037,0.07078648092421687,0.30949262053913956,-0.12418516920236514,0.08918419055592681,-0.09828968178405384
gdb_1759,CC1(CC1O)C#N,-0.47671543592459065,-0.009738371760027065,0.23155475354777902,-1.561935564549241,0.32425231160162404,-0.08071388064588224,1.187198587974663
gdb_1760,CC1CC1(C)C#C,1.4775539025983624,2.2738367304295037,-0.23597600205060731,0.8599412421919468,0.29750446754229204,-0.6039899659714394,-0.2718550382569928
gdb_1761,CC1CC1(C)C#N,0.7733979493200497,1.0215487955448477,-0.0728913811698595,-1.1640756772290188,0.7956918307041753,-0.8481629025797275,1.3208950576612344
gdb_1762,CC1CC1(N)C#N,-0.09652308638176511,0.2264600427398049,-0.07166701336212462,-0.28981880114661057,0.32616643111867893,-0.6992906866050926,1.8332124199355795
gdb_1763,CC1CC1(O)C#C,0.12079704912076052,1.0867938460439672,0.007634279735725678,0.5666186957232509,-0.01682327914276476,-0.028440581898030042,-0.5966658333669468
gdb_1764,CC1CC1(O)C#N,-0.5355907388190652,-0.05384508495949088,0.161739319298682,-1.2535524928633777,0.4272291702373205,-0.18077524865630326,0.5436901238917647
gdb_1765,CC1NC1(C)C#C,0.7852793182372984,1.5749966868505652,-0.18278406410247228,0.8656324451772467,0.21603534219271625,-0.46679358341492727,-0.44701381809928803
gdb_1766,CC1NC1(C)C#N,0.12606142237796153,0.4917919668111497,-0.0555111101218943,-0.5983445020660917,0.558162839981943,-0.5572710744275022,0.3900315166898248
gdb_1767,CC1OC1(C)C#C,0.10806574293644096,0.8935554153943353,0.03060311355538315,-0.1874541107670308,0.31048271126856386,-0.22343110380510436,-0.3045170789969982
gdb_1768,CC1OC1(C)C#N,-0.5512471159015868,-0.22515088521318413,0.17043157643508602,-1.86359411790948,0.729422359100855,-0.36036159398063417,0.6694129897280835
gdb_1769,CN1CC1(C)C#C,0.7612512535256568,1.5231912633395992,-0.18159802634776276,0.9900283086826074,0.08750014864572449,-0.44031580427898037,-0.04662040770601634
gdb_1770,CN1CC1(C)C#N,-0.07470494430104921,0.214926913874362,-0.08834159923489604,-0.28667238086348124,0.3808091225933972,-0.7074609999652032,1.5618170000031173
gdb_1771,NC1(CC1O)C#N,-1.1239002742658344,-0.4305156320655708,0.24014072889528254,-0.5522996619976318,-0.12875364901677394,0.32667553806119826,0.19241448336028008
gdb_1772,NC1CC1(N)C#N,-0.7144173519651583,-0.238106606116877,0.04003169513810965,-0.04721067806789829,-0.07369893263693567,-0.32133843413930824,1.9768384529900367
gdb_1773,NC1CC1(O)C#N,-1.3110175693630195,-0.5369272199666755,0.1681382839265474,0.06960019765398892,-0.215938910002838,0.17950929610018831,0.3522658663712967
gdb_1774,OC1CC1(O)C#C,-1.259376210081884,-0.2038012076097801,0.2813089775885807,0.04436703553106919,-0.3794140830889241,0.5283775973262849,-0.19631593031600816
gdb_1775,OC1CC1(O)C#N,-1.8690062739521622,-1.1463869426363595,0.398605003070757,-1.1414635922060805,-0.12009683533362496,0.5489831546771333,0.14283445672122289
gdb_1776,CC1(CC1O)C=O,-1.8454450401029514,-0.5369774623804382,0.21218638572590337,0.07789634329439575,0.2737340976456965,-0.4626992282896561,0.4777715040160488
gdb_1777,CC1CC1(C)C=O,-0.5344925133025699,0.44325428393170563,-0.1334397977231593,0.6851262571662278,0.7305173536339041,-1.1626982488982571,-0.014311603220294702
gdb_1778,CC1CC1(O)C=O,-1.7463962296485587,-0.4550561636767332,0.1830495360295173,0.3860224481757363,0.2262454903113267,-0.3248243005368128,-0.42996513335896536
gdb_1779,CC1NC1(C)C=O,-1.0519808306060567,-0.020774042443615928,-0.01447294290560655,0.35776811692107147,0.6782736868980144,-0.8497441928576441,-0.5912187780764492
gdb_1780,CC1OC1(C)C=O,-1.827722861346651,-0.5187023864011409,0.16422575420513444,0.17892296327684581,0.442515069918785,-0.5031777187590625,-0.46492888773619334
gdb_1781,CN1CC1(C)C=O,-1.1891320513503387,-0.04599218639345092,-0.03467075055597263,0.8355941155353193,0.4256598376325725,-0.8569140145609206,0.10314303770166383
gdb_1782,OC1CC1(O)C=O,-2.986914457497866,-1.472390247411268,0.5152307450534385,-0.13294556867854354,-0.2772207663071896,0.4624022444139504,-0.2658235292215177
gdb_1783,CC1(CO)CC1O,-0.99229452603213,1.7995959590628485,0.8271638915740951,-0.6068677183970739,-0.400876885363848,0.8599177704671989,-0.49035566849783363
gdb_1784,CC1CC1(C)CO,0.2595527558107403,2.783297215398455,0.5487671451805114,-0.5481696635538651,0.18506376068914832,0.02056489040927992,-0.09508726060728893
gdb_1785,CC1CC1(O)CO,-1.0286824697647188,1.7705832156777692,0.8032560339305103,-0.4843488599731671,-0.35833455655184937,0.8049091929047425,-0.6826787504978258
gdb_1786,CC1NC1(C)CO,-0.5270413344483651,2.059452603590272,0.5725885499373774,0.007294980374191668,-0.13730245328789265,0.18866374191246735,0.032068854455605006
gdb_1787,CC1OC1(C)CO,-0.9438830157366846,1.8854444655311473,0.9185127804784431,-0.9854657559705611,-0.45159091189301054,0.924442029457897,0.1728768082712511
gdb_1788,CCC1(C)CC1C,1.673649808236565,3.971621802141523,0.26800708160775294,-0.00637038070330392,0.5009715561503839,-0.4924089631901594,-0.5100537725766929
gdb_1789,CCC1(C)CC1O,0.31798837222842896,2.8014023719998065,0.5600280284413879,-0.2798948527548204,-0.039615650621277955,0.18361853894911967,-0.043387345632094364
gdb_1790,CCC1(C)CN1C,0.8024050605771673,3.0850440359124973,0.24834959383207691,1.2038425888040776,-0.15849788520588598,-0.2771933977143553,0.1889556088951977
gdb_1791,CCC1(C)OC1C,0.3410414619377292,2.854035290384144,0.6138865186753623,-0.5539306580701348,-0.018270527806594928,0.19520004034895064,0.27577769620031456
gdb_1792,CCC1(O)CC1C,0.21450535970375573,2.705009196644193,0.5147363277869453,-0.12617875777090887,0.03945749922861771,0.043386352664636176,-0.0993478635276661
gdb_1793,CCC1(O)CC1O,-1.081390737497307,1.6430926535708292,0.8225633698497571,-0.3912487825184721,-0.530666067571074,0.8054341310762922,0.13471556391898873
gdb_1794,CN1CC1(C)CO,-0.38865317585283654,2.1259470790264463,0.617058128895239,0.2892046308528522,-0.5420151043587237,0.501684379500367,0.3828383580535273
gdb_1795,COC1(C)CC1C,0.36423295336236383,2.874419849693055,0.5648251061479457,-0.008349096600201373,-0.2083543005263752,0.3103580775976757,-0.11293086041330976
gdb_1796,COC1(C)CC1O,-1.0669858524661553,1.58935760312758,0.8343651674575903,-0.16185356870446477,-0.7651833609836385,0.9097079366105417,0.5828930392166495
gdb_1797,OCC1(O)CC1O,-2.3078888994425397,0.7499299895216234,1.1109386867756061,-0.42995737474602164,-1.1114199364693607,1.6677680528694487,-0.41049501349073625
gdb_1798,CC(=O)C1(C)CC1,-0.42963947872796776,0.5109038975101198,-0.09885430561429717,0.8262545605468696,0.4834882509657629,-0.9368866261242509,0.07583991483582117
gdb_1799,CC(=O)C1(C)CN1,-0.9707091148755882,-0.05331291036295175,0.02045020045069099,0.3773499073523444,0.4609727261701009,-0.6752595456641649,-0.24473638564179626
gdb_1800,CC(=O)C1(C)CO1,-1.5871491883569784,-0.41841076278091527,0.20086372298697608,0.43300253822567886,0.08934878007667604,-0.08920580609759793,-0.8742404684550195
gdb_1801,CC(=O)C1(O)CC1,-1.637570545815241,-0.3569127751665194,0.2207422095129099,0.6010545263226847,-0.05684565868712854,-0.07372317561834713,-0.365387203257025
gdb_1802,CC1(CC1)C(N)=O,-0.656513278778929,0.5900839803492605,0.2738038787634451,0.03536045517374417,-0.11246124597014905,-0.051626652691616426,0.797341265174952
gdb_1803,CC1(CN1)C(N)=O,-1.200359056191194,0.15306369722141272,0.37871336151472984,0.19640153816153205,-0.42849033300439726,0.37551496620432256,0.35655700216227765
gdb_1804,CC1(CO1)C(N)=O,-1.8014914924824026,-0.3001218113197681,0.5579549590442383,-0.1934650512738059,-0.5431011053523301,0.8347178518330864,-0.41461551640937244
gdb_1805,NC(=O)C1(O)CC1,-1.84125739889196,-0.2372512945582467,0.590225666657377,-0.11408618177757296,-0.6748854980087774,0.8506365012937546,0.15908925097777551
gdb_1806,[NH3+]C1(CC1)C([O-])=O,-2.088389823790937,-0.7915417945489606,0.5635899100729505,-0.6730479415702071,-0.40750920004300634,0.402446266596229,1.5863616527623652
gdb_1807,CC(C)C1(C)CC1,1.7808154005227537,3.7744795683198316,0.24443908666476824,-0.2355083423336873,0.5159030175174839,-0.4236868361969322,-0.6289037622841901
gdb_1808,CC(C)C1(C)CO1,0.4304498144261413,2.636242956358725,0.5837667962552686,-0.671966101561657,-0.046752045729160724,0.26489678609556494,0.20558784427961
gdb_1809,CC(C)C1(O)CC1,0.15599426114593298,2.3854475616789683,0.4070667279762347,0.4520692800034639,-0.15415358268946555,0.05046218233945998,-0.10112121024465154
gdb_1810,CC(O)C1(C)CC1,0.38060904922583044,2.5761100907248946,0.5330192076200803,-0.5941524841155708,0.07899163612362065,0.15188148377452468,-0.12293344375143188
gdb_1811,CC(O)C1(C)CN1,-0.5389999160751014,1.6762153207736865,0.5297556544719589,0.25371502605035756,-0.3656488344148838,0.22040144633888425,0.6555130124231936
gdb_1812,CC(O)C1(C)CO1,-0.72587517137939,1.7927501817945544,0.9468263764652474,-1.1783995571713872,-0.5735852229747846,1.163209109425012,-0.008138296916423187
gdb_1813,CC(O)C1(O)CC1,-1.0406040563480077,1.3544955850945148,0.7856244174285699,-0.7065451298203868,-0.3942207610710554,0.7362609850842338,0.11123443686365496
gdb_1814,CC(C)(C)C1CC1,1.8466468748621723,3.7775478148926043,0.26344104583911115,-0.5683795599414554,0.6074924624161857,-0.4047848769060366,-0.6862005696174239
gdb_1815,CC(C)(C)C1CO1,0.42698374056355903,2.5992156641195865,0.5642365480202983,-0.7490970200028656,0.016917032468004765,0.22935610893575376,0.12767336751911648
gdb_1816,CC(C)(O)C1CC1,0.3954876015511097,2.6137517294042096,0.5394280128386585,-0.5117205098938735,-0.027992137806170905,0.22977790897343953,-0.017549975660955792
gdb_1817,CC(C)(O)C1CN1,-0.5616622154259545,1.5903867901588051,0.5015439386149979,0.2047268755673746,-0.3109481006185041,0.16825098282442943,0.6483641821001398
gdb_1818,CC(C)(O)C1CO1,-0.7081382674329609,1.805016385108215,0.9301809888630864,-1.1674742354497831,-0.569270159628997,1.184178162459163,-0.15469650121327605
gdb_1819,N=C1NC(=O)C=C1,-1.4818821928328114,-1.8582261667164706,-0.32930614913070516,0.29550017690810915,0.6404316568278987,-0.46826285776894533,-2.008336950088704
gdb_1820,N=C1OC(=O)C=C1,-2.224007693052499,-2.7075440557480954,-0.13769460102709963,-0.7637895548906695,0.7718810857495509,-0.33440366880980804,-1.587566557265963
gdb_1821,O=C1CC(=O)C=C1,-1.9184919051100837,-2.365708423955616,-0.4338713602129595,0.9059480855172335,0.5690491001278147,-0.6818411770306646,-1.7048378352794338
gdb_1822,O=C1NC(=O)C=C1,-2.251410959551611,-2.728090856635042,-0.2127060249877915,-0.017409809900266422,0.48755881711832133,-0.1769043423928948,-2.0271361933575287
gdb_1823,N=C1CC(=O)CO1,-2.0271919852720677,-1.4467878783590056,0.15627012195922727,-0.21534937042197724,0.09699660623795564,0.2916545795600669,-1.5607883920529455
gdb_1824,N=C1CCC(=O)N1,-1.0317482017980677,-0.2558442421375434,0.15378951383518236,-0.03772988583717997,-0.04491718598544903,0.40180456951954224,-1.5147452127422358
gdb_1825,N=C1CCC(=O)O1,-1.7781039264133247,-1.1587816440820178,0.3637215705345961,-1.2047435593302187,0.029507637028207644,0.5555751534246606,-0.6949530777044843
gdb_1826,N=C1CNC(=O)N1,-1.5376765590224186,-0.6419854787759731,0.33333371943360507,-0.19694293385312045,-0.45416328886209173,0.9032457156550642,-1.2051878124061957
gdb_1827,N=C1CNC(=O)O1,-2.302640429435774,-1.561870201513026,0.5510446405103417,-1.5162169045405163,-0.28917560085401467,0.9835530612463289,-0.28852614505748936
gdb_1828,N=C1COC(=N)N1,-1.5229700557119865,-0.46231223619201556,0.331609358267221,0.033106415720288614,-0.44985353673970013,0.9183442428086072,-1.616048722399188
gdb_1829,N=C1COC(=O)N1,-2.2688854327765613,-1.414651748141361,0.5349159967375774,-1.2907077111522014,-0.2997428329266798,1.041953708887725,-0.8593171840294176
gdb_1830,N=C1COC(=O)O1,-2.84158877042504,-2.02134915030553,0.762040932281469,-2.4043438567718836,-0.21127316974580618,1.39616082681863,-1.1123276843175767
gdb_1831,N=C1NC(=O)CO1,-2.2719991718459154,-1.3137793533783937,0.496805320110713,-0.816955553321787,-0.39658800776713543,1.1038072420013172,-1.3735389549675936
gdb_1832,N=C1NCC(=O)N1,-1.66645909075381,-0.7233779690624023,0.25494454012356,0.40732000296162824,-0.5313450253444956,0.8134460535240715,-1.3642129627877069
gdb_1833,O=C1CCC(=O)C1,-1.6664213083143087,-1.2161602104642768,-0.07721217434284015,0.724103637892945,0.08963573806611279,-0.1339802847579263,-1.2121054603787045
gdb_1834,O=C1CCC(=O)N1,-1.893904382639328,-1.1743095584258885,0.27485995326695806,-0.35887269264833543,-0.17401277236721754,0.5658729338370361,-1.0274043436989517
gdb_1835,O=C1CNC(=O)C1,-2.1943423971679463,-1.6352929832299214,0.11860451940082761,0.17887809201928992,-0.09022111812697678,0.20858608478398064,-0.804958319642379
gdb_1836,O=C1CNC(=O)N1,-2.3369850075080634,-1.536922418818579,0.4884338680525512,-0.9454842471228099,-0.4325366382619705,1.0493650510091186,-0.7653842592478266
gdb_1837,CC1=CC(=N)OC1,-1.2059863231923222,-0.533253512910338,-0.15397771571594954,0.7258778838043478,0.45302532574142584,-0.9166506066907314,0.5263167641997829
gdb_1838,CC1=CC(=O)CC1,-0.8625263247226652,-0.44959783623853783,-0.40736992173371983,1.299613856016094,0.7139177526264147,-1.5084689828769466,0.7061359907665691
gdb_1839,CC1=CC(=O)NC1,-1.238374347512783,-0.7544919444934547,-0.16289826503917185,0.6030354728451058,0.38508379499350354,-0.9124175399499854,1.0143256822023947
gdb_1840,CC1=CC(=O)OC1,-1.9223035933884591,-1.486768996688993,0.03395536737046323,-0.5225302714918818,0.5801984663612217,-0.7401314039132197,1.017912066017747
gdb_1841,NC1=CC(=N)OC1,-1.8704903409164726,-0.9185844754393966,0.011929601528114887,1.1574194989374653,-0.22938450517456227,-0.4559985542016813,1.6289901635344524
gdb_1842,NC1=CC(=O)CC1,-1.4599142122334932,-0.7652955899400411,-0.1785384910353688,1.2557768920009973,0.12486150909892232,-1.0384047347883212,2.0584395729120746
gdb_1843,NC1=CC(=O)NC1,-1.846333233076509,-1.105909475662069,0.018579598888272722,0.7987837586407329,-0.19778181026720495,-0.44613102375997793,1.9175573912777262
gdb_1844,NC1=CC(=O)OC1,-2.6083336799057357,-1.8619658556760998,0.19986234288187552,0.02232212093615155,-0.1619635037310102,-0.2726419792370672,2.2476705777196813
gdb_1845,CC1=CCC(=O)C1,-0.47065319990539145,0.023810783701948154,-0.2703474330881623,0.8766685662559051,0.4956961782942304,-0.9481151353536733,0.060521744358584685
gdb_1846,CC1=CCC(=O)N1,-1.100623384477216,-0.35256070438016546,-0.12344054709515888,1.4970095326069428,-0.23801602544920525,-0.4148358723442843,0.777124130751017
gdb_1847,CC1=CNC(=O)C1,-1.1547643884978414,-0.3241408063847489,-0.14791201012569336,1.6807515649818865,-0.2220072358685613,-0.46682805934556015,0.639322300990225
gdb_1848,CC1=NCC(=N)N1,-0.8764101559567122,-0.31850797106301415,-0.127652462210164,0.9182510575286004,0.008125433721177596,-0.5157914937771916,0.8014485897103404
gdb_1849,CC1=NCC(=O)N1,-1.4215941406959332,-0.839249901842458,0.06502373144890236,0.21400946668847282,-0.05062497195151876,-0.028071904155818058,0.04726171697739514
gdb_1850,CC1=NCC(=O)O1,-1.8722699637542641,-1.2528992210158663,0.30191715849575973,-0.813008720275389,-0.004903609210649122,0.49301159060743815,-0.8763979507826499
gdb_1851,NC1=NCC(=O)N1,-1.9648148614150753,-1.2136810015121433,0.24481661149929806,0.17604898007161665,-0.5149327481245839,0.45259079862969553,0.5713590122944406
gdb_1852,CC1CC(=O)C=C1,-0.7692506658086771,-0.5744145051755313,-0.4394126205033258,1.2095244077353937,0.7160438500199207,-1.4172300256609216,0.3247486461213381
gdb_1853,CC1NC(=O)C=C1,-1.1595028702496781,-0.8837892407976888,-0.1907321391201045,0.5648471837914475,0.3724275658794931,-0.8428280653105001,0.7457493843444096
gdb_1854,CC1OC(=N)C=C1,-1.080419591168397,-0.6826609997221824,-0.17496666693486204,0.6113577310536239,0.42594000841793644,-0.7934662571417401,0.1977388940302219
gdb_1855,CC1OC(=O)C=C1,-1.8024948799955824,-1.5995941844507855,0.008472330572952361,-0.5249337106900459,0.5320368289129487,-0.6104122736415615,0.6040220790051871
gdb_1856,OC1CC(=O)C=C1,-2.0095149631229203,-1.6001989722880978,-0.11617207366543938,0.605798936947416,0.31656263663141776,-0.6767079052482645,0.25836157862350917
gdb_1857,CC1CC(C)C=C1,1.1789101265435127,2.5088528703880444,-0.25328266743255673,1.3408764278813148,0.6442413742588732,-1.0983933115230924,-0.8950728582920754
gdb_1858,CC1CC(O)C=C1,-0.17800889603987627,1.1977929595035421,0.04313402190080246,0.4970223577123642,0.3875815431332793,-0.5792558414011819,-0.38433292564329313
gdb_1859,CC1OC(C)C=C1,-0.16891461298647287,1.2000983930223152,0.011457356617767483,1.1172036757139765,0.11719682971530712,-0.4477622540862349,-0.493264183028852
gdb_1860,OC1CC(O)C=C1,-1.3143721483932367,0.2460706014067399,0.3690349561901292,-0.27581295339455364,0.08343016757338118,0.22969721254592085,-1.0430923104426422
gdb_1861,CC1=CCC(O)C1,-0.07265812292943698,1.5472290868707563,0.09591458394147148,1.0614440311550604,-0.03050592207203575,-0.24519489984396367,-0.435357434796113
gdb_1862,CC1CC=C(C)C1,1.112233968093247,2.6590590859515086,-0.239217796865257,1.6860223060896362,0.510891131647497,-1.0782480635225649,-0.7453946642569401
gdb_1863,CC1CN=C(C)O1,-0.5361387512070582,1.0112789674059397,0.26923190918566525,0.42069683822174486,-0.17913827711422609,0.16575717932614303,-0.43234046652388075
gdb_1864,CC1CC(=O)CO1,-1.6210170194435916,-0.48583426818548137,0.16662038083051894,0.5098151868022841,0.041689567822891016,-0.10521445696191416,-0.7217045546395173
gdb_1865,CC1CCC(=N)O1,-0.585315720885477,0.6970603469146259,0.29643915795448217,-0.3087240091887116,0.02468216696262727,-0.05204055315988615,0.5929443463336572
gdb_1866,CC1CCC(=O)C1,-0.5911781468149341,0.507808072004323,-0.14527184970388998,1.0325000019663386,0.5263388662643809,-1.0915557067717119,0.1968649295411433
gdb_1867,CC1CCC(=O)N1,-0.7976074203748036,0.6743532186275143,0.26244449293509303,0.20379387723178682,-0.11356857830566955,-0.1742531844454383,1.1183624577232776
gdb_1868,CC1CCC(=O)O1,-1.4107808326280975,-0.2053615170590802,0.43210657749203535,-0.8709002228363577,0.005424066333284703,0.09304187676450486,0.9536919508594475
gdb_1869,CC1CNC(=O)C1,-0.8019222889563664,0.690164971272696,0.26165643042524883,0.1850377856932051,-0.10419706825111787,-0.172813935305267,1.0865609151427587
gdb_1870,CC1CNC(=O)N1,-0.9860687890821288,0.5159397446273226,0.5628985467700202,-0.5919312498619658,-0.5911831027530252,0.6711787893073572,1.2704379570739999
gdb_1871,CC1CNC(=O)O1,-1.7552624731085575,-0.09697188143186095,0.766737204386072,-1.4096415488172036,-0.5168883959626759,0.8422675898409614,1.51232899285442
gdb_1872,CC1COC(=N)C1,-0.6576442100304686,0.8185736004682678,0.30667039799247864,-0.37102458184509235,0.1369829815271786,-0.15131583147622038,0.5780996502883229
gdb_1873,CC1COC(=N)O1,-1.6836371442385782,0.018547705680782706,0.7668740616739612,-1.0401327581910118,-0.7010522855670247,0.9991998722679343,1.234211964863823
gdb_1874,CC1COC(=O)C1,-1.5040139799344676,-0.12521613096803905,0.432504274122835,-0.9133892603111325,0.12037090981495234,-0.03154837479487624,0.999394973033215
gdb_1875,CC1COC(=O)N1,-1.7089518107009367,-0.17966487585738028,0.7663609655372953,-1.456010767190141,-0.5598045527692782,0.8921244561027317,1.5626236802629927
gdb_1876,CC1COC(=O)O1,-2.3374448625557434,-0.6774924887543742,1.0061554865674136,-2.6742907121069295,-0.3533337224178742,1.1468654031873606,1.338495509231461
gdb_1877,CC1OCC(=N)O1,-1.6270986239139564,-0.07275230530450202,0.6518990139941578,-1.0614593509417396,-0.3051440991819362,0.883617196640304,-0.5004792223610922
gdb_1878,CC1OCC(=O)O1,-2.5236431188222497,-0.8979118919770156,0.7647533848271871,-1.37107507798286,-0.31548636723988155,0.968750773406826,-0.29528024499839667
gdb_1879,CN1CCC(=O)C1,-1.1636854242979795,-0.12880005940155057,-0.11927904854700566,1.8791045557199937,-0.09876241163232359,-0.5677179192408547,-0.15146799628522095
gdb_1880,OC1CCC(=O)C1,-1.7137144709067742,-0.31818909469284046,0.18442162879923632,0.6267842217126012,0.019175355219503833,-0.15480534178920513,-0.49514222446533646
gdb_1881,OC1CNC(=O)C1,-1.9986924198350895,-0.44700981149210817,0.6022191529419522,-0.40350901138822215,-0.6644934581487965,0.6505859807564477,1.4923436618957528
gdb_1882,OC1COC(=N)C1,-1.8520929056890434,-0.3406664517983147,0.6354183619866103,-0.8561191140756325,-0.4501020016788732,0.6857138609211895,0.8884438019153448
gdb_1883,OC1COC(=O)C1,-2.657962242138342,-1.2157730003534355,0.7735345845596577,-1.4540080222597058,-0.4488862619114366,0.843339969789942,1.135781329697022
gdb_1884,CC1=CC(O)CC1,-0.24116058632389034,1.2104577830043615,0.04991643245159909,0.6601022811728845,0.32358312674428036,-0.6209865051711322,-0.0623767266214048
gdb_1885,CC1CCC(C)=C1,1.1013274779162578,2.6529302098992225,-0.24023624359081008,1.6823226063765788,0.5398438522167651,-1.1130599713897922,-0.7310602384135514
gdb_1886,CC1COC(C)=N1,-0.5293905911291026,1.0829884352019499,0.2681703723465125,0.4399271279071496,-0.13547285694347003,0.16027222933519947,-0.6668701085919203
gdb_1887,CC1OCC(C)=C1,-0.2861309349100206,1.3583646598747479,0.037075044821529415,1.2156796726068693,0.13383752114694142,-0.5509850364378415,-0.1792148020472015
gdb_1888,CC1CC(O)CO1,-0.9247569852321281,1.5024074178751876,0.7980070551766775,-0.20134052811139033,-0.7413684873796982,1.0154784991357209,-0.08902106374638606
gdb_1889,CC1CCC(C)C1,1.9167769456895676,4.064687017227632,0.3880639256176363,-1.6595637695433858,1.0674338082047188,-0.5378663925240964,-0.7801307169771436
gdb_1890,CC1CCC(C)O1,0.3105395134977906,2.8652570834280127,0.555857888576665,-0.12905138979205757,-0.11333551968993569,0.21376856909880548,-0.031335816036294914
gdb_1891,CC1CCC(O)C1,0.21049360750738966,2.4590054649781337,0.46810002576149523,-0.3302955965801423,0.12038729623718696,-0.03270686784266004,0.01616494368531129
gdb_1892,CC1COC(C)C1,0.18280547624534374,2.792345500118589,0.5197577645380069,0.17419493341695516,-0.1731066885064346,0.11946445710679653,0.24301810286611425
gdb_1893,CC1COC(C)O1,-0.7651038584042753,2.111272343558272,0.9490212859557319,-0.7624959428609401,-0.6810775581960014,1.21844563774993,-0.278314854794617
gdb_1894,OC1CCC(O)C1,-0.9768882676898105,1.5086631632272411,0.8435388910410999,-0.9519443616726023,-0.4533474209647084,0.8305927350812039,0.41637032385670536
gdb_1895,CC12CC(C1)C2O,0.5483672227976187,1.851500850668758,0.36885491125226627,-0.1742146760043732,-0.3498272793988839,0.4957758866536719,-0.04550576410977503
gdb_1896,CC12CC(O1)C2O,-0.5746984534682213,1.0705960638027154,0.772374655832645,-0.7048585019663159,-0.9767823494200008,1.4799527961446677,-0.02551046347462238
gdb_1897,CC1C2CC1(C)C2,2.2649390387517383,3.37019150050055,0.2591638850351439,-1.209269582644086,0.3769718956342527,0.08938577528890741,-0.5855891144180788
gdb_1898,CC1C2CC1(C)O2,0.45975348441699465,1.9406763922878063,0.37280744138022265,0.34120286119200294,-0.644050739770345,0.5696774822599893,0.4698703443308183
gdb_1899,CC1C2CC1(O)C2,0.6903506843262183,2.0318687312204426,0.4361515771550066,-0.5468606297146763,-0.31896573728205874,0.6316917241769845,-0.2055304721349848
gdb_1900,CC1N2CC1(C)C2,1.0604867398953386,2.322043178005627,0.13823804087803887,0.8662012859038742,-0.42007711826715405,0.0587352801599512,0.602143906869315
gdb_1901,CC1N2CC1(O)C2,-0.07412121778519762,1.348137409144269,0.47489237875770507,-0.03482666492435397,-0.6464019898461459,0.822632178598311,-0.06822437053952815
gdb_1902,OC1C2CC1(O)C2,-0.6409942956153518,0.881570696534564,0.7283147893885208,-0.8604874997665032,-0.798991808255132,1.3094065433117748,-0.02764795141314019
gdb_1903,CC12CC(=O)C1N2,-0.8737880855175126,-0.6106896065614104,-0.16439971902520845,0.6826408396157413,0.15039828203442776,-0.4055106645330874,-0.2494123879410591
gdb_1904,CC12CC(=O)C1O2,-1.6518027529279378,-1.280644780358226,-0.0015630451825739899,0.3781604238043049,-0.01751093257530418,-0.1205334068961504,-0.05499664905758929
gdb_1905,CC12CC1C(=N)O2,-0.4591530675051228,-0.0019074742341852761,0.11555577853901265,-0.40852900420053334,-0.00869136950140013,0.09085647055173031,0.30060043579592527
gdb_1906,CC12CC1C(=O)C2,-0.35144098862569895,-0.15250905973606885,-0.25578441604742336,0.7358615493841251,0.2860334846187948,-0.7675749703571391,0.5536905253520867
gdb_1907,CC12CC1C(=O)N2,-0.7344729887778659,-0.4042781772701241,-0.004668298336428685,0.12362332262384854,-0.058802510818543444,-0.17262353750475656,0.8381123947374104
gdb_1908,CC12CC1C(=O)O2,-1.2844025281926557,-0.986017581351646,0.2556019396699977,-1.2065238121230737,0.06169657433311704,0.18153982231192822,0.7791104433117666
gdb_1909,CC12CN1C(=O)C2,-0.8758348908086364,-0.7687578765500104,-0.10541882313024792,0.1989533416819414,0.13440765447842898,-0.43128423839636965,0.7512290877337067
gdb_1910,OC12CC1C(=O)C2,-1.615017576477177,-1.1488803873358737,0.06885787934744007,0.30823851221301035,-0.20399666492391544,-0.0035975932776063555,0.6162129751544969
gdb_1911,CC12CC(O)C1N2,-0.2605133885707269,1.2513009695960033,0.44151499539877154,-0.3563623210803571,-0.44605949501333947,0.5591144666299922,0.5709584798650246
gdb_1912,CC12CC(O)C1O2,-0.7722947037363876,1.034759554307463,0.7065261687187198,-0.7003815580425011,-0.8501568478831405,1.2619401444523637,0.27621260413068016
gdb_1913,CC12CC1C(O)C2,0.44477538362030977,2.008015908924567,0.34235772321769187,-0.10445371059420455,-0.31752084902389566,0.4306108923208894,0.007885147671129564
gdb_1914,CC1CC2(C)CC12,1.825144977503255,3.278214529808963,0.06987799506814964,0.3886242229844682,0.03706050590782632,-0.12016577712946429,-0.3370494792390027
gdb_1915,CC1CC2(C)OC12,0.4996039195781876,2.1538589914869255,0.41393809120345865,-0.23553979396119223,-0.4306625877423522,0.550973602287064,0.3584884859091801
gdb_1916,CC1CC2(O)CC12,0.5371172557290119,2.1303433543688497,0.3746745338222587,-0.19237438457873762,-0.3663440552009388,0.5633969266635918,-0.17934867810056404
gdb_1917,CC1OC2(C)CC12,0.4269571181318315,2.1229725118709415,0.35594180241968837,0.4423144708923094,-0.6419499109986956,0.5844890544360233,0.2573817817795249
gdb_1918,CN1CC2(O)CC12,-0.41487205459800397,1.3476611740775468,0.34146710688100584,1.2621046115806125,-1.0370147515743524,0.7280174741087719,0.4592777357564174
gdb_1919,OC1CC2(O)CC12,-0.7592058790809967,1.0400375042696688,0.6626901782073873,-0.5037430398059101,-0.8360833576834374,1.2764597915717193,-0.22140656543059975
gdb_1920,CC12CC(C1)C=C2,1.428869980208144,1.3409655187070257,-0.5113053281438144,1.9022037521309905,0.08807556427290833,-0.6536207625102181,-0.9761503080785543
gdb_1921,CC12CC(O1)C=C2,0.05244569981482207,-0.011417740259929057,-0.20882872848738984,1.0862333961455648,-0.15846196516883806,-0.15686012527473076,-0.45499592709451697
gdb_1922,OC12CC(C1)C=C2,0.1366605985828398,0.19563802097751334,-0.179016317608981,1.20451407405908,-0.3000910683965529,0.012169525846949641,-0.6137300845835091
gdb_1923,CC12CC(C1)CC2,2.303997448440606,3.1677176248721404,0.19971493579322458,-1.2434979160727222,0.38399288600759734,0.10654919608407247,-0.7713429072000298
gdb_1924,CC12CC(C1)CO2,0.6366101553184497,1.9545667690398512,0.38760494179459465,0.2282572254489673,-0.7477788198085595,0.7781500653056973,0.1943223364798888
gdb_1925,CC12CC(C1)OC2,0.5581919581519424,1.8087644578255877,0.34908295937961337,0.1930513568563917,-0.6557855121272218,0.6485947948920583,0.305159528705739
gdb_1926,CC12CC(CC1)O2,0.6578636860611975,1.9162406493372044,0.39710548813874313,-0.0381748339079847,-0.656177317396496,0.7551136302904727,0.21124978055074187
gdb_1927,OC12CC(C1)CC2,0.6683738551682734,1.81283641753698,0.36763674065462426,-0.3149582969960316,-0.43956749555101915,0.6491994441306342,-0.10611667601443996
gdb_1928,OC12CC(C1)OC2,-0.7122001745594437,0.6867834743166364,0.6035706973923387,-0.14753288386849078,-0.9671680346482625,1.3202260236280665,-0.41891582595958854
gdb_1929,CC12CC1(C)CC2,1.8419458561895181,3.1113375610971907,0.06018120048534736,0.6972300922558405,-0.09014959607013234,-0.0862313818942786,-0.32035131434762865
gdb_1930,CC12CC1(C)OC2,0.4131183897583738,1.9309399053059704,0.3500033649832738,0.5874211723100125,-0.6882615146716478,0.5512867272320159,0.40105843022172866
gdb_1931,CC12CC1(O)CC2,0.5648261127063257,2.0335713124981134,0.38454911816988246,0.15264493861508316,-0.5197534822250582,0.6239791157507267,-0.1754036764828576
gdb_1932,CC12CC1(O)CO2,-0.8982817789201587,0.8168635429424339,0.6291345735747483,0.24313845566385076,-1.0746502531748718,1.2102814811706901,0.1930528844506491
gdb_1933,CC12CCC1(C)N2,0.9114499558645338,2.1993253809594155,0.06765930474211589,1.2972199330077954,-0.4106107527928325,-0.09083689561937262,0.5250446254769016
gdb_1934,CC12CCC1(C)O2,0.5536043997672263,2.082201066302283,0.4404510439020725,0.0011093873218978637,-0.5939712981753227,0.6489063678459959,0.42700406829154247
gdb_1935,OC12CC1(O)CC2,-0.9326866813473256,0.794983791759624,0.6107208912205537,0.41154856080137087,-1.1275960813067996,1.203491683667481,0.23437306307285433
gdb_1936,N=C1CC(O1)C#C,-0.4836168986162005,-0.3649361535065216,-0.031615248696039745,-0.7180879179134297,0.3120911355361777,-0.01951187256840721,-0.3377713269922393
gdb_1937,N=C1CC(O1)C#N,-1.030857439256614,-1.178488462753804,0.0710049378017535,-1.6334272891696096,0.4836970035659917,0.12989435044713538,-0.5487536481029154
gdb_1938,O=C1CC(C1)C#C,-0.3894097124391035,-0.4738267929950285,-0.42920856500461413,0.6646836501217389,0.6163804805409109,-0.8698243983714793,-0.5636595188057882
gdb_1939,O=C1CC(C1)C#N,-0.8829583331317333,-1.1651253678255014,-0.3071388838800554,-0.16654691524967488,0.6963647521669961,-0.6110126532238827,-0.8904707910645334
gdb_1940,O=C1CC(N1)C#C,-0.5821069987099389,-0.4247238171420389,-0.030013825295134806,-0.3781687562651177,0.048718456937083605,0.016505177509970936,0.4121432335190895
gdb_1941,O=C1CC(O1)C#C,-1.2684124878989487,-1.19491936171077,0.14750709754007152,-1.391198892057253,0.2058057669203057,0.2082424674416612,0.3310034204505342
gdb_1942,O=C1CC(O1)C#N,-1.7332454034161016,-1.8867669704020775,0.2651031690097255,-2.3598390901779007,0.3945714891015324,0.44437532122544837,-0.28013896071933553
gdb_1943,N=C1CC(O1)C=O,-2.2627720050131472,-1.7055283474559015,0.16077009140845172,-0.49506721276367704,0.2612687106392355,-0.06455672157989724,-0.32656279392956833
gdb_1944,O=CC1CC(=O)C1,-1.55203066475032,-0.47585662274229157,0.08562416248282768,0.09000145645422487,0.4186492055581181,-0.10473676937133637,-1.9013595705239967
gdb_1945,O=CC1CC(=O)N1,-2.3408028519240043,-1.8342009381618825,0.13228854887772562,-0.32713973218756065,0.18991067761102798,-0.10887731330373701,-0.031006843011287782
gdb_1946,O=CC1CC(=O)O1,-3.041678878107457,-2.535647330175287,0.34494454680991754,-1.245051251129369,0.19427435058579995,0.1442791858906777,0.34209134098094546
gdb_1947,O=CN1CC(=O)C1,-2.317590937785516,-1.4345291077406968,0.14289731002088019,-0.1416649925736959,0.3186149132951031,-0.08720669599360144,-1.0598999870710304
gdb_1948,CC1CC(C1)C#C,1.4426724959464896,2.390772551491057,-0.19145026462609102,0.24021815877602057,0.6655019605949843,-0.7877916291146427,-0.4335416566228262
gdb_1949,CC1CC(C1)C#N,0.777496938976742,1.1340372372191543,-0.013394897562860717,-2.0732548994565363,1.2734270962996936,-1.0519338915342227,1.1107403603427828
gdb_1950,CC1CC(N1)C#N,-0.29269134443243544,0.23544773661946117,-0.12443862426251989,-0.1071671507867337,0.5324620004263169,-0.9606379640547963,1.5954088805310773
gdb_1951,CC1CC(O1)C#C,-0.0253083474453436,0.9468974502273433,0.004786673948259689,0.047660947266398176,0.34632779310289546,-0.34588058979239705,-0.32100711639660473
gdb_1952,CC1CC(O1)C#N,-0.7894865262145856,-0.2621378223470449,0.10039261801266511,-1.2324820517932378,0.6512395327838986,-0.5356176504316628,0.8728055463772374
gdb_1953,CN1CC(C1)C#N,-0.20866481291160255,0.5580227484925097,-0.12684046039704522,0.5475113461285527,0.26599126842280657,-0.7101667081675527,0.9031033273861319
gdb_1954,OC1CC(C1)C#C,0.2302480086681297,1.2595837135898142,0.11382343395937879,-0.2678817050434186,0.13878469274954353,0.028527880181744285,-0.346188854969227
gdb_1955,OC1CC(C1)C#N,-0.45489178183566753,0.2763236161418183,0.23546040005055258,-1.3599442280676763,0.31669190544909515,0.0039331833529604385,0.5251769607060679
gdb_1956,CC1CC(C1)C=O,-0.7677830048424413,0.6221422186700067,-0.12008451194689138,0.7147263266831843,0.943733968432855,-1.4437933297875434,0.13089369916082347
gdb_1957,CC1CC(O1)C=O,-1.871381960860323,-0.34971861510527585,0.1532793574952197,0.5941214709006372,0.30757790585423894,-0.4332919798379886,-0.7126775801147942
gdb_1958,CC1CN(C1)C=O,-1.0655940738745677,0.7051241821335145,0.2474929414175336,0.1743131859362386,0.23256020598034663,-0.5935287415533089,1.2919653057334428
gdb_1959,OC1CC(C1)C=O,-1.838355216368045,-0.15729728007746588,0.23133231992753012,0.17911252225771065,0.4179230609583857,-0.44143955675295515,-0.5438938660175086
gdb_1960,OC1CN(C1)C=O,-2.3374798646386052,-0.3155559568681496,0.5740792340419475,-0.35060547058937386,-0.22454553754059345,0.14036601139814456,1.4658459247772475
gdb_1961,CN=C1CC(C)O1,-0.7539708429671077,1.192443871913205,0.327413278980226,0.09463476589058617,0.1573014527065957,-0.20187405158800967,0.10080421349134319
gdb_1962,CCC1CC(=N)O1,-0.7143146229233807,1.0200507709639721,0.3418577772674694,-0.503458410259132,0.3378595391228653,-0.2635935116206202,0.28809747040172135
gdb_1963,CCC1CC(=O)C1,-0.7759244186447175,0.6762503186152756,-0.11029965833995851,0.8789486548812095,0.8406869194292498,-1.38251831113252,0.16727459378375842
gdb_1964,CCC1CC(=O)N1,-0.8833593876908462,0.9053808994027752,0.32903840292742376,-0.2073275039123933,0.1954680754623206,-0.36097278511273717,1.0577166035100296
gdb_1965,CCC1CC(=O)O1,-1.5338302216235666,0.07187899601759189,0.4807376333429531,-1.2469070804713043,0.39027396366205974,-0.15655722745850684,0.7106615522085555
gdb_1966,CCN1CC(=O)C1,-1.3623260585239276,0.18215802867168193,-0.03529991475224748,1.184178166642388,0.49714824775003497,-1.003031390732776,-0.11959820779338477
gdb_1967,COC1CC(=O)C1,-1.9466023217397892,-0.2711562621381635,0.20755080642150975,0.43815111531096773,0.3305377317303303,-0.5202671923062804,-0.10297661358821142
gdb_1968,OCC1CC(=N)O1,-1.7274212863146265,0.28666874504232104,0.6624539139019415,-0.8823301723595884,-0.16996268245314922,0.7957242000564602,-1.037385342730354
gdb_1969,OCC1CC(=O)C1,-1.9958825610991453,-0.3182374616014733,0.21505822941791758,0.406163358192911,0.31061208460534057,-0.5620145943026541,0.2496361706700628
gdb_1970,OCC1CC(=O)N1,-1.9101913137567343,0.15762016290201739,0.6371301020894804,-0.5915373616632638,-0.2550552914096226,0.6596906018450438,-0.4054532402161126
gdb_1971,OCC1CC(=O)O1,-2.59805524308912,-0.7266937537820151,0.7947957775135063,-1.636056984155432,-0.09419953536588387,0.8313523519221576,-0.3970976060814148
gdb_1972,CC1CC(CO)C1,0.15318103824555987,3.080723592461515,0.6202321221667165,-0.6555454249035026,0.36560182901030475,-0.12174522547733446,-0.16313523900797963
gdb_1973,CC1CC(CO)O1,-1.158163597421408,1.6930913568768193,0.8508569641339476,-0.5994505797782651,-0.4404758856580482,0.6890309182113594,0.5322244655225588
gdb_1974,CCC1CC(C)C1,1.6602933603697332,4.367079069702134,0.41522611950976196,-0.995912162046013,1.0100420132912933,-0.6990440673379932,-0.6355863955373322
gdb_1975,CCC1CC(C)O1,0.166489833145258,3.0320202775067715,0.5897346825200389,0.009348042202958729,-0.08606412997886669,0.09570416837079866,0.24288626270402705
gdb_1976,CCC1CC(O)C1,0.0789326256490758,3.0220010282989285,0.5919664624673711,-0.3627665624786651,0.2760163625370213,-0.1510272434637946,-0.014837252035437672
gdb_1977,COC1CC(C)C1,0.1297154339036793,3.1569626874432384,0.5995898569263218,-0.043151282903139805,0.06709095776685223,0.007192896907916992,-0.07318452495443352
gdb_1978,COC1CC(O)C1,-1.000828769993978,1.633219011200012,0.852785678858552,-0.6682643613003322,-0.553743271354307,0.8661567825046885,0.4132856611310511
gdb_1979,COC1CN(C)C1,-0.6635156947442282,2.526234412736347,0.6086779257915412,1.1302798988412668,-0.6160428379724575,0.340281525989293,0.3287240430921206
gdb_1980,OCC1CC(O)C1,-1.1495897018349006,2.0371255636729217,0.9148503272492079,-0.8269737419185497,-0.2321831274407081,0.6535995151156064,0.0070342907212960935
gdb_1981,CC(=N)OC1CC1,-0.5850044606557226,1.1407364712870651,0.3636890765859103,-0.5397482370885417,0.2723713769369998,-0.08025518276017395,-0.13557981388163606
gdb_1982,CC(=O)CC1CC1,-0.6538631455484654,0.7634227599198002,-0.08611368591995444,0.9328465332019487,0.6714340052109389,-1.1768060160901184,0.06662932414186566
gdb_1983,CC(=O)CC1CN1,-1.175525374346913,0.2685696355276312,0.03797018222871925,0.6123248850859249,0.5368932754614724,-0.8313255077889845,-0.2171658535033699
gdb_1984,CC(=O)CC1CO1,-1.9277906498094626,-0.20138313187045095,0.281183008853208,0.05699241370857785,0.4103714936124422,-0.5289274587893794,0.157808250405238
gdb_1985,CC(=O)CN1CC1,-1.1469624668053422,0.32676624923259096,0.05215397055777503,0.705859974023469,0.4331657767162851,-0.75211491668183,-0.12926125343380376
gdb_1986,CC(=O)NC1CC1,-0.9224099334503252,0.8849050033376619,0.2848833131194219,0.20726053777597234,0.11003434279136665,-0.347386825975395,0.7836684499118127
gdb_1987,CC(=O)OC1CC1,-1.3495183124807237,0.5490655027875833,0.5025037262944289,-0.7396459190619932,0.2119070037205503,0.1822679434001408,-0.6160384088647423
gdb_1988,NC(=O)CC1CC1,-0.939224491711868,0.8445584242344678,0.28938353550847273,0.17353058959655335,0.05573425906046473,-0.3347851051626387,1.0605374105241416
gdb_1989,NC(=O)CC1CN1,-1.3084959217181682,0.5362009814013554,0.4261289698921906,-0.04750844230495867,-0.16929476651343994,0.22469629096282895,0.12185677726018658
gdb_1990,NC(=O)CC1CO1,-2.0413984472492714,-0.06606554777369518,0.6007744814678379,-0.28253303498149007,-0.4239610615543094,0.5876841252438118,0.3367034207973171
gdb_1991,NC(=O)CN1CC1,-1.3837194200088085,0.49038439310734144,0.44098523549727386,0.013486361437300174,-0.25005981891432527,0.1705175059155567,0.7657113331118921
gdb_1992,NC(=O)NC1CC1,-1.266425598060637,0.6909740224589509,0.5335244766631134,-0.26402983039039224,-0.35805836270665076,0.35003896976683513,1.0437420009738922
gdb_1993,NC(=O)OC1CC1,-1.5854046764846634,0.5909726618521908,0.8402179417194102,-1.3487648182389613,-0.4265655682567789,1.0828973329602745,-0.05963331042526043
gdb_1994,[O-]C(=O)CC1C[NH2+]1,-2.2655856892284776,-0.6009613748793216,0.5796235830883114,-0.9105530363792401,-0.1418073773817419,0.14276099488912347,1.785644312794246
gdb_1995,CC(C)CC1CC1,1.5683262263482172,4.276262169393563,0.3651495766056143,-0.5769306371079514,0.9143062925155007,-0.7385247473957528,-0.6234348761510883
gdb_1996,CC(C)CC1CO1,0.22195532570316207,3.094171410783682,0.6666803795085057,-0.8903332010128451,0.2908629733135946,-0.02285681536938314,0.20111712113318467
gdb_1997,CC(C)CN1CC1,0.7153407102193757,3.5656565661455817,0.3641830453473503,0.6626622615384992,0.19200914432359376,-0.4551675059307661,0.11364247020885149
gdb_1998,CC(C)OC1CC1,0.13076765919423758,3.0961146732921043,0.5668790452781444,0.2816908922584706,-0.10341763747468503,0.08880673882586049,-0.04782610550078401
gdb_1999,CC(O)CC1CC1,0.09912369368981219,2.9210341317897535,0.5845839899656964,-0.5701838118855739,0.36372414865105257,-0.1887967854421256,-0.009090397745960332
gdb_2000,CC(O)CC1CO1,-1.125347506488906,2.0556254159132146,0.9192020201934674,-0.908577829519818,-0.1389069351975704,0.6421223841749993,-0.31600911749958194
gdb_2001,CC(O)CN1CC1,-0.6988190239371517,2.204910064661038,0.5902344753721182,0.382264021030383,-0.20499034541651603,0.0785208240946677,0.393901465557595
gdb_2002,C#CC12CC(C1)C2,1.8177462221999459,1.5567920263911619,-0.38160275609117156,0.13888182131026078,0.34782512848738667,-0.3308006913453813,-0.7210693940697427
gdb_2003,C#CC12CC(C1)O2,0.12925157119322792,-0.0882708248209896,-0.2656974253903795,0.5621284292749444,-0.0567558985914576,-0.06734411153490585,-0.32918200841501627
gdb_2004,C#CC12CN(C1)C2,1.0307939047725279,0.779475222122812,-0.3485830566875771,0.5363275229523916,0.04367824793059412,-0.17418164421996288,-0.39627036546376626
gdb_2005,N#CC12CC(C1)C2,1.1652647286165616,0.2813304978137836,-0.18880781065400531,-2.3208834558331133,0.9906051173111504,-0.6020971605658594,0.8985121710532024
gdb_2006,N#CC12CC(C1)N2,0.139072308884968,-0.594118730538754,-0.30357036153886696,-0.45927509033244673,0.3512596874813561,-0.5097018440383222,0.973981342334673
gdb_2007,N#CC12CC(C1)O2,-0.6383370263384268,-1.3025543071916703,-0.1746747902271663,-0.6669383194856547,0.24142709280921684,-0.25257924280391547,0.7911548582117807
gdb_2008,N#CC12CN(C1)C2,0.4062069805118928,-0.14477719608918202,-0.25622981457509636,-0.3246985463158906,0.18980743942094566,-0.10033897272315534,-0.21473879026984932
gdb_2009,O=CC12CC(C1)C2,-0.3678588613910077,-0.3321714828482593,-0.34230568146023166,0.7414840809462587,0.5209939121625558,-0.9192561965002237,-0.15037942841924823
gdb_2010,O=CC12CC(C1)O2,-1.5719018947694983,-1.3475246855736065,-0.049841664576549975,0.3163244071375297,0.14121330820670183,-0.13042398859506832,-0.8575566032756415
gdb_2011,O=CC12CN(C1)C2,-0.9883847507593202,-0.8106904249808683,-0.3045789889689613,1.4073876810040349,0.1199216746151149,-0.5072570110218327,-0.8914404539068345
gdb_2012,CCC12CC(C1)C2,2.179822672478391,3.413343009958311,0.2228587038177113,-1.3254460056050041,0.5227065293215011,-0.03392061208800154,-0.640285080936916
gdb_2013,CCC12CC(C1)O2,0.4649612213949335,2.1046603411563134,0.3748345149431789,0.25566116389428445,-0.6249611505380313,0.5991177435419203,0.3884594703273754
gdb_2014,CCC12CN(C1)C2,0.9063740292070317,2.2677297497839715,0.06805359184396405,0.8536099174383445,-0.24560240306481046,-0.1503631559142554,0.5914870117150273
gdb_2015,COC12CC(C1)C2,0.7013807140640488,2.308783391815701,0.4533214383447929,-0.3629550240371057,-0.5031961476075882,0.7744607108711951,-0.08158752616176777
gdb_2016,COC12CN(C1)C2,-0.0765998728411388,1.5011459978582133,0.4869076924110191,-0.23746211496494532,-0.625484353920997,0.8396835541290953,0.09820564237295133
gdb_2017,OCC12CC(C1)C2,0.5801009234077424,2.03867353961829,0.39344712984355185,-0.7791326234536088,-0.08791802829834898,0.42790677547295297,-0.16678771673433038
gdb_2018,OCC12CC(C1)O2,-0.7846698723259367,0.9596218216531355,0.672594593963318,-0.4809757102426637,-0.8885878588240804,1.2474140231497663,0.16621997410598677
gdb_2019,OCC12CN(C1)C2,-0.4557622154545126,1.0887896740640608,0.35171219046406205,0.44784853246712353,-0.6470000053041639,0.4480648926194529,0.8571527278809389
gdb_2020,N=C1CC2(CC2)O1,-0.5063101023270165,0.22270969572599644,0.11817964961590072,-0.1457285636522601,-0.07862630741497889,0.12326270883845405,0.1645314235579392
gdb_2021,O=C1CC2(CC2)C1,-0.4469517664612042,-0.1699572789427754,-0.3207793192688472,0.8120344736504638,0.5061947104064538,-0.9311361898058678,-0.058804009459196366
gdb_2022,O=C1CC2(CC2)N1,-0.6254642985529891,0.12363322362662175,0.1178280529694735,0.008287997409624789,-0.21492832456713432,0.06980112079215657,0.9275556502415978
gdb_2023,O=C1CC2(CC2)O1,-1.2524377036911825,-0.7061287281074605,0.29628767074764517,-1.341902634289562,0.10904837086430319,0.23248211951009184,0.566693973895078
gdb_2024,O=C1CC2(CN2)C1,-0.9782723990144387,-0.6295942152119126,-0.19544834680140266,0.6667270504514635,0.2898593757602548,-0.5483148775172542,-0.33643146017703063
gdb_2025,O=C1CC2(CO2)C1,-1.6017735864592106,-1.0628411361507712,-0.0011187173063025976,0.3327454957548663,0.08828299583850391,-0.07111073744597604,-0.7781319592894878
gdb_2026,CC1CC2(CC2)C1,1.8659013524349477,3.503641187053357,0.15278681866301294,-0.3097985198724609,0.3616764939942653,-0.2135936291346764,-0.49450106030066215
gdb_2027,CC1CC2(CC2)O1,0.2816335872562237,2.1396261720519347,0.3245387453606582,0.64909635957146,-0.5624658715318963,0.4191243972499774,0.2666804962740549
gdb_2028,CC1CC2(CO2)C1,0.3722580501738306,2.1193043251530823,0.4029017490520383,-0.6298067782207315,-0.034538134700578996,0.24228588632665607,0.23747990140897166
gdb_2029,CN1CC2(CN2)C1,0.1892458616541993,1.9960761198101906,0.18595573941058882,1.1985910904837616,-0.512319963470725,0.10683276850807774,0.4923606499261052
gdb_2030,CN1CC2(CO2)C1,-0.4532105082408459,1.5503095630129706,0.41702172676276444,0.7281656232957998,-0.7719999355103897,0.5825969550099567,0.6293846943949947
gdb_2031,OC1CC2(CC2)C1,0.44538706378384285,2.2108999037665362,0.40304964487660966,-0.5655712265092183,-0.08965873054302088,0.3529451915375239,-0.08278580863561799
gdb_2032,OC1CC2(CN2)C1,-0.1920271232557439,1.7094903014905805,0.48206526628047497,-0.14432985467482762,-0.49067298086213124,0.7252697042625554,-0.21262090565168365
gdb_2033,OC1CC2(CO2)C1,-0.7361604413294847,1.3198938803825346,0.7034429386547668,-0.8027633904083417,-0.5891312359202779,1.2325821788679014,-0.8387013014548765
gdb_2034,CC1(C)CC2CC12,2.004893395373477,3.1227357461436807,0.08859182504660833,0.09078248309860339,-0.000770711743889246,0.03765258749292384,-0.44784100092822876
gdb_2035,CC1(C)CC2NC12,1.1379604879725844,2.355664064270035,0.12943115520764908,0.7606563484771905,-0.4488613778057407,0.16911779897939397,0.3966602220514834
gdb_2036,CC1(C)CC2OC12,0.6265380551024297,1.917688230010972,0.4079054358108647,-0.4266626096863892,-0.45559939905837266,0.6460267622382737,0.27598640776532324
gdb_2037,CC1(C)CN2CC12,1.1103507362080418,2.2381321190206407,0.10507389832898179,0.6517913841853479,-0.35209795427765705,0.09084985714347146,0.3607317015575596
gdb_2038,CC1(C)OC2CC12,0.5406219639572272,1.9337447533904828,0.35901790018893714,0.3172336005619488,-0.7132427455290957,0.6967074253678384,0.26717780910409666
gdb_2039,CC1(O)CC2CC12,0.5689578118648158,1.8925001088499844,0.3396825568600391,-0.0031877777737410566,-0.4653655430596141,0.6015237514169436,-0.18609137316031116
gdb_2040,CC1(O)CC2NC12,-0.011050729471857298,1.5045125763931244,0.43868480898727935,0.4509790096840026,-0.9017163625298168,1.0570656559867417,-0.5347539664453315
gdb_2041,CC1(O)CC2OC12,-0.6586230973994254,0.8307292488199989,0.6879610131397679,-0.8258880176736559,-0.8034790237238314,1.31773761558361,-0.11431216273861293
gdb_2042,CC1(O)CN2CC12,-0.2797251573956866,1.0335478842659738,0.3788544906187747,0.3154926674233291,-0.7443855439585089,0.6631228263181763,0.583187416035775
gdb_2043,CC1(C)C2CC1C2,2.2853060608919993,3.3034323530683145,0.22429561063513562,-1.1026344440610276,0.3092034609039036,0.13938221636110748,-0.6579963412583097
gdb_2044,CC1(C)C2CC1O2,0.5622576872482596,1.9400900442324602,0.3893090764107664,0.1236055086341694,-0.6618487362786107,0.672349468882711,0.42578994697460026
gdb_2045,CC1(O)C2CC1C2,0.6461294465719456,1.8684849644664723,0.3845915234431108,-0.4267300832371499,-0.3409451502259506,0.5816430300184444,-0.09533737616162978
gdb_2046,CC1(O)C2CC1O2,-0.5969345867780868,0.912634857003948,0.7273863834218145,-0.8402998584937247,-0.8757090578581967,1.3993290704470016,-0.048999433453114014
gdb_2047,CC1(C)C2CCC12,1.9692330319595914,3.213704151085676,0.08784799203328361,0.21000975021409957,-0.014899537408753362,0.020643480717811885,-0.45392785661676216
gdb_2048,CC1(C)C2COC12,0.4284130285244358,1.8775104514801717,0.3132255608943541,0.4291984185376072,-0.6117032682359281,0.5366901261279686,0.2494913099073119
gdb_2049,CC1(O)C2CCC12,0.49934127389303806,1.8922122417442988,0.3234946406424505,0.0870127439619876,-0.44980454582771734,0.5288365399718824,-0.0749960074006451
gdb_2050,CC1(O)C2COC12,-0.7775647257724688,0.9850116160247928,0.5881624564244249,0.4457845272444932,-1.1619192108317749,1.41907052486776,-0.6620541739369378
gdb_2051,N=C1CC=CCO1,-0.6408175495126711,-0.19124563783203408,0.038631906968711785,-0.03163267938485259,0.08241491994981179,-0.15863570759449344,0.2925290811241242
gdb_2052,O=C1CC=CCN1,-0.7382645973496489,-0.23996231790360556,0.019360604198546745,0.31861502734729186,-0.09476560152375263,-0.1608296230991929,0.7022688917026387
gdb_2053,O=C1CC=CCO1,-1.36832342639431,-0.8795215209973395,0.24161674383166307,-0.7504852619604485,-0.009143626382417353,0.13178823078103963,0.6965650451624393
gdb_2054,O=C1CCC=CC1,-0.3193448060180337,-0.11779615311710587,-0.27195246864669703,0.9546692107304234,0.2801376037487836,-0.7332057860904052,0.035896576542355216
gdb_2055,O=C1CCC=CN1,-0.9514261532945799,-0.45037088558247296,-0.14040441528288547,1.4120442357714165,-0.23456249122159908,-0.3047245768489178,0.28939522055649863
gdb_2056,O=C1CCN=CO1,-1.7636580875369947,-1.4394196628754057,0.2903508133093074,-1.066048196380519,0.05885655138765667,0.5246836307327766,-1.0587889893223303
gdb_2057,O=C1COC=NC1,-2.040403572179602,-1.5490068654955307,0.12137609813758954,0.5506572876923781,-0.3164177994277867,0.4657024538962941,-1.3663802381668695
gdb_2058,O=C1NC=CCO1,-2.1626433676878465,-1.5177121811368492,0.24751235954899328,0.4087862400189461,-0.6194673188893367,0.4363673417623311,0.8132572887364501
gdb_2059,O=C1NCC=CN1,-1.3998324339073114,-0.6906146268608842,0.07487329404130427,1.270432551362988,-0.7114694372729263,0.30031142895870583,0.5008522461840541
gdb_2060,O=C1CCCC=C1,-0.7395397924339999,-0.6982785344689771,-0.4560096654570196,1.2773253692221362,0.6746597713906685,-1.4026884937654458,0.323189372076913
gdb_2061,O=C1CCNC=C1,-1.4106288424274398,-1.091917696298775,-0.2743407782834539,1.4787000905970078,0.11561657742677697,-1.0170811619256226,1.4810006624422447
gdb_2062,O=C1CNCC=C1,-1.380056094070101,-1.1973588926864382,-0.39770682397702406,1.9249536445581588,0.21031641945910284,-0.9972741356779098,0.012004460842825233
gdb_2063,O=C1COCC=C1,-1.9642093380459917,-1.6632272983316276,-0.15731425715055145,1.00462272314425,0.21379371179991297,-0.6052523043686925,-0.19973803900633993
gdb_2064,O=C1NCCC=C1,-1.147944064492951,-0.9804727506964896,-0.21563750321280392,0.7262621972282686,0.33020109371358963,-0.8382237579108713,0.6396093974605578
gdb_2065,O=C1OCCC=C1,-1.821763849390054,-1.7016795732669376,-0.014583197962550809,-0.3248919453048063,0.46391223209960886,-0.6228209566318412,0.6757589128695451
gdb_2066,N=C1CCCCO1,-0.6332367170742831,0.582072864912727,0.2586867368313777,-0.23817921248946688,0.11083561766829633,-0.16447703343342154,0.47857440067990775
gdb_2067,N=C1CCOCO1,-1.683833525073093,-0.20226408239504384,0.5965803161100826,-0.795023321157009,-0.3089088862996885,0.8077243947689423,-0.6255349232093712
gdb_2068,N=C1CNCCO1,-1.3187654118725678,0.08267495416787712,0.31046666392494604,0.5538988789579766,-0.3991865331355068,0.21606262702025214,0.31442067947815094
gdb_2069,N=C1COCCO1,-1.8149001746961668,-0.30439933835912025,0.5864206904841818,-0.6145876880760875,-0.36858364950201444,0.6883820908551497,-0.010101852645348242
gdb_2070,N=C1OCCCO1,-1.886115974657273,-0.25301768889159193,0.6772100698714107,-0.6104495330775821,-0.669532090703022,0.7443465218776638,1.491396657098905
gdb_2071,O=C1CCCCC1,-0.48658046791118986,0.4049872666484811,-0.13965260582057415,1.060112346049737,0.38004928341747224,-0.9606672053857797,0.29602117936586386
gdb_2072,O=C1CCCCN1,-0.7621920024904522,0.5299300855225988,0.2351663544264961,0.31257632584663597,-0.18153600733107828,-0.13829320822999056,1.0795745960477365
gdb_2073,O=C1CCCCO1,-1.474597902343552,-0.26217366565224115,0.4062393350215919,-0.6536259849942204,-0.017901271899301296,0.02447143317922748,1.032322405506657
gdb_2074,O=C1CCCNC1,-1.1478641194616843,-0.07277758625132685,-0.08737351812798258,1.8039042160959053,-0.09516440859017886,-0.5710178883418181,-0.026535979805179792
gdb_2075,O=C1CCCOC1,-1.7608202109239892,-0.60070425778869,0.14575650200923734,0.8439867513123223,-0.07468249039311121,-0.21694370396413462,-0.10671588276118049
gdb_2076,O=C1CCOCC1,-1.5319120379979685,-0.31267845801015887,0.20397684054040507,0.5611918430970316,-0.057739564819543364,0.027358048919323922,-0.8500006913734868
gdb_2077,O=C1CCOCO1,-2.5479906417652813,-1.0846827647606214,0.7442786902965017,-1.2671437051419758,-0.40745539796898284,0.951841379426856,0.06188300732034351
gdb_2078,O=C1CNCCN1,-1.3237809194502974,0.08931313078207721,0.36679711149983735,0.34705670783790055,-0.5061820697986138,0.2602034905237244,1.0638257215691846
gdb_2079,O=C1CNCCO1,-2.150526792879449,-0.7229348415268096,0.4487655823817987,0.33125760058728004,-0.6075854759142268,0.4624967142028746,0.7288309704740737
gdb_2080,O=C1COCCN1,-1.9428193180312394,-0.3809709462072498,0.5621901766703261,-0.08740454694509121,-0.6609350656470196,0.7118114274083804,0.6363300981396387
gdb_2081,O=C1COCCO1,-2.6337221364694954,-1.0944979382220548,0.717189920107039,-0.8017974837066223,-0.5622577365800969,0.9423002554878518,0.22594368503050022
gdb_2082,O=C1COCOC1,-2.8790959341402207,-1.487945420959943,0.4659621914260761,0.3188213900749781,-0.4601355830563596,0.6625661658705865,-1.0340785027306538
gdb_2083,O=C1NCCCN1,-1.081739014726144,0.4504647533182886,0.5263219387140362,-0.211451087363274,-0.6686021572919015,0.5984636956542492,1.4040503727136062
gdb_2084,O=C1NCCCO1,-1.770843240898265,-0.19031416883848515,0.7527435056297218,-1.0854132051504257,-0.7069121005665567,0.8860186358780486,1.8110063394741327
gdb_2085,O=C1OCCCO1,-2.407405472269985,-0.8579469207567942,0.969121708751974,-2.2862691440954244,-0.5084876818309184,1.1097502957689067,1.7047925046379893
gdb_2086,CC1=CCCCC1,1.2159864195856767,2.582931668286698,-0.24013428969127076,1.6484697738905758,0.42073771810403776,-0.9674269287713546,-0.7515346605247241
gdb_2087,CC1=CCCOC1,-0.06232947277611003,1.4351940518733046,0.08620566560330044,0.8721254113051398,0.09019081532670445,-0.32182429441948196,-0.4810285321993101
gdb_2088,CC1=CCOCC1,-0.08610724916342705,1.430539585792124,0.08284384169629883,0.8942361059616062,0.08566907729327285,-0.3424399864459031,-0.3922855642957712
gdb_2089,CC1=NCCCO1,-0.5314378738725266,0.9391701233643739,0.270031916194481,0.419523272498675,-0.21106784296818054,0.15202305080602488,-0.20842523018014947
gdb_2090,CC1CC=CCO1,0.030005972501954397,1.3690311487301772,0.09061555412657285,0.630506796185073,0.12194244276749652,-0.2505425033124828,-0.6397572358279365
gdb_2091,CC1CCC=CC1,1.2989599255055926,2.488302704314123,-0.234441428928567,1.289098360696452,0.498859439363873,-0.928232843993721,-0.8355600564620327
gdb_2092,CC1CCN=CO1,-0.5604763342119626,0.7476224396979214,0.2533536432693338,0.14226620625512884,-0.10136542570215429,0.051788791493721245,0.04593514629924235
gdb_2093,CC1COC=NC1,-0.558770911094156,0.7397948529542955,0.24763507155416722,0.1543007207631639,-0.10581647375154185,0.06200057994729947,-0.010040262624958895
gdb_2094,OC1CCC=CC1,0.014961271898613982,1.3775673055385647,0.09219623251395319,0.625658790713122,0.09538867279443253,-0.2458631281800645,-0.5159127616429813
gdb_2095,OC1COC=NC1,-1.7704532135631492,-0.22271035319591914,0.5849815541200661,-0.41531811452872575,-0.5491242520480994,0.8537625766356272,-0.1100124653125645
gdb_2096,CC1CCCC=C1,1.2673078349023836,2.4566801947187242,-0.2471260916233251,1.3158996129158764,0.5421855816263885,-0.9891075028497083,-0.83978580616503
gdb_2097,CC1CCOC=N1,-0.5570402806502466,0.7645017128538252,0.24345068989083052,0.17490608418575362,-0.07535670254919331,0.046513704736118794,-0.13239203826270224
gdb_2098,CC1COCC=C1,-0.011370302204653031,1.3238932453383838,0.07621977782119459,0.6029869245803589,0.1888046324738263,-0.32892294544382517,-0.6120139341676775
gdb_2099,CC1OCCC=C1,0.01488756836340015,1.3453702389079316,0.08199348849728487,0.636713154907614,0.16181430726499454,-0.2941954732393822,-0.6716962033460819
gdb_2100,OC1CCCC=C1,-0.1275481463471035,1.1305171134499226,0.035573765050372415,0.6334438591236434,0.2452606378609804,-0.48596446273020666,-0.29359548467027696
gdb_2101,OC1COCC=C1,-1.250906562339369,0.25021438067169954,0.40654166297872363,-0.11675916171066435,-0.18630356315881413,0.39235633542035053,-0.5417034796086243
gdb_2102,CC1CCCCC1,1.9750320398238304,4.012115831864396,0.3607452539616554,-1.247196114668747,0.7830764149452644,-0.3667279131432928,-0.7157535969644528
gdb_2103,CC1CCCCO1,0.3864474820602633,2.852911773764929,0.5570900900371835,0.0024811042425934298,-0.28189137311659823,0.34881779528994344,0.03160508818164063
gdb_2104,CC1CCCOC1,0.351666256304629,2.7922740335841025,0.5413786630129347,0.0007282512808789755,-0.2506871848185918,0.29909455938302665,0.07321195344756039
gdb_2105,CC1CCOCC1,0.37104386515776194,2.8386065149798085,0.5564031503542485,-0.09445325647428403,-0.23376326024458954,0.31280222803135144,0.08436011188088159
gdb_2106,CC1CCOCO1,-0.7070136111420458,1.9646500995656535,0.9689961385007034,-1.1330550784406472,-0.6543353295564867,1.2200835269418566,0.11364487273263532
gdb_2107,CC1COCCO1,-0.6931526109831283,2.2312800822027934,0.9141074055792952,6.672150924090183e-05,-1.0427330566080382,1.4710880740279142,-0.7109870794351272
gdb_2108,CC1COCOC1,-0.7903698490653576,1.8070260388122714,0.9175339693301928,-0.9990229514934982,-0.5999836473646261,1.1051102316498027,0.0780540092075597
gdb_2109,CC1OCCCO1,-0.6804274628579259,1.9997995684877592,0.9718870374208943,-1.0296100874916274,-0.7019905209598984,1.2693256168568,-0.011065635108250862
gdb_2110,OC1CCCCC1,0.3989757125815798,2.7258571103243927,0.5592935425308012,-0.5634689619761921,-0.013048059610712303,0.21985397984696547,0.01061021208030307
gdb_2111,OC1CCCOC1,-0.8412610097721542,1.8646864815459672,0.8118730410968217,-0.13397629657578095,-0.7213544444813182,1.1467055347539676,-0.8883513169781935
gdb_2112,OC1CCOCC1,-0.8923270732350603,1.7584695897679674,0.8608414138888479,-0.6389221297562293,-0.6215998007253829,1.0178100555203962,0.004816900542364802
gdb_2113,OC1COCOC1,-2.1299874993863264,0.6595831026422155,1.1362351908306298,-1.0022716630370996,-1.0091685761858868,1.7558270370819058,-0.5569327019618734
gdb_2114,N=C1NC=CC1=O,-2.1698770699961343,-2.992741723289148,-0.42442012360158843,0.9883708041357192,0.4188606946010413,-1.1957442620698406,1.3943266652739754
gdb_2115,O=C1CC=CC1=O,-2.295375717734254,-3.117312242026892,-0.4629332431636743,1.1989207968112499,0.44304828909908406,-1.1099529070105179,0.4403506181708602
gdb_2116,O=C1NC=CC1=O,-2.82141601334693,-3.639311584353684,-0.27939932702511433,0.6118133904001108,0.31393542045410144,-0.7938592441139737,0.7304285516250485
gdb_2117,N=C1NCCC1=O,-2.001014593729585,-1.9688504457102298,-0.15056665286975518,0.6283438269264049,0.34138727032212157,-0.9476215862506076,1.2743998320177492
gdb_2118,N=C1OCCC1=O,-2.5263982248767594,-2.428388683058604,0.04130512768772162,-0.06410180680951885,0.3632633296017117,-0.4827926859790461,0.18298974861484663
gdb_2119,N=C1OCOC1=N,-2.6365896467036642,-2.2623898604028043,0.42560682624102797,-1.3418276479141034,0.1607915236892016,0.3194754074739489,-0.09107370729165648
gdb_2120,N=C1OCOC1=O,-3.420073419463522,-3.077898442783291,0.5556127269703485,-1.7589105833374485,0.10790735949366134,0.5353653523546857,-0.10906456731168189
gdb_2121,O=C1CCCC1=O,-2.337575565779791,-2.470769802600091,-0.31826489697731325,1.31432855041574,0.43475560326592017,-1.1238515075304563,0.28698005205188226
gdb_2122,O=C1CCNC1=O,-2.7755999902312856,-2.670845372821066,-0.02285376303248595,0.6095419164244295,0.08150410899172225,-0.6002547091376292,1.1655105291357468
gdb_2123,O=C1CCOC1=O,-3.3739052779650547,-3.289436829935423,0.14508883330922875,-0.1579678905430736,0.18438665443396865,-0.2641090827078395,0.3175240566742153
gdb_2124,O=C1CNCC1=O,-2.861045459480884,-2.80016168751546,-0.22788588862325557,1.7699583658444829,0.039245481891734005,-0.6227123740523073,-0.5158938625350493
gdb_2125,O=C1COCC1=O,-3.4255313901595645,-3.2327595181477258,-0.007439374518421236,0.9672996530251983,0.0514336583067603,-0.20064024035116293,-1.1214857104013836
gdb_2126,O=C1OCOC1=O,-4.193601875437271,-3.809255001480416,0.6603557455323243,-1.780365270164116,-0.06661269650605917,0.8404525582219048,-0.5105031004028744
gdb_2127,CC1=C(C)CCC1,1.1625363684450383,2.6447213701265047,-0.2245722993786239,2.0465679890789072,0.30901828649476426,-0.9663866521553044,-0.7142609324064179
gdb_2128,CC1=C(C)COC1,-0.2629473248650727,1.3227572639947907,0.07046390367416247,1.3834937097827333,-0.0015042746897085593,-0.49170748940587183,0.04209367456671981
gdb_2129,CC1=CCCC1=O,-0.6358912257855149,-0.44702582122901413,-0.3727707308417242,1.2593212607657316,0.5974190725487732,-1.238850871518121,0.1154215320526554
gdb_2130,CC1=CCNC1=O,-0.9966805462636698,-0.6958933028469316,-0.10426063209403769,0.5785112305702637,0.23207232398003688,-0.6166273559219885,0.5054435720287577
gdb_2131,CC1=CCOC1=N,-0.9588281383518926,-0.5309798940570095,-0.10777360879860264,0.7107043248007172,0.2848765681801041,-0.6028296333313822,-0.028182557775049837
gdb_2132,CC1=CCOC1=O,-1.6857088250559562,-1.4484986519838265,0.08753247299937064,-0.5381573620851967,0.4356642880729122,-0.4525963515928097,0.47839527694744793
gdb_2133,NC1=NCCC1=O,-1.4732981492634756,-1.122709264567545,-0.1217928336810774,1.1622818747527262,0.10276564314223564,-0.18131508964863272,-1.7927170229935878
gdb_2134,CC1C=CCC1=O,-0.299424291631858,-0.17007873928973227,-0.2578911834070244,0.9228105822279774,0.3370675911469057,-0.7450166995789911,-0.17037426153270732
gdb_2135,CC1C=CNC1=O,-0.9172401998479961,-0.554881976418273,-0.10705578942204406,1.4174787214168205,-0.30256279327230173,-0.24540661326972119,0.3770254204682002
gdb_2136,CC1N=CNC1=N,-0.6988100307223929,-0.5087000607522635,-0.1090715312665844,0.8703533792835804,-0.05380254458991723,-0.35551128940251764,0.3865031636947841
gdb_2137,CC1N=CNC1=O,-1.2437491405943282,-0.9996993918841892,0.07854005919294298,0.28923384099283656,-0.14163272065456595,0.15233376284675745,-0.49768951616965096
gdb_2138,CC1N=COC1=O,-1.7237815143196795,-1.4509720653599467,0.3214064788910548,-0.8186910047904051,-0.05246030839639688,0.6210578639172398,-1.2885409105850412
gdb_2139,CN1C=CCC1=O,-0.983180919694653,-0.47972878712119643,-0.1255530121770689,1.6862781323578822,-0.35016858449263866,-0.28379707266078646,0.4243270811478909
gdb_2140,CN1C=NCC1=N,-0.5652310719786652,-0.10368622341432247,-0.1344481392409018,1.4998413083918771,-0.24683160103026186,-0.06505463841333409,-0.8820193722458798
gdb_2141,CN1C=NCC1=O,-1.3045527072330214,-0.9698255436800568,0.06864538391678168,0.3011219179152938,-0.10373829081214388,0.0736011113938668,-0.3316689308906197
gdb_2142,OC1C=CCC1=O,-1.4829612428896264,-1.1936777418993614,0.06379766422265055,0.1436294769026372,0.04533296161598787,-0.0007907914210725094,-0.5904113998457203
gdb_2143,OC1C=CNC1=O,-2.303863056179792,-1.8544818567337424,0.16732429824466308,0.6743475852846955,-0.4605645952951789,0.20203932549321169,0.510723671892777
gdb_2144,CC1CC=CC1=O,-0.6518248830011103,-0.6824682209207082,-0.4086153672898491,1.2589186687432956,0.5975952034714187,-1.2774540373699552,0.21041369801151177
gdb_2145,CN1CC=CC1=O,-1.095040196900492,-0.9226669796320757,-0.16976075633788695,0.8002049316613521,0.24821051784281417,-0.7483845930435207,0.6064146418877663
gdb_2146,OC1CC=CC1=O,-1.8079197820748862,-1.6283834563679953,-0.08427203145260395,0.574906933341888,0.27338887098204945,-0.4819103682731562,-0.40957331882290826
gdb_2147,CC1C=CCC1O,0.024912493177593097,1.1112608819146284,0.07132219930778423,0.5202127101309252,0.16960402526713575,-0.31172619339606467,-0.5059961064385486
gdb_2148,CC1CC=CC1C,1.3427582838401841,2.3182374079638235,-0.2465901150088929,1.3413397115274366,0.45829647894682735,-0.8876533656154808,-0.9287201845033621
gdb_2149,CC1CC=CC1O,-0.023669432388939475,0.9969218530578738,0.057047927446694124,0.36399516869049164,0.3070891095161408,-0.4363595832219096,-0.4623568815058768
gdb_2150,CC1OC=NC1C,-0.46646002966833194,0.6665025062470227,0.26538513023742666,0.2422773734699241,-0.16675770768339743,0.1702144431872148,-0.3406773727226962
gdb_2151,OC1CC=CC1O,-1.139876367428787,0.19724670056411922,0.4034216659054512,-0.019673820970846505,-0.22614463208510396,0.5130341996689289,-1.0933161756818117
gdb_2152,CC1=CCCC1O,-0.060616536830580686,1.2566844894131906,0.08672143208558593,0.7270785345677315,0.15676941125716212,-0.3744971507907703,-0.4076379573056384
gdb_2153,CC1CCC=C1C,1.2279988533773176,2.507523439154447,-0.22788651052930545,1.6952938806457347,0.39161050422806293,-0.9523852497688526,-0.7323041505641058
gdb_2154,CC1OCC=C1C,-0.1721880518790939,1.2303548454508524,0.05642965175834624,1.2359825142815515,0.0015168514008718737,-0.40957427555206444,-0.18197342897517169
gdb_2155,CC1CCCC1=O,-0.48110507156416876,0.39916604711555215,-0.12896908600087434,1.0852286270568394,0.4165321147741941,-0.9651197197865845,0.0886402405995964
gdb_2156,CC1CCNC1=O,-0.683268446319347,0.5836820758014516,0.28603980106533927,0.2173895805700843,-0.20230440066483413,-0.04755474408452183,0.9581545427678908
gdb_2157,CC1CCOC1=N,-0.5113518826644887,0.6280142192033844,0.3210407588457067,-0.3002235650110514,-0.003534495171733154,0.01108725895474922,0.41390436532958885
gdb_2158,CC1CCOC1=O,-1.3806360998743474,-0.22692597531068923,0.4578141951519434,-0.8544429455906335,0.009574623467441803,0.10644589358997979,0.8372838036419209
gdb_2159,CC1COCC1=O,-1.6017396011376523,-0.4532266355985828,0.19210869771513034,0.6037103708086256,0.023549799824804277,-0.08371436441181436,-0.8628716917713317
gdb_2160,CC1OCCC1=O,-1.564127993081804,-0.4941516689032019,0.1957962409419193,0.6277512945850316,-0.014352411250849592,-0.04013047068290006,-0.9084456610492596
gdb_2161,CC1OCOC1=N,-1.5443321954421119,-0.12711821415154073,0.6773489291683783,-1.0074921393827039,-0.34243321187282266,0.9630917517915124,-0.7805335083380597
gdb_2162,CC1OCOC1=O,-2.4124268710831522,-1.0393359472210717,0.7933915019528017,-1.3702879884691839,-0.38506208083966603,1.076887364653797,-0.4668177541411458
gdb_2163,CN1CCCC1=O,-0.7079174962465479,0.6302520814647256,0.2819544125767109,0.3450722529028477,-0.22103410582637595,-0.06714333637685907,0.974502843266442
gdb_2164,CN1CCNC1=O,-1.0400420143615225,0.5267704358153656,0.5571399620220757,-0.055291201064909375,-0.7290369258940332,0.6687943461793484,1.20091066674812
gdb_2165,CN1CCOC1=O,-1.7530369344968757,-0.16192778126896923,0.7639642243810504,-0.8771555534449444,-0.7430030843662461,0.9250455229819353,1.5115208503272135
gdb_2166,NC1CCOC1=O,-1.9690259307077216,-0.6176369643240158,0.5208417471106096,-0.13634530171192735,-0.47764796800500836,0.5878903574784746,0.1873306122761147
gdb_2167,OC1CCCC1=O,-1.651353856249431,-0.6455050642668053,0.1941939588001485,0.19319288340010438,0.1770638049805601,-0.23921629991167362,-0.3584108767989477
gdb_2168,OC1CCNC1=O,-1.8609552023023443,-0.43847642675233295,0.6173026705670802,-0.6087063824544888,-0.4958005623432738,0.6985946606311171,0.6218087603121936
gdb_2169,OC1CCOC1=N,-1.657660659084914,-0.24122832096481106,0.662869444269453,-1.1214419239165616,-0.2749633527341662,0.802863570048557,-0.23431963924055024
gdb_2170,OC1CCOC1=O,-2.4926925014947576,-1.1060196611496935,0.7766824113233456,-1.4097958857046855,-0.3541367522537205,0.9763760513827743,-0.12060206918536946
gdb_2171,OC1CNCC1=O,-2.281960477461328,-1.1170459242575104,0.25670086137074755,0.7934599819392466,-0.25456475456853384,0.16097678853502595,-0.7456786659215223
gdb_2172,OC1COCC1=O,-2.693674638268686,-1.348674794904102,0.5190149553782044,-0.17222799383850354,-0.24609324721668882,0.7540244658109551,-1.8385589472892814
gdb_2173,CC1CCCC1C,2.0309895303548586,3.8041528828270303,0.355642718331725,-1.520858578453099,0.8889672202402162,-0.3892114393700428,-0.809095803202779
gdb_2174,CC1CCCC1O,0.4017805731208518,2.4384624008382696,0.5078148114212352,-0.5320579237293903,0.04445053075118047,0.16154179446419337,-0.162657664709259
gdb_2175,CC1CCOC1C,0.3511069424972972,2.5320614430839217,0.5071614042827068,0.07234537604776406,-0.24873807861883435,0.26650038751188115,0.036698644883733096
gdb_2176,CC1COCC1C,0.29674524710497546,2.4752536833847945,0.49618179635254855,-0.014208231062717042,-0.16417649210403307,0.17435727995428055,0.11982955782895828
gdb_2177,CC1COCC1O,-0.9727242432891913,1.4557656788117739,0.7826473002633204,-0.1835622711582605,-0.6919667312471953,0.9458815866343375,-0.08054152643110159
gdb_2178,CC1OCCC1O,-1.1032401478744038,1.2333747175905214,0.7578808363807925,-0.11667106141808684,-0.6719699303133508,0.7717155005720903,0.4918613601431471
gdb_2179,CC1OCOC1C,-0.7208053218924374,1.8282894378798573,0.9263850740166613,-0.6647067685125949,-0.7695126635471795,1.2548402776083962,-0.20546248175318227
gdb_2180,OC1CCCC1O,-0.8138062930895631,1.6339840578168467,0.8186345430922349,-0.4979576399195924,-0.5884944272950464,1.0772140266825236,-0.7665267699764505
gdb_2181,OC1COCC1O,-2.201451227627607,0.434707410783127,1.091682964227096,-0.7839754257494984,-1.0084873985315146,1.6642747050439006,-0.5412176669111356
gdb_2182,CC1C(O)CC1=O,-1.7492545072195482,-0.5919260304506347,0.20107646182012662,0.5183672942440086,0.012927478231910441,-0.2508859931354851,0.1659944349225903
gdb_2183,CC1CC(=O)C1C,-0.5150688150102567,0.3641581599917722,-0.1438215097604525,1.0397297364869296,0.48600050513598997,-1.030691670303593,0.10348521830107807
gdb_2184,CC1CC(=O)C1O,-1.591643645375388,-0.5690962406827335,0.1963937559538876,0.2989369142550467,0.13376028212988267,-0.14699650080754242,-0.6842666929443497
gdb_2185,CC1CC(=O)N1C,-0.7346891481209848,0.7482609958708324,0.3077830989994172,0.09323359720396507,-0.09088646345340563,-0.13485827613257445,1.0568740731036175
gdb_2186,CC1N(C)CC1=O,-1.1779756248842796,-0.00991597920216973,-0.04419404248117474,1.2317373274208572,0.2827742875612368,-0.7712152299658113,-0.15684524110094983
gdb_2187,CC1NC(=O)C1C,-0.6934981940408109,0.6600246536863813,0.2946306558471391,-0.007065693114388329,-0.10272614509355446,-0.08423255036621638,0.9991940897482383
gdb_2188,CC1NC(=O)C1O,-1.8381775833298386,-0.28570019158099463,0.5827817439015204,-0.3992945903393818,-0.4775780631532478,0.7550700846447476,-0.04133749243734522
gdb_2189,CC1OC(=N)C1C,-0.5326188619509281,0.7711517211323922,0.32362363104435554,-0.43642433018939425,0.10841371860769689,-0.02686219601183904,0.25451506744877117
gdb_2190,CC1OC(=N)C1N,-1.0745215730971611,0.3805365725220503,0.397983199901209,0.008240319919117901,-0.24930861449118102,0.43350488800461306,-0.5768221916849938
gdb_2191,CC1OC(=N)C1O,-1.6056197013845186,-0.0754126607904608,0.6330493525826771,-0.962395455750336,-0.23613500230968854,0.8800784808394149,-1.0350580933928022
gdb_2192,CC1OC(=O)C1C,-1.3997284462038806,-0.20574088993340253,0.45082075284138273,-1.0293413406059997,0.12202468027293627,0.05055475698687517,0.7860720349297088
gdb_2193,CC1OC(=O)C1N,-2.0398501395529745,-0.649881011980618,0.48604512669689254,-0.16196558456507146,-0.3566728535530544,0.4729787997988128,0.11020995212683718
gdb_2194,CC1OC(=O)C1O,-2.5857606100509067,-1.0914857901770292,0.7167231549967447,-1.0369611342005782,-0.3753419584198825,0.9228047714089448,-0.3358668804960958
gdb_2195,OC1CC(=O)C1O,-3.0976724233531785,-1.755737862417181,0.48452334183215545,0.29690269206248315,-0.48665712267606404,0.41457283164217124,0.35489559708550755
gdb_2196,CC1CC(C)C1=O,-0.5763977294119033,0.4977558050647576,-0.1450359252064611,1.1413242847601464,0.5248476491552747,-1.0830863585966275,0.01079364596190692
gdb_2197,CC1CC(O)C1=O,-1.7075519186150565,-0.44360175551624964,0.18473039159720953,0.36306742539128467,0.20335329778610514,-0.2627931149564542,-0.5885260531450391
gdb_2198,CC1CN(C)C1=O,-0.7384293978351258,0.8225220956062589,0.3057407644746125,0.11478902445265775,-0.04814744657061607,-0.14735163233369813,0.8552702235181067
gdb_2199,CC1NC(C)C1=O,-1.0899788267080592,-0.0028169387211242256,-0.005641655105253795,0.7704373245146495,0.41180915830357306,-0.7504868114249656,-0.2360489958849956
gdb_2200,CC1OC(C)C1=O,-1.5488714007603488,-0.2911785324346119,0.20391349869456815,0.4200260413025701,0.19852633832271316,-0.09082881082408896,-1.4448150949901672
gdb_2201,CN1CC(O)C1=O,-1.9087072416375448,-0.09648521972828963,0.5938261590452169,-0.18181108286860193,-0.4780794935190981,0.7022284479854896,-0.07146876518408699
gdb_2202,OC1CC(O)C1=O,-2.76510880439648,-1.2447767189241246,0.5060794088947149,-0.1682422711269541,-0.19627674399179842,0.6884762570837124,-1.7611197603251705
gdb_2203,CC1C(O)CC1O,-1.0929744146440399,1.388951321985352,0.7828333611024733,-0.5143249086723273,-0.5194270541107502,0.7483526449125555,0.45319313174328835
gdb_2204,CC1CC(C)C1C,1.8302890209222322,3.854409923107609,0.2891626961478028,-0.8007321378985224,0.7456783840771888,-0.4850265563559327,-0.6848777203521642
gdb_2205,CC1CC(C)C1O,0.24947375155394716,2.274242866519481,0.43739786720552104,-0.031136278450713064,-0.008016100678998246,0.03869096216122367,-0.13310403398302242
gdb_2206,CC1CC(O)C1C,0.29915729963080745,2.5991707427379755,0.4990162655743778,-0.2311847220468916,-0.0182870537109173,0.13219750793141052,-0.08888950570094814
gdb_2207,CC1CC(O)C1O,-1.0258124986435904,1.482595067875625,0.7405670663866851,-0.25503573144736286,-0.4871905988302809,0.822964981566518,-0.5333255938539895
gdb_2208,CC1OC(C)C1C,0.25494086286206274,2.592183306448031,0.5027672626584879,0.1741043971909169,-0.241152721749217,0.19042105670635887,0.242884599327852
gdb_2209,CC1OC(C)C1O,-0.9100709099680895,1.6000795591755903,0.7591183376019988,-0.20734329326641068,-0.504698847887155,0.9580490226477647,-1.1260110352215935
gdb_2210,OC1CC(O)C1O,-2.3985356622766765,0.21657895520108722,1.05098036340759,-0.8058936116010645,-0.9648732710165301,1.433351875731532,0.3294940992175392
gdb_2211,CC12CCC1CC2,2.0509944998946077,3.0337119395672683,0.11024034451038305,-0.10951147257588849,0.10669991429761241,0.005092804473729991,-0.5989065849027541
gdb_2212,CC12CCC1CO2,0.5145976062152997,1.7498164544721793,0.3492010524512849,0.20031893246598262,-0.554287220876583,0.5561135846445505,0.16999322156110283
gdb_2213,CC12CCC1OC2,0.44746713143269357,1.6401700092381568,0.31867638830979544,0.17982709586786133,-0.46352826922275236,0.4375131245139542,0.22434085620102487
gdb_2214,CC12COC1CO2,-0.7482647835556097,0.6874180220812919,0.636484809889362,-0.27826462111579015,-0.860973791084326,1.2316600330397822,-0.33586206115747247
gdb_2215,OC12CCC1CC2,0.6027850454393505,1.818173928051723,0.36929717380199684,-0.04494302167813029,-0.47480299398680964,0.6147211657903491,-0.14872372793607233
gdb_2216,OC12CCC1OC2,-0.8858368368499097,0.4782338597618398,0.6044043408177368,-0.2242528699012293,-0.8447033066655105,1.066046515349785,0.230170915958907
gdb_2217,CC12CCC1C2O,0.5041264387579742,1.9091119083781742,0.35412847656172347,0.14525993530403974,-0.4664110402026707,0.5296195264190765,-0.06092839258259918
gdb_2218,CC12COC1C2O,-0.9231777048019905,0.6381584243438085,0.5788470824060916,0.08424996152238579,-0.8965888977931828,1.093589045340075,-0.08285374282915375
gdb_2219,CC12OCC1C2O,-0.8502013006499279,0.739673486566307,0.6199709393299173,0.049742040503151085,-0.986346953838553,1.2095088291879608,-0.036802621428353416
gdb_2220,CC1C2CCC12C,1.8984907509074818,3.1793484902956224,0.08700326585909958,0.5031460852456028,-0.06835306774645322,-0.03193527346333485,-0.37581516751786587
gdb_2221,CC1C2CCC12O,0.5672841970402271,1.99108349274011,0.3903194886264415,-0.057625267255633904,-0.45837722169443607,0.5977768396960789,-0.07296883812591341
gdb_2222,CC1C2COC12C,0.4340941342182566,1.9078150051290534,0.34169370125354087,0.5096122998164969,-0.6263698984510828,0.5414721985711435,0.20255287606934755
gdb_2223,CC1C2OCC12C,0.3761651661067706,1.8280657392347606,0.3241103647903083,0.48399817107703597,-0.5676345947266105,0.45198903882323077,0.3183591172477156
gdb_2224,CC1C2OCC12O,-0.8881624991986301,0.8136849839384244,0.5829944158149962,0.4451364118285027,-1.0458100549811837,1.2244568086473264,-0.4129725709413638
gdb_2225,OC1C2CCC12O,-0.6771490118041601,0.9870128460497977,0.688496504147482,-0.31563539855348277,-0.9526928409410474,1.3870903265156989,-0.4128133365007402
gdb_2226,OC1C2OCC12O,-2.0530315390853775,-0.17113512710875356,0.9128244523395604,-0.21583899132121856,-1.4440285538130624,2.0476835251049215,-0.7971562028649957
gdb_2227,CC12CC1C=CC2,1.4316039582119897,1.5184008907155724,-0.47195896868798237,1.7645446348616658,0.10583174395275202,-0.6343282395967781,-0.8781759592358882
gdb_2228,CC12CC1N=CO2,-0.32004193086602944,-0.1583312100500806,0.05181889232008099,0.3133698613899606,-0.38905650297722955,0.41637072421173166,-0.4239506399505493
gdb_2229,CC12CC=CC1N2,0.661681886020568,0.6322169351235164,-0.40778656143401526,1.515754419945366,0.06826441315875771,-0.6211523245875671,-0.32427574567456396
gdb_2230,CC12CC=CC1O2,0.05267386429392201,0.11501615550333967,-0.17495850857850043,0.6378656375592274,0.038512345635712174,-0.23229079113168857,-0.4228399202369686
gdb_2231,OC12CC1C=CC2,0.12905254984249584,0.4070887288419326,-0.14025348289532147,1.1425729386256,-0.31134344435714856,0.037475574866334745,-0.4911111593711892
gdb_2232,CC12CC1CC=C2,1.4320488658507196,1.5578827761767429,-0.465659395471702,1.7590655690453414,0.1210700090460961,-0.6389312157462984,-0.918821208662738
gdb_2233,CC12CC1OC=N2,-0.28175048684056386,-0.0867321022023417,0.05318388218395979,0.3231366546444258,-0.38501431016499965,0.46431750114141296,-0.6811381370538557
gdb_2234,CC12NC1CC=C2,0.740233689297825,0.8219012340174456,-0.3428625508115691,1.3493212159929922,0.01886999075551269,-0.5109436427429471,-0.22589574949331945
gdb_2235,CC12OC1CC=C2,0.0563136715403499,0.1719323572891595,-0.16271935953788816,0.6526551318976143,0.026699707278712775,-0.22027083414108722,-0.414805733282008
gdb_2236,OC12CC1CC=C2,0.13870301875740304,0.4326459801874608,-0.13447415622209577,1.1123592348313678,-0.2992618207662255,0.04559991615758519,-0.5411253602048796
gdb_2237,CC12CC1CCC2,2.021350790884526,3.146987427412188,0.09686924655626246,0.0027338942571592723,0.03786251092126379,0.030079204871435897,-0.5070854111501009
gdb_2238,CC12CC1CCO2,0.5252646517124289,1.9707927808681684,0.3404335361900912,0.6120962572530492,-0.7926013705565281,0.720372283307233,0.08947774939603
gdb_2239,CC12CC1COC2,0.6760909328735499,2.0680221961546517,0.43521753899832616,-0.3640149731257061,-0.5363026201556343,0.7352610144268309,0.21625366398739837
gdb_2240,CC12CC1OCC2,0.4980590258384597,1.9490686549694272,0.3354430341232311,0.5820375574418232,-0.7878844050220604,0.694066014102971,0.2304016552581593
gdb_2241,CC12CC1OCO2,-0.5905857120505077,1.1835375518943552,0.7200121951095424,0.08782872043582786,-1.3558813751125889,1.689775096320159,-0.20382122385939294
gdb_2242,CC12CCCC1O2,0.6787053337368442,2.0438504723017576,0.44783201007773304,-0.5506261704175797,-0.47878153525360295,0.7124580699618078,0.3068068697940548
gdb_2243,CC12COCC1N2,0.16963253687239746,1.692845498292348,0.5765444592074648,-0.4007863852414515,-0.8442183485305026,1.197898849895786,-0.08020859107412218
gdb_2244,CC12COCC1O2,-0.5693496911670998,1.093163352113096,0.798707034097295,-1.0390974330129432,-0.9782941700662914,1.4943661710192966,0.4643420836278224
gdb_2245,OC12CC1CCC2,0.6617266336711287,1.9869021497192567,0.3944600698293687,-0.32316804415308187,-0.46012923116470195,0.6869059126212275,-0.09768248749217685
gdb_2246,OC12CC1COC2,-0.610019383701436,0.9498115908776231,0.6942541104484943,-0.6835815660120841,-0.8816856969988118,1.4071086193415303,-0.3421192478809946
gdb_2247,OC12CC1OCC2,-0.8654459652654937,0.7292493357892802,0.6136715996229146,0.13322913869170755,-1.1482676798743485,1.2746279532840092,0.4057482691591415
gdb_2248,CC12CC1CC2=O,-0.24462366116064593,-0.18024641868927396,-0.22005547092844524,0.8152670100287663,0.19184988120006566,-0.6372157838083782,0.3266347263075635
gdb_2249,CC12CC1NC2=O,-0.6419481151105648,-0.43362179982512367,0.02236479593717187,0.22279478736910763,-0.1432025460012514,-0.05895469532637862,0.5991608451342073
gdb_2250,CC12CC1OC2=N,-0.34871483389045216,-0.020538797609987672,0.14646724937265934,-0.38957402889010984,-0.07733635407640302,0.22335516024992494,0.01024383012692725
gdb_2251,CC12CC1OC2=O,-1.2062137792243333,-1.0319728420845389,0.28548853963763415,-1.2042956749607527,0.016193001787176177,0.26518279864370314,0.6194507380028601
gdb_2252,CC12CN1CC2=O,-0.7282741249517704,-0.629997610759387,-0.1181893664275293,0.6432610265241496,0.09182792563653686,-0.2559809494270286,-0.5670697524240353
gdb_2253,CC12NC1CC2=O,-0.911539764362242,-0.8207351776448911,-0.12780304520808985,0.7548693847319589,0.014136689855671479,-0.42478941190766906,0.4752471541807263
gdb_2254,CC12OC1CC2=O,-1.5243150244169863,-1.2654345504203586,0.04343619344869164,0.46255384899300195,-0.1273307404808289,0.04037820630041961,-0.33631686215767403
gdb_2255,NC12CC1OC2=N,-0.881601570418544,-0.34150766805335003,0.2388205072946451,0.11316956786021229,-0.5211248629815142,0.7409203075445018,-0.6812647582636318
gdb_2256,NC12CC1OC2=O,-1.8401570750226732,-1.4188249036585683,0.3375053677621868,-0.28701700395824264,-0.5470476038887069,0.7399274979960472,0.10824439788307728
gdb_2257,OC12CC1CC2=O,-1.4864557489702033,-1.132466339215923,0.09135295193191875,0.5149268911085341,-0.30987086901876926,0.16587791285097114,0.05391424429176261
gdb_2258,OC12CC1NC2=O,-1.8941733932576867,-1.3937271381375178,0.32320609464373184,-0.0041473900413739875,-0.6497153568621538,0.7369935674655834,0.26013293885598543
gdb_2259,OC12CC1OC2=N,-1.5331265148710942,-0.9161552113256924,0.4722653535864809,-0.8264028241040284,-0.5274080031504376,1.0619630955014967,-0.48837867380453165
gdb_2260,OC12CC1OC2=O,-2.4765248872650996,-1.984587490552329,0.5759487632843673,-1.300994863581424,-0.5218215219321569,1.0602332715293679,0.25037755154217417
gdb_2261,CC12CC1CC2O,0.5313068041552017,1.9210457729996429,0.36712610106480653,-0.06076087287158746,-0.3946245951960594,0.5214985577682836,-0.08225166180207676
gdb_2262,CC12CN1CC2O,-0.2355516604584708,1.1816569790093072,0.39701543822921914,0.3980145404257975,-0.696109475493361,0.6952525477873802,0.05832541224317935
gdb_2263,CC12NC1CC2O,-0.2378535659260927,1.1643938121265685,0.44990803987875605,0.1072653978562553,-0.7154376513122648,0.6826990463742298,0.7185793678068354
gdb_2264,CC12OC1CC2O,-0.6470994944387641,1.0222879652942887,0.753883405357034,-0.6860965478218273,-0.9567596098730892,1.4111348964048236,0.1447776252073448
gdb_2265,CC1CC2CC12C,1.8829781723387078,3.101749434744573,0.07100820814850557,0.42262371876538307,-0.01504125840049517,-0.07612484331677316,-0.3597432954767629
gdb_2266,CC1CC2CC12O,0.575246272770491,1.9841304095476935,0.3808290236195633,-0.08047322184865288,-0.4407902334139402,0.6025385397320503,-0.16397379150612346
gdb_2267,CC1CC2OC12C,0.5605442853779853,1.983277411990294,0.42005783515883055,-0.1972800893180734,-0.4874259104015656,0.6005165876404664,0.33283586204587384
gdb_2268,CC1OC2CC12C,0.39427024488667756,1.8533227243740082,0.3281762227370201,0.49376871388054944,-0.6121055539946626,0.49865733748814894,0.33969907294722473
gdb_2269,CC1OC2CC12O,-0.9061810419868779,0.7699504566472918,0.6246074644861663,0.10933296450455077,-1.0409575851977675,1.1913894538032845,0.29022631911345675
gdb_2270,OC1CC2CC12O,-0.5757936761194946,1.1085637668484503,0.7342932406699781,-0.6769240851089809,-0.8794104249064675,1.4600660989851688,-0.5448781375810051
gdb_2271,C#CCC1CCC1,1.4956356514456952,2.4936488267234465,-0.14868087346481365,0.05830858034113191,0.6816111818687665,-0.7217518709565404,-0.523395423823695
gdb_2272,C#CCC1CCO1,0.050507807531150306,1.2363400654514498,0.10845493533813956,0.04203092242196519,0.08636007015046711,-0.11632566463315219,0.15369524285205832
gdb_2273,C#CCC1COC1,0.1211162729817179,1.2645240302063943,0.09659562709924305,0.013790969555281897,0.10631078940753759,-0.03900884466778461,-0.30483513724110917
gdb_2274,N#CCC1CCC1,0.8304077601973009,1.2869986291394946,0.032287030847227456,-2.203017648573892,1.2845038904898245,-0.9816276033830817,0.9614584932583293
gdb_2275,N#CCC1CCO1,-0.8262656854861335,-0.07611472035069876,0.1809243565723551,-1.0638798161266614,0.35918088150093763,-0.41587547541776226,1.7522860296297529
gdb_2276,N#CCC1COC1,-0.617904883615723,0.23516652358969678,0.16436579339932605,-0.698695998110832,0.23651364551731682,-0.08959358564003783,0.3053758721785728
gdb_2277,N#CCN1CCC1,-0.28078239200358596,0.3955703100220137,-0.1306980673266681,0.3315887996035539,0.35833089396007983,-0.8413350353006803,1.3241841666802001
gdb_2278,N=COC1COC1,-2.1636374762999417,0.13226041940562547,0.6563500301903987,-0.7776275221193736,0.07592339602461833,0.23351511741494285,0.1343892965658953
gdb_2279,O=CCC1CCC1,-0.743398260288213,0.73616214350842,-0.0907579944969319,0.6473678626854986,0.9693788042717253,-1.413512628592888,-0.022240126058941156
gdb_2280,O=CCC1CCO1,-2.050574634972032,-0.3360009404417391,0.22448292995526317,0.23008942825195106,0.47665909831922987,-0.6980036129190165,0.2505835434113802
gdb_2281,O=CCC1COC1,-1.798336300632589,0.08265296777565996,0.24453886492172527,0.2760225077082347,0.529057439280331,-0.4023747505557799,-1.4766524729113233
gdb_2282,O=CCN1CCC1,-1.4634998999541398,0.17857008595119664,-0.03335411502675105,1.232551885702695,0.5555468080051154,-1.12537726719912,0.05896849311465464
gdb_2283,O=CNC1CCC1,-0.915103512319061,0.935165926796089,0.3155575108241391,-0.19123044614867155,0.30988559476605587,-0.45865374874801446,0.8540599723974568
gdb_2284,O=CNC1COC1,-2.0387651870101955,0.06880084891702956,0.6305033134272697,-0.6733453928525133,-0.10684904972595675,0.4402814174988918,-0.05961517783426585
gdb_2285,O=COC1CCC1,-1.6702790912996575,0.3005179270045394,0.520463179973839,-1.3028635138162568,0.6321937912403498,-0.3843454133630341,0.6300227285329546
gdb_2286,O=COC1COC1,-2.882887817198903,-0.5753535666979865,0.7693764736056145,-1.034945960919977,-0.0072191191027962155,0.5454116544118848,-0.42333275482499494
gdb_2287,CC#CC1CCC1,1.1589864752685501,3.033259794633847,-0.09472205712555447,0.9276163079666206,0.7914538176661128,-1.051937910369515,-0.7583210832432871
gdb_2288,CC#CC1CCO1,-0.3372546193809348,1.399512049293391,0.09220324494805031,0.4234238641291586,0.5569523565039202,-0.706167437620125,-0.1987970601204275
gdb_2289,CC#CC1COC1,-0.21353963292083514,1.6440165440025418,0.19589299807188043,0.07422740551887552,0.4866252593978679,-0.5270031321965767,-0.00376429639253321
gdb_2290,CCN=C1CCO1,-0.840424884590213,1.34934472046036,0.35321396333380584,0.0757141509030362,0.3273084215354575,-0.34401433775514595,-0.09864609882980123
gdb_2291,CCCC1CCC1,1.5784941725481891,4.544090309665471,0.47796371189231,-1.1579061106395567,1.1893259239329799,-0.8358348246193188,-0.6592124683844248
gdb_2292,CCCC1CCO1,-0.016991808853811255,3.209679954831952,0.6359784607419262,-0.032544402468509794,0.15373146641506003,-0.15940292344586138,0.24789343576804165
gdb_2293,CCCC1COC1,-0.1644618296591874,3.0069167180857086,0.5922261237298078,-0.01992142683320181,0.2999028166136949,-0.38220553672179897,0.4101120254079643
gdb_2294,CCOC1CCC1,0.07032465491832882,3.313118002277585,0.6365296602178194,-0.026356975708003428,0.14790564369641868,-0.0657640660585549,-0.15352376871638684
gdb_2295,CCOC1COC1,-1.3412766196630208,1.9658963755780074,0.8911844427183179,-0.5190852785428541,-0.1910856946559693,0.44623351301715525,0.2679395314674795
gdb_2296,COCC1CCC1,0.13303981688580532,3.4096020985763857,0.6832739006859931,-0.33428048782638853,0.218833875680769,-0.03295317990791323,-0.17469249766036507
gdb_2297,COCC1CCO1,-1.208761439182619,2.156890024726676,0.9105143815889835,-0.4351481907308003,-0.2896092036035569,0.6489488704421706,-0.25605160494464324
gdb_2298,COCC1COC1,-1.2360306347020773,2.122097333959871,0.934128484464261,-0.5362725852069751,-0.3396110073435188,0.6327902778156829,0.27891176147889
gdb_2299,OCCC1CCC1,0.05318425901644267,3.2332340389090177,0.6770542165110871,-0.7476828529878201,0.4936375704208416,-0.2527716344354836,-0.04829833527533239
gdb_2300,OCCC1CCO1,-1.174290984192081,2.285212599682326,0.9308967539114358,-0.38820988257149347,-0.32932280947243864,0.7240263324362558,-0.44380401084062093
gdb_2301,OCCC1COC1,-1.397681530704509,1.9975823491737688,0.9059327294385479,-0.4928868691671427,-0.18957783009719661,0.4093583755809631,0.3912382161241371
gdb_2302,CC#CC1CC1C,1.1601703049039522,2.8494784567830163,-0.17310453240412718,1.4060623091935087,0.5357420925593233,-0.9497208559334167,-0.6456181642298414
gdb_2303,CC#CC1CC1O,-0.1490106471338035,1.5171010638897289,0.11910255549101935,0.47973745751109664,0.2715173804458469,-0.3882935555991425,-0.1609665569671658
gdb_2304,CC#CC1CN1C,0.3516008346993619,1.9345725905384092,-0.14451308936274126,1.4631383005958063,0.3895676611137627,-0.9289487200638202,-0.01714891581733085
gdb_2305,CC#CC1NC1C,0.4670202913644291,2.118697100331077,-0.06391093355061214,0.9581507213144549,0.5305669360810622,-0.8660343706611383,-0.23229790923814558
gdb_2306,CC#CC1OC1C,-0.31237857161591326,1.3272001311861328,0.08799643706076933,0.33524039330560446,0.5446257490758419,-0.6900660284763451,-0.05946360216872086
gdb_2307,CC1CC1CC#C,1.4434343800972833,2.5581567857440812,-0.12383929199178652,0.06438972456313849,0.7124287330151399,-0.7751116946343601,-0.4021247685370572
gdb_2308,CC1CC1CC#N,0.6805544642098447,1.2932923184328156,0.006546402487733209,-1.6453191384756891,1.1366079458968383,-1.0421271738732354,1.1987270182896672
gdb_2309,CC1CN1CC#C,0.8086233683914313,1.4040929979349794,-0.22950948446426625,1.178524142207445,0.004251534904756325,-0.34522004065051326,-0.4334816654741216
gdb_2310,CC1CN1CC#N,-0.2542589974561966,0.4452288939274011,-0.060834661875550367,-0.2198669515562952,0.5302443414111575,-0.893714950400268,1.566264007211927
gdb_2311,CC1NC1CC#C,0.7375663108122832,1.9796644478337457,-0.016685620929880258,0.2187784709823089,0.39058296727014924,-0.531011341934313,0.0860914518991033
gdb_2312,CC1NC1CC#N,-0.0900616980660932,0.7352650252607752,0.062168957643836176,-0.8634563024452014,0.6306764753035279,-0.7577550278198684,1.4945141760975156
gdb_2313,CC1OC1CC#C,0.09368759550438459,1.4065772563270666,0.19052282029112214,-0.5258915163254977,0.33533821092804156,-0.17189380790565006,0.035606773800411225
gdb_2314,CC1OC1CC#N,-0.7274723740575518,0.14813197641810524,0.27685010621629813,-1.74776580472617,0.6355186872385504,-0.42502863910360744,1.459762482563738
gdb_2315,CN1CC1CC#C,0.7599085678793178,1.6717153990877553,-0.15963637336861533,1.0249091268492234,0.047646496039543226,-0.37423150606099026,-0.18746142294775245
gdb_2316,CN1CC1CC#N,-0.09987568568072587,0.4397554501894516,-0.09415985866119087,0.13925446858271942,0.24515378364532092,-0.6076718945062918,1.1735858336097933
gdb_2317,OC1CC1CC#C,0.2067651613538726,1.520267368578043,0.20568979857022637,-0.3644687521530077,0.10330551263876812,0.06300178181377475,-0.03798877180126317
gdb_2318,OC1CC1CC#N,-0.5733274644281856,0.3181095496953873,0.3004498824758397,-1.5662645511589455,0.3637948669406681,-0.12578751740937594,1.2812551379686903
gdb_2319,CC1CC1CC=O,-0.8460713753710578,0.7995735353884337,-0.07008875450794148,0.7236967975971208,1.0259801449064918,-1.525881756260449,0.12355637980424505
gdb_2320,CC1CC1NC=O,-0.7680980256326242,0.6250432034618825,0.2491387767721445,-0.032235173317058705,0.0843198816619685,-0.23981415665166078,0.7031962851078585
gdb_2321,CC1CC1OC=O,-1.6384457150692984,0.05363714957473527,0.4489365397729842,-1.141201540491929,0.5533360566020333,-0.33425585465416763,0.4840520421687834
gdb_2322,CC1CN1CC=O,-1.3967928754990444,0.2202524778715766,0.020163511736085833,0.7612667156635041,0.6982065885091996,-1.1220557047343738,0.04837815305926323
gdb_2323,CC1NC1CC=O,-1.4300201033401638,0.30951777848492473,0.055447187124666814,0.6853126236494248,0.7343664993597727,-1.1676653075887333,0.22227435578661986
gdb_2324,CC1OC1CC=O,-2.0557106402353558,-0.20633075588549882,0.252401425386623,0.11561821177001169,0.6240712487750881,-0.7513771870406062,-0.07370718490250278
gdb_2325,CN1CC1CC=O,-1.257356241460439,0.09548277856051472,-0.05159715822574344,1.1328755275586222,0.44258430778973973,-0.882691565557485,-0.344973680642127
gdb_2326,OC1CC1CC=O,-1.9531947961095024,-0.21012098675506452,0.24835190187653663,0.297203685306295,0.35154420892667976,-0.5265797923452548,0.06659437734541916
gdb_2327,OC1CC1NC=O,-2.222212116219309,-0.07645376358716442,0.618905996395287,-0.2185631396365711,-0.3866785970067441,0.3665482271758584,1.1391201458211007
gdb_2328,OC1CC1OC=N,-2.097450317212316,-0.15529251717466477,0.5385456251492499,-0.10974765609165947,-0.26956464709106365,0.4349326604001365,-0.09552961903359093
gdb_2329,OC1CC1OC=O,-2.820803216453371,-0.9810242780448236,0.7030409723167813,-0.8784305809636387,-0.28594764667122075,0.6788352364581721,0.1374287160437722
gdb_2330,CC1CC1CCO,0.061507639735059794,3.2458750255353834,0.6810422704758388,-0.7178795881100685,0.4783322913495143,-0.23303914488050007,-0.08684644434718795
gdb_2331,CC1CN1CCO,-0.5511808943195721,2.467391281755336,0.6724592841712832,0.2624228489305737,-0.380379353242124,0.32861001984135324,0.45709529850833086
gdb_2332,CC1NC1CCO,-0.6875153190333865,2.603208747857422,0.7392463609338524,-0.24053548532335112,0.0897541126112982,0.00041668851344061475,0.2655876601461894
gdb_2333,CC1OC1CCO,-1.0902493583271786,2.4096357943409523,1.005374806019759,-0.994588391122694,-0.09291819793253146,0.7028449822419202,-0.6126266053022156
gdb_2334,CCCC1CC1C,1.4399129226059135,4.507985282138029,0.41812000792148474,-0.33312289345604645,0.9200396369431475,-0.8308279542020663,-0.5168495446731864
gdb_2335,CCCC1CC1O,0.004183201048420161,3.207114967848307,0.6504350663381405,-0.36799741460059626,0.3620136795669135,-0.2340411896267486,-0.01072322252369403
gdb_2336,CCCC1CN1C,0.5404187909371145,3.512679654223292,0.3288468098229825,1.0719579044695389,0.18109456746035238,-0.6109271434376986,0.2374648787176464
gdb_2337,CCCC1OC1C,0.07995066872668984,3.3769047355961797,0.7388697848499307,-0.7211539767691689,0.3564902227673539,-0.1505504447653643,0.28303992812187817
