Dataset_ID,SMILES,PC1,PC2,PC3,PC4,PC5,PC6,PC7,Cluster
gdb_1,C,20.339843744240824,-7.221594055360112,17.58354448496106,-1.8510317555120184,2.27270097646736,-0.7995506905625478,-0.8223870960009946,1
gdb_2,N,21.597996540104592,-11.544242253187134,27.480189675126933,4.945398071451706,1.877675858628009,-2.1301813681219435,0.3938529848274397,1
gdb_3,O,25.8664984851148,-16.158854395380594,43.27682502083778,6.013536295665398,3.631114650289615,-3.126522440635836,-0.0950787124162153,1
gdb_4,C#C,12.363442174580394,-4.295961977734951,0.5982210656771045,-0.0361102830578552,-0.0709312053674587,-0.0001085681989549,-0.7880362661909307,1
gdb_5,C#N,12.197439152233468,-5.717114059906429,2.0709955059062617,-2.9453786666875392,1.0892122222287568,-0.477714873166329,0.1797461561160416,1
gdb_6,C=O,9.945703894031018,-6.260067977058788,0.6336905579341175,1.0861193210380065,0.3315878039200049,-0.967058533340733,-0.3249656162220581,1
gdb_7,CC,12.229384212414171,-1.5510302239072304,-0.8150959721084524,-2.8281604515383862,0.2042182117659355,0.461682207413494,-0.4967458460850271,1
gdb_8,CO,10.317490985280545,-3.408188582737256,-0.2479389995979321,-0.1923898953425412,-0.7879284748058873,0.6002273522478455,0.4022310891703866,1
gdb_9,CC#C,9.2431087739801,-2.1640967748730247,-2.3525113438672807,0.1294955671724141,-0.4754644144876218,0.1331604089587922,-0.1544386607595032,1
gdb_10,CC#N,8.702630289732518,-3.300407922370276,-2.032960051435761,-2.6828958019745306,0.3658643954581348,-0.1525692599730213,1.0819773386564588,1
gdb_11,CC=O,7.059852763268601,-4.001973689086943,-2.1986586146235227,0.7306239381150861,-0.1289021610276219,-0.6012440743885515,0.1697242052803487,1
gdb_12,NC=O,6.856285431517142,-3.8950118373002898,-1.665670390444023,-0.0742033116495395,-0.7559407841638629,0.2801279330721014,1.1963464887634283,1
gdb_13,CCC,9.744006352079984,-0.1929754878684588,-1.79408773903854,-2.4153074553385885,0.1711372020794919,0.319536635483707,-0.5077192688438622,1
gdb_14,CCO,7.876151889993429,-1.704842756580026,-1.6283812184597408,-0.413171133786829,-0.8447126258205264,0.6897722111720196,0.3123988282169632,1
gdb_15,COC,7.961222105106383,-1.5494302832875224,-1.5065843260733205,-0.1133373511749263,-1.0570341687498097,0.8605006118453196,0.2968337675667098,1
gdb_16,C1CC1,10.106762653819462,-1.095286434509017,-0.9500597703081206,-1.0869830825690363,-0.4429379213290706,0.6375068799793675,-0.3425373454850607,1
gdb_17,C1CO1,8.635064867564502,-2.34929627503389,-0.4396708028258799,-0.8282753467012879,-1.0849706537460588,1.1700531354434764,0.6280163432188269,1
gdb_18,CC(C)=O,5.138481904954861,-2.686153199418292,-1.825269767211193,0.935151607920514,-0.1665118123254236,-0.5864041757727293,0.3519873171814237,1
gdb_19,CC(N)=O,4.896465208890301,-2.628165305340026,-1.3937731943867522,0.203914301440709,-0.7622503016563998,0.2639715778129115,1.163127314079493,1
gdb_20,NC(N)=O,4.629901793529712,-2.694450559622161,-1.0293482243377017,-0.3914523295030255,-1.1456259880411594,0.9811994679201008,1.1141255617662464,1
gdb_21,CC(C)C,7.739789949660109,0.816954543996235,-1.3563354516034378,-2.122274443850205,0.3978284117826695,0.0508704514199073,-0.6187334906831325,1
gdb_22,CC(C)O,5.930644919227826,-0.588113176447192,-1.227279165750874,-0.3952289578844726,-0.6093559099156541,0.5047564203866618,0.2002199652035491,1
gdb_23,C#CC#C,6.83890505533996,-2.812557920775834,-2.7840228042557733,0.9367280825910418,0.2560936575755855,-0.7116310024567601,-1.4531585009113814,1
gdb_24,C#CC#N,6.046530738507268,-4.315113122667246,-2.644519453531127,-1.3093810860674568,0.9911465652307256,-1.1862846969677017,0.2056269315762977,1
gdb_25,N#CC#N,6.06847264546415,-4.513504950160196,-2.4418385378861824,-3.0172549834236637,1.5312330439933743,-0.5773174802188836,-2.8738102522564195,1
gdb_26,O=CC#C,4.989389470750247,-4.4667762629097645,-2.515550345476413,0.0974073259567771,0.5802200763157689,-1.0413166428456244,-0.4603316870347173,1
gdb_27,O=CC#N,4.524850366646176,-5.27172078536617,-2.3969352875669165,-1.1921956273473346,1.0353495827819386,-0.9510736433302772,-1.3767634516290668,1
gdb_28,O=CC=O,3.58140365917964,-4.88632563310477,-2.254906243350295,0.8617772489318984,0.2464693291105578,-0.4517478528704153,-2.587764900301484,1
gdb_29,CC#CC,7.0695134801530735,-0.3854510464355625,-2.221975681145762,0.8141984630000209,-0.4107067272855866,-0.0248054790009587,-0.486282210679432,1
gdb_30,CCC#C,7.179724914093012,-0.8700053320926358,-2.161155535681345,0.1445555431899669,-0.2226024321524899,-0.0974111537577964,-0.2594847580247639,1
gdb_31,CCC#N,6.600569676321782,-2.0251399290957117,-1.9197107515682663,-2.578172487905992,0.5546357659469535,-0.365874496383736,1.070114847095266,1
gdb_32,NCC#N,5.510783919854835,-2.9417359332435877,-2.0318763896070555,-0.594549140174402,-0.1305303261492463,-0.3241128363722997,1.4390406351025196,1
gdb_33,OCC#C,5.651590393768052,-2.3140473633282004,-1.9483428470586224,-0.0692373005576854,-0.4474779902048821,0.2354938013606095,-0.1057603110097794,1
gdb_34,OCC#N,4.932243041830712,-3.527406969099707,-1.786018148115292,-1.963287802960956,0.1224386063518265,-0.0627256304394005,1.1511669857253872,1
gdb_35,CCC=O,4.955679915096322,-2.6558110604081246,-2.1262422654741964,0.7457049208747322,0.0619436410131498,-0.7800939864807946,0.1828685704821389,1
gdb_36,CNC=O,4.847238706076566,-2.49666063336244,-1.5601241048719188,-0.1167250528620303,-0.6297869852970017,0.2099799039070215,1.1582674978087355,1
gdb_37,COC=O,4.0838972170861,-3.171098091261773,-1.4887738523271006,-1.2532484631472092,-0.2874700327039055,0.2895874830073392,0.782959628555934,1
gdb_38,OCC=O,3.772478560876877,-3.522588013723588,-1.8301422308978212,0.4459278554332657,-0.3568791668261801,0.0637668531776611,-0.7511741365140052,1
gdb_39,CCCC,7.6374523963395005,1.193808174772809,-1.5725290843361883,-2.277955797337511,0.4083430419104699,0.0851230492257219,-0.5904079916867944,1
gdb_40,CCCO,5.819202025148825,-0.2637260447136913,-1.4739058374756868,-0.5490691402027268,-0.5908193463067156,0.5274862791947047,0.2086692886312832,1
gdb_41,CCOC,5.882029258436484,-0.0818183321342909,-1.4125695363490505,-0.1599477657855138,-0.8387558670453754,0.7086391097118533,0.1840803826450334,1
gdb_42,OCCO,4.688727914002186,-1.3407691784504765,-1.0831285648383109,-0.4338849402706183,-1.0895452757861313,1.376904522198548,-1.0074292915205807,1
gdb_43,CC1CC1,7.728429306742777,0.3097189230205919,-1.5717444465300074,-0.6736740020859356,-0.4527580022662674,0.494049185850319,-0.2700406724699077,1
gdb_44,CC1CO1,6.326235372805204,-0.8048281636123011,-1.1966968344007112,-0.9158952352681126,-1.0373945569881764,1.1353560210919114,0.6313687654218807,1
gdb_45,CN1CC1,6.788880856964834,-0.4959123430981464,-1.5101559758722436,0.7428584279527701,-1.092647337501806,0.6251582827789307,0.4524058356879942,1
gdb_46,OC1CC1,5.984676387391794,-1.24424572739438,-1.4259137660228718,0.3424502290996764,-1.1054200512158072,0.8229845301593768,0.275719758747448,1
gdb_47,C1CCC1,8.01122430489881,0.2129152014660523,-1.223135637960052,-1.536433157856964,-0.1422023313902226,0.4957140070332996,-0.5302410033311201,1
gdb_48,C1COC1,6.173933100983313,-1.296852787655246,-1.034426614298217,0.1464836986758603,-1.13228769649111,0.8865293569598686,0.5759478162948856,1
gdb_49,CC(C)=NO,3.0181777573837056,-0.8881008916065934,-1.0999538470954415,0.809651725458207,-0.4682459386554528,0.2249209453101807,-0.8160198497302698,1
gdb_50,N1C=CC=C1,4.652816866145354,-1.4419549101351576,-1.3766496909648474,2.040225790922845,-1.097516811719124,0.2408551333316195,0.4783952594148134,1
gdb_51,N1C=CN=C1,3.990432987783581,-2.3711403191259555,-1.2123454819155106,0.969262278002732,-0.8776122390530965,0.2056636637560528,1.1806373993753887,1
gdb_52,O1C=CC=C1,4.050196867778702,-2.0445223371954797,-1.222014835689075,1.4354766233193423,-0.9383401796549748,0.5486651159825466,-0.820384569651124,1
gdb_53,O1C=CN=C1,3.483463012628342,-2.854632927386032,-1.0467570414167475,0.3222520200139195,-0.6930347724143687,0.6122626560240522,-0.6478724564408163,1
gdb_54,CC(C)(C)C,5.805294216743923,1.8331904662093108,-0.8234204156676702,-1.971817568021484,0.6758669267529429,-0.1983968345047931,-0.8277740255047137,1
gdb_55,CC(C)(C)O,4.019781521094411,0.4613983144371472,-0.6943667695350076,-0.3285308514799618,-0.3485911266338639,0.2964198814653377,0.0386242812874442,1
gdb_56,CC(=O)C#C,3.154826490734791,-3.0753342243307698,-1.84388918661352,0.3616888597405508,0.5516499563313833,-1.0243910085371113,-0.288287275232499,1
gdb_57,CC(=O)C#N,2.603576925062646,-3.984536440134288,-1.7309367514105791,-0.9454506002275936,0.9621576805827098,-1.0124917429368587,-0.561200759737586,1
gdb_58,NC(=N)C#N,2.721241377352847,-3.650665426243486,-1.639404533872606,-0.5109434284199734,0.3926466354818148,-0.8167892819842316,1.1208118606929387,1
gdb_59,NC(=O)C#C,2.773623258429774,-3.2153374980272527,-1.546304884209584,-0.1201525415942369,0.0314170631393657,-0.3417046396877714,0.4001149441009518,1
gdb_60,CC(=O)C=O,1.6796597074818316,-3.725039449777401,-1.571115384698302,1.069414986730817,0.2280107817567499,-0.5444148200838864,-1.890555105415772,1
gdb_61,NC(=N)C=O,1.9036406692494368,-3.458815072610806,-1.441775671715695,0.5191778127690263,0.107575845824023,-0.486426340829508,-0.4895365510700422,1
gdb_62,NC(=O)C=O,0.8533991865128623,-4.540241794936692,-1.3513860405687703,0.254598506044547,0.0081744615715241,-0.5384448595494981,0.7650618073190805,1
gdb_63,CC(C)C#C,5.328618049489906,0.3585346116400006,-1.4955612956172557,0.1252970938298242,0.0262215442946279,-0.257536634855629,-0.3594643642164182,1
gdb_64,CC(C)C#N,4.738918732493798,-0.8054588503264613,-1.264933108931238,-2.515506867485137,0.7452949466807927,-0.5037447470733767,1.049863919312326,1
gdb_65,CC(N)C#N,3.932267290872933,-1.271965926309951,-1.3096022204061626,-0.6344569362618457,-0.0313277792013478,-0.0872456792673971,0.4033584525854851,1
gdb_66,CC(O)C#C,3.933206207546343,-0.938369464068991,-1.2373308991109089,-0.3953419213128646,-0.1894569298722166,0.2151318059883273,-0.393943930610881,1
gdb_67,CC(O)C#N,3.326496793883968,-1.937365283948708,-1.0742112785353792,-2.074798020654989,0.2495717231297926,0.1275763736964645,0.2714248844147516,1
gdb_68,CC(C)C=O,3.0908844625784115,-1.4476156050811162,-1.4649046853924903,0.8089171689931566,0.2639890593844269,-0.9287481786276794,0.1485972136617516,1
gdb_69,CC(O)C=O,1.898044969793537,-2.475338171729146,-1.1182469574854637,0.1822485324397958,-0.1254524084933667,-0.1509429573416223,-0.1106063542133952,1
gdb_70,CN(C)C=O,2.8542945492952656,-1.2472141088387592,-1.0379205432545535,0.2059972362003414,-0.4417614253467496,-0.0188036168528763,1.1351477160956165,1
gdb_71,CC(=O)CO,1.987648934354456,-2.3885464445004096,-1.0697862202242034,-0.4241360646908416,0.0508200039457767,-0.146333837010836,-0.1070775802863591,1
gdb_72,CCC(C)=O,3.15007386354803,-1.2860655184667231,-1.430173377827057,0.8652351264906457,0.1069375789376199,-0.7684805999572782,0.2240523755279991,1
gdb_73,CCC(N)=O,2.9065837400621617,-1.2296844233785498,-1.048200346340041,0.0990636070120389,-0.4872062244166241,0.0916062534707118,1.0132078999861145,1
gdb_74,CNC(C)=O,2.898576886709657,-1.143595609101718,-1.0272705131779751,0.1626899337390199,-0.506056421348856,0.0879857904885973,1.0783740942820252,1
gdb_75,CNC(N)=O,2.5805314974042006,-1.2721940867261343,-0.7494143482076613,-0.3126221590351698,-0.9569646647526056,0.8074660109909502,1.15981265428737,1
gdb_76,COC(C)=N,3.2778172999274378,-0.7562283472061443,-0.9477068850363104,-0.2265072793092227,-0.4120369692154916,0.4518090810653456,-0.489618018062217,1
gdb_77,COC(C)=O,2.478214232235169,-1.5603948133547465,-0.8112582002554682,-0.6763836405875675,-0.423767829507138,0.6265129877812793,-0.4644590695304489,1
gdb_78,COC(N)=O,2.223575244559806,-1.502023720896179,-0.4486502877971948,-1.2668494510896775,-1.0443315747674289,1.4960842233210188,0.1300737162102797,1
gdb_79,NC(=O)CO,1.5515117521089383,-2.3612314449267333,-0.7287036338039223,-0.3967490686968121,-0.8707246842432763,0.6885296807046372,1.36349574659066,1
gdb_80,[NH3+]CC([O-])=O,1.4963113404168482,-2.586055117947351,-0.7320648286429395,-0.6773760129914648,-0.7315216117308847,0.5284968038314208,1.7233218477897692,1
gdb_81,CC(C)CO,3.995065744061786,0.8623826679034645,-0.7759785051881872,-0.5928190825452796,-0.3331588454223286,0.3660048518911605,0.091705496687781,1
gdb_82,CC(O)CO,2.6319389983898764,-0.4820099839824904,-0.4597340545956434,-0.7852405443344678,-0.7854898298968978,0.9460670769266174,0.3480635510565076,1
gdb_83,CCC(C)C,5.6776043245875325,2.1792741547995567,-0.9363925298973806,-1.898384578396208,0.6281607014825696,-0.1963686971791597,-0.6567316816867571,1
gdb_84,CCC(C)O,3.923171336496008,0.7800546240739221,-0.8092083954781427,-0.4951540139597395,-0.2807376183356445,0.2648790947249876,0.0972731959016778,1
gdb_85,COC(C)C,3.97839546008502,0.9581524927203552,-0.769846147037824,-0.0312078558717673,-0.5796158188205124,0.4737079334241874,0.0900743654105506,1
gdb_86,CC1(C)CC1,5.6992825059975285,1.3093693363685357,-1.0741778882408772,-0.2320996120479437,-0.2180335858544989,0.1773195107351616,-0.3975730286491022,1
gdb_87,CC1(C)CO1,4.3169812620482,0.1599085566722539,-0.7154069760920663,-0.6799193974790314,-0.7292442450834576,0.8065379255935249,0.4625377963962948,1
gdb_88,CC1(O)CC1,4.185078411769557,0.0154078491785405,-0.8229116331529183,-0.0997499201952571,-0.7513725994501466,0.6864290461013451,0.1387635877416546,1
gdb_89,N=C1CCO1,3.34219964399881,-1.7849677803454709,-1.0451510366712655,-0.4849555210407168,-0.4845988111354769,0.468951876772758,0.2217569973416732,1
gdb_90,O=C1CCC1,3.3126178534064583,-2.2072084997929395,-1.5550036958460478,0.962778347611622,-0.0668372303284118,-0.5867084136531835,0.1304469534019678,1
gdb_91,O=C1CCN1,3.211763563749607,-1.8812784841471009,-1.061306141691189,-0.2180876536176299,-0.6784472413633872,0.4308791732466647,1.0494084843134712,1
gdb_92,O=C1CCO1,2.510329544819081,-2.738841950905732,-0.8902776895548918,-1.284752746133753,-0.3853717501503071,0.5335883186675003,0.6857802243093263,1
gdb_93,O=C1CNC1,2.777022422521344,-2.668586370485148,-1.4158113860856874,0.7864272855287114,-0.248501677959963,-0.232435130253016,-0.1511295379920984,1
gdb_94,O=C1COC1,2.358205624804272,-2.8735537485306466,-1.1718210894450822,0.0467291242446139,-0.2843996587674856,0.3865985504807524,-1.4964606845521016,1
gdb_95,CC1CCC1,5.865559762732449,1.5214079373563578,-1.0499100907883898,-1.299414174148047,0.0695572921750191,0.2330229087994107,-0.5189234289021994,1
gdb_96,CC1CCO1,4.175908606745978,0.1851971990701128,-0.8444004383964568,0.0372772935982421,-0.9522206885669656,0.8063561711359031,0.4900252567660103,1
gdb_97,CC1COC1,4.06739621482223,0.0055779262867295,-0.9150435521495728,0.0713953152486111,-0.8407750315229741,0.6401895184661225,0.5331406553998954,1
gdb_98,OC1CCC1,4.199911454940473,0.1217896637758946,-0.8793196343067196,-0.4125109129881852,-0.6888741542356085,0.7056587925061575,0.1756659025546619,1
gdb_99,OC1COC1,2.691428834096665,-1.2250922808852356,-0.6445740482034877,-0.3306873906426,-1.1171938577050748,1.1645712161798198,0.4239211631515865,1
gdb_100,CC1CC1C,5.6787312617770445,1.449693462213432,-1.114549459366625,-0.2935918582651088,-0.2258845817525537,0.2016180253156767,-0.3581972106950084,1
gdb_101,CC1CC1O,4.205702659942865,0.1574335317023875,-0.8423060918229877,-0.2440533438971852,-0.746380242511318,0.7361190865832054,0.121456767740748,1
gdb_102,CC1CN1C,4.737679783083602,0.6647672502844014,-1.0996340375008398,1.1010845667686404,-0.919668405308052,0.3772017010862655,0.4748424838666459,1
gdb_103,CC1OC1C,4.2919845725082055,0.3553018273988593,-0.765270542695874,-0.6799681225802473,-0.7785955791018717,0.8544248973635339,0.5358669502611593,1
gdb_104,OC1CC1O,2.670954335997586,-1.253289422460777,-0.6019736602975209,0.0010505205543224,-1.261986987904408,1.1993656973649085,0.5539253898678071,1
gdb_105,C1C2CC1C2,6.435618524193318,0.9834934670638752,-0.7336101305154169,-1.7418723806087166,-0.2530380096521268,0.8150548405443492,-0.5481802769392424,1
gdb_106,C1C2CC1O2,4.534566026295855,-0.550719836499787,-0.6237055308890749,0.1571144088505398,-1.3280258998608314,1.208536137161777,0.6452804932863233,1
gdb_107,C#CCC#C,5.377452005603161,-0.970963184825499,-1.9157833455015196,0.0411796557730586,0.036342788634269,-0.1422610547558463,-0.7956018469553937,1
gdb_108,C#CCC#N,4.553711575833608,-2.2299344035285564,-1.8113117936138847,-1.3361296376923026,0.4224728366030122,-0.4468269188982742,0.6568068137292896,1
gdb_109,N#CCC#N,4.241316744694105,-2.8926243829524174,-1.5917849542127056,-3.5360846382527678,1.0417008005459254,-0.2940124203671745,0.0718275985577437,1
gdb_110,O=CCC#C,3.265813319742532,-2.5006787620442443,-1.8218891527879704,0.4369324604128052,0.3043486462948996,-0.6809770105938354,-0.5306674184304192,1
gdb_111,O=CCC#N,2.764416884138674,-3.2183451480101324,-1.6926387620933554,-0.6464984302944183,0.5541844513580304,-0.5211092804997449,-0.9244692803488166,1
gdb_112,N=CNC=O,1.9230833683575208,-3.1990937804051227,-1.2722142326919157,0.1182784706090972,-0.2054295612395764,-0.3275424318119201,1.3273675955836102,1
gdb_113,N=COC=O,1.4398204332176194,-3.2703400349602605,-1.0389769433120637,-1.653079131402761,0.1846958059460157,0.0731690461408372,0.3678180980166194,1
gdb_114,O=CNC=O,1.1727961154911437,-3.979859326730689,-1.1320644336240837,-0.376789032874173,-0.1948208593581552,-0.1107427208522928,1.0935760064724105,1
gdb_115,CC#CC#C,4.5189249501576345,-1.136705253726134,-2.1752945568065263,1.3963314402472904,0.6176867548751539,-1.3110876573076804,-0.5786500205386326,1
gdb_116,CC#CC#N,3.713124810918256,-2.677638759656868,-2.061024989702108,-0.7263690949870112,1.237709557848904,-1.7326171394990753,1.245635616409769,1
gdb_117,CC#CC=O,2.742523305592538,-2.7851704941223483,-1.9135813696969024,0.3517062982195091,0.922891048549683,-1.5499347905447718,0.2823165627394459,1
gdb_118,CC#CCO,3.492481577364714,-0.483400984341656,-1.3448282600318198,0.5358544688821493,-0.1676901001652006,-0.1219155984028111,-0.2883088514961981,1
gdb_119,CCC#CC,5.004697004389732,0.9496218208175238,-1.553593950441911,0.8595417769871972,0.0628003415292399,-0.4761478386010194,-0.5494436540858759,1
gdb_120,COC=NC,2.6857957881687438,-0.855348547457906,-1.1138910321046456,0.1550442563024776,-0.1006616114046197,-0.2573649592880669,0.5503296161407815,1
gdb_121,CCCC#C,5.138730068464998,0.5908931663512046,-1.5552668121441946,0.078390028650233,0.1926658629562423,-0.4455351430225042,-0.2723189618903375,1
gdb_122,CCCC#N,4.544286560470564,-0.5821786096737024,-1.3366966952611132,-2.5790734317261066,0.9300322836343156,-0.7054527492926022,1.120193141189549,1
gdb_123,CNCC#N,3.403643561476068,-1.4694085877507532,-1.5039871211472184,0.0901978653898627,0.0140746928439047,-0.5926947131658047,1.3269683083505457,1
gdb_124,COCC#C,3.689982512610309,-0.7646620172512097,-1.341908863059531,-0.0094254583043493,-0.1353438710960878,0.0169046555338066,-0.3415931156489267,1
gdb_125,COCC#N,2.865929290687067,-2.05489437116399,-1.2406222704366128,-1.449135115797183,0.2748704454255814,-0.3018335331380827,1.1343806402531982,1
gdb_126,OCCC#C,3.904322840494082,-0.4349448746406084,-1.2190561107373596,-0.4950597347769635,-0.2750373583495999,0.3304868076442069,-0.1698020993647795,1
gdb_127,OCCC#N,3.1799449855332456,-1.5427578985778905,-1.1036146487894858,-1.8406162272594144,0.0771235631280514,0.1613995569781572,0.7997483992150703,1
gdb_128,CCCC=O,2.896749582197224,-1.2065001835537397,-1.5193377723606374,0.7092007876246983,0.4835512202834144,-1.1480554989379568,0.1754192508798481,1
gdb_129,CCNC=O,2.8369679748373025,-1.1246835206462789,-1.063366853144582,-0.1229317819516371,-0.3065526457015106,-0.0548578307635037,1.0873406627445026,1
gdb_130,CCOC=O,2.0756306353836864,-1.8193610343546465,-0.9111091811351634,-1.2072226672137445,0.0191740989816035,0.008493517378448,0.8182723133107571,1
gdb_131,COCC=O,1.7184971189482754,-2.1932272434040145,-1.183245654744328,0.0616438447526975,0.1001778398691729,-0.3533273735457223,-0.1479402603324188,1
gdb_132,OCCC=O,1.8248730438514955,-1.9519728139988384,-1.1927977986928844,0.3681819585926944,-0.006689155445245,-0.1581246590139081,-0.9661683842294068,1
gdb_133,CCCCC,5.513490390401047,2.619344120636612,-0.9077146307711688,-2.084548009856904,0.8388774483963135,-0.3655164903878078,-0.6010936441069559,1
gdb_134,CCCCO,3.759127659531321,1.194832743208506,-0.8039991771699181,-0.6077676055845855,-0.1224829288102095,0.1254162738685642,0.1649078524151584,1
gdb_135,CCCOC,3.83317837455187,1.3822018045882636,-0.7774120436617663,-0.2149752840195152,-0.3895509666922135,0.3378038198720466,0.0755899160170813,1
gdb_136,CCOCC,3.8494518189387352,1.376134190464017,-0.7770096411649575,-0.1376182306966203,-0.4326351964950689,0.3657160597135121,0.0615593032149906,1
gdb_137,COCCO,2.6388082164243625,0.044502011469568,-0.441857093844213,-1.0350471150505358,-0.7943127025434675,1.0488544304659873,0.4534945120459033,1
gdb_138,OCCCO,2.4099858861872963,0.0408882500240306,-0.4919984185719925,-1.0744792058354768,-0.6007661639901601,0.7752289647792547,0.7363792376855064,1
gdb_139,C#CC1CC1,5.286662385172451,-0.3888942282930457,-1.7355694111512376,0.747693096136742,-0.2632684865239929,-0.1550688073380057,-0.2505181328813127,1
gdb_140,C#CC1CN1,4.576626691504308,-1.1396319919680662,-1.6736790148083858,0.7208399369259076,-0.3432270382196768,-0.0472540930296867,-0.2496534541285819,1
gdb_141,C#CC1CO1,3.915464375392161,-1.781996005734443,-1.4662226436980457,-0.286627929696847,-0.2272521961712412,0.2071726052810207,-0.3517649981472482,1
gdb_142,N#CC1CC1,4.629117830579489,-1.6081598532756234,-1.5398558027083655,-1.5642202627848545,0.3621496709191649,-0.4218162072037559,1.223835823871943,1
gdb_143,N#CC1CN1,3.969312948359805,-2.140281319645812,-1.5329343948016445,-0.7729624581910388,0.0545102589515226,-0.1075655848162618,0.1988594608359536,1
gdb_144,N#CC1CO1,3.306633773089395,-2.8475351589218825,-1.3103887493738424,-2.091041572637983,0.2888573192368878,0.0737401797212473,0.2815938318801664,1
gdb_145,O=CC1CC1,3.218466178475389,-2.011672038062289,-1.5995665176702936,0.6028352615061824,0.1166978204839608,-0.7244804243683516,0.3927799902544999,1
gdb_146,O=CC1CN1,2.8549498397117685,-2.641578147986189,-1.4156441753061342,0.1976414771281984,0.0927404340428638,-0.3256625119323739,-0.6682276981895038,1
gdb_147,O=CC1CO1,2.008181884598757,-3.082032465415685,-1.3174511685691916,-0.0232657317898468,-0.0612985131939203,-0.0518646799880236,-0.5960514208549,1
gdb_148,O=CN1CC1,2.909175414878261,-2.267118366389745,-1.299545415514347,0.0176447570572843,-0.2253233517046882,-0.0873383233138123,0.4363633548020523,1
gdb_149,CCC1CC1,5.68628388939858,1.6620711740979304,-1.1372356604775349,-0.716373622838974,-0.0938738767569892,0.2001051819229636,-0.3728748062647366,1
gdb_150,CCC1CO1,4.250261162415913,0.4693726341232469,-0.8243530631459021,-0.8810061276281408,-0.6645988739877983,0.8027433038700443,0.4617953383896063,1
gdb_151,CCN1CC1,4.752650235314282,0.8781259928479426,-1.1394334346572164,0.6960052494054992,-0.7668177835449289,0.3720883957377158,0.3238856497586212,1
gdb_152,COC1CC1,4.199609091565082,0.4706180075387344,-0.8782052317852117,-0.0669178681310958,-0.9060995986009582,0.8725301651994141,0.1449804126181823,1
gdb_153,OCC1CC1,4.130927166779587,0.2685758840356243,-0.932301474454591,-0.5589931877079518,-0.5490505249685744,0.621495967810599,0.0579816019754127,1
gdb_154,OCC1CN1,3.233382092751852,-0.6463844984869781,-0.9006426528583946,-0.1580096183656223,-0.8167789293711855,0.614778954382007,0.9453821332055246,1
gdb_155,OCC1CO1,2.927784100323494,-0.6912406843432444,-0.5604502699581582,-1.140858005520192,-1.0265999871780205,1.4343243135628083,0.0836032953771013,1
gdb_156,C1CC=CC1,5.229701336733728,-0.2206265659964958,-1.4947867819239744,1.4587960129857254,-0.234364273137398,-0.3650226317371314,-0.7356180804721165,1
gdb_157,C1CN=CO1,3.435179070921648,-1.891700722348944,-0.9224086666223892,0.2485197139386653,-0.7461355960527662,0.633763456326835,-0.3043737561867454,1
gdb_158,C1OCC=C1,3.7672225407300335,-1.5349782995300258,-1.1816583008316115,1.1980651893257783,-0.6092397837353472,0.094257525506251,-0.1820315102941131,1
gdb_159,C1CCCC1,6.053186187545166,1.3460826187590444,-0.8876328034305162,-1.8924703128828957,0.2725071416058596,0.2394835115213911,-0.7477709656018794,1
gdb_160,C1CCOC1,4.273926294646583,0.0159867809122426,-0.7261739473396106,-0.0947962722264817,-0.8590460936289448,0.7866190047536648,0.2440732329840596,1
gdb_161,C1COCO1,3.2109526822906296,-0.7333629936699995,-0.2692264721965499,-0.8581540540470759,-1.3308141565677698,1.7425082117975623,-0.0705766980216815,1
gdb_162,C1C2CCC12,5.933438734850555,0.6799245801909191,-1.1128008480132552,0.0354298301548445,-0.6785652674944678,0.6011036783392448,-0.2198101415651949,1
gdb_163,C1C2COC12,4.360637602261276,-0.6975936964510601,-0.8648842297282441,0.3323730362635798,-1.2336673162085148,1.0517049095572786,0.4406666329383846,1
gdb_164,C1CC2OC12,4.550373209949577,-0.5161021552800129,-0.7501371998188647,-0.4773207005131438,-1.1041625105784705,1.1784729613535132,0.5042860095978617,1
gdb_165,N1C=CC=N1,4.1960282091987615,-2.2004273639960776,-1.1835801301660152,0.4998424552468202,-0.650151542442852,0.3177371118964457,0.1476633795299319,1
gdb_166,N1C=CN=N1,3.401100360990764,-3.318906113448785,-1.073460203141402,-0.4172931298960309,-0.3389615037762102,0.0886167791034713,0.9752578603671797,1
gdb_167,N1C=NC=N1,3.6830138389120126,-2.9363275685430863,-0.9982938977549008,-0.5985629030944674,-0.4303944538301165,0.4579714449954229,0.087008149411646,1
gdb_168,N1C=NN=C1,3.3633849421127606,-3.3009276256728293,-1.0183254986860055,-0.3973579938143693,-0.5578315548531007,0.150809807803603,1.9177650008730065,1
gdb_169,N1N=CC=N1,3.903010039420865,-2.5994347732564687,-1.0256582086478927,-0.325631340062729,-0.4123495300480314,0.7230358585518487,-1.7000626899752675,1
gdb_170,O1C=CC=N1,3.327884677098805,-3.230009553636958,-1.0820890982314315,-0.3123366197923824,-0.2865871470051989,0.207905687860712,-0.0367835890633238,1
gdb_171,O1C=CN=N1,2.636122994459738,-4.139400201470432,-1.003255785232425,-0.9574176404910358,-0.0266665932477834,0.1465414247138486,-0.1444759690112814,1
gdb_172,O1C=NC=N1,3.1264565320692506,-3.5550591145278747,-0.843593896954194,-1.5710315000777282,-0.0383136704255342,0.6944212227978762,-1.580695874225269,1
gdb_173,O1C=NN=C1,2.9281594572879555,-3.7339725752380737,-0.8296321545313817,-1.308140186576786,-0.2727775309809455,0.5813626896724847,-0.146821961451525,1
gdb_174,O1C=NN=N1,2.3485593798854807,-4.650600197526214,-0.75111465280307,-2.6065774279163825,0.37609657705035,0.4396333627465159,-1.0073186490664028,1
gdb_175,O1N=CC=N1,2.8544129113356846,-4.098957341428835,-0.922278461296778,-2.2183210821756503,0.4231089557520358,0.1320346089240907,-0.5415643352110693,1
gdb_176,O1N=CN=N1,2.352510306241528,-4.703763253842223,-0.8170956940555931,-2.593122057529594,0.5679600613035545,0.3554922706525696,-1.757213000326341,1
gdb_177,O1N=NN=N1,1.9730478970178007,-5.187807096046946,-0.654427608830531,-3.491165790761426,0.8243868577334744,0.65155927364999,-3.0424626915405177,1
gdb_178,CC(=NO)C#C,0.8572897564949391,-1.233331228464778,-0.9373560290905496,1.2513101041478358,0.1420282904191877,-0.4047001121239998,-1.4438613792619404,1
gdb_179,CC(CO)=NO,-0.2903323481544632,-0.7748942616403331,-0.092507854748694,-0.0684390160978764,-0.3339818786244096,0.4539285786543275,-0.4797805697225913,0
gdb_180,CCC(C)=NO,1.0081915166586497,0.4793674534070332,-0.423001388511375,0.7857408745938357,-0.036750339668195,-0.1387947623605096,-0.9120163117756984,1
gdb_181,ON=C1CCC1,1.146704394604666,-0.3590269531219116,-0.6176174160224027,0.7517653097138738,-0.1822912144191006,0.0387480439023868,-0.9330074143248648,1
gdb_182,ON=C1CNC1,0.4746290168176694,-0.937973984140523,-0.5311283654262409,0.9863447716388244,-0.5021755825969076,0.3207761089355661,-0.7943563241124646,0
gdb_183,ON=C1COC1,-0.1032787404340774,-1.4018201352552997,-0.2996557820892861,0.0931563788630727,-0.4999226024127657,0.7289844249303529,-1.138146014190642,0
gdb_184,FC(F)(F)F,-0.4836917008684571,-1.0319015406514171,2.8099564638804417,-10.017795675148625,-2.4109417330950125,7.010198440878257,-1.9048229641599772,0
gdb_185,N=C1NC=CO1,0.5382029975453277,-1.879745026191741,-0.6173162568712023,1.782800340219071,-1.3969023273491052,0.7636874686438333,0.8141861095790908,0
gdb_186,N=C1OC=CO1,-0.0652023138461082,-2.546618529187509,-0.3865103284225395,0.4859158662947326,-1.1673840308172592,1.0052858469798178,0.5897796161842096,0
gdb_187,O=C1NC=CN1,0.6043476093580261,-1.8255901990953864,-0.5683683996310595,1.5728649696546009,-1.5082455192619366,0.8939573255932491,1.1656378095198126,0
gdb_188,O=C1NC=CO1,-0.1271505676924129,-2.6481463817419177,-0.3752222667948381,0.4436401078765575,-1.2747326571064868,0.9900967589451266,1.313203118358921,0
gdb_189,O=C1OC=CO1,-0.6806950678788567,-3.218442078681909,-0.1443294938503081,-0.7733529724825106,-1.0576046457318424,1.3002714631747208,0.7206555670359016,0
gdb_190,CC1=CC=CN1,2.5067155334390474,-0.0024510636910341,-1.0318323477919784,2.3387938098784216,-0.8181916478662249,-0.0941637167124878,0.487984958569035,1
gdb_191,CC1=CC=CO1,1.9305710663989573,-0.5398718584550133,-0.8812668238995299,1.802897709439245,-0.7420082834899462,0.2899010965034156,-0.8096578126570131,1
gdb_192,CC1=CN=CO1,1.2905003431059248,-1.4375950179164785,-0.7473705008655587,0.6887952049481455,-0.5183420553451205,0.2914780464632984,-0.2491352578713245,1
gdb_193,CC1=NC=CO1,1.3982045987766132,-1.3061529288265326,-0.7244695027860595,0.7242745300406339,-0.5716876561261142,0.4390961825215881,-0.6854535416747235,1
gdb_194,NC1=CC=CN1,2.0347073035933203,-0.3206853581016657,-0.8756503044378967,2.454149537656398,-1.270635502963647,0.4793632675145202,0.233980415943693,1
gdb_195,NC1=CC=CO1,1.23562569142558,-1.0074092756554451,-0.748947404168164,2.431937451740172,-1.420197078958532,0.7262840761978738,0.0237135630688352,1
gdb_196,NC1=CN=CO1,0.5659269930762467,-1.911634547467462,-0.6359772981424727,1.496893799631169,-1.2184433143728073,0.7106706597344026,0.4921386847026014,0
gdb_197,NC1=NC=CO1,0.7964131098710194,-1.6167623720170563,-0.5624107652488639,1.37565767885842,-1.32125712912601,1.018570019591733,-0.1389821098769539,1
gdb_198,OC1=CC=CN1,1.4734500152346577,-0.6051981468307729,-0.6437739221477304,2.3473290106464346,-1.7136253317516774,1.1524933095733465,-0.1166083555164907,1
gdb_199,OC1=CN=CN1,0.7536569890673043,-1.589302921364246,-0.5292880419865761,1.3347705605406843,-1.4876659817237132,1.0611700567586837,0.694683022850725,1
gdb_200,OC1=NC=CN1,0.9162289589550104,-1.383713650742166,-0.4735253112116713,1.246620287866929,-1.5569692651040956,1.2726666986482529,0.262164727768061,1
gdb_201,CC1=CNC=C1,2.590675958819746,0.0949100801790611,-1.000762144778105,2.127478324915518,-0.8096382829083187,-0.000374849008037,0.3575711007526672,1
gdb_202,CC1=CNC=N1,1.9179297395983197,-0.8188100976819008,-0.8748521091341127,1.2479449082892775,-0.6755130749261462,0.0069971055466032,1.014112415349898,1
gdb_203,CC1=COC=C1,1.9410271563976536,-0.5733559146103884,-0.8694844288634712,1.5084918054239265,-0.6726103922397358,0.2703970593645571,-0.6397769807351449,1
gdb_204,CC1=COC=N1,1.3983891828482538,-1.3047359759996924,-0.7320550980707762,0.6297134764599546,-0.5331517290516089,0.4301182189627487,-0.7161399156541032,1
gdb_205,NC1=CNC=C1,1.9180476019439303,-0.3937997140449741,-0.919650187094054,2.840826469941463,-1.3742172232217862,0.4143566286916338,0.4767903101769595,1
gdb_206,NC1=CNC=N1,1.232762554987766,-1.2615395034389367,-0.8151403136458226,2.2780825086648986,-1.3245340355007975,0.4595718385798134,0.910142455911726,1
gdb_207,NC1=COC=C1,1.199126242042719,-1.1646616486155446,-0.7834251759702237,2.108068518526276,-1.20253194111793,0.5798255488485823,-0.0357334544349167,1
gdb_208,NC1=COC=N1,0.6345066900928529,-1.8402144304721888,-0.6774569982678299,1.6891174441189274,-1.1969701071634844,0.7969032179679497,-0.3835771826494661,1
gdb_209,OC1=CNC=C1,1.316974093530579,-0.8896047830440802,-0.7069456625894937,2.21778931334716,-1.4926554527025226,0.862550930328629,0.1607629698000744,1
gdb_210,OC1=CNC=N1,0.6484270413585134,-1.7559950816701109,-0.5966027360948876,1.5513818694335229,-1.3902354525054097,0.8953928049583703,0.5217846777797639,1
gdb_211,OC1=COC=N1,0.1614671024863906,-2.168143249843583,-0.4511413707590551,0.9894629644943398,-1.2586121187222046,1.3637901139960604,-1.4391717146390473,0
gdb_212,CN1C=CC=C1,2.543563814065743,-0.0831466469517511,-1.021133331498015,2.0808649895525084,-0.7269433726161485,-0.1185070854101095,0.490318633744684,1
gdb_213,CN1C=CN=C1,1.877850912261246,-1.008065687181069,-0.8827186952309117,1.0074333035064338,-0.5570731485210817,-0.1197160091062104,1.29942460113009,1
gdb_214,C1=CC=CC=C1,3.481386157066173,-0.3868797775162194,-1.2264836636346992,1.0974706019919254,0.1729545549995381,-0.4888091711907217,-1.3280957687277204,1
gdb_215,C1=CC=NC=C1,2.583051186597925,-1.5807027543947552,-1.2013827152526737,0.7664653097621046,0.265819471395522,-0.6994361240562023,-0.3774524159311691,1
gdb_216,C1=CN=CC=N1,2.050675513202872,-2.0898872696414075,-1.183559065860195,1.1955222638727483,0.1163903454400236,-0.3247063039260995,-1.999748013936001,1
gdb_217,C1=CN=CN=C1,1.934182372717074,-2.357820697502882,-1.132137339508079,0.6996047527081267,0.163579569649448,-0.5099248662773616,-0.5930873498384213,1
gdb_218,C1=NC=NC=N1,1.7347479850137195,-2.5944915119870107,-0.934376673770618,-0.0397702122782259,0.1564504325467967,0.1332224019550698,-2.2971622511129457,1
gdb_219,CC(C)(C)C#C,3.550676807663491,1.6173857912169942,-0.7449903910658466,0.060805759044584,0.2188200401651319,-0.3333695658731951,-0.4177353723103425,1
gdb_220,CC(C)(C)C#N,2.956318735519149,0.4503188716514437,-0.5194712225678102,-2.527655699302188,0.8972160921698787,-0.5618335819500113,1.0462369385260364,1
gdb_221,CC(C)(N)C#N,2.1305623317457942,-0.0362332875294782,-0.5705408783156399,-0.6335681533231236,0.1241476166832526,-0.1682915789150509,0.4664629527251474,1
gdb_222,CC(C)(O)C#C,2.07721228667184,0.260286568972538,-0.5051109919562358,-0.2628604064438077,-0.0836460544102213,0.1000289663894387,-0.1027718880487574,1
gdb_223,CC(C)(O)C#N,1.3300045763687736,-0.9530747440228026,-0.3654930059101255,-1.9154198141431944,0.3420959115883747,-0.1452158869416734,1.3091733458911914,1
gdb_224,CC(C)(C)C=O,1.3138897928671642,-0.2975541840984617,-0.7333540640437275,0.7767093005571968,0.4683478145388861,-1.0192631856028107,0.0004253355263098,1
gdb_225,CC(C)(O)C=O,0.0796924686181739,-1.3093877779668002,-0.4044456561249559,0.234075172897963,0.0587284759239792,-0.2640616982934928,-0.1686125372441622,0
gdb_226,CC(C)(C)CO,2.142205564994302,1.8933524695454669,-0.0739745998339722,-0.5962000337363296,-0.0365921389460992,0.1441012901447786,-0.0270225287091499,1
gdb_227,CC(C)(O)CO,1.066310867960843,1.234593008846262,0.2829986314582289,-0.7885148513014967,-0.6628784183103633,1.2057779610479358,-0.9420083854962424,1
gdb_228,CCC(C)(C)C,3.75202682506061,3.150930081865804,-0.2681549270845327,-1.61746244931688,0.8894107121181187,-0.4735097743864455,-0.8030740006299047,1
gdb_229,CCC(C)(C)O,2.0472493902559616,1.7994737600574793,-0.1209655852123608,-0.3868783840660298,-0.003463110259478,0.0348487398228714,-0.0648277427320877,1
gdb_230,COC(C)(C)C,2.0986769666041027,1.966689649210636,-0.0909529937383067,0.0825182111454907,-0.3160823766874361,0.2477435571403157,-0.02864939341998,1
gdb_231,CC#CC(C)=O,0.8829320725722016,-1.27796126849973,-1.0866887598455208,0.6249648361846906,1.03554765361087,-1.6364125087849373,0.2514451331342375,1
gdb_232,CC#CC(N)=O,0.5327673037705877,-1.3887726366635773,-0.8073338779001179,0.2009161213064648,0.4869589798838671,-0.8965419166247922,0.7221686537536084,0
gdb_233,CC#CC(C)C,3.0945432397533725,2.2440754334529576,-0.760578677690244,0.8220889755248777,0.4378036388295813,-0.7703048374563263,-0.6036982122473113,1
gdb_234,CC#CC(C)O,1.6128835213382482,0.7787526472699314,-0.5109271773817882,0.1162484105420072,0.2600968800137748,-0.4243734876793568,0.0277515956740329,1
gdb_235,CC(=O)CC#C,1.4463856803674708,-1.1792609779760346,-1.038832468888807,0.7050126260696213,0.3018584870480893,-0.6991634672294494,-0.2891652205344168,1
gdb_236,CC(=O)CC#N,0.5929331977948958,-2.3644456465196817,-0.9107106539918468,-0.763794092518727,0.7053416958166717,-1.0305022453912709,1.3815831385892317,1
gdb_237,NC(=O)CC#C,1.1180183967253507,-1.1754809941063185,-0.6621367566693193,-0.2248157389378585,-0.2007525433099689,0.0323338590628499,0.8672944153458353,1
gdb_238,NC(=O)CC#N,0.3227606613764173,-2.360686510344532,-0.553129835911176,-1.4904305352567728,0.0957362748183456,-0.1897828222202103,2.2653834554308907,0
gdb_239,CC(=N)NC=O,0.5514192114870402,-1.0515905310192335,-0.5100135026904368,0.0293504775695013,0.0371955066629457,0.1188848587049431,-1.3390296129368615,0
gdb_240,CC(=N)OC=O,-0.5037817184948092,-2.090312627155684,-0.3413102456332394,-0.9246332381443056,0.1617500036323865,-0.043248144977857,0.3596583987681117,0
gdb_241,CC(=O)CC=O,-0.1029396881873667,-1.7174003041345236,-0.6299869343821346,0.3654508548865573,0.222639401305516,-0.4365896628465932,-0.3932355073161375,0
gdb_242,CC(=O)NC=N,-0.0427829053113056,-1.7421382642740375,-0.5855376942751479,0.3195331702375577,-0.0138864465453683,-0.517286030158763,1.4214951575560049,0
gdb_243,CC(=O)NC=O,-0.8126980572330119,-2.56184051610282,-0.4504550832796876,-0.2202085593828037,-0.0142668432148724,-0.3181327750619007,1.39674830377492,0
gdb_244,CC(=O)OC=N,-0.1303864303601812,-1.4621237858363347,-0.2873861773353623,-0.7584837815899115,0.061498168981779,0.4521840886633616,-1.5984156588962124,0
gdb_245,NC(=N)NC=O,-0.297570288977195,-1.8058304204739013,-0.4535452378397424,0.7040472259277468,-0.5038082457078252,0.3166602465286427,-0.3015744875466999,0
gdb_246,NC(=O)CC=O,-0.639804101714579,-2.1847617403133506,-0.4397724375451856,-0.0288584071347227,-0.1042363981115377,-0.0239957081616358,0.2371020477422072,0
gdb_247,NC(=O)NC=N,-0.3985124850685006,-1.948542641343164,-0.3398138523345371,-0.2113543596379077,-0.3780461852927712,0.1150067697853255,1.497052635797834,0
gdb_248,NC(=O)NC=O,-1.2011424795357688,-2.800756187733124,-0.2018223528547455,-0.7640164428761455,-0.3806610622036346,0.2750630868979213,1.69500856284805,0
gdb_249,NC(=O)OC=N,-0.5580361980578985,-1.714891523559255,-0.0242744480254483,-1.2270175700022854,-0.4285505478348814,1.0656299844775097,-0.8074303884581361,0
gdb_250,CC(C)CC#C,3.309053265815252,1.7252853143015423,-0.8083224354952943,0.0805227576221268,0.4741422006342911,-0.6357999916706844,-0.434764495489581,1
gdb_251,CC(C)CC#N,2.706500197956564,0.5473529525395107,-0.5969257733018797,-2.483588938904357,1.1633713464367474,-0.8783520911333497,0.989007105811324,1
gdb_252,CC(O)CC#C,2.068784253256568,0.7201152467415555,-0.4626414428334973,-0.5099846011107937,-0.0086341434305468,0.1434105249447435,-0.2230590350834999,1
gdb_253,CC(O)CC#N,1.2026915683306327,-0.5386532862496735,-0.3539012119417799,-1.8271057708021052,0.3361615746298033,-0.1861655924453294,1.4981261177653953,1
gdb_254,CN(C)CC#N,1.521521835974702,-0.3307238600144154,-0.7899352926148155,0.5301940648578752,0.1119483639005119,-0.7411266189071681,1.282837849494715,1
gdb_255,CC(C)CC=O,1.0713271341167534,-0.055600582575775,-0.7620068996921315,0.7065420688146076,0.7336099567691489,-1.3135662467881593,0.0893488351516027,1
gdb_256,CC(C)NC=O,0.9422398757292374,0.1561984076325817,-0.3251429923960372,-0.1090680641360667,-0.0040919267668593,-0.2814601695996805,1.0083095370702388,1
gdb_257,CC(C)OC=O,0.1601680419096227,-0.5334234226450859,-0.1553037493740063,-1.1570499091309845,0.3154484076080864,-0.2391303700721355,0.8260686363026997,0
gdb_258,CC(O)CC=O,-0.2459412371199115,-0.9880109958281396,-0.4306066221204289,0.4315275168774876,0.2072997637332343,-0.5734591727137263,0.2393640274002723,0
gdb_259,CN(C)CC=O,0.354052068612995,-0.6006333005752627,-0.7155372912237078,1.4231218739809288,0.2840364013500389,-1.0057232738228834,0.0565205201830804,0
gdb_260,CC(=O)CCO,0.0280316145263273,-0.4511533999657182,-0.3506086998278424,0.4608555593682228,0.085585036802223,-0.1661267241544507,-0.9559003378224136,0
gdb_261,CCCC(C)=O,1.0589293287541497,0.2491689512578538,-0.6918313307299436,0.8377234295275655,0.6404249849593764,-1.2313260572360212,0.1100858713294067,1
gdb_262,CCCC(N)=O,0.8216625599984393,0.3104251164660709,-0.3275154195672296,0.0714947915404049,0.0328836981211212,-0.3557994762151348,0.8932373204236198,1
gdb_263,CCNC(C)=O,0.8710483485520643,0.2723152236627567,-0.3290190293508017,0.1811156794779692,-0.0723790520413105,-0.2870525528396813,0.9798038213535596,1
gdb_264,CCNC(N)=O,0.5135776261769213,0.2086227209516376,-0.0573258195248369,-0.3333939481034271,-0.4723841574893362,0.3839889423786111,1.0909360257834697,0
gdb_265,CCOC(C)=O,0.3925068633194716,-0.0893372072994071,-0.1255095916895935,-0.658016850588109,0.0214346678245728,0.2061895086109799,-0.3921099930628448,0
gdb_266,CCOC(N)=O,0.146078662347539,-0.0246588886216581,0.217427036975901,-1.2586963435942626,-0.5989726621686117,1.089859057326119,0.141350907853642,0
gdb_267,C[NH2+]CC([O-])=O,-0.4766341184593387,-1.271174748752159,-0.0698557673833346,-0.5778853017777358,-0.3979878365306107,0.2395925216841286,1.6029378763557616,0
gdb_268,COCC(C)=O,-0.2097965917313956,-0.8412562090263913,-0.3622896696375097,0.2610740568983995,0.1819104651925496,-0.5222459895824266,0.4965770662207021,0
gdb_269,COCC(N)=O,-0.471362280033187,-0.8267564319869718,-0.0223159503322385,-0.4328606219164819,-0.3856062591255714,0.3101599343287665,1.1199507462854863,0
gdb_270,NC(=O)CCO,-0.2072236828901898,-0.3911051874889383,0.01614078773894,-0.3117914178949374,-0.5311865021165814,0.7182909875498098,-0.1500636009100354,0
gdb_271,[NH3+]CCC([O-])=O,-2.7614457481221346,-3.4452653915313265,-0.6606048106245254,2.25607649930764,-0.0454704028463229,-2.465859531755584,7.556615895828587,0
gdb_272,CC(C)CCO,1.890286686024224,2.4007416964739785,-0.0262993072710692,-0.624516093393895,0.1916248129163129,-0.1062631574192585,0.0839108830552077,1
gdb_273,CC(O)CCO,0.7478263785674976,1.6099662134732098,0.27131409799393,-0.6767455216062891,-0.3826825006583141,0.8558222568797821,-0.93351014316035,0
gdb_274,CCCC(C)C,3.545668498451064,3.719535860093353,-0.1769201293812866,-1.806855232967316,1.1451329652413968,-0.6958892270324019,-0.6815137155775877,1
gdb_275,CCCC(C)O,1.8263723666041465,2.317393670991166,-0.0539145169765837,-0.5524707194096143,0.2664585742206433,-0.210825052811252,0.0218767612815912,1
gdb_276,CCOC(C)C,1.915627382171837,2.49239812552803,-0.0430284917179989,-0.0220160837604222,-0.0987900975452303,0.0598633973892327,-0.0238599667683909,1
gdb_277,COCC(C)C,1.952274238774234,2.518354195416553,-0.0270873096016917,-0.2180282401930255,-0.0429976972690206,0.0707154189252858,-0.0678697418355363,1
gdb_278,COCC(C)O,0.7004517289705612,1.2037809937644923,0.2742366610511771,-0.9168917864614398,-0.4697718621146867,0.7567623560416875,0.3556587193907904,0
gdb_279,CC(=O)C(C)=O,-0.0927041164174972,-2.163300673334827,-0.8452310851544262,1.486904219011286,0.213574331221134,-0.4460048429466047,-2.358766324891983,0
gdb_280,CC(=O)C(N)=N,0.154438947654954,-1.9351271009150453,-0.7094865506076098,0.7328037656543588,0.1574354028589173,-0.4019032378314149,-0.9305391431020884,0
gdb_281,CC(=O)C(N)=O,-0.5586093999696391,-2.493171604209844,-0.5921492891468213,0.9554277799925616,-0.1696578914041348,0.061373524722509,-1.5867110475499857,0
gdb_282,NC(=[NH2+])C([O-])=O,-1.6871305675544102,-3.792833831384451,-0.3669674336086284,0.0130654122677157,-0.3724705257550365,-0.337958539934089,3.062004600618471,0
gdb_283,NC(=O)C(N)=O,-0.6852595911154288,-2.24231860406705,-0.2599049987333202,0.5647613851424862,-0.7714011539492824,1.0804736101256185,-2.140248715342009,0
gdb_284,CC(C)C(C)=O,1.2728605052881838,-0.1077817128874779,-0.7179065586657528,0.974905926651139,0.3488774079658392,-0.9657136916086564,0.142312000320728,1
gdb_285,CC(C)C(N)=O,1.0528297630248773,0.0003763486260226,-0.329169150292631,0.1699386532868964,-0.2606688612446638,-0.0701959956343646,0.929593151397452,1
gdb_286,CC([NH3+])C([O-])=O,-0.3887812137622513,-1.3938266733981317,-0.041246843585883,-0.5929936703824074,-0.4443405247093629,0.315292858720627,1.499577494354303,0
gdb_287,CC(O)C(C)=O,0.0844952503631902,-1.1934772523750716,-0.3688445233696487,-0.1939438104495453,0.2497570596807839,-0.3406149736005761,-0.1553823562360062,0
gdb_288,CC(O)C(N)=O,-0.2116411804770128,-1.179936236839764,-0.0062227819219438,-0.8393726471580896,-0.3981275914595086,0.4934233637625683,0.8548862895538707,0
gdb_289,CN(C)C(C)=O,0.9541526147752823,0.0217753939262701,-0.342587929724672,0.4726030376949783,-0.2668861306366291,-0.1770063586969524,1.0131193127639644,1
gdb_290,CN(C)C(N)=O,0.6124355514298022,-0.0845653168347423,-0.0734578173976621,0.1550128755949117,-0.8069581201524171,0.5680755718355243,1.2243683834257753,0
gdb_291,CC(C)C(C)C,3.739834446505749,3.3525589515382483,-0.2284927500472565,-1.6332131377432728,0.8782819879433845,-0.4509663202507474,-0.7569135443439453,1
gdb_292,CC(C)C(C)O,2.045904037960609,1.868082686239303,-0.1052583781993604,-0.4688504889043329,0.0155057802606817,0.0317658180839848,-0.0050675636104661,1
gdb_293,CC(O)C(C)O,0.9289714134257536,1.1520299146179644,0.2188800526409109,-0.4946823927223669,-0.6181412908395234,1.0547888086727788,-0.998963652578695,1
gdb_294,CC1(C)CCC1,3.904866288161021,2.501355941715928,-0.4265793105989487,-0.9867308512149944,0.3461538133675326,-0.0674168665143047,-0.7049005566434446,1
gdb_295,CC1(C)CCO1,2.2372804924010663,1.2064799051783557,-0.2270796207957638,0.1718075477298142,-0.6336121694058349,0.5183608054060184,0.3060488736924494,1
gdb_296,CC1(C)COC1,2.1514268717119798,1.0683194691926738,-0.2730943884065396,0.0966742878118915,-0.4984561183669911,0.3607288939607643,0.3721553360160778,1
gdb_297,CC1(O)CCC1,2.300476559688802,1.217081907540952,-0.224171321252473,-0.2434571711424634,-0.428678215199312,0.4810734490312324,-0.0035740385562242,1
gdb_298,CC1(O)COC1,0.8360579687142192,-0.0360030233077859,0.0333073132114448,-0.372132340976485,-0.8734165179961116,1.0034611784555667,0.4011513171213107,1
gdb_299,CC1(C)CC1O,2.289623736912324,1.4346947935219911,-0.2014184085630639,-0.2112043932289674,-0.4698802908958828,0.5255359123214977,0.0446645567931724,1
gdb_300,CC1(O)CC1O,0.9531050752630208,0.3812161828026884,0.1051546799846407,-0.3663966781388377,-1.0326630647541368,1.248391982520731,0.2529634264732672,1
gdb_301,CC1CC1(C)C,3.675883661095165,2.617327160594724,-0.4953812126205158,0.0100207334656097,0.0550926679815435,-0.1105021186966173,-0.4421316669523107,1
gdb_302,CC1CC1(C)O,2.224938677287693,1.3867070345547217,-0.2321572441738289,-0.0292221658541812,-0.473954883264035,0.4667280729265182,0.036330880943,1
gdb_303,CC1OC1(C)C,2.3190975436338825,1.5162347698264187,-0.1420616975347388,-0.551582463345161,-0.4465980342165598,0.5493980758020676,0.41128761482667,1
gdb_304,CN1CC1(C)C,2.7872297530145485,1.8592658711696812,-0.4793503086655878,1.1650908224315124,-0.5731051798893014,0.0898191276723768,0.2949627128900297,1
gdb_305,CC1CC(=N)O1,1.3329262652746627,-0.450964737192683,-0.4469142148758873,-0.4780368853596387,-0.1694776965203274,0.1761394900341627,0.3639241314629646,1
gdb_306,CC1CC(=O)C1,1.303395213233581,-0.820234514394636,-0.9309502735805116,0.9308681647269466,0.2828207740052331,-0.8898953207393093,0.2083431935939607,1
gdb_307,CC1CC(=O)N1,1.1890393266066768,-0.5600928678307954,-0.4675774170656822,-0.1722371575747601,-0.3463640436936971,0.1192495402247756,1.1145988368505164,1
gdb_308,CC1CC(=O)O1,0.5026427764811254,-1.4029545616510588,-0.3059578203286868,-1.2091583860902442,-0.1110476848772848,0.2681232641718929,0.806410710133791,0
gdb_309,CN1CC(=O)C1,0.7022337920061394,-1.303510455646647,-0.8413959654867506,1.221326382249475,-0.0318049207973253,-0.5362587652846217,-0.0860800387906223,1
gdb_310,OC1CC(=O)C1,0.093339717402893,-1.762348503851774,-0.5981432215623576,0.4713713771215339,-0.1996419296734649,-0.0715034642951205,0.023462406493853,0
gdb_311,CC1CC(C)C1,3.789237832472912,2.8624457720223697,-0.4118933168693091,-1.092287493791353,0.4439707912403502,-0.1573073532524233,-0.5475857626498197,1
gdb_312,CC1CC(C)O1,2.2325159097418465,1.5916740514637442,-0.1946005146095117,0.0139558096919718,-0.6234094696456901,0.5694374067874706,0.3675952194587024,1
gdb_313,CC1CC(O)C1,2.169155945741616,1.5005339562354243,-0.2426639414242482,-0.3299556601209675,-0.2980218313363775,0.35621297095017,0.0681049996596405,1
gdb_314,CN1CC(O)C1,1.474766832501421,0.9871482743789756,-0.178667196368821,0.7327258634340335,-1.0132610493754295,0.8082131764557399,0.2927841094813986,1
gdb_315,OC1CC(O)C1,0.9189891903436228,0.4841420150069233,0.0471002199168111,-0.6081653397466784,-0.7898023420238188,1.1482104286381545,-0.2806756802196807,1
gdb_316,CC12CC(C1)C2,4.297824513426111,2.1497516550237643,-0.4067757153550106,-1.5918008945863236,0.1057188580021119,0.4220433051743243,-0.5545965689535781,1
gdb_317,CC12CC(C1)O2,2.519038051220037,0.8224899770474144,-0.2572998069672142,0.2349314889892633,-1.104514768408617,1.0233163770638831,0.5794863802976521,1
gdb_318,CC12CN(C1)C2,2.9828424862850693,0.9749394805570064,-0.5832761837372935,0.7974570748662648,-0.7072696885453851,0.2847031374800856,0.6749222526235121,1
gdb_319,OC12CC(C1)C2,2.619317064547888,0.7001633874358425,-0.2638996723091049,-0.591799217013673,-0.6445439654564765,0.8796162455837947,-0.0445669984597796,1
gdb_320,OC12CN(C1)C2,1.8423160295720435,-0.0179130811905591,-0.2305025275848596,-0.1391142776463097,-0.9236145987256076,1.031998274446623,0.0899629612867406,1
gdb_321,O=C(C#C)C#C,1.2683733679463445,-3.2227005551390637,-1.5172220197467223,-0.017746085034979,1.1415359575425603,-1.384261119730164,-0.6663826417996749,1
gdb_322,O=C(C#C)C#N,0.7062402971658961,-4.180394896425026,-1.41281262428659,-1.369298169192655,1.5499025251711505,-1.3831289749187805,-0.8213947828755718,1
gdb_323,O=C(C#N)C#N,0.5307799090364526,-4.513035094905388,-1.291607939408189,-2.365624573943937,1.844176807657152,-0.8508975401767251,-3.3618453811715403,1
gdb_324,O=CC(=O)C#C,-0.5023357175555158,-4.245192385148234,-1.25884053185519,0.2631254941156832,0.8836569565659648,-1.2641944811928365,-0.2678033224431507,0
gdb_325,O=CC(=O)C#N,-0.7359501770801856,-4.6111829672543285,-1.1514253951234985,-0.5018272415630863,1.0751287084089396,-0.740635131825034,-2.572340845884931,0
gdb_326,O=CC(=O)C=O,-1.9981002176067095,-4.8839931747634,-0.949611684505026,0.514040232219019,0.5858093247179214,-0.8017560194355852,-1.164747658309845,0
gdb_327,CC(C#C)C#C,3.502002771093814,0.2340778134651069,-1.1586643246312442,0.0715376254896186,0.3336540729190345,-0.3875182644115113,-0.7929861176434776,1
gdb_328,CC(C#C)C#N,2.672790628832336,-1.0388607840320156,-1.060501111271858,-1.2445632182795587,0.6790346193423717,-0.6748223392749686,0.6979260078759215,1
gdb_329,CC(C#N)C#N,2.3292599501705404,-1.7529365314121614,-0.8487085758382491,-3.385316263437662,1.253167801058173,-0.5334927302622485,0.3112717200659823,1
gdb_330,NC(C#C)C#N,2.106886640646477,-1.4634718388617156,-1.0008995345985323,-0.8256177723917848,0.4006503698074357,-0.2793322571663041,-0.2387032546016881,1
gdb_331,NC(C#N)C#N,1.4546656414193777,-2.410529074780821,-0.9058554656337888,-1.8230136847742129,0.6576607934101744,-0.2982761689727533,-0.0055717052227492,1
gdb_332,OC(C#C)C#C,2.058561593970493,-1.1603996403921866,-0.9366839957078232,-0.4228741388625169,0.1865842698484433,-0.0029351389083519,-0.871321006748203,1
gdb_333,OC(C#C)C#N,1.383294674864456,-2.21675945289603,-0.8166875505444826,-1.8003531998973972,0.5513795307636563,-0.1199704564714535,-0.164484691621854,1
gdb_334,OC(C#N)C#N,1.0830406850429952,-2.7555162406495874,-0.6424797503934182,-3.348967479254743,0.9582695877087825,0.180512488779613,-1.3221600908549036,1
gdb_335,CC(C=O)C#C,1.3866244811506514,-1.3318508414238213,-1.0648726200988237,0.5692835853828876,0.5277180107184316,-0.8986176128576728,-0.425086241410087,1
gdb_336,CC(C=O)C#N,0.8512945466787895,-2.12209734376949,-0.946154778694384,-0.4890005119885716,0.7480930227069201,-0.7618609537400727,-0.6049663513308545,1
gdb_337,OC(C=O)C#C,0.2422538253431006,-2.40770692374202,-0.7457931509325856,-0.3025621904753005,0.2728638271237749,-0.1439296062889056,-0.9732235012910864,0
gdb_338,OC(C=O)C#N,-0.2808276605700983,-3.2527545558398105,-0.6013683822402327,-1.7623073058337773,0.6477857200018339,-0.0870789858222745,-0.9835352549547144,0
gdb_339,CC(C=O)C=O,-0.2113163592965266,-2.093214646477372,-0.7044219282284185,0.32707234390203,0.4289906913399149,-0.6954538363331404,-0.3642523431485311,0
gdb_340,CN(C=N)C=O,0.3422230670568306,-1.2297660545162206,-0.5288298117226932,-0.0653012283518309,0.1386768419085598,-0.1664492218964477,-0.4007052366488103,0
gdb_341,CN(C=O)C=O,-0.1618955083507569,-1.664423040033962,-0.3722984006767774,-0.4345827857822791,0.0285670241209041,0.4133761339625892,-1.8528206102671576,0
gdb_342,OC(C=O)C=O,-1.3863690598390133,-3.146127015229081,-0.3777352103034709,-0.3326536737664585,0.0243531766720602,0.0889167656779124,-0.5291668124315989,0
gdb_343,CN=C(N)C#N,0.6776401314551034,-2.1863749860807378,-0.990658939169178,-0.1108169695103567,0.6488736908861656,-1.12385067216603,1.0963375135899176,1
gdb_344,CN=C(N)C=O,-0.1536394893172638,-1.9588462142447036,-0.7965375100348104,0.7927811455811196,0.4329345356492657,-0.8329896355827787,-0.4980621207565431,0
gdb_345,CCC(=O)C#C,1.179317235920304,-1.6257251160867054,-1.1523014411276618,0.3564900345360051,0.9289910207331707,-1.3193556922438625,-0.4118398207553395,1
gdb_346,CCC(=O)C#N,0.5950294617456058,-2.584629547770193,-1.0518690940255735,-0.9367601209373712,1.3161251229397906,-1.3310849713327753,-0.4776864142228472,1
gdb_347,CNC(=N)C#N,0.8237007216518263,-1.892705439324226,-1.013653255175632,0.4669835948515847,0.4363806629971349,-0.8185309276607335,-0.0965701108965413,1
gdb_348,CNC(=O)C#C,0.7716810704320543,-1.7127490567717394,-0.8564257765768689,-0.0229614239677083,0.3983400839556344,-0.6700965784331467,0.3593828827379516,1
gdb_349,COC(=O)C#C,0.3495294956939066,-2.0722299851982475,-0.6645960046128824,-0.6817772562118641,0.3815472646775341,-0.0691930089637871,-1.2163315518589557,0
gdb_350,COC(=O)C#N,-0.3507128357622129,-3.261611305236757,-0.550665194006557,-2.3576120645609038,0.900002578614745,-0.3001806234450691,-0.3746358971639131,0
gdb_351,OCC(=O)C#C,-0.1543775005427208,-2.741987750094637,-0.8185997969974502,-0.2380239057961584,0.4900259399271163,-0.6748649107573929,0.1933969717159451,0
gdb_352,OCC(=O)C#N,-0.6573131464318976,-3.5599698934601776,-0.712325205781239,-1.458834249500956,0.8575878374661007,-0.5786409518756273,-0.3698219109141955,0
gdb_353,CCC(=O)C=O,-0.3182330852715135,-2.347426392055625,-0.9008641591120936,1.066669193562677,0.5877732230082946,-0.854218317136426,-1.8779723495291556,0
gdb_354,CNC(=N)C=O,-0.3828534826716595,-2.3100495444445994,-0.8788317940334024,1.0712726743207976,0.435494968721366,-1.0767292540440792,0.0900452594137982,0
gdb_355,CNC(=O)C=O,-1.1744393827280348,-3.0424193071446224,-0.6698660327099124,0.2820980662463765,0.4047414088671759,-0.8969735061619007,0.8105995719995767,0
gdb_356,COC(=O)C=O,-1.623619015066637,-3.4473823759631297,-0.4730299824642271,-0.3358852190672521,0.3121907954274037,-0.2888193874999055,-0.4490668907960687,0
gdb_357,OCC(=O)C=O,-2.0036665119287123,-3.8279429214713288,-0.5943311946802681,0.2544064742214834,0.3170766766915238,-0.6895024649911818,0.3993749919433663,0
gdb_358,CCC(=O)CC,1.1400577392356868,0.1823476574314372,-0.7010523156609741,0.8428462144064297,0.540657389282467,-1.119482754646148,0.0975209297504473,1
gdb_359,CCC(=O)CO,-0.1873257125740261,-0.9155241495777372,-0.3693786635977781,0.2683900654890933,0.0899958789300291,-0.4607798660393498,0.671016369692253,0
gdb_360,CCC(=O)NC,0.8903560896109671,0.2861824996791342,-0.326223671503452,0.1116845655649257,-0.0525127515235534,-0.2754503435842168,0.9239961281913815,1
gdb_361,CCC(=O)OC,0.4792850427691805,-0.0942731549010278,-0.1264801394672087,-0.7252240298155397,-0.0101552367262421,0.3049890894369975,-0.597292615339978,0
gdb_362,CNC(=O)CO,-0.4711642186390343,-0.8794544370912571,-0.0382893058033259,-0.3113241845947849,-0.4504589718803152,0.3275426674402209,1.1860258265368646,0
gdb_363,CNC(=O)NC,0.5734488732397351,0.253368216330072,-0.0424725024917222,-0.2232573667303245,-0.6228040261463065,0.509188168100254,1.187457774715854,0
gdb_364,CNC(=O)OC,0.1413665228552996,0.0301675762370563,0.2009437784048041,-0.7260499143606401,-0.8653354569727979,1.212395678532165,0.2068476361560277,0
gdb_365,COC(=O)CN,-0.223553277431714,-0.6442469648252789,-0.074975481609526,-0.0416284796603592,-0.4854111607222311,0.6449929064742643,-0.6075757704103877,0
gdb_366,COC(=O)CO,-0.9274148924443169,-1.3889416422277523,0.134908772422048,-1.1710840204016466,-0.3485850467690535,0.8167934803721526,-0.2439276487950291,0
gdb_367,OCC(=O)CO,-1.5165710537967467,-2.0136477700467013,-0.041441327675372,-0.2926643329407986,-0.3510877500466755,0.1920364109604803,1.195718421566403,0
gdb_368,COC(C)=NC,1.2039776671627254,0.5924138246684995,-0.315544160301216,0.4510711250481192,-0.1964619246648731,0.1249419569703096,-0.6765343659755887,1
gdb_369,CC(CO)C#C,2.092947828382369,0.7475714832631425,-0.456029582825506,-0.4617488427797723,-0.0399744723736893,0.1777692448202373,-0.2829314854294003,1
gdb_370,CC(CO)C#N,1.3771083961603698,-0.3590192446726178,-0.3343880547352727,-1.8208096805099028,0.2795073450089845,0.0346899463851289,0.767282698733237,1
gdb_371,CCC(C)C#C,3.32097678420942,1.7641361137888834,-0.7917367365464195,0.1121369038840929,0.4351646242592911,-0.6075683145412709,-0.3859437997537771,1
gdb_372,CCC(C)C#N,2.717976596597927,0.5838996243867882,-0.5767408855000867,-2.4617879267071987,1.1159382265563131,-0.8455073302559016,1.0792558370167955,1
gdb_373,CCC(N)C#N,1.921136235508184,0.1132921535357746,-0.6220526606779442,-0.6704480552017913,0.3794494783673519,-0.4404069815357309,0.4080643192463097,1
gdb_374,CCC(O)C#C,1.924306744586,0.4590382286518525,-0.5507559837964761,-0.3752422767962503,0.2193869013203705,-0.1355173955467165,-0.4795149169864185,1
gdb_375,CCC(O)C#N,1.3087400583615982,-0.5642224818092381,-0.3991567288810443,-2.049775936147903,0.640780405921326,-0.2217865598983847,0.2591611203076208,1
gdb_376,CNC(C)C#N,1.5769453973174106,-0.267189006130876,-0.7268467703416112,0.2114356580491185,0.1315270529282425,-0.6964414126878455,1.5111507530824269,1
gdb_377,COC(C)C#C,1.9063690507875168,0.4843597761702943,-0.5535202910542631,-0.0022671485064822,0.0265799680271376,-0.0649309529676867,-0.316202379575128,1
gdb_378,COC(C)C#N,1.3384859440932242,-0.6048118591859162,-0.3828855971380486,-1.4410956873977274,0.3240530617509395,-0.0672460521218816,0.317220196712089,1
gdb_379,NC(CO)C#N,0.4630812953548484,-1.2046558433527512,-0.3559906243250506,-0.8828116628522725,-0.1379108739400259,0.1082027409139468,1.2206501084742047,0
gdb_380,NCC(N)C#N,1.0709778732738342,-0.7535506293295913,-0.5571748214167596,-0.4302640784323294,0.0310110640250115,-0.3617153829193531,1.6171397577569615,1
gdb_381,NCC(O)C#N,0.4034276992892453,-1.2261509570435647,-0.4389174641070913,-0.3571382536304786,-0.1328916908028352,0.0621532398702781,0.5106525244885362,0
gdb_382,OCC(O)C#C,0.5323730198355537,-0.7712754150173338,-0.2954422723811317,-0.6089580542729034,-0.2098661473763633,0.4461148813945418,-0.291578588300001,0
gdb_383,OCC(O)C#N,0.0338232845275321,-1.4763741285179215,-0.175924029771322,-1.55928271084974,-0.0141243488593864,0.6408305527754126,-0.7678427445774535,0
gdb_384,CC(CO)C=O,0.1138194303140286,-0.8116349880879814,-0.397736326815768,0.3216818965933242,0.1006194875955603,-0.1609912656443545,-0.9537861647695366,0
gdb_385,CCC(C)C=O,1.0769754642594924,-0.0606094031258723,-0.7581133973306063,0.8085855418243315,0.6713079402739852,-1.2844210805626393,0.1323959533768104,1
gdb_386,CCC(O)C=O,0.0244509436247646,-1.0197831540900626,-0.4112403012676424,-0.419581979707798,0.5627286477772706,-0.5052008101980452,-0.7429416335750062,0
gdb_387,CCN(C)C=O,0.8515599734305925,0.0908811902435091,-0.3661387112758924,0.1996886832266707,-0.0617305386401994,-0.3501731550571439,1.1366448484613274,1
gdb_388,COC(C)C=O,-0.0913147499470347,-1.0722551146855694,-0.4354247245660373,0.1549532222929788,0.2804593079297359,-0.4784747602829499,-0.2107418150909084,0
gdb_389,OCC(O)C=O,-1.1773171775176303,-1.90841314747716,-0.1391266212685804,-0.3126221771170422,-0.0500024524564334,0.4028531482604804,-1.5796526353368978,0
gdb_390,CC(CO)CO,0.5973153207162746,1.1062336278928036,0.2464612741223029,-1.041171683808237,-0.3462072731286424,0.603046560173417,0.5686455268241895,0
gdb_391,CCC(C)CC,3.598721823726867,3.5974201137015105,-0.210040417030643,-1.7381421294865869,1.056277027096221,-0.6208748356284522,-0.7026312486939691,1
gdb_392,CCC(C)CO,1.9560635326983595,2.279046875307333,-0.0526558859687368,-0.6353775995862047,0.1376073232215464,-0.0388105398340984,0.0347384116569821,1
gdb_393,CCC(C)OC,2.0250057525205576,2.313076561028852,-0.043772941897009,-0.0930806391762218,-0.1835692660147247,0.1683551111213469,-0.0101234975340321,1
gdb_394,CCC(O)CC,1.8838976665065656,2.1866106173270947,-0.0796857073805535,-0.5639385682038003,0.2073678519294279,-0.150511032357217,0.0370976885179397,1
gdb_395,CCC(O)CO,0.4958810617904749,0.97978063648472,0.1794703998367644,-0.7129753405183692,-0.304407203621573,0.4795179047913585,0.3246574216051857,0
gdb_396,COC(C)CO,0.7439171460915617,1.1138192325642735,0.266906579991428,-0.7905499967609468,-0.5915558652269027,0.8394823920109162,0.4096158237711996,0
gdb_397,OCC(O)CO,-0.681129979415715,0.0390157164248078,0.4755321310523394,-1.0865856659920723,-0.7382700648157768,1.3136471359061916,-0.3855706114826888,0
gdb_398,CC1(CC1)C#C,3.4915570539286414,0.91188341806901,-0.9804566617904812,0.7606981421218262,-0.0878516002048138,-0.2336474212556325,-0.3173933225733705,1
gdb_399,CC1(CC1)C#N,2.803345738197308,-0.3203608011373453,-0.8017510592772484,-1.367903946069409,0.462683395939195,-0.4906015322128068,1.2242134123800472,1
gdb_400,CC1(CN1)C#C,2.772944441813064,0.1186455932092404,-0.8895838453568738,0.4159056928992204,-0.1232691038089677,-0.1655479850091085,0.1497800502358409,1
gdb_401,CC1(CN1)C#N,2.0005416462769627,-1.1152544122387178,-0.7684851198676431,-1.0607059118926896,0.2495048598756684,-0.4067278465858036,1.5376204408472711,1
gdb_402,CC1(CO1)C#C,2.1057609011864464,-0.5135859703658001,-0.7188838336888105,-0.2628846093846828,-0.0674714589346913,0.1207370315324571,-0.3192195481960574,1
gdb_403,CC1(CO1)C#N,1.48092167086211,-1.5749219360221298,-0.5664665780849175,-1.97553790790835,0.3847640564551647,0.0048914717020687,0.4414813705010932,1
gdb_404,NC1(CC1)C#N,2.234027401030509,-0.690629710921432,-0.7276937033209142,-0.839816005515133,0.0793246247850072,-0.0434235093786926,0.4758214360025906,1
gdb_405,OC1(CC1)C#C,2.095085609166117,-0.333478556017148,-0.7381822043734556,0.4571663344258891,-0.3870693930283853,0.2900703207620478,-0.4723139146535018,1
gdb_406,OC1(CC1)C#N,1.4674877063905218,-1.4136732830636287,-0.5746960614596541,-1.354236839182596,0.0742372498031784,0.1622504787796989,0.4566578183876917,1
gdb_407,CC1(CC1)C=O,1.440712954915525,-0.8160201825633451,-0.8590961283302252,0.5960541948608465,0.3198429934265537,-0.8113360238871925,0.2020395376659421,1
gdb_408,CC1(CN1)C=O,0.8367608763103587,-1.4008425729458198,-0.7566578087337016,0.4863265848171064,0.1442295770490031,-0.5289216489411851,0.0848552250009722,1
gdb_409,CC1(CO1)C=O,0.2112807887796493,-1.8786515607338947,-0.5823649430027406,0.0813317538292748,0.075259005526373,-0.1215941863387278,-0.6733004784629617,0
gdb_410,OC1(CC1)C=O,0.1941367989234976,-1.7778773293921233,-0.574535121639661,0.3203848917011904,-0.0420392810349361,-0.0873256812535554,-0.5317755043156605,0
gdb_411,CC1(CO)CC1,2.295517975749632,1.3824288831161389,-0.2070474416585373,-0.60877643995426,-0.2552362879773703,0.4236270759241596,-0.0563450683725945,1
gdb_412,CC1(CO)CN1,1.5711655916482776,0.7054507012918633,-0.1255525954058769,-0.2559601450176332,-0.6408046555535003,0.6733544007549123,0.3871228415904297,1
gdb_413,CC1(CO)CO1,1.1188484058036097,0.5067694418599312,0.1748556048201283,-1.082991676925639,-0.8511225361979212,1.3338097719513615,0.0127429982453328,1
gdb_414,CCC1(C)CC1,3.693145218966478,2.595633653238595,-0.4944695296502633,-0.245348790012414,0.1591927427634218,-0.1403493153050857,-0.4921368657586286,1
gdb_415,CCC1(C)CO1,2.324061878102032,1.4541040639762903,-0.1545516520708513,-0.6769803631623209,-0.3747384509698067,0.516478834532529,0.3273651685444502,1
gdb_416,CCC1(O)CC1,2.185771280915983,1.2866507909255405,-0.2607305638126369,-0.2143508680107102,-0.3289874966538137,0.3561252677646974,0.0017939476387411,1
gdb_417,COC1(C)CC1,2.336610606493782,1.535960888786309,-0.1782166878458009,-0.0806735211871974,-0.5991554791623733,0.6445190530041396,0.0197611441829212,1
gdb_418,OCC1(O)CC1,0.7961178539637455,0.1684165704371141,0.0112468941997761,-0.202539745938631,-0.8840012073617072,1.011569400322451,0.186870427425176,1
gdb_419,CC1CCC1=O,1.4043207311858268,-0.8931987406372147,-0.8661936252724628,1.0553536515558253,0.1787339984463603,-0.7837791334558291,0.0818838040483107,1
gdb_420,CC1CNC1=O,1.2778091537371457,-0.6292005515901177,-0.4151781713749582,-0.0601123401993573,-0.4238180244700072,0.2087109381672668,0.9316669111482502,1
gdb_421,CC1COC1=N,1.4317264796747389,-0.5071295595480448,-0.3934279101301857,-0.4783061790571382,-0.2018087219610494,0.2611325243294137,0.1293604313372134,1
gdb_422,CC1COC1=O,0.5543452210615908,-1.494537530128775,-0.2639633155683977,-1.114305860072654,-0.15606625497031,0.3090480589128805,0.6924018825117311,0
gdb_423,CC1NCC1=O,0.8674454544324361,-1.3716441447350327,-0.7340820051011809,0.788490980432967,0.0394056941986249,-0.4520493468202086,-0.183212035332754,1
gdb_424,CC1OCC1=O,0.4149207714333842,-1.6148303142314038,-0.5124625464941536,0.2413428989183165,-0.077990106362471,0.1737896477264936,-1.4331319930414643,0
gdb_425,CN1CCC1=O,1.2433138984411425,-0.5419159171436657,-0.3940514377635974,0.0927486097779199,-0.4403826189050663,0.1731938994192636,0.9957439165233992,1
gdb_426,NC1COC1=N,0.8744685106186182,-0.8699058204613661,-0.3214488190156254,0.037899222911631,-0.5787853850935498,0.7219848147631278,-0.706834979549659,1
gdb_427,NC1COC1=O,-0.1022406775544434,-1.9080287894889956,-0.2351959132312598,-0.1415972833044225,-0.6639328359159826,0.7370744887463591,-0.0132686661936806,0
gdb_428,OC1CCC1=O,0.2873316891283624,-1.8096575947662816,-0.5172947573153187,0.3247689701363473,-0.1459282157153555,0.0493397577300914,-0.6242539907171805,0
gdb_429,OC1CNC1=O,0.0901734033626844,-1.5482414250560137,-0.1278658295988036,-0.2516931903839931,-0.8508565508507245,1.0384777715615408,-0.0860405495554194,0
gdb_430,OC1COC1=N,0.3357043021643612,-1.3412761926230483,-0.0730145145630042,-0.9530864684460788,-0.5584249319676118,1.1532320215275589,-1.0950726308717251,0
gdb_431,OC1COC1=O,-0.6918311938020955,-2.4170443027434456,-0.000537525984253,-1.032121361939266,-0.6672854968946623,1.126269092421375,-0.2381174180439845,0
gdb_432,CC1CCC1C,3.880444068084128,2.5638101885519897,-0.4038434274797345,-0.971604133745485,0.3408316090076046,-0.0814936880414944,-0.6116467324947428,1
gdb_433,CC1CCC1O,2.293524949775911,1.2620571353125862,-0.202303186923563,-0.2334441999721208,-0.4200286315709298,0.4725169553746399,-0.0160795389417312,1
gdb_434,CC1COC1C,2.22208113658649,1.2972981260325462,-0.1938996733734536,0.0948328723818465,-0.610750535018999,0.500953619748506,0.4163160081286214,1
gdb_435,CC1OCC1O,0.8374553528429757,0.027604215532772,0.065541041972079,-0.2888049618127324,-0.8850924006031332,1.0107892574849695,0.3232281922370035,1
gdb_436,OC1CCC1O,0.9873615992432612,0.1983416462412748,0.0604906148220495,-0.2493592044170471,-0.9024248532414426,1.1936085414751645,-0.5225676244789671,1
gdb_437,N=C1CN=CN1,1.167989903442841,-1.8107442735450896,-0.876695259594585,0.8637885820461199,-0.3583318783080845,-0.1472469505653656,0.5398730637294468,1
gdb_438,O=C1CC=CC1,1.606072663126548,-1.4632769051590695,-1.0152300195405335,0.8661307167746662,0.0129990694481362,-0.491202720016694,-0.0408801228324323,1
gdb_439,O=C1CC=CN1,0.9690402129717935,-1.8397452188833208,-0.8666245387077813,1.4130236771046971,-0.6291237485769,-0.0079986056629479,0.5196086681044355,1
gdb_440,O=C1CN=CN1,0.6397103761292168,-2.29939634377612,-0.6793418140418809,0.1737784652103872,-0.4088588275572042,0.3566650038821048,-0.3542808184541016,1
gdb_441,O=C1CN=CO1,0.1857313839012775,-2.7183683812995527,-0.4299844076137051,-0.9465313466820208,-0.30454321528519,0.8453815885938887,-1.298213155639342,0
gdb_442,N=C1OCC=C1,0.9058298321499186,-2.040598559157854,-0.8880254344241306,0.6123217834145213,0.0423545253563669,-0.4607266496440252,0.1804549471625398,1
gdb_443,O=C1CCC=C1,1.2357568823067575,-1.94978720678734,-1.1643648619717712,1.2255280141231533,0.2866580573293098,-1.0488968472238338,0.3633073879999431,1
gdb_444,O=C1NCC=C1,0.8418017931389247,-2.247877660263155,-0.904450734115114,0.5604744983337724,-0.0388665733884985,-0.4835097782326793,0.7648784261362802,1
gdb_445,N=C1CCCO1,1.366437682883857,-0.60027921051349,-0.4279656243967246,-0.3259007398814314,-0.3121524638644504,0.2335032515053532,0.5849765268052113,1
gdb_446,N=C1COCO1,0.3428724138448888,-1.368648638762625,-0.0680665079380599,-1.1009176191342696,-0.6162278345513698,1.174999277144494,-0.6525169249731675,0
gdb_447,N=C1OCCO1,0.2593604871785638,-1.306706757798527,0.0542132530936942,-1.0914807966159463,-1.0017515226122915,1.2513664137013705,1.2374707801974754,0
gdb_448,O=C1CCCC1,1.4282859770126042,-0.9120308768918202,-0.8950870757293232,1.0702796519768971,0.0694370446871918,-0.7031276568351986,0.2341452413558832,1
gdb_449,O=C1CCCN1,1.219668628320992,-0.7108616713313674,-0.4742166115900764,0.2132557260518675,-0.5536752002329753,0.2122394260699306,1.1271095754557756,1
gdb_450,O=C1CCCO1,0.5280803431665996,-1.5182552537553298,-0.2926527242233974,-0.8927154408864018,-0.3158051755166857,0.3550545881323076,0.9760781183427653,0
gdb_451,O=C1CCOC1,0.3061759124202828,-1.75215425643364,-0.564922200813726,0.5807213104916513,-0.3047450086137834,0.1655795623860983,-0.7406771314139269,0
gdb_452,O=C1COCO1,-0.5176175847815364,-2.2705185679733515,0.045034127749916,-1.4462937729095031,-0.6538438968171081,1.2956258333683954,-0.4289059059322301,0
gdb_453,O=C1NCCN1,0.9587484973248768,-0.7690782608630388,-0.154080267875325,-0.5774307209547453,-0.9410094279274288,0.954971128044793,1.299851811973921,1
gdb_454,O=C1NCCO1,0.2407363105009569,-1.4799358724769611,0.0516391277395247,-1.449513376967492,-0.8923746274147629,1.1696123255283828,1.5353679679325802,0
gdb_455,O=C1OCCO1,-0.3213639434607657,-2.030401654275481,0.303440124595303,-2.725996628394592,-0.7180575349056246,1.4895130784939243,1.2581118164266687,0
gdb_456,CC1=CCCC1,3.1361241554905424,1.2613027416887597,-1.0059534306188684,1.7213440928992736,0.0279697441656877,-0.668212497995566,-0.658893948039535,1
gdb_457,CC1=CCOC1,1.6959835363572782,-0.04585388426645,-0.722677205435558,1.2360101710093931,-0.3178056618685695,-0.1874470528493668,-0.0223414958755279,1
gdb_458,CC1=NCCO1,1.444210561905295,-0.3082057401553122,-0.4686216473975514,0.4514650082049674,-0.5597630169366488,0.4961121276245088,-0.4999693194848157,1
gdb_459,CC1CC=CC1,3.222032768884928,1.114330573503285,-1.0069332187640876,1.3890169227116,0.1135694848040323,-0.6363296495467899,-0.8155879882864765,1
gdb_460,CC1CN=CO1,1.4366448300265986,-0.5835564647441608,-0.4771236927642809,0.1934520335972285,-0.4801910114885361,0.4153241632804183,-0.2221461882381352,1
gdb_461,OC1CC=CC1,1.9666176343208115,-0.1643814396098777,-0.6418124363085768,0.4863461323245822,-0.1907815783309753,-0.0175763617258792,-0.3819513029134045,1
gdb_462,CC1CCC=C1,3.205892536454466,1.1239903119194583,-1.0067337684627478,1.3872444915947089,0.1482870370705231,-0.6734647991692276,-0.8213643765810119,1
gdb_463,CC1COC=N1,1.4483073425007127,-0.532042187195223,-0.4846313732167548,0.2025248242568691,-0.4461138458492873,0.4184888969847437,-0.4373951598118872,1
gdb_464,CC1OCC=C1,1.7844227577846157,-0.1672672399644594,-0.7199623974692837,1.146997724114914,-0.2905323474894082,-0.1342795775754941,-0.3339122226260799,1
gdb_465,OC1CCC=C1,1.873876131660966,-0.247479507279639,-0.6811908406155455,0.4096929825486251,-0.0525547946953801,-0.1772879099303903,-0.2989511868021845,1
gdb_466,CC1CCCC1,3.998133888539448,2.679158321548456,-0.3702746127340501,-1.8273642588765664,0.622398114503834,-0.0872511084446941,-0.7709662001095704,1
gdb_467,CC1CCCO1,2.229878752781207,1.416107441602222,-0.2275553109242981,0.1782275112000197,-0.6541964394349733,0.5493823244782114,0.2863674069005343,1
gdb_468,CC1CCOC1,2.17726228950323,1.3393059592111474,-0.2532620410343401,0.1658160682941836,-0.6133748693225831,0.4788657212901413,0.3850259071475443,1
gdb_469,CC1COCO1,1.197307875820342,0.6704491234969483,0.1924441319301438,-0.7022305894404676,-1.1179989921827655,1.5460307216098677,-0.1057045000929298,1
gdb_470,CC1OCCO1,1.246762133990559,0.7248237696261572,0.2125535649941482,-0.8133295610652151,-1.0716800665207398,1.571888169187287,-0.2870532501902779,1
gdb_471,OC1CCCC1,2.3743819799505173,1.2271733167467815,-0.1942478358935227,-0.531445653894946,-0.3677759573355031,0.5129190361320539,-0.0584248225216328,1
gdb_472,OC1CCOC1,1.0141126765459538,0.244543205645689,0.0909460992859851,-0.2448665082051477,-1.067930793066003,1.2901396984389646,-0.0424505343229936,1
gdb_473,CC1C(C)C1C,3.687034910259688,2.5268772690266723,-0.4721427622115529,0.0144993978366515,0.0875177396902948,-0.1355208435188324,-0.5373172040665927,1
gdb_474,CC1C(C)C1O,2.1949031577058555,1.2097810779989937,-0.2351106155492189,0.109075655185751,-0.4622157174246809,0.4000965587607745,0.008506578654769,1
gdb_475,CC1C(C)N1C,2.694490177087437,1.6901900170556912,-0.5022060991698271,1.5223588455379826,-0.6390745546373318,0.0109971253165361,0.4117018832981356,1
gdb_476,CC1C(O)C1O,0.7047107780036724,-0.0962956905651245,-0.0275941671389848,0.3824911264951967,-0.9869879871601062,0.9340402432751294,0.109047357404797,0
gdb_477,OC1C(O)C1O,-0.1371115885207375,-0.7459292224323226,0.4377245935294624,-0.8047596420145418,-1.3303618163561413,2.0594760984861606,-1.0826261267144424,0
gdb_478,CC12CC1CC2,3.868904009966805,1.928276689334504,-0.619745499603681,0.3591122559905912,-0.4167772025795122,0.2855443179186393,-0.2438877133780277,1
gdb_479,CC12CC1CO2,2.386765170976891,0.6506212589523791,-0.3493319991390871,0.4666245516099274,-0.9952885364548152,0.8461332179688141,0.355733215741505,1
gdb_480,CC12CC1OC2,2.2991284608469917,0.5246128933661686,-0.4004065145471792,0.4702838223504012,-0.9143619085819868,0.7193004148670045,0.4539396162866745,1
gdb_481,CC12CCC1O2,2.5243207980262405,0.8073162826689418,-0.270380527802849,-0.2524358978136145,-0.8722424638168492,0.9339738314868968,0.4765762186240829,1
gdb_482,OC12CC1CC2,2.542751422075121,0.7496687351764565,-0.312970142977609,-0.1803127973456929,-0.7797959080596368,0.9055996087355432,-0.0781307066614152,1
gdb_483,OC12CC1OC2,1.0191491804731077,-0.5418584982835741,-0.0858633417033792,0.0452848864992457,-1.332746839426895,1.42469660795389,0.3605265137385096,1
gdb_484,C#CC#CC#C,2.9697226550336557,-1.0604651233319664,-4.461667505226949,12.162450327947232,37.17757980215976,27.992375300831508,4.5586763331079965,1
gdb_485,C#CC#CC#N,1.4754578245307148,-2.4782711637436003,-1.7303929360359382,-0.0312593252009293,2.0338293961081515,-2.5718824626043952,0.3554206832107968,1
gdb_486,N#CC#CC#N,1.5705110610844022,-2.625353133976649,-1.5755248357888394,-1.185079818316843,2.2040064478133923,-1.659384795046587,-3.073711406326068,1
gdb_487,C#CCCC#C,3.342716905172193,0.7729624525842335,-1.1148268256493987,0.0884705269285529,0.5447741447006846,-0.5408404166592446,-1.1095213353819522,1
gdb_488,C#CCCC#N,2.4716728496540163,-0.5438602502349446,-1.0300771125767878,-1.093360321460843,0.8130204846327331,-0.8341716016101068,0.6137953178075437,1
gdb_489,N#CCCC#N,2.58909707535962,-0.5417909779951465,-0.7671794627369217,-2.9513749924384043,1.178241769018768,-0.0341487855552705,-2.093349170828714,1
gdb_490,O=CC#CC#C,0.7286728020876375,-2.395550960201715,-1.4635076349235967,0.3287814823429802,1.7340432653870428,-2.142054762867293,-0.551049413753947,1
gdb_491,O=CC#CC#N,0.3448043708721582,-3.224578257250021,-1.3738108772530226,-0.7445939799580806,1.9122260981189323,-1.7965390593814656,-1.5521394606685803,0
gdb_492,O=CC#CC=O,-0.3085242559542068,-2.8411081965555662,-0.9554513982275132,-0.6056368053055423,1.2892795976951954,-1.1191517682162426,-1.3547818992374223,0
gdb_493,N=COCC#C,1.1447788144301947,-1.0372179905849264,-0.6287584387313455,-0.8123251252362544,0.2073899663705906,-0.1406700150730885,0.4080711262003957,1
gdb_494,N=COCC#N,0.609913629614841,-1.7344900759018045,-0.5185700972655399,-1.5862608365156394,0.3357273331810168,0.0525541318515213,0.0356949019853295,1
gdb_495,O=CCCC#C,1.166561330740234,-0.9266822664172304,-1.0194547929414886,0.4754318562241058,0.8131732547297047,-1.1580375054941772,-0.503452679834188,1
gdb_496,O=CCCC#N,0.6463935544585343,-1.619855695476854,-0.8951483732187138,-0.3347933229472148,0.8868779618357479,-0.9255859468938824,-0.694471762221077,1
gdb_497,O=CNCC#C,1.052135629727902,-0.9608910997790928,-0.6472350880990716,-0.3540283294643504,0.0382850423045535,-0.1251340634933803,0.5495750824200986,1
gdb_498,O=CNCC#N,0.5442455354908549,-1.7384421922601003,-0.5345157121521668,-1.2541830642923013,0.1686640594212397,0.0788043033693509,0.2950390545271047,0
gdb_499,O=COCC#C,0.3593389183865308,-1.8028154817982736,-0.4894929897941528,-1.3669578772826712,0.2446115687111328,0.0329995195885488,0.334126344691853,0
gdb_500,O=COCC#N,-0.1657285323643558,-2.466848722447025,-0.3651760270298747,-2.2803395797057724,0.4355368336295988,0.2072333529573818,-0.0576055713203396,0
gdb_501,N=COCC=O,-0.6909593925365035,-1.8870159862159837,-0.4513796539290619,-0.1425509937795937,0.3235599431742397,-0.2229136876714972,-0.9563253986017118,0
gdb_502,O=CCCC=O,0.0011623187310739,-0.9052349237210088,-0.5424016503344263,0.3602123323129387,0.4527470116044155,-0.3115736512534943,-2.075793669242742,0
gdb_503,O=CCNC=O,-0.7091499983587807,-2.0262607923173577,-0.4447860114283741,-0.1559538634839282,0.1741373658760657,-0.20149354162949,-0.2306832343677102,0
gdb_504,O=CCOC=O,-1.2966748432595965,-2.28667843029643,-0.2207129604334235,-0.8568545355644273,0.2657409173156345,0.2097822920786742,-1.3639044635251298,0
gdb_505,CC#CC#CC,2.298175423190395,1.2110664492918444,-1.21976274224979,2.0641966926738458,1.210014565313321,-1.9113495128716864,-1.188192715669101,1
gdb_506,CC#CCC#C,3.1110656321907526,0.7879835902866944,-1.1101996023989302,0.5237420846579929,0.5123721478167974,-0.7588902358463168,-0.5488367195675455,1
gdb_507,CC#CCC#N,2.239940555635244,-0.5159469829608824,-1.0296705746290171,-0.6506290207466944,0.8076930354122728,-1.0662550930513608,1.0811707213147583,1
gdb_508,CC#CCC=O,0.942205788975324,-0.7849850987232604,-0.9831285653927816,0.7453826490656384,0.8898950761714747,-1.4165977365311184,-0.0365603775348039,1
gdb_509,CN=CNC=O,-0.1409047398797571,-1.4830604576949964,-0.5856173585338199,0.4425802177231031,0.1843877333417958,-0.6888434311185136,1.0204396227242931,0
gdb_510,CN=COC=O,-0.7587541647612848,-1.5868104058397214,-0.2544573118783058,-1.0896358253656515,0.5825406300071303,-0.4427385779019405,0.4051898504672369,0
gdb_511,CCC#CC#C,2.421742494096045,0.401997273105413,-1.3438963707437102,1.4353761293752991,1.181816254332186,-1.8531804367688889,-0.6209027855954543,1
gdb_512,CCC#CC#N,1.6127722447001258,-1.1643763303383732,-1.2367450982066084,-0.6596090652019356,1.7670471969362336,-2.259773445982765,1.270665229497619,1
gdb_513,OCC#CC#C,1.072158958471863,-0.7896634394256115,-1.0709260396461635,0.9725382466579026,0.8333906668416056,-1.2547032232746294,-0.5729215666490759,1
gdb_514,OCC#CC#N,0.2667658386191902,-2.333837872260225,-0.975329988574021,-0.9767230447735986,1.3732757195998933,-1.627821901012894,1.1756023790899084,0
gdb_515,CCC#CC=O,0.6287084954948255,-1.2218200621245028,-1.0657636386071132,0.3251727005466263,1.5113397133582591,-2.098374200051843,0.3174375753238823,1
gdb_516,OCC#CC=O,-0.5527240831783102,-2.1271710613159245,-0.7315204086724832,-0.208112982183112,1.0528278189992804,-1.2558947643174714,0.0095279826475987,0
gdb_517,CCC#CCC,2.838878062194731,2.5135881824238924,-0.7080904288925213,0.9152642125772013,0.7334862224196035,-1.1085157130135488,-0.6994939572101898,1
gdb_518,CCC#CCO,1.39716168136378,1.0826070235813912,-0.4892196331734281,0.5034419776755683,0.4266625597763769,-0.6544957339541905,-0.3474607835258821,1
gdb_519,OCC#CCO,0.18887817756831,0.11959538503665,-0.1542028666304109,-0.199850747346706,0.0754381822263209,0.1009134078448714,-0.575565721111355,0
gdb_520,CCN=COC,0.7176204295601863,0.5575679605929995,-0.3204345827521424,0.2116687798367839,0.2647905844164832,-0.5655671746277041,0.4762735390749746,1
gdb_521,CC#CCCO,1.54940901770231,1.418836260625287,-0.3535525342442839,0.1547829098737034,0.2624573401149198,-0.3891640653400045,0.0043242004865157,1
gdb_522,CCCC#CC,2.84699675774694,2.5941870732785857,-0.6697197243792951,0.8040248587241053,0.728174495114926,-1.0837183549769565,-0.5650402869748651,1
gdb_523,COCC#CC,1.4451512603871268,1.2493343719656271,-0.4555979905446055,0.486265535403026,0.4181188574174257,-0.5849097614295545,-0.535341695090862,1
gdb_524,CCOC=NC,0.5677298980554885,0.7640144560377626,-0.2757026032954856,0.1903533508232852,0.4720982621115252,-0.782434246535555,0.4839452270975635,0
gdb_525,CCCCC#C,3.020263023096477,2.1483728974051264,-0.7137446289624926,0.0441476501121205,0.7932354596051944,-0.991577759750461,-0.3027478325393724,1
gdb_526,CCCCC#N,2.4207079023253915,0.9652991049263044,-0.5029888497603225,-2.5728442370340785,1.5029657964552772,-1.2424995669898873,1.1304355345301502,1
gdb_527,CCNCC#N,1.317322906775063,0.0720091064637942,-0.6821975416206025,0.0656605939661549,0.5535565343501784,-1.0811648805038083,1.3361806603872333,1
gdb_528,CCOCC#C,1.6352456893937373,0.7854613043241749,-0.5290021303648736,0.0037299446236731,0.3705343446219637,-0.4240538478570688,-0.4368970993246267,1
gdb_529,CCOCC#N,0.7971875305345583,-0.5286796419799656,-0.4374250363378074,-1.3956257339764404,0.7538149604688156,-0.7446336672986822,1.1251572347601986,1
gdb_530,COCCC#C,1.8295914086067644,1.1420386075849918,-0.4080483688149607,-0.3346059591232574,0.2385193098627724,-0.1339953383846159,-0.4197589221385634,1
gdb_531,COCCC#N,0.9840923138578332,-0.0759730456294792,-0.342693013775405,-1.2527909168045157,0.4575691394098645,-0.3619896689299159,0.8488491928995354,1
gdb_532,OCCCC#C,1.7402115607087278,1.0575686677046092,-0.3944207078073328,-0.4910399643558488,0.3005975226307125,-0.2566040125751069,0.0605812308498755,1
gdb_533,OCCCC#N,0.9005398597052716,-0.2039517088770874,-0.3059521915319678,-1.7001697951832244,0.5953077890420548,-0.5282643666166477,1.587636624837803,1
gdb_534,CCCCC=O,0.758348159735735,0.3781254158538458,-0.6635166818848993,0.6662578912624818,1.1097828736986253,-1.7192302363635747,0.1507482819516178,1
gdb_535,CCCNC=O,0.7615030884325005,0.3784008285814387,-0.2997237215087907,-0.1615630841559919,0.2155194706803964,-0.5101373383160759,1.0199042522936772,1
gdb_536,CCCOC=O,-0.0429762946622003,-0.2886789420555258,-0.109529217942104,-1.257420965155341,0.5980275232692366,-0.5169785979919981,0.8133114129740354,0
gdb_537,CCOCC=O,-0.3870857136179048,-0.6600966312619655,-0.3546510617613145,0.0381074856349356,0.6656429054792152,-0.8711334633424471,-0.1425714858848504,0
gdb_538,COCCC=O,-0.3978565397385945,-0.6070887969650881,-0.3509966018543089,0.1153404850690025,0.6463018299233276,-0.8701530654626786,-0.1540302024244318,0
gdb_539,OCCCC=O,-0.4523671493370655,-0.6012911880061937,-0.3330582456660789,0.1248328858420422,0.6118620264044653,-0.8998796954644939,0.1721784163423501,0
gdb_540,OCCNC=O,-0.4035864387346231,-0.5761497107951623,0.0252181159781806,-0.5249385654407583,-0.4134448543479267,0.4092460051944969,1.0094587115550877,0
gdb_541,OCCOC=N,-0.3430364841734164,-0.562203519786695,0.0191552628282895,-1.0585359544707336,0.0321239496432174,0.2539193419547099,0.1136814593135271,0
gdb_542,OCCOC=O,-0.9147081561902962,-1.3653986221957546,0.1755078988987005,-1.6058195175026044,-0.1777322250840301,0.7313352015577151,-0.060189216038939,0
gdb_543,CCCCCC,3.285967081499193,4.25220821250553,-0.0297812974012025,-1.875591880387304,1.4779879519369663,-1.0198679393737269,-0.6821454518714563,1
gdb_544,CCCCCO,1.5956122391746728,2.842483026096248,0.0886701252244146,-0.6579543802134629,0.5661241794846305,-0.4916431273917736,0.0520639412551771,1
gdb_545,CCCCOC,1.6507590225953828,2.9845644828734144,0.0911069263276028,-0.2508143260499368,0.3011345689035868,-0.3024299817332313,0.0190610532695011,1
gdb_546,CCCOCC,1.7013824056189353,2.989625445912412,0.0824756843111846,-0.1826822668871637,0.2235815121027235,-0.2196836652150299,-0.0534594981618215,1
gdb_547,CCOCCO,0.5768859630350097,1.5367532898732252,0.3418673996895045,-1.057960981563281,-0.287024472089099,0.6021945846652497,0.4137731945542835,0
gdb_548,COCCCO,0.2524552712952588,1.6735773114546444,0.3502316756962587,-0.723997211552403,-0.0770110858888465,0.2388825634706229,0.4974272230063226,0
gdb_549,COCCOC,0.5859520275214168,2.1600311537211456,0.393244044759151,-0.5100248086431428,-0.2869490889213966,0.7234433803319027,-0.8900809676209414,0
gdb_550,OCCCCO,0.5421852378601539,2.1290112673254624,0.4088373409374671,-0.8647048521486551,-0.0464719931802629,0.5814456350300249,-1.0115922779596862,0
gdb_551,C#CC1CCC1,3.465960407047351,0.955732452633468,-0.9987023632642356,0.2567664921569172,0.200608867524431,-0.3791797874644405,-0.4425362176605817,1
gdb_552,C#CC1CCO1,1.9571959486644963,-0.5851674189848405,-0.8057650154115162,0.0834883871617667,-0.0821982277078279,-0.0070481859731865,-0.2563787138765123,1
gdb_553,C#CC1COC1,2.134378030484858,-0.219964003223867,-0.7237392698761489,-0.0273366117856119,-0.2479146314026132,0.2906490388844882,-0.4677792178323919,1
gdb_554,N#CC1CCC1,2.8253548236747426,-0.2788036451131924,-0.8036679122173973,-2.195639510169137,0.8654426023186965,-0.6487810096288898,1.0455429897993649,1
gdb_555,N#CC1CCN1,1.9817361073462352,-0.9823244340066764,-0.896286908748208,0.0474949011034422,-0.0361336098916838,-0.2347178046984414,0.4513512662351808,1
gdb_556,N#CC1CCO1,1.221273795821877,-1.7591985042495584,-0.6991879377907254,-1.2130082793624886,0.2365486675435532,-0.1738019109554211,0.7849288492853853,1
gdb_557,N#CC1COC1,1.431711861740478,-1.2405490305733675,-0.6407010412219908,-0.9197493206656522,-0.0412532612828388,0.2380664514057572,0.0179829701727177,1
gdb_558,O=CC1CCC1,1.2580312541760224,-0.8082333741466493,-0.939955050126343,0.7578495290095986,0.4652136139494175,-1.0267639264980444,0.1121121045439871,1
gdb_559,O=CC1CCO1,0.0358418779344409,-1.91043071795171,-0.6450104197629635,0.3879779860182506,0.0105454847774187,-0.2418681602694764,-0.2717023089505406,0
gdb_560,O=CC1COC1,0.2585199759322768,-1.548818474722217,-0.6029920190938145,0.2788329278859719,0.0119767009441458,0.0231086491098142,-1.302493840205062,0
gdb_561,O=CN1CCC1,0.9735754629328084,-0.7314801692035509,-0.5524326627535547,0.2068828261880044,-0.2530659387282722,-0.1630580976596539,1.2712877563364928,1
gdb_562,CN=C1CCO1,1.2895349519200634,-0.2101952210223248,-0.4649643532385905,0.0866795758449963,-0.2906425494560431,0.2221758412376294,-0.0288915614284355,1
gdb_563,CCC1CCC1,3.786153820245074,2.8907452325208816,-0.4078036080331172,-1.173883747784411,0.4928814077302783,-0.1760235893498608,-0.605096472787191,1
gdb_564,CCC1CCO1,2.1285917746492986,1.5341927554470942,-0.2376204533217107,0.0404207121621103,-0.5059852743218481,0.419641049708797,0.3445004823655577,1
gdb_565,CCC1COC1,2.008614027553231,1.355466740852745,-0.2906556541365446,0.0452243589829093,-0.3833287916035928,0.2375446559289943,0.4558633440601523,1
gdb_566,COC1CCC1,2.212270102063358,1.6746999868801364,-0.220968305769296,-0.0387926659437929,-0.479700535782762,0.5014433200650303,-0.0323253457526496,1
gdb_567,COC1COC1,0.7883150483094704,0.3496123398152133,0.0371339844431403,-0.4779611720634182,-0.7990297569184367,0.994216019381702,0.2908068473685286,1
gdb_568,OCC1CCC1,2.2100341238739283,1.5582676161686069,-0.2195890529814382,-0.6310682246377346,-0.1769032133881469,0.3427079305859543,-0.0503401699950437,1
gdb_569,OCC1CCO1,0.7925039161796438,0.2343887775432495,0.038501991433315,-0.5459572265003154,-0.8239604230533787,0.98871045708928,0.5239397633682754,1
gdb_570,OCC1COC1,0.749576225242919,0.290529920545382,0.011510586109858,-0.3402535738107021,-0.8426781658040351,0.9781059820766416,0.3536150296064104,1
gdb_571,C#CCC1CC1,3.4610617458103032,1.1357965601148872,-0.954705343271722,0.0212486982371342,0.2811633716037457,-0.3730380914381208,-0.4796633744211683,1
gdb_572,C#CCC1CO1,2.0975506794602308,-0.03514010765601,-0.6418522612567137,-0.5331985528100883,-0.1051617631219118,0.2172878706515744,0.0068896663244929,1
gdb_573,C#CCN1CC1,2.798459745303281,0.1580826574071346,-0.9587838442617947,0.7701753240797172,-0.2043429786460029,-0.0640004853581159,-0.5046844870940606,1
gdb_574,N#CCC1CC1,2.762219139280504,-0.0851640978462597,-0.7884616318150593,-2.0529656362153634,0.8330311996962501,-0.641097260266982,1.0216311178472814,1
gdb_575,N#CCC1CN1,1.845323701467091,-0.8450316687898198,-0.8319683462739588,-0.6549672405959349,0.2401169168810091,-0.467379827567226,1.2487035479169677,1
gdb_576,N#CCC1CO1,1.3153949263027718,-1.2473030275667347,-0.5372479928405831,-1.906160894283492,0.2575888897566621,-0.0256981965298677,1.2918296525305202,1
gdb_577,N#CCN1CC1,1.808374938412157,-0.9289786748345916,-0.8637787373810201,-0.4875830746885778,0.2265323388672876,-0.5112631051890945,1.247513345340262,1
gdb_578,N=COC1CC1,1.0381013965249934,-0.4739674244468952,-0.50555731955152,-0.4097692647689608,0.1033268847482144,-0.219171669524242,0.6220984424255197,1
gdb_579,O=CCC1CC1,1.1722754962982556,-0.6196722464568366,-0.913600311323797,0.7154271085626789,0.5645653789252596,-1.105994065927837,0.0715205861548981,1
gdb_580,O=CCC1CN1,0.6847059072077899,-1.17706060354862,-0.7934041637372569,0.5004856120920271,0.3325948540022937,-0.6952427721950801,-0.167725159569617,1
gdb_581,O=CCC1CO1,-0.0205523449225553,-1.5932735764525172,-0.584844128528609,0.1160837134928126,0.1693424305747699,-0.3159666993565203,-0.2478419772529917,0
gdb_582,O=CCN1CC1,0.6857540553494127,-1.1244647960689098,-0.7827478356735079,0.4583298480600762,0.3502371880794185,-0.694771433156523,-0.168945629093103,1
gdb_583,O=CNC1CC1,1.1050173696298768,-0.609462596080372,-0.5171334157193231,-0.0638821481591436,-0.2283714680563308,-0.0117844195670605,0.8678665390917869,1
gdb_584,O=COC1CC1,0.3043821909367318,-1.29324395247064,-0.3545072091213611,-1.1858808297852843,0.1737453709035362,-0.0199106928896425,0.5831484198351425,0
gdb_585,CC#CC1CC1,3.0844975518992874,1.5728477501500384,-0.9836008332046644,1.3697821817624076,0.1754997114499073,-0.6452346496367456,-0.6105789469117148,1
gdb_586,CC#CC1CN1,2.2669825087784594,0.6065457020331667,-0.9264671155765744,1.0642994551374985,0.1698637520128019,-0.7121457934489868,0.228672813626567,1
gdb_587,CC#CC1CO1,1.6175070704370484,0.0241763478484497,-0.7264865062734219,0.2523778543525024,0.2074465679155142,-0.3958449752835256,-0.0393952099339033,1
gdb_588,CCCC1CC1,3.538613198686029,3.1511153364037927,-0.3942312594357455,-0.6870900047313451,0.4901918592729218,-0.3499297823314963,-0.4510111549054969,1
gdb_589,CCCC1CO1,2.1388075323847677,1.9924323206406205,-0.0889166127288983,-0.9162611917105548,-0.0975264779606506,0.3027904827910225,0.3458146130174429,1
gdb_590,CCCN1CC1,2.643263616097305,2.3796375675832717,-0.4174802123318771,0.6650597479687216,-0.2099663717792199,-0.1202990423910424,0.2098518622041572,1
gdb_591,CCOC1CC1,2.1209834347130045,1.979631764162836,-0.1676006280565388,-0.0483860438482423,-0.408125176164466,0.4350658624744564,0.0192238445068385,1
gdb_592,COCC1CC1,2.130458705491637,2.008180915039384,-0.1530967848553277,-0.2908472892404086,-0.2759487377867161,0.3833743742282176,-0.0761414085331665,1
gdb_593,COCC1CN1,1.2973859404814971,1.0786108923412248,-0.1084632085999784,-0.3125225613149136,-0.3949561059426559,0.3631766103044875,0.720893837060365,1
gdb_594,COCC1CO1,0.7602559548257444,0.785063306679973,0.1661700881939833,-1.0779585747832745,-0.5642532436599076,0.9128288982528712,0.5198007946636102,1
gdb_595,OCCC1CC1,2.0554197126668963,1.799127867675106,-0.1754822950012884,-0.7182203036159394,0.0015503610001974,0.1650188055193683,0.0329585702383665,1
gdb_596,OCCC1CO1,0.9113201188477524,0.9490656235784084,0.1672054422033214,-1.1951318775801791,-0.4918510706177828,1.064964568203383,-0.4295488447305598,1
gdb_597,OCCN1CC1,1.47798340227772,1.0557864648335558,-0.0743391061132483,-0.4207751936300158,-0.6114066344790307,0.6156651763111728,0.8953620260683304,1
gdb_598,CC1CC1C#C,3.3941766553537667,0.8468694607367104,-1.0247486653779505,0.8094887518054225,0.0066703928185828,-0.3709703759965528,-0.3022198799704204,1
gdb_599,CC1CC1C#N,2.724403157807543,-0.3735836450217839,-0.8426337814459044,-1.367689199123468,0.5672127815024752,-0.6139884274261803,1.1984178850115197,1
gdb_600,CC1NC1C#C,2.710129340385027,0.1307583984136337,-0.927570923546862,0.4625858381311918,-0.0232819225802247,-0.2614590730919422,-0.041853737787142,1
gdb_601,CC1NC1C#N,1.9473399303557533,-1.1133094824582352,-0.8030991452860253,-1.1062089669138295,0.3782651554015941,-0.5095449941223211,1.3662131620449065,1
gdb_602,CC1OC1C#C,2.009758013911409,-0.5403651282968189,-0.7646263211358297,-0.1551328139113315,0.0036097806208002,0.001462063753231,-0.3455549486125731,1
gdb_603,CC1OC1C#N,1.39072116542402,-1.6016824510944294,-0.6217492260802235,-1.814452566648666,0.444720688973715,-0.1004648553275843,0.3182152400748809,1
gdb_604,CN1CC1C#C,2.670888416503429,0.128514463975136,-0.99821222814571,1.220871198917183,-0.2334792464245704,-0.1891310682224328,-0.4645325598225175,1
gdb_605,CN1CC1C#N,1.978833071654145,-0.9718760175630466,-0.8811656026199542,-0.0983996683460012,0.0867026925481347,-0.3041269274821431,0.373787586162462,1
gdb_606,OC1CC1C#C,2.154243268253422,-0.2938292440954039,-0.7126212402506987,0.1273588533343493,-0.2995201529211298,0.3070359957344391,-0.4960723715075852,1
gdb_607,OC1CC1C#N,1.4445795023448265,-1.312947348464507,-0.5481074784940653,-1.3419294785037266,-0.033337865906953,0.2009060678008536,0.8951996998103657,1
gdb_608,CC1CC1C=O,1.256292295938193,-0.7672607295596613,-0.8947449131627658,0.7033363512728531,0.4244490487938499,-1.0172918986778043,0.4371152072092297,1
gdb_609,CC1CN1C=O,0.966434052046669,-0.9998817566017076,-0.6166571402334581,0.0740464075160043,0.0085826499652505,-0.3134710954979688,0.646027398433378,1
gdb_610,CC1NC1C=O,0.6926599495953653,-1.3172616994165929,-0.7843733899025793,0.4967606459912784,0.288115757195777,-0.7120301716539238,0.1572179104082212,1
gdb_611,CC1OC1C=O,0.0954389453460297,-2.1017818048123047,-0.6001104086151726,0.028463158017908,0.1735416952410717,-0.3236238023123262,-0.2171979394410443,0
gdb_612,CN1CC1C=O,0.824207696310616,-1.3698668684371222,-0.8434129827365741,1.352818744106963,0.0406762834091302,-0.4878907353504778,-0.9695905046188048,1
gdb_613,OC1CC1C=O,-0.0275503862769131,-1.8218914593289488,-0.5525712722030967,0.2219829181437912,-0.1086197466228945,-0.2662208340023787,0.8866366699825498,0
gdb_614,CC1CC1CO,2.15856177514934,1.584772967997682,-0.2162915596498591,-0.5006411218542476,-0.2001304140341115,0.312856433138061,0.0397923341475775,1
gdb_615,CC1NC1CO,1.42872784748123,0.8347034114122488,-0.1473603948603512,-0.301250510515905,-0.497180350110223,0.5027404137871969,0.5027995081859877,1
gdb_616,CC1OC1CO,0.9537008143860738,0.6113897384738005,0.1498776032685729,-1.167377370811151,-0.6802660066147034,1.1249904237912758,0.219788886251135,1
gdb_617,CCC1CC1C,3.627667952219965,2.8998623404615085,-0.4551759169070247,-0.3518825815375884,0.2357607407711204,-0.188866061300217,-0.422047386595733,1
gdb_618,CCC1CC1O,2.16370254563666,1.5977592641501417,-0.2190768895627085,-0.3087559530177659,-0.3073020451220485,0.3733373367463709,0.0414978289141096,1
gdb_619,CCC1CN1C,2.698302283269817,1.934884475952258,-0.4992367966672422,1.1010771953376384,-0.4759095255095705,-0.0147248141481737,0.3494783807989764,1
gdb_620,CCC1OC1C,2.2520990563040084,1.7805946637495182,-0.1226221246320675,-0.6998745799593853,-0.3351387115257975,0.4801198857509223,0.4178005634560641,1
gdb_621,CCN1CC1C,2.7010949419748536,2.1206281918885046,-0.4705165595317749,1.0468085735753712,-0.4759583841034796,0.014767995057326,0.360285488414647,1
gdb_622,CN1CC1CO,1.2504285179697516,0.763862377568504,-0.2440787520233013,0.6610113131984435,-0.7380292729199895,0.4530740894756638,0.5066865586459288,1
gdb_623,COC1CC1C,2.245155776212275,1.7482160346417197,-0.1900438641787993,0.0240700504390439,-0.5620891878146882,0.5794031394473043,0.0027499789791522,1
gdb_624,COC1CC1O,0.8093617499136808,0.3558561667013784,0.0238076701769207,0.2473091847535151,-1.124875885153149,1.1686510376763244,0.1098357422757435,1
gdb_625,OCC1CC1O,0.9800057029483312,0.7279549906092053,0.1057440302373073,-0.5688038081272904,-0.8741160405680701,1.269549604549575,-0.359697715228819,1
gdb_626,CC(=O)C1CC1,1.4294634156961097,-0.6571928308556709,-0.8573025032120056,0.77582516747134,0.2333461996760949,-0.7469657176205322,0.1194728356467983,1
gdb_627,CC(=O)C1CN1,0.9212003724937148,-1.2117445801605042,-0.7297624848729384,0.2131839738181672,0.2567971473220026,-0.4757063877831768,-0.3204843293386408,1
gdb_628,CC(=O)C1CO1,0.2390004407495263,-1.7017083967725202,-0.5673677720583569,0.3003622100928567,-0.1085455539009672,0.0275326791132066,-0.6720665967707317,0
gdb_629,CC(=O)N1CC1,1.0406986082101093,-0.922355489804286,-0.6025442662371442,0.2833502118216118,-0.1335558756634571,-0.1592330920879808,0.3828620077992738,1
gdb_630,NC(=O)C1CC1,1.1994521041479211,-0.6024405281944895,-0.4871617596424449,-0.0255053461000341,-0.3470295388516161,0.1252718494834459,0.823462813773757,1
gdb_631,NC(=O)C1CN1,0.596430220411207,-1.246727601726993,-0.3902858975401811,-0.3203548392004328,-0.3933000974240205,0.329903070524653,0.6333420528006583,0
gdb_632,NC(=O)C1CO1,0.0003699684849735,-1.6186524855300288,-0.2157357794803749,-0.3138860962953459,-0.7161037833263281,0.9124882025606256,-0.1955669474085275,0
gdb_633,NC(=O)N1CC1,0.7958275476369495,-0.915205874107782,-0.2933308869384311,-0.2153314417675994,-0.6893806704459353,0.6961951974295587,0.4805736637717462,1
gdb_634,CC(C)C1CC1,3.774401959628376,2.843915390977869,-0.4245367682467092,-0.705926208387897,0.2610845999691821,-0.078218895637479,-0.5325092397368827,1
gdb_635,CC(C)C1CO1,2.347136256805069,1.4938615631056331,-0.1503277797036747,-0.801804325555598,-0.3426795081858792,0.5293028841361833,0.2894227983180975,1
gdb_636,CC(C)N1CC1,2.838196590911166,2.033421250851182,-0.4455408684242822,0.7181559405483282,-0.4217440613695933,0.0947409679362103,0.1829953706232651,1
gdb_637,CC(O)C1CC1,2.209939759597661,1.4711739746637051,-0.2117398389239072,-0.5615758321089903,-0.2419582094148681,0.3628396893144403,0.1060990266943445,1
gdb_638,CC(O)C1CN1,1.3295495886066833,0.4509489930241842,-0.2295459567040536,0.1906694770304758,-0.6284878515919898,0.4162962530188078,0.743260103163083,1
gdb_639,CC(O)C1CO1,1.1907014560913771,0.6497123435469295,0.204609905672577,-1.267181904400121,-0.8469340352654859,1.4178225292692022,-0.0777983388664447,1
gdb_640,C1CC11CCC1,3.9684059558082416,2.0733605949867253,-0.5894650956989377,-0.3520207865736476,-0.165435707289499,0.284198974853894,-0.4597619586200933,1
gdb_641,C1CC11CCO1,2.253089338184137,0.6198435232523141,-0.4389786146284561,0.6935657299702294,-0.9580350103431716,0.7203564070350821,0.3387870189185532,1
gdb_642,C1CC11COC1,2.2473943829912906,0.4909713960507668,-0.4524577646308915,0.1262533432816381,-0.6427833128240654,0.5493867327513752,0.2628615459545819,1
gdb_643,C1NC11COC1,1.6572486383596143,-0.0869930379180155,-0.3415779392847913,-0.1062346332947757,-0.7560092589484195,0.8086813990403754,0.1112418552860283,1
gdb_644,C1OC11CCC1,2.431266281243761,0.6371651682970014,-0.3541767325677431,-0.5940114435601486,-0.5171871078460873,0.6698202397239745,0.2154935803520108,1
gdb_645,C1OC11COC1,1.138538252281176,-0.3631462793513912,-0.0668166395442192,-0.7699154392338502,-0.9907348763837678,1.4092204643804072,-0.1306898662958767,1
gdb_646,C1C2CC1C=C2,3.415172828400276,0.0088630854563467,-1.1046835714827077,1.9151805411030365,-0.2602186353321947,-0.3702016970002828,-0.9192381468941456,1
gdb_647,C1C2OC1C=C2,2.0108548598769644,-1.3860408857862816,-0.7974924914263429,1.035242405926066,-0.4409399349215849,0.0607100655614342,-0.3552632461737589,1
gdb_648,C1C2CC1CC2,4.394731834855451,1.947038606399516,-0.3598130402398725,-1.6095846411049344,0.0711415427687906,0.484866020229997,-0.7166583407219376,1
gdb_649,C1C2CC1OC2,2.660553649461215,0.7003228889700716,-0.1737811243973225,0.0966286236821959,-1.1325320604689155,1.1231468965471958,0.4285395494429162,1
gdb_650,C1C2CCC1O2,2.658741903317851,0.6209217050105427,-0.1881067832386845,-0.1318838103997607,-0.9996361608896884,1.0552884479292814,0.34573211936096,1
gdb_651,CC1C2CC1C2,4.306833596885282,2.2647297913981417,-0.4128124623600072,-1.496927310309082,0.0071544261386455,0.5028575561719263,-0.5256153221767438,1
gdb_652,CC1C2CC1O2,2.3946684827783917,0.6599092226578319,-0.3481718246087628,0.1975158310264675,-0.9404404407899756,0.8279652696210584,0.5708218302008535,1
gdb_653,OC1C2CC1C2,2.4985397502077697,0.5859494042805039,-0.3452653494914622,-0.3231979934958152,-0.6532763511644207,0.7724351809753629,0.0196270858674699,1
gdb_654,OC1C2CC1O2,1.0655516287250564,-0.5564776143478545,-0.1012223306473658,-0.097595770512754,-1.218235979782755,1.4077420055001502,0.0072960547450249,1
gdb_655,C1CC=CCO1,2.015406943338909,-0.0496494556227592,-0.5759289088329328,0.6401702290709316,-0.2603371525872057,0.0495055031414537,-0.5139131270074352,1
gdb_656,C1CCC=CC1,3.304220875469808,1.0882735504684593,-0.91899348874924,1.3498282876496457,0.0651456654185912,-0.5795285281295103,-0.7386976643777691,1
gdb_657,C1COC=NC1,1.4543468596514375,-0.6412647748450546,-0.3976071449947119,0.1914787707151617,-0.5024426324787291,0.391857210455529,0.0307047035651078,1
gdb_658,C1CCCCC1,4.034148494780812,2.6317164311058776,-0.3258281074985417,-1.331784874088704,0.3642613840972382,0.0317005250566325,-0.7064123139353528,1
gdb_659,C1CCOCC1,2.3880342520786395,1.430358012295285,-0.1282520597852581,-0.0059350290180991,-0.6918685976679995,0.6822680186299942,0.1699431146075067,1
gdb_660,C1COCCO1,1.3387655965898977,0.8756381206202339,0.2499769127156395,0.0029132652379053,-1.441133611035052,1.8327798958006805,-0.7685205192652995,1
gdb_661,C1COCOC1,1.301309756670684,0.5439638377271346,0.3061930478241967,-1.1310657867752436,-1.0460646518970962,1.544943962260228,0.1840614038772213,1
gdb_662,C1CC2CCC12,4.006205842487261,1.7693615471772377,-0.5961446628519923,-0.316280978217684,-0.1675216335210279,0.2725355514616724,-0.5542312498328223,1
gdb_663,C1CC2OCC12,2.4184532208005933,0.4456807421649398,-0.3620667531107186,0.1362214864061548,-0.8390243697354127,0.7706032741998273,0.2874371940043484,1
gdb_664,C1OC2COC12,1.20649834821129,-0.5563898210196854,-0.0517091201204385,-0.3591104364721578,-1.1392151928492296,1.4951561375123217,-0.443603339124462,1
gdb_665,CC1C2CCC12,3.926740295808561,1.8977129311778689,-0.6089531210480916,0.182304252186696,-0.3766272719726998,0.3189308645291707,-0.3638013721410625,1
gdb_666,CC1C2COC12,2.39288811765976,0.5644209024507034,-0.3684183494582091,0.350617601941169,-0.9368821459767838,0.8197378663768372,0.2968684976160666,1
gdb_667,OC1C2CCC12,2.4800007359888347,0.5571354164306027,-0.3437073106174633,-0.0583751666266898,-0.7696263074164207,0.8143264970723506,0.0363485533737376,1
gdb_668,OC1C2COC12,1.0844919051641304,-0.6565244034169118,-0.0962550239006861,-0.0066483078326297,-1.2527858108267511,1.4344725238057736,-0.1163401181845316,1
gdb_669,C1C2CC=CC12,3.39682743112632,0.2097525725991758,-1.1313294820406554,1.7423432217324366,-0.2332112193311741,-0.3505372588458211,-0.8390550603097341,1
gdb_670,C1C2OC=NC12,1.6636023010425025,-1.465657901289557,-0.5795837042433553,0.2856394426417263,-0.6862562099883608,0.6927210839720336,-0.5678178336626581,1
gdb_671,C1C=CC2NC12,2.713767443862423,-0.53205972206826,-1.0030487090463924,1.294250556482576,-0.2933956961022225,-0.2377086711571586,-0.2475277647431785,1
gdb_672,C1C=CC2OC12,2.011224168381942,-1.2324133342672707,-0.8208220769628106,0.5902862664362617,-0.2661307997514414,0.0164380175361177,-0.3695940007826065,1
gdb_673,C1C2CCCC12,4.059123229717954,1.8552046683705203,-0.544194492032272,-0.301331862003189,-0.2662995437934209,0.366986780028172,-0.4535560251620076,1
gdb_674,C1C2CCOC12,2.5079593812391576,0.6601174274112759,-0.3031995915888719,0.4901052064510744,-1.144638320373078,1.0261768108588545,0.2620701134381541,1
gdb_675,C1C2COCC12,2.646504091706112,0.7411686334703267,-0.224166406041167,-0.341553922492402,-0.8967474734497292,1.0287386234407794,0.2539384559321157,1
gdb_676,C1C2OCOC12,1.3815356348493402,-0.1657876657266487,0.0757507825429784,-0.0025624801496091,-1.6451409979425606,1.9465843779832253,-0.2103999625973749,1
gdb_677,C1CC2OC2C1,2.7121315361304337,0.770692902967988,-0.1718554428172366,-0.7334628306876166,-0.8380688724367346,1.0653230829688125,0.4121678553987923,1
gdb_678,C1OCC2NC12,1.7755138444350278,-0.1631029939729864,-0.1936049853107558,-0.1368224959932042,-1.0298043903393592,0.9867085261733332,0.8750872290360365,1
gdb_679,C1OCC2OC12,1.4642396009941248,-0.1472308718686316,0.184386094940669,-1.13086403404266,-1.3432509483609134,1.851558740955583,0.4435294596207477,1
gdb_680,N=C1OC2CC12,1.545445028526932,-1.3478606277639438,-0.5973195184650035,-0.483733525897141,-0.3353429988512186,0.4222394404840748,0.085935440838805,1
gdb_681,O=C1CC2CC12,1.646861034801795,-1.5123882184486577,-0.9761851026865024,0.7139856672326695,-0.0792146118374571,-0.4280273631177959,0.4270378764326198,1
gdb_682,O=C1CC2CN12,1.1246321056933373,-2.116572906129599,-0.8019769415353479,0.1503897360704908,-0.1927912383478551,-0.1158389203827314,0.5827058489580278,1
gdb_683,O=C1CC2NC12,0.99152945196551,-2.1592898758097885,-0.8796024768575958,0.596397942549878,-0.2232020932455479,-0.2228966304767475,0.5135010414255013,1
gdb_684,O=C1CC2OC12,0.3839479422179258,-2.619588187338708,-0.7057680509422366,0.2878159098143725,-0.3509701929855691,0.2369870434425389,-0.3277723494448359,0
gdb_685,O=C1CN2CC12,1.167656518993881,-1.9566369870947689,-0.8688532394200403,0.4809909646445313,-0.1384473544553617,-0.0632064257631409,-0.5154258136844307,1
gdb_686,O=C1NC2CC12,1.2683616405925475,-1.7644374893966497,-0.7108159862482968,0.0486474845954032,-0.3956098690683166,0.1521478943254037,0.7148658570664005,1
gdb_687,O=C1OC2CC12,0.7194748910587304,-2.337314659497141,-0.4460730830600595,-1.3891144356841356,-0.2128051886569371,0.4813122978359545,0.6035498340541221,1
gdb_688,CC1CC2CC12,3.911471354957611,1.902805555941032,-0.6197131057112393,0.0767190239887769,-0.3314990602802286,0.2920759074145061,-0.3177388026157,1
gdb_689,CC1CC2OC12,2.537809227253982,0.7086359487142995,-0.2864381422189186,-0.4379797570386019,-0.7720517485078153,0.8924614423355689,0.3678213794824171,1
gdb_690,CC1OC2CC12,2.4191356077523087,0.6762307878969582,-0.3542863598368205,0.3133287664064299,-0.9884747524221704,0.8895338256949559,0.3496641158017146,1
gdb_691,OC1CC2CC12,2.4830403102272403,0.605739093785572,-0.3508083684598648,-0.2479370777494421,-0.6908398836524103,0.7931274216311514,0.0150419263416698,1
gdb_692,OC1CC2NC12,1.7452493825864333,-0.1057945284940386,-0.2437542566589587,-0.0762935707082713,-1.0298142773486658,0.993167690240478,0.745778108364713,1
gdb_693,OC1CC2OC12,1.2744704754037677,-0.3531053808414702,0.0232966212935726,-0.7815336852595944,-1.2040133613593662,1.6205925813954778,0.0969523929736525,1
gdb_694,OC1CN2CC12,1.69361143755109,-0.1448077253235404,-0.3305100374422539,0.2583712590404092,-0.9696042045059358,0.9327105731751162,0.1083547128601559,1
gdb_695,C1C2C3CC2C13,4.596487758232622,1.581614588364663,-0.469458532568807,-1.559084796999272,-0.2776214874301802,0.8951853983305181,-0.6482554825072517,1
gdb_696,C1C2C3CN2C13,3.3806471522937818,0.4857129925606188,-0.5828431467689047,0.5188693151302479,-1.0356815280298066,0.822385561340918,0.514201311073824,1
gdb_697,C1C2C3OC2C13,2.579260155911737,-0.2501176975338587,-0.4741308598128032,0.3347115724886081,-1.144520910886776,1.0628269829826855,0.3368261396147067,1
gdb_698,N1C2C3NC2C13,2.581738793903586,-0.4107328044155912,-0.6202342168468462,0.8237814179623995,-1.0704365241803306,0.8335303268614016,0.0953581876658701,1
gdb_699,N1C2C3OC2C13,1.9607333303273136,-0.941412136357926,-0.4146614719827325,0.1524104130161414,-1.1221759022077176,1.2282288494932294,-0.2618785441953792,1
gdb_700,O1C2C3OC2C13,1.4489141152196163,-1.2405627306637117,-0.2104134919138572,-0.2008043864772655,-1.28995505935487,1.8214100442358243,-1.39758432159654,1
gdb_701,C1CC1C1CC1,3.711085697996527,2.2177667082669648,-0.6672013302896326,0.2201026343314569,-0.1618825754767168,0.0928521530446988,-0.4714682084503749,1
gdb_702,C1CC1C1CO1,2.427486434949216,1.0959941692041788,-0.2824994258884655,-0.8560532645072852,-0.4918424153007885,0.7273849685041277,0.3732562717207542,1
gdb_703,C1CC1N1CC1,2.9929559317429475,1.3469480272728422,-0.6173387917694519,1.0325467447437318,-0.8251407593983944,0.4479586533131251,0.242557018889429,1
gdb_704,C1NC1C1CN1,2.203466326519322,0.3417214257562557,-0.5424562877404973,0.3340706015025008,-0.6440625119938891,0.3100430115391565,0.9868624246265264,1
gdb_705,C1NC1C1CO1,1.5918428470777934,0.2256176781613291,-0.2729145692754561,-0.530517300613275,-0.6580943078700857,0.7494053569655129,0.6590312548821694,1
gdb_706,C1OC1C1CO1,1.2330915763532215,-0.2513616938360416,-0.0021906947316876,-1.2266550560477036,-0.9296524004204304,1.4797420720089582,-0.0221140161775406,1
gdb_707,C1C2C1C1CC21,3.810378454880692,0.8966893542645229,-0.8892933025220587,1.7250265702080314,-1.046574279104225,0.5177801096539839,-0.1512487917909563,1
gdb_708,C1C2C1C1NC21,3.088382182556407,0.1442946458522328,-0.7718997969640635,1.5347248986993312,-1.1918984221117552,0.6298831850939569,0.5046207345925096,1
gdb_709,C1C2C1C1OC21,2.461454488079664,-0.5096473317946926,-0.5586957876578512,0.4651056680999163,-1.034891667028459,0.8929551165672077,0.2212529657300613,1
gdb_710,C1C2C1N1CC21,3.137026799592584,0.0799361439795946,-0.7671666204336897,1.066685198276808,-0.9542486320210204,0.5542054781346164,0.2717283263142633,1
gdb_711,N1C2C1C1NC21,2.3240465724442823,-0.6133272400804228,-0.6866616130407329,1.5176716480503285,-1.3534603095943214,0.7169628005070758,1.0824610866060278,1
gdb_712,N1C2C1C1OC21,1.6519338865800204,-1.3124273102006383,-0.4826621984536879,0.5465176713184007,-1.2321897362042264,0.9479440229172724,0.9842157935133856,1
gdb_713,O1C2C1C1OC21,1.1142383118207655,-1.8683867350261056,-0.2384852710165622,-0.7554327940351308,-1.018778237880123,1.2790566911572503,0.4626395406425974,1
gdb_714,C1C2C3C1CN23,3.4667331616577512,0.3723310426194431,-0.5030564053467719,0.2496939291793569,-0.9955115652601356,0.8623577397620449,0.5099058813269204,1
gdb_715,C1C2C3CC1C23,4.306105009670612,1.2971450370575792,-0.5608621814736051,0.1297326649005006,-0.8338943384970012,0.8644231256490166,-0.2189807771154432,1
gdb_716,C1C2C3CC1N23,3.480078257686183,0.3630344385355644,-0.5086432161997737,0.0900717546416055,-0.9146884831297122,0.838124512205796,0.4189500441342462,1
gdb_717,C1C2C3CN1C23,3.3540590566270114,0.2683765653191182,-0.5649415568336805,0.7831801247888338,-1.0948290191518095,0.7963392219715285,0.4755668712512191,1
gdb_718,C1C2C3OC1C23,2.6816370828324945,-0.2386321310906504,-0.3659860581971526,0.3698786735892957,-1.2687836189937505,1.2010656463881435,0.3424046308681777,1
gdb_719,C12C3C1C1C2C31,4.233376474549486,0.2220512960327541,-0.8075831319458868,1.0786980505307178,-1.099629399333413,0.9011457253051276,-0.5297826624659456,1
gdb_720,C12C3C1N1C2C31,3.311570664753019,-0.8515408992758599,-0.7742902486047817,1.2171522272855997,-1.2151404192315611,0.7816098965927422,0.4309967679912067,1
gdb_721,C1=CN=NC=C1,1.5161713207721348,-2.8432886996615743,-1.268501702973625,1.386147537992991,0.1158892311478985,-0.9459431492304264,0.5367188088903596,1
gdb_722,C1=CN=NN=C1,0.9360509466214186,-3.655051462272039,-1.1293710649122164,0.4336101714460437,0.3120110028753974,-0.858189812102401,0.6109278439561974,1
gdb_723,C1=NN=CN=N1,0.5309258229918374,-3.9197383518309263,-1.1836446986255746,1.5050188630510295,0.0953459006443692,-0.2691448949655481,-2.7135404048368845,1
gdb_724,C1=NN=NC=N1,0.4767949703803334,-4.167040541023706,-1.0845825469689736,0.5021832155533295,0.2805466928084552,-0.4695783155338259,-1.1579224542262534,1
gdb_725,C1=NN=NN=C1,0.2927674285937265,-4.42994266436857,-1.0867797317839354,0.2567670365881518,0.3769810943837827,-0.7420130931905284,-0.0077090512212552,0
gdb_726,CC1=CC=NN1,2.006408771854236,-0.8223368597312796,-0.8758966153480268,0.8157588128142811,-0.4204525123345773,-0.0294589200332012,0.4371549848233469,1
gdb_727,CC1=CC=NO1,1.1777119576642394,-1.7570707134351016,-0.7705706124959916,0.0919439168441044,-0.1465882850258163,-0.0465232983651619,0.1906262052856067,1
gdb_728,CC1=CN=NN1,1.2040574313835546,-1.9227826280797775,-0.7990818176214411,-0.0987006793834573,-0.1433890145421435,-0.2352403905289986,1.3270120304266588,1
gdb_729,CC1=CN=NO1,0.4520666984090523,-2.7084190333202622,-0.712101816214903,-0.5964674925072326,0.1037804812617559,-0.1360958233734216,0.3257572279547092,0
gdb_730,CC1=CNN=C1,2.063751744065024,-0.7154877024854809,-0.8664733922952873,0.8184400427333782,-0.4510970807442713,0.0616432731540971,0.1867057735838742,1
gdb_731,CC1=CNN=N1,1.2807795555721175,-1.8012351166058145,-0.7910041387412691,0.0071058058035874,-0.2015211003356942,-0.1125729173344214,0.9165474755255972,1
gdb_732,CC1=CON=C1,1.1617201102215062,-1.792183879628443,-0.7791871790514888,-0.0175080692013711,-0.1055121846525832,-0.0745253550201179,0.2515482748791469,1
gdb_733,CC1=CON=N1,0.4720236828141543,-2.685032464625736,-0.7224226079762841,-0.514291536743203,0.08288436864534,-0.0928237919391552,0.0923596163723183,0
gdb_734,CC1=NC=NN1,1.5213945559735595,-1.5132530373272184,-0.713290852413,-0.2333026418823714,-0.2749019775361611,0.1899663825154597,0.3302791004393161,1
gdb_735,CC1=NC=NO1,0.9294702950164268,-2.1536934051242125,-0.5680517595123687,-1.1500044666650229,0.0410127098983395,0.4252797515497886,-0.9959404910169316,1
gdb_736,CC1=NNC=C1,2.1742354569218474,-0.617865650352963,-0.8231256934074771,0.5672204150379613,-0.4061368396556349,0.1494409240955892,-0.0437373723527701,1
gdb_737,CC1=NNC=N1,1.6278818551116991,-1.3379886817001423,-0.6910646510961429,-0.1732582744527711,-0.3338429289626858,0.3442842673777603,-0.1376191041302742,1
gdb_738,CC1=NNN=C1,1.7212240315267373,-1.1745794488387635,-0.7406823338536935,0.0760728414312551,-0.2792361066828731,0.4484272202505018,-1.3565860133340657,1
gdb_739,CC1=NNN=N1,1.058014723483102,-2.1781963725977898,-0.6215334906958287,-1.1695463546364482,0.0892051440549547,0.3405071709494184,-0.8835318176238417,1
gdb_740,CC1=NOC=C1,1.2868350270900686,-1.6729838841997398,-0.7315247540870133,-0.2639016974135755,-0.0799555152967643,0.0399952987823738,-0.0010618334767288,1
gdb_741,CC1=NOC=N1,1.0502493024738306,-1.9902268882621783,-0.5469280166795123,-1.2360170444903442,0.0416395732822175,0.5685278849971678,-1.519016288333734,1
gdb_742,CC1=NON=C1,0.6699937950851315,-2.6594392356682897,-0.6358518894657621,-1.7112915428440705,0.4798370423450099,-0.1046528408807601,-0.1220081567847768,1
gdb_743,CC1=NON=N1,0.1656060826049602,-3.290405796726376,-0.5508678101791048,-2.20043804806627,0.6220821853468621,0.11949201734896,-1.1532470779352588,0
gdb_744,CN1C=CC=N1,2.1050756858730035,-0.7707754749360421,-0.844866382923829,0.6490048422570658,-0.3751216452288565,0.0370478794246492,0.1540243643223247,1
gdb_745,CN1C=CN=N1,1.3137119954116654,-1.8715814881609545,-0.7615689558296204,-0.3036900355804639,-0.1042409551965947,-0.1544529605180559,1.072354024710692,1
gdb_746,CN1C=NC=N1,1.5544517800730182,-1.5452955835586877,-0.6951334975450788,-0.4447646312699005,-0.1977438780515176,0.1684847872750564,0.3400700749137739,1
gdb_747,CN1C=NN=C1,1.219115945244968,-1.9686367152957676,-0.7342320073097743,-0.3150103010764413,-0.280004344374002,-0.1719774625248445,2.1645533474330185,1
gdb_748,CN1C=NN=N1,0.7176658871039469,-2.711067864956088,-0.6185378025123024,-1.439786380215928,0.112192149463814,-0.0942606636064783,1.4518614757043553,1
gdb_749,CN1N=CC=N1,1.7319978452877152,-1.2095528740258596,-0.7294669522572003,0.1127768382358641,-0.2677445582550486,0.4289136552954042,-1.3822542841458014,1
gdb_750,CN1N=CN=N1,1.0142932164638288,-2.3032800937838087,-0.6061888202424649,-1.3260610456541742,0.1464861805002386,0.2345333806125832,-0.4542306393206265,1
gdb_751,CN1N=NN=N1,0.3083863485686207,-3.333952938427044,-0.4888719497690505,-2.615565895053769,0.5182714881129736,0.0838717376942598,0.2852504352168526,0
gdb_752,N=C1NC=NO1,0.0163627550538499,-2.6408014981264176,-0.499014368479267,0.5018049225169325,-0.9494310952426837,0.7910349605993233,0.2774231108255862,0
gdb_753,N=C1NN=NN1,0.1739054459130039,-2.575547081605173,-0.6543292217222301,1.1757736864260446,-0.9430605595090132,0.7967013333689709,-0.9730128522351672,0
gdb_754,N=C1OC=NO1,-0.397556414351753,-3.000395618900681,-0.2647779739807374,-0.5797651823635848,-0.7827484154051547,1.298392933538019,-1.167839537715337,0
gdb_755,N=C1ON=NO1,-1.0999338440909046,-4.036872970383491,-0.2784941160384969,-1.3771205918970852,-0.2056784605297772,1.0751396098207726,-2.1123592777375477,0
gdb_756,NC1=CC=NN1,1.3338922978704977,-1.2782316284383028,-0.7536861545013875,1.4305662284409026,-1.0560931141530732,0.4136265524731088,1.0135334920301078,1
gdb_757,NC1=CC=NO1,0.4993844892061806,-2.1090483732175724,-0.6352855240141921,0.9835650886289098,-0.945296815322515,0.4771004851778645,0.8842280513333726,0
gdb_758,NC1=CN=NN1,0.5203501239672017,-2.3691932979862145,-0.6870973654391944,0.6200674559408254,-0.7915472936269239,0.204427573132128,1.8221660575364649,0
gdb_759,NC1=CN=NO1,-0.2884920622256389,-3.1071438463891816,-0.5931034873799329,0.3771106361945819,-0.6814110306225022,0.3120909883258238,1.1715696712189758,0
gdb_760,NC1=CNN=C1,1.263338695180624,-1.2900652193516464,-0.8308102265670275,1.9881651254691852,-1.131909906317377,0.4001563525543369,0.5585424836666242,1
gdb_761,NC1=CNN=N1,0.5249293801306434,-2.284789762706726,-0.7521039538443131,1.2702766030895254,-0.909590005719967,0.2932784934205821,0.9791624949292784,0
gdb_762,NC1=CON=C1,0.3410849336439227,-2.389604352246955,-0.7382902416906103,1.108525739981597,-0.777042312718101,0.2325261103124745,0.7948248266730874,0
gdb_763,NC1=CON=N1,-0.3386978046432647,-3.249488425152377,-0.6876867289783634,0.737873298366248,-0.6235000699814084,0.2459767749692638,0.4736482542597391,0
gdb_764,NC1=NC=NN1,0.882773722281707,-1.8663407966832213,-0.5725126086094836,0.5053168920777573,-1.0108984569513793,0.723930248971089,0.8608714034120563,1
gdb_765,NC1=NC=NO1,0.2097756180391548,-2.5293543462545687,-0.4242467265151341,-0.1613072850531005,-0.8437425445174117,0.9433973500873258,0.0524278731266732,0
gdb_766,NC1=NNC=C1,1.4424380569920383,-1.0661543909037596,-0.7734785333482519,1.84690386910696,-1.1689822284623987,0.6125295976653002,0.0357985937716839,1
gdb_767,NC1=NNC=N1,0.8993871937673367,-1.748075181173399,-0.6468924179346794,1.2685967781410772,-1.152111026105676,0.8434531713071661,-0.1792626706843841,1
gdb_768,NC1=NNN=C1,0.8503824061480709,-1.824069709911589,-0.7054411495846469,1.3011958957027483,-0.9959681695942522,0.7208981727882743,-0.564342169128133,1
gdb_769,NC1=NNN=N1,0.2048278838527915,-2.716055393361584,-0.6079243513343603,0.5001572652180692,-0.7742895706261528,0.7226230433213812,-0.5066525993869013,0
gdb_770,NC1=NOC=C1,0.6003924613821706,-2.116470481034496,-0.6347135099963565,0.5649635968996845,-0.7345558899897116,0.4829694307238942,0.3209555192778447,1
gdb_771,NC1=NOC=N1,0.1993925421231177,-2.5485868851239117,-0.5076569921032831,0.231360664447054,-0.803943846344506,0.935989381067614,-0.8339553321611072,0
gdb_772,NC1=NON=C1,-0.2158614621360044,-3.237244664884103,-0.61747306949495,-0.0952679112709511,-0.385283789475582,0.2382726640487901,0.5408576223923252,0
gdb_773,NC1=NON=N1,-0.765914183484404,-3.9197577628561255,-0.543494876353789,-0.4750346253103293,-0.2721051407884918,0.4252424749555186,-0.340140482722502,0
gdb_774,O=C1NC=NN1,0.215003929883397,-2.3720976891695837,-0.4289543663249319,0.4800191083103506,-1.2055933498466842,1.154117135218809,0.0555830205535946,0
gdb_775,O=C1NC=NO1,-0.64610507103882,-3.473428940068408,-0.244481791200676,-1.1352375963434724,-0.7085625744864937,0.9504700348217654,0.9092179526299032,0
gdb_776,O=C1NN=NN1,-0.1606969688471997,-2.8814696872579577,-0.3606653313860469,-0.269575237996239,-0.823209332995079,1.4099147832612453,-2.058026793579772,0
gdb_777,O=C1NN=NO1,-1.0830357648457176,-4.09210817353127,-0.1970697087116826,-1.8962747405521096,-0.2694883136036416,1.1067444199633405,-1.052848968049337,0
gdb_778,O=C1OC=NO1,-1.0455405213397044,-3.807375492128528,-0.002346342558865,-2.286432356526381,-0.5081532277322983,1.4550882173238224,-0.5869755466101444,0
gdb_779,O=C1ON=NO1,-1.522074524228748,-4.497374123352571,0.0052315930649826,-2.99141973212078,0.0298885867155441,1.5216374817436746,-2.7935906003723683,0
gdb_780,OC1=CC=NN1,0.8376373263534515,-1.6015977086187712,-0.4984635785970452,0.7666239982103187,-1.259068125307494,1.0237462333527343,0.5102463149569504,1
gdb_781,OC1=CNN=C1,0.8715186608493425,-1.478120461967047,-0.5887382130534577,1.3491942464966011,-1.2629917722501705,1.100798097218163,-0.8153119964258885,1
gdb_782,OC1=CNN=N1,0.0674879781455637,-2.601566083954228,-0.5151962659571234,0.4955196586749391,-0.9630452266705888,0.8710806560810053,-0.0473642397158993,0
gdb_783,OC1=NC=NN1,0.4952018186114592,-2.061364797829417,-0.3105196989274826,-0.2352992253365148,-1.1493878116910603,1.4271453240915135,-0.3139496626870979,0
gdb_784,OC1=NNC=C1,0.8347410286912137,-1.6399007829933483,-0.5438217159421951,0.8919369542484779,-1.1599223754374577,0.9748215872216184,-0.0567656986389214,1
gdb_785,OC1=NNC=N1,0.237088120789375,-2.4515856638861,-0.4196533602189115,0.0952033501126909,-1.0297201120403876,1.076755513198185,0.0402305863026422,0
gdb_786,OC1=NNN=C1,0.3104769368512333,-2.299414235025478,-0.4688515269459475,0.3355559494386612,-0.975569964344087,1.1574757967347808,-1.0417713443231609,0
gdb_787,OC1=NNN=N1,-0.1722740990109452,-2.989289329243197,-0.3488467128802143,-0.6089872176612334,-0.6903099987222902,1.3145967300702712,-1.821062812112992,0
gdb_788,OC1=NOC=C1,0.2129638931052972,-2.362948377374412,-0.379778051414056,-0.3706429995831243,-0.738812737971516,1.1129249236381795,-0.9548467483103054,0
gdb_789,OC1=NOC=N1,-0.4537536757904781,-3.272058603277228,-0.2786632003464873,-1.0915588661689366,-0.5965673518715124,1.1323351621775355,-0.6755966536130341,0
gdb_790,OC1=NON=N1,-1.1893768133371203,-4.29478856082363,-0.2908117234090395,-1.736554518472232,-0.0924999450696742,0.9094581183436248,-1.4453636614470418,0
gdb_791,CC#CC(C)=NO,-1.5026885679687778,0.7875902284398055,-0.0004852881954998,1.6604448983198143,0.8155358934300438,-1.200071511187426,-1.185540943611962,0
gdb_792,CC(CC#C)=NO,-0.7205943898767228,0.6862099386763092,0.0937979006939382,0.3616205562486455,0.3456985842851433,-0.1940027914439637,-1.367093070250187,0
gdb_793,CC(CC#N)=NO,-1.5802240419437772,-0.5563329062062478,0.1735953579301897,-0.6432642308143214,0.5565431775139563,-0.4388643904737688,0.1747909434691941,0
gdb_794,CC(CC=O)=NO,-2.599623721422444,-0.5265082864324663,0.3272011267611504,0.4510401454277216,0.3945099481758964,-0.3823941564440375,-0.9367758461319948,0
gdb_795,CC(CCO)=NO,-2.3859265948534065,1.1102065279071418,0.7665318091915612,0.2700055745139686,0.1811904137919204,0.0301944283149654,-1.1471515138477726,0
gdb_796,CCCC(C)=NO,-1.1711071766833252,2.1349345902133607,0.4630698485764341,0.752907119390618,0.6500842488491206,-0.7717053717354276,-0.9614614187581756,0
gdb_797,COCC(C)=NO,-2.1535926579699103,0.8351361733998821,0.7030201613574503,0.0635834428781621,0.0649368276330705,0.2560270597166126,-1.3448882659451151,0
gdb_798,CC(=NO)C(C)=NO,-5.031111292127018,1.0869033745164751,1.3367983625759703,1.2178042646673737,0.3761782934332823,-0.1561365202171235,-2.202792908677554,0
gdb_799,CC(=NO)C(N)=O,-3.0806147109613864,-1.3099498149128328,0.46862745966273,-0.1537670152625825,0.1397149382372808,-0.0086846079889969,-0.2806015928102143,0
gdb_800,CC(C)C(C)=NO,-0.8605688180149503,1.7701049240497595,0.377802793479425,0.7310257727530118,0.2960498739476881,-0.3657572375523935,-1.02605532442467,0
gdb_801,CC(O)C(C)=NO,-2.1843907860262664,0.6952499606114414,0.6922578220271365,0.1570983849741215,-0.0763553382364552,0.2689357722472644,-0.7862029885002333,0
gdb_802,CC1CC(C1)=NO,-0.9116370314947164,1.141255658403959,0.2015383823086108,0.70821335530613,0.3273850274725537,-0.4173874954304645,-0.879424807680367,0
gdb_803,CN1CC(C1)=NO,-1.5861965346590152,0.6254438468409691,0.2545548834588093,1.3524204689004384,-0.1189799106112992,-0.068400421385512,-1.0016350864455106,0
gdb_804,ON=C1CC(O)C1,-2.155007980364243,0.1286457017879434,0.5261159818850462,0.1888238362353109,-0.1500823011077595,0.3568072005431255,-0.7991730796530733,0
gdb_805,ON=C(C#C)C#C,-1.0067815553512849,-1.3072747075375208,-0.5230609560228404,1.332283618356408,0.5690744799516144,-0.6815704127192773,-1.9920144205641883,0
gdb_806,CCC(=NO)C#C,-1.0416507953918477,0.0526688608167033,-0.130639134875485,1.211654450183021,0.5006830892103398,-0.6804829009641128,-1.5026540172033374,0
gdb_807,OCC(=NO)C#C,-2.372870227896572,-0.989303768460826,0.2054126172442816,0.7584077419277453,0.0128989610241302,0.0062409937428402,-1.0320374104584462,0
gdb_808,CCC(CC)=NO,-0.9269084425098524,1.780062173541809,0.3849023095291009,0.7674218713503604,0.3764932861886427,-0.4690022031176087,-1.045350352136939,0
gdb_809,CCC(CO)=NO,-2.249800088430754,0.5301798051674972,0.6975730599679971,-0.1056272753883971,0.0878207470419364,0.1041508754055105,-0.5428854400032093,0
gdb_810,CC1CCC1=NO,-0.7671118005891222,1.016573821361697,0.1857204533127081,0.7229802784102647,0.1868040605053318,-0.2393841802326339,-1.0198835343720198,0
gdb_811,CC1NCC1=NO,-1.452458585104155,0.4340471919575542,0.2632303555573117,0.9910067440288534,-0.1232586585652524,0.0264737794402334,-0.9117147918233278,0
gdb_812,CC1OCC1=NO,-2.029297042132999,-0.040820384799875,0.4912705545171364,0.1277197622701436,-0.1511727924538678,0.4507143979405856,-1.2159035666180602,0
gdb_813,ON=C1CCC1O,-1.9804372512216517,-0.0244070121029493,0.5005217610991417,0.0378959497364589,-0.1473318852368316,0.496924170659059,-1.3137748503343254,0
gdb_814,ON=C1CC=CC1,-0.588411956276206,0.4089546879390534,0.0107177234905697,0.8650614377356014,-0.1222699378494458,0.1018518781444966,-1.1314828456550754,0
gdb_815,ON=C1CCC=C1,-1.1332974613008002,-0.0927101320786048,-0.2140180732500761,1.88119406821536,0.1434077699367255,-0.6288741989769168,-0.9216342367779112,0
gdb_816,ON=C1CNC=C1,-1.8895457094938573,-0.604942154472581,-0.116325048173637,2.6382974715631127,-0.5210861637458061,-0.2632687127696538,-0.0468940504207058,0
gdb_817,ON=C1CCCC1,-0.732136962645755,0.9895350981536783,0.1738800478657245,0.7752638534757006,0.0634796300907286,-0.1460117079833403,-0.9084830085671336,0
gdb_818,ON=C1CCOC1,-1.9232898490457837,-0.0198079334771087,0.5003662946591477,0.0423526444914889,-0.2629451635133032,0.6076473415662438,-1.2344181749455845,0
gdb_819,CC(=NO)C1CC1,-0.8053400108680295,1.087483669054267,0.171509996637449,1.0624821676280531,0.0530742246009775,-0.185846543123351,-1.0622565210874622,0
gdb_820,CC(=NO)C1CN1,-1.5173540115296476,0.3020913018733171,0.2514949909979245,0.8458169496178345,-0.04675221809966,-0.0830709347994626,-0.6118735968064242,0
gdb_821,CC(=NO)C1CO1,-2.152066115818447,-0.0340321039224312,0.48370122677366,0.1585218106745753,-0.0760743147666227,0.3030309019016772,-0.9640299631215044,0
gdb_822,ON=C1CC2CC12,-0.6305186217665725,0.3685340022705972,0.0115844531940692,0.9374093327733046,-0.2031481729324439,0.0844948463292415,-0.7036308233858194,0
gdb_823,ON=C1CC2NC12,-1.298037883217946,-0.3024908981828619,0.1193491831282031,0.6744731461124084,-0.3215112436510604,0.2570941443350685,-0.366550649911265,0
gdb_824,ON=C1CC2OC12,-1.8780259942708333,-0.8243837544265394,0.3271486195467886,-0.1524178074337884,-0.3169290881347841,0.6649124957789821,-0.8594198615547257,0
gdb_825,ON=C1CN2CC12,-1.2192778863663478,-0.192046269124569,0.0965631063019957,0.8465111874956864,-0.3189837253753038,0.3555689700754798,-1.1321913295929027,0
gdb_826,FC(F)(F)C#C,-2.7321180016572693,-3.1617055729301686,0.9798696034856142,-3.5877737599895165,-1.061346804232931,2.887915196530609,-1.429340718408733,0
gdb_827,FC(F)(F)C#N,-2.922506082110964,-3.663586487374841,1.2359764834401683,-6.0141877303030205,-0.3652103163639618,3.133787451214453,-2.4781796131490705,0
gdb_828,FC(F)(F)C=O,-4.72876243402295,-4.511668372397236,1.022547294283429,-2.2904397614483334,-1.07589593321809,2.6351966720708924,-2.425065813204378,0
gdb_829,NCC(F)(F)F,-3.4734228126501963,-1.7591339903849217,1.527385812391731,-2.099783670583648,-2.2721993353049545,3.572846843345024,-0.1053785889775277,0
gdb_830,OCC(F)(F)F,-4.028079279807783,-2.3501900360127816,1.7765090646523911,-3.643950584607604,-1.9538772380062224,3.822379542506646,-0.4218169835054401,0
gdb_831,CCC(F)(F)F,-2.001866341473982,-0.5822309776480681,1.8319839687606536,-5.831626644859752,-1.1392865161257706,3.689043656264716,-0.7922419941277157,0
gdb_832,CC1=CC(C)=CN1,0.4492830756512618,1.5855823795382005,-0.2693756905672782,2.454045569851872,-0.3568503038237984,-0.5080495793168723,0.36375245950829,0
gdb_833,CC1=CC(C)=CO1,-0.1510213671289756,1.008378420023737,-0.1275042830658779,1.9089870172500936,-0.3040406164962013,-0.1377741944283538,-0.7345476148006609,0
gdb_834,CC1=CC(N)=CN1,-0.1875145917232739,1.1086162690116286,-0.1871231499662842,3.043750984448826,-0.8978042879684618,-0.0672613254282869,0.42582044223186,0
gdb_835,CC1=CC(N)=CO1,-0.8548573223680102,0.4272767564792811,-0.0391828974705827,2.370140835360478,-0.8084181178727564,0.1985389545527713,-0.1792653847926477,0
gdb_836,CC1=CC(O)=CN1,-0.823228002106369,0.5498948357613955,0.0120194403619326,2.4453176752991697,-1.0334378929564,0.3503501092286543,0.2951933681768486,0
gdb_837,CC1=CC(O)=CO1,-1.5454416987669712,-0.2210591806858807,0.1513587338259457,1.7200646047123476,-0.899044904004486,0.5273676150214897,-0.0673201676434132,0
gdb_838,CC1=CNC(N)=C1,-0.0449667268119311,1.2381911043750906,-0.1288230705709933,2.6216452737726144,-0.8358126882063772,0.0545730546991799,0.2156980060390319,0
gdb_839,CC1=CNC(O)=C1,-0.5637655419936346,0.97516966448924,0.1062008920342673,2.4130046737667232,-1.2710286960255548,0.7712997676401545,-0.2227528058724005,0
gdb_840,CC1=CNC(O)=N1,-1.103408199394591,0.2120111238166876,0.2543833612809544,1.4632692177503106,-1.206002556909307,0.957739459479166,0.1002985567167488,0
gdb_841,CC1=COC(N)=C1,-0.804261875853549,0.5796701760767221,0.0017593532158391,2.478158859596876,-0.9847642889298848,0.3473929126040613,-0.0213954887377206,0
gdb_842,CC1=COC(N)=N1,-1.2098350655575991,0.0033227323853834,0.1690016462710657,1.549082026193324,-0.96946662859822,0.7205694568183112,-0.3124440729531863,0
gdb_843,CC1=COC(O)=N1,-1.9031245304476692,-0.7182172414065863,0.3735000365820393,0.609883893962677,-0.9576370454488444,0.9848110163034024,-0.0117829383209029,0
gdb_844,CC1=NC(C)=CN1,-0.1684816062457174,0.6975917313237799,-0.1486843164710316,1.594659140811252,-0.2987576220555997,-0.4028575795488995,0.9426381762495706,0
gdb_845,CC1=NC(C)=CO1,-0.641859837203586,0.2990778523824128,0.0059584002062866,1.0449500689319389,-0.2416513511219327,0.1165041247601913,-0.8588496085172704,0
gdb_846,CC1=NC(N)=CO1,-1.368575964664329,-0.2238262453118455,0.0607786233316887,1.9738247365608208,-0.8805502917408937,0.5102856156608508,-0.5842067606357415,0
gdb_847,CC1=NC(O)=CN1,-1.4422255749030497,-0.2874124853509327,0.1148191748431093,1.8145566293341024,-1.0122816006668345,0.4785580180985937,0.5967369320697663,0
gdb_848,CC1=NC(O)=CO1,-1.9599112659614744,-0.74485025308806,0.2677958935962512,1.2235561835695612,-0.9285690497308132,0.9296544862343836,-0.964794711142367,0
gdb_849,NC1=CC(N)=CN1,-0.692899611051523,0.6970085354028778,-0.0333683336515835,2.9615758222201976,-1.2893937194411813,0.4288609174642381,0.505792252098672,0
gdb_850,NC1=CC(N)=CO1,-1.4312156426000116,0.0463263168994881,0.1316555992524994,2.568355096941671,-1.4081671173805446,0.7193029691391684,0.5343316677825614,0
gdb_851,NC1=CC(O)=CN1,-1.3458021251323686,0.1118178651626721,0.1612095964412819,2.3716285228494973,-1.4204484005616853,0.8249432376686021,0.4332839777975359,0
gdb_852,NC1=CC(O)=CO1,-2.1126267874625966,-0.5570987045649124,0.3175740334775531,2.062139767538476,-1.556566600723008,1.093388342606029,0.5267548057217445,0
gdb_853,NC1=CNC(O)=C1,-1.1794557595231856,0.4804022892263949,0.2109003619952993,2.738353567051341,-1.739675130893824,1.1908022688504696,-0.0294287117784971,0
gdb_854,NC1=CNC(O)=N1,-1.716964821453012,-0.1901983389261468,0.3464169489657715,2.166755646097161,-1.8230805313564509,1.4666061708185434,0.0985753725171219,0
gdb_855,NC1=COC(O)=N1,-2.5076735135572243,-1.0781714434964615,0.4732046056210462,1.3538246996805257,-1.6074157243157934,1.5200445203733195,-0.0087314357687312,0
gdb_856,NC1=NC(N)=CO1,-1.8754385002993816,-0.5068438125155676,0.2708399596072703,2.0328277167444035,-1.5123522797005655,1.1206391568021956,0.135781930710073,0
gdb_857,NC1=NC(O)=CN1,-1.9347325683560228,-0.5816431389746017,0.28863450028102,1.9751178787455568,-1.5815785760098449,1.082896487763084,0.8010927840930828,0
gdb_858,NC1=NC(O)=CO1,-2.513559494796744,-1.068674658655511,0.4700602080873473,1.3893445575712304,-1.6059324345162207,1.5113928299251178,-0.0311204176817916,0
gdb_859,OC1=CC(O)=CN1,-1.914135604979252,-0.2149120412343562,0.3927161796923381,2.1723419177609924,-1.862659659203438,1.4868960150085873,0.2751049285182348,0
gdb_860,OC1=NC(O)=CN1,-2.3282452119776877,-0.7099632276009414,0.5553184616473593,1.5102844963295328,-1.935314671794597,1.8974172457055656,-0.1240726952021603,0
gdb_861,CC1=CC=C(C)N1,0.3856843792477942,1.5012774869108418,-0.3025911342241599,2.661949124542569,-0.3781921854614083,-0.5762099963808541,0.4484071606897299,0
gdb_862,CC1=CC=C(C)O1,-0.1223616194985487,1.0532452510300143,-0.1491807545723909,2.220585283064284,-0.4026258119694515,-0.0643225677426036,-1.0347328703821022,0
gdb_863,CC1=CC=C(N)N1,-0.078130228988562,1.1876341372745258,-0.1563199667632947,2.7821311521653698,-0.8371856551082563,0.0115437925592629,0.1515286064032271,0
gdb_864,CC1=CC=C(N)O1,-0.8238578449408677,0.5571844531537156,-0.0238715109310352,2.731819673685321,-1.0325131062584936,0.3365327582773638,-0.1190941225076477,0
gdb_865,CC1=CC=C(O)N1,-0.6262305739143303,0.9043231814035232,0.0686348801285216,2.653193335292423,-1.278814017118997,0.6994855926200088,-0.2483758080166165,0
gdb_866,CC1=CN=C(C)O1,-0.7489376791371628,0.1538844785166923,-0.0139555279798014,1.1081284807963876,-0.2297254864114654,-0.0228166313121471,-0.3844105555081279,0
gdb_867,CC1=CN=C(N)O1,-1.3023412798168572,-0.1025253572087541,0.1429938061105528,1.6763593717534175,-0.9530154492029757,0.5999342735102182,-0.053731167847543,0
gdb_868,CC1=CN=C(O)N1,-1.212926987404315,0.0857706587976205,0.2213711136655166,1.5466645289881429,-1.147867043562342,0.8051959222592746,0.336982355672196,0
gdb_869,CC1=CN=C(O)O1,-1.7506846134706533,-0.4137292421553826,0.3738777850734193,0.9808234201513184,-1.0812283325828984,1.2317958402979,-1.056558795632189,0
gdb_870,CC1=NC=C(N)O1,-1.4490194746642784,-0.3042924043866274,0.0937066397422729,1.8108696254628256,-0.8934645418344574,0.4042611628313051,0.2858445208828707,0
gdb_871,CC1=NC=C(O)N1,-1.3064170150163832,-0.0404242427435482,0.1867012177626197,1.6652872074753304,-1.12007448667237,0.687965351892708,0.5247128411370737,0
gdb_872,NC1=CC=C(N)N1,-0.4475096742370715,1.0019453887550085,0.0084359766644698,2.85555861356076,-1.3060606725202677,0.7144952771928096,-0.5418693539938007,0
gdb_873,NC1=CC=C(N)O1,-1.3969885171478702,-0.0307869222403315,0.1117188178245648,2.4085013688828654,-1.2524970361001533,0.661774316481072,0.1651847382381346,0
gdb_874,NC1=CC=C(O)N1,-1.0463887084671744,0.5510717267848686,0.2266150364522543,2.4432879772469365,-1.6061783057138177,1.263833506634799,-0.6486907113448886,0
gdb_875,NC1=CC=C(O)O1,-1.9916889295863616,-0.5628531698436685,0.322510621848604,1.716123348957673,-1.3744377149962348,1.1187563966835448,-0.0751898598562274,0
gdb_876,NC1=CN=C(N)O1,-1.903592528174653,-0.7287140745858427,0.277799584307365,1.3207611176754828,-1.15392939378477,0.8807409728815363,0.3855752685833628,0
gdb_877,NC1=CN=C(O)N1,-1.6779657913294086,-0.2705778687152601,0.3684393912012955,1.535442335419635,-1.5439016613506948,1.3564048862431723,0.0648271586545623,0
gdb_878,NC1=CN=C(O)O1,-2.294804332046937,-0.9433661205777788,0.5133431505523894,0.66474573069028,-1.2930189316843466,1.5871058290421312,-0.9600284926818144,0
gdb_879,OC1=CC=C(O)N1,-1.722701497361848,0.1330817962576558,0.4199560680848294,2.563848582381275,-2.113526642500801,1.8419602027435529,-0.5852888332585572,0
gdb_880,OC1=CN=C(O)N1,-2.2743022903722143,-0.595819495266685,0.5812963386143747,1.5010811113129583,-1.9982640162678784,1.9963788224522787,-0.1935499994137267,0
gdb_881,CC1=CNC(=N)O1,-1.5376413376140297,-0.343981786909023,0.1038217404544749,1.959313500757947,-1.018248618762574,0.3606188652791861,0.9823545137753436,0
gdb_882,CC1=CNC(=O)N1,-1.490179927567992,-0.3269298801514911,0.1494004943061092,1.7162330850914145,-1.0945515278171654,0.4562318263579193,1.3435894809639697,0
gdb_883,CC1=CNC(=O)O1,-2.1920338597678084,-1.0979083088287498,0.3356490598250032,0.7115543321526614,-0.9501807860686616,0.6321770850098214,1.4142597626196711,0
gdb_884,CC1=COC(=N)N1,-1.5495769210185022,-0.3793324294154618,0.1067342939728125,1.8548480617791576,-0.9890059090978508,0.336138234473829,1.0929456645315203,0
gdb_885,CC1=COC(=N)O1,-2.1274486882499484,-1.0010464407159465,0.3296198729206593,0.6776171853043668,-0.8444909002645519,0.6505819104715109,0.8086990415445474,0
gdb_886,CC1=COC(=O)N1,-2.223427173197784,-1.1628113441311827,0.3377641946137985,0.5800091504480587,-0.9080373026455504,0.5775204767256283,1.6374357208604131,0
gdb_887,CC1=COC(=O)O1,-2.7743156711975256,-1.7182816126011964,0.5564149208062955,-0.5059805403012453,-0.7748947639996733,0.9336975632947244,1.0837558348275869,0
gdb_888,NC1=CNC(=N)O1,-2.058730835308577,-0.6969862826200222,0.2831664395088503,1.9997235780691915,-1.5438289795924152,0.904499162543701,1.4224998339817487,0
gdb_889,NC1=CNC(=O)N1,-2.0607091472831662,-0.785134097774647,0.3033402323919273,1.7201442506200402,-1.5349565186481764,0.9011797612519956,1.8088626133427668,0
gdb_890,NC1=CNC(=O)O1,-2.7403459634302183,-1.401365016029619,0.5012788457638508,1.0943645062741525,-1.614416874387752,1.22696441558748,1.849418015233152,0
gdb_891,NC1=COC(=N)O1,-2.550623582445829,-1.3289986221463024,0.474259127113658,0.5164871658897326,-1.116436505606369,1.185219727910282,0.1633364275245236,0
gdb_892,NC1=COC(=O)N1,-2.771172325078441,-1.551162336274402,0.5014910847106329,0.6456280285276853,-1.3934368430385125,1.071945570944029,2.03706945883686,0
gdb_893,NC1=COC(=O)O1,-3.3525346009781294,-2.031010738962703,0.7230239169391673,-0.0580631378600812,-1.474460058999575,1.5110766581210942,1.6977599183556769,0
gdb_894,OC1=CNC(=N)O1,-2.470496220743289,-0.882802769076431,0.5131595156212989,1.5959341219188674,-1.8158831731414056,1.6636549521236992,0.1771086844389096,0
gdb_895,OC1=CNC(=O)N1,-2.7056106078070123,-1.308882778393874,0.4916733776528346,1.3813223435181827,-1.781269131334287,1.3738133925648437,1.622926554438627,0
gdb_896,OC1=CNC(=O)O1,-3.092784164398773,-1.503024656694926,0.7466428988480116,0.6360617357802995,-1.8851380226301455,2.05270253056048,0.3846629164344798,0
gdb_897,OC1=COC(=N)N1,-2.6976591737428515,-1.2622200383837028,0.4717367148881949,1.4159264254099424,-1.659602787102756,1.3187347554921345,1.1623831920914005,0
gdb_898,OC1=COC(=N)O1,-2.98384282117812,-1.3554775991460586,0.7682647117501097,0.4329073994496293,-1.760182933758221,2.104896094107076,-0.1943399673364039,0
gdb_899,OC1=COC(=O)O1,-3.7430492093220353,-2.2080724270058614,0.9545329034881124,-0.5730534101852562,-1.6726288692825493,2.254220051814048,0.2964613254782878,0
gdb_900,CN1C=CC(C)=C1,0.4881672083530227,1.50886264079252,-0.2698527453296071,2.2206107554829764,-0.2785638888615028,-0.5229022248202113,0.3496369545469888,0
gdb_901,CN1C=CC(N)=C1,-0.1712219088130778,1.0498176503832262,-0.194543855311436,2.944760551214417,-0.8559599744396262,-0.08592074217453,0.4214446087965709,0
gdb_902,CN1C=CC(O)=C1,-0.7643285737400322,0.5411311843097282,0.0143937137585056,2.3057792543206883,-0.9930542361350172,0.3813546254994453,0.1369709659361312,0
gdb_903,CN1C=NC(C)=C1,-0.1823246697163206,0.6013407514504044,-0.149407361189783,1.3406563827403557,-0.1916143500767198,-0.4830290151301976,1.111718362846552,0
gdb_904,CN1C=NC(N)=C1,-0.8518121732114492,0.1831236632486247,-0.0963664380975325,2.349278640398856,-0.8415467477766186,-0.0119606830652391,0.9610577350104016,0
gdb_905,CN1C=NC(O)=C1,-1.4369047654672469,-0.3342680366516253,0.1146941088355515,1.6204731273543092,-0.9299199445016052,0.4357325000141528,0.6357755869094095,0
gdb_906,N=C1C=COC=N1,-1.4186808571659182,-1.730907288015728,-0.1793450413966523,0.5574206891127966,-0.0841602427014599,-0.078103711910436,-0.1238586104836755,0
gdb_907,N=C1N=CNC=N1,-1.7707251923046117,-2.511640400986059,-0.3220997982352268,0.5944160741693424,0.0774666224147743,-0.7931424387590755,2.133077614672226,0
gdb_908,N=C1N=COC=N1,-1.9795933295067232,-2.570100572888485,-0.046862990039336,-0.4958887753955578,0.0954550673521601,0.0372750497394469,0.0486831958179628,0
gdb_909,O=C1C=CNC=C1,-1.2847351131160418,-1.6428735753291064,-0.3394201617565439,1.1862284371361602,-0.1420609541157526,-0.7702974069217696,2.3368988208914594,0
gdb_910,O=C1C=CNC=N1,-1.88684968989338,-2.4968989450279158,-0.2305309276002819,0.3948410613260326,-0.0413335787812041,-0.6552074147195892,2.516710337841035,0
gdb_911,O=C1C=COC=C1,-1.6990340065495648,-1.983171011703888,-0.1857453687244263,0.6571811968346676,-0.0948970656498162,-0.1709929279756234,0.1784983369670131,0
gdb_912,O=C1C=COC=N1,-2.2525555953934977,-2.747613755943114,-0.0367736790254774,-0.2570791147283578,-0.0393369127354166,0.0179252141993184,0.4977460231495875,0
gdb_913,O=C1N=COC=N1,-2.763854598226051,-3.4372933800791574,0.1086457357565682,-1.079674045951183,-0.0017302639137176,0.2704777503565307,0.4734401613077686,0
gdb_914,N=C1NC=NC=N1,-1.431869322256103,-2.0691162602674646,-0.3842948869705235,1.0739208558670736,0.0942154528031523,-0.3761301118311308,-0.7462024575259989,0
gdb_915,N=C1OC=CC=C1,-1.2438231018661885,-1.5424692222787169,-0.4925311555080026,1.983641298848297,0.0541164453839936,-0.7953099853469802,0.0106268293065514,0
gdb_916,N=C1OC=CC=N1,-1.918349978805713,-2.555385092358192,-0.3912727430945774,0.9626308341762594,0.2837405329161171,-0.836883507687181,0.5628489669851391,0
gdb_917,N=C1OC=CN=C1,-1.7292949470107646,-2.177856357779088,-0.3893424582614439,1.3142011315833169,0.17550483942243,-0.5433552362737049,-0.7467578261903038,0
gdb_918,N=C1OC=NC=C1,-1.4341961484119574,-1.7860062801711514,-0.3059004913600379,1.0825283558103789,0.0606487876310346,-0.1439131202285431,-1.5576902977114848,0
gdb_919,N=C1OC=NC=N1,-2.1195568314897906,-2.8623254475932285,-0.1971111754704062,-0.1054525485836162,0.3408381252027002,-0.2296667952372982,-0.8187379728063016,0
gdb_920,O=C1NC=CC=C1,-1.2234691732515168,-1.6013060532263277,-0.4522373840138952,1.680152318219221,0.0013449339367151,-0.7503185044850688,0.5621254784441927,0
gdb_921,O=C1NC=CC=N1,-1.902202868868038,-2.6314497702330373,-0.3455879111880375,0.6056211212416043,0.2376009175366779,-0.8041742175013546,1.2197861118842832,0
gdb_922,O=C1NC=CN=C1,-1.794652399427904,-2.3182690328800457,-0.3659651818546417,1.1158618818910646,0.1149184671584133,-0.5926261537385831,0.1184678571296897,0
gdb_923,O=C1NC=NC=C1,-1.4021720872869743,-1.84648734543032,-0.2521588577717216,0.6355776946854998,0.0478436733955421,-0.1117758044385793,-0.9299529208712418,0
gdb_924,O=C1NC=NC=N1,-2.1096656581716204,-2.950346529652148,-0.1466591833036755,-0.5140949628733735,0.3075155299578566,-0.2133946078753624,-0.0686636891234944,0
gdb_925,O=C1OC=CC=C1,-1.9353316861567171,-2.3910932557855005,-0.290559985239093,0.7813339273416494,0.1686001502057166,-0.583879896653768,0.3666905083177759,0
gdb_926,O=C1OC=CC=N1,-2.5222017279744384,-3.294879510702712,-0.1678021385319361,-0.3578001540536388,0.4223857244040119,-0.5388971385603629,0.5848846908904344,0
gdb_927,O=C1OC=CN=C1,-2.366010704578977,-2.9112939458208773,-0.1969825300821509,0.272398070266848,0.2703502430784038,-0.2511689196349222,-0.913028717919489,0
gdb_928,O=C1OC=NC=C1,-2.0962700308566737,-2.6135033812931154,-0.0927558257059619,-0.253220744493103,0.225178830842002,0.0719724572442837,-1.2791393600104357,0
gdb_929,O=C1OC=NC=N1,-2.682987042164991,-3.524983860314338,0.0250007687207406,-1.3493637525140758,0.4643865718225099,0.1265807145520674,-1.1032783624324058,0
gdb_930,CC1=CC=CC=C1,1.3243704191136751,1.0332460479213057,-0.6370234711313024,1.4480041008773394,0.5126929619210143,-0.9290747060282436,-1.1244620745372442,1
gdb_931,CC1=CC=NC=C1,0.4974604148570656,-0.1233725098258934,-0.5826901676197401,0.7345499372354672,0.6717875807235868,-1.0985316973074537,-0.1080958898578866,0
gdb_932,CC1=CN=CC=C1,0.49196720145089,-0.125907897789558,-0.5966884636248144,0.8317408119022023,0.6800593659542281,-1.1083803201346258,-0.2724355610844134,0
gdb_933,CC1=CN=CC=N1,-0.0617356733361433,-0.6718360471868736,-0.584028784509144,1.2662575115547332,0.4939692551415358,-0.7443230086697751,-1.650034661830535,0
gdb_934,CC1=CN=CN=C1,-0.1776021652301151,-0.9294255951359984,-0.5450537062920502,0.7714555848755568,0.5448567915803967,-0.9207705683009304,-0.3157422195104941,0
gdb_935,CC1=NC=CC=C1,0.565792621245113,-0.0092460237322121,-0.5874038076780546,0.9175326570228238,0.6280721082737424,-0.9971884410934458,-0.627401539722416,0
gdb_936,CC1=NC=CC=N1,-0.0581220113112347,-0.7275563856534584,-0.5363163817891886,1.0183673131108328,0.4258479514016144,-0.7213728362903339,-0.962464563814526,0
gdb_937,CC1=NC=CN=C1,-0.0617356733361433,-0.6718360471868736,-0.584028784509144,1.2662575115547332,0.4939692551415358,-0.7443230086697751,-1.650034661830535,0
gdb_938,CC1=NC=NC=C1,-0.1264011566330054,-0.860500695469369,-0.5333143702572981,0.7617093748525833,0.5181621052859886,-0.8508247786424966,-0.4684424160842626,0
gdb_939,CC1=NC=NC=N1,-0.4067996299990195,-1.2010337092924992,-0.3745521709380279,0.1497900425593319,0.4430416529217787,-0.2613254314327263,-1.768121908580804,0
gdb_940,NC1=CC=CC=C1,0.4330020254176179,0.368365174593279,-0.6022001594326535,2.537465911099364,-0.134313120560148,-0.7226337372011676,-0.1820172527916412,0
gdb_941,NC1=CN=CC=C1,-0.3144670060091222,-0.6400406709722026,-0.5356976006916521,1.8960102095195115,0.0039338767269991,-0.7894661103561987,0.3774729924137649,0
gdb_942,NC1=CN=CC=N1,-0.792244712869383,-1.18068733711113,-0.4503184183212385,1.6179007273609782,-0.0045239673562679,-0.4562997094071551,-0.6608882565762609,0
gdb_943,NC1=CN=CN=C1,-0.9310579603300314,-1.4677713141965776,-0.4438009748241049,1.2428412922336105,0.0884379735887543,-0.6733104633155323,0.4175627579389706,0
gdb_944,NC1=NC=CC=C1,-0.154290407261766,-0.3803499194192246,-0.510666053562038,2.0486795154943027,-0.1083213298270939,-0.545791346730246,-0.3578903555151617,0
gdb_945,NC1=NC=CC=N1,-0.5353072566962642,-0.8531498246134344,-0.3884983471075439,1.5809796747875342,-0.157219204463914,-0.0844766586963993,-1.4627979102461044,0
gdb_946,NC1=NC=CN=C1,-0.7919576671820295,-1.1800424764240096,-0.4500675435996234,1.6177020559390454,-0.0051428894821223,-0.4556816378440026,-0.6597826388085092,0
gdb_947,NC1=NC=NC=C1,-0.7167839474231154,-1.2235235684599886,-0.337803234149324,0.7448276570247611,0.040161311120371,-0.4236742628669989,0.3819491838529751,0
gdb_948,NC1=NC=NC=N1,-1.1001153313450664,-1.750706400159465,-0.2087337686390125,0.1296447749966527,0.0289143330949694,0.0124071566829301,-0.5800563065017217,0
gdb_949,OC1=CC=CC=C1,-0.089468858214131,-0.1192658789404293,-0.376709684807531,1.6470454490358313,-0.1820505922757916,-0.2245190120178112,-0.7124847447994624,0
gdb_950,OC1=CC=NC=C1,-0.598490301865513,-0.8871498493590404,-0.1867240698481123,0.1645537932807434,0.053011254409836,-0.0912856266666541,-0.2030255822143813,0
gdb_951,OC1=CN=CC=C1,-0.895784301367216,-1.2272239285541604,-0.3122895082986845,0.9037497307052944,0.0057742664225558,-0.3897129948596284,0.1912102686423394,0
gdb_952,OC1=CN=CC=N1,-1.2847013130641534,-1.663784458694367,-0.2247444730367945,0.6124231179325569,0.0233457631417293,0.0348426886245481,-1.406204593723975,0
gdb_953,OC1=CN=CN=C1,-1.3731382024901984,-1.847027551716062,-0.2089774497576436,0.312089330969393,0.064689970540576,-0.0934908534075566,-0.5564531448587113,0
gdb_954,OC1=NC=CC=C1,-0.6307378556960288,-0.8253925206445178,-0.2847517254981265,1.1168284949559737,-0.1197859507929583,-0.0136109268706875,-1.1921269874023217,0
gdb_955,OC1=NC=CC=N1,-1.2678562450801476,-1.7865445819914894,-0.177493266693103,0.1323154190694213,0.0731186684550193,0.0057618901880419,-0.7834264798897194,0
gdb_956,OC1=NC=CN=C1,-1.2847013130641534,-1.663784458694367,-0.2247444730367945,0.6124231179325569,0.0233457631417293,0.0348426886245481,-1.406204593723975,0
gdb_957,OC1=NC=NC=C1,-1.0608520578072913,-1.4462089189387564,-0.1115382124937186,-0.0297083916611135,-0.0013324014078109,0.2865228632266059,-1.362097369355166,0
gdb_958,OC1=NC=NC=N1,-1.6060832212060283,-2.221120363784599,-0.0156865371900552,-0.669082969921166,0.0701168508083318,0.4895583740546904,-1.692193809520676,0
gdb_959,CC1=C(C)C=CN1,0.5774876705499988,1.3940566454146432,-0.2483090008441334,2.479154026748968,-0.493678500899057,-0.3649719602373628,0.3575412591684745,0
gdb_960,CC1=C(C)C=CO1,-0.0359458223668098,0.8068015623925562,-0.1032869860328733,1.9411347227218885,-0.4348699233317796,-0.0138294710512776,-0.6944830580908554,0
gdb_961,CC1=C(C)N=CN1,-0.1007591120772078,0.4793217069708722,-0.1215434940291301,1.5877580830227027,-0.378103957161179,-0.3523332326366932,1.1095274419614023,0
gdb_962,CC1=C(C)N=CO1,-0.6454492886106061,-0.0174776820863204,0.0279718543282094,1.0351393887892375,-0.2951471270929079,0.0685143315061474,-0.3744343835775141,0
gdb_963,CC1=C(N)C=CN1,-0.001792473999487,0.976130749982444,-0.1509671770961744,2.903914449245995,-0.9551222847436373,0.0998173548979015,0.1355995159589268,0
gdb_964,CC1=C(N)C=CO1,-0.7641576428826117,0.2268055625692363,-0.0129193673497163,2.432749591439387,-0.9185021150168096,0.2861701250288513,-0.1245132878754614,0
gdb_965,CC1=C(N)N=CO1,-1.3647145693331784,-0.4989038045883341,0.0827180168316343,1.9903910909990103,-0.9024220638582756,0.4601561656985273,-0.3018735036961154,0
gdb_966,CC1=C(N)NC=C1,0.2024220424321589,1.1306821553836657,-0.0689788672812359,2.236116666941979,-0.839709793780066,0.2589385459036469,-0.1463171950532765,0
gdb_967,CC1=C(N)OC=C1,-0.7306323747918642,0.3378123443012997,0.009522283361642,2.5656779100011278,-1.0746422952989412,0.4084938405035026,-0.0122331703824966,0
gdb_968,CC1=C(N)OC=N1,-1.1927375577128008,-0.5533926801593642,0.1726939228584874,0.6932050836553172,-0.5058050343476415,0.4180188440334579,-0.2133727801070819,0
gdb_969,CC1=C(O)C=CN1,-0.6601856751870772,0.4895691630767563,0.0461752368710816,2.5770675726065018,-1.1883371275089236,0.5489612886375064,-0.0112655843959946,0
gdb_970,CC1=C(O)C=CO1,-1.400454548760239,-0.2887227569909615,0.1839543017328844,1.914140451303994,-1.0517186950360222,0.7051210703477448,-0.3896957359552767,0
gdb_971,CC1=C(O)N=CN1,-1.3506940568446268,-0.3933543823993659,0.1514065481396943,1.9024132094943544,-1.0988107285689108,0.5670732974693787,0.4969182801631153,0
gdb_972,CC1=C(O)N=CO1,-1.839155108054449,-0.77688748947882,0.3030904859030839,1.4422873306267994,-1.0343064699009432,1.0669434350791636,-1.390098067595235,0
gdb_973,CC1=C(O)NC=C1,-0.5218302995341464,0.6906106919563682,0.0875619078407081,2.585675168828528,-1.325758528095881,0.7828858062758779,-0.3299604527696758,0
gdb_974,CC1=C(O)NC=N1,-1.1914145206339446,-0.1849693542335955,0.2297703784567342,1.6604683517280994,-1.2129357119427038,0.803690722127947,0.473319394794677,0
gdb_975,NC1=C(N)C=CO1,-1.2194213373503142,-0.1247885366277346,0.1333327062019398,2.3089225615669378,-1.2197505158485915,0.7957294209780987,-0.5542070903221309,0
gdb_976,NC1=C(N)N=CO1,-1.7753770633577666,-0.7636375028372479,0.2748458220011962,1.7271819740598064,-1.2589920056876835,1.0412767194224704,-0.4901627039020399,0
gdb_977,NC1=C(O)C=CN1,-1.0056318814305756,0.2723064979678102,0.2330713325294029,2.340305197805814,-1.5422308812562464,1.2117564292899834,-0.6625323122161438,0
gdb_978,NC1=C(O)C=CO1,-1.871520588381845,-0.5047375923551723,0.3323212638607716,2.2864983335558744,-1.6133218119852688,1.343807791401349,-0.7352264183762257,0
gdb_979,NC1=C(O)N=CN1,-1.6926355021216417,-0.6148293732241906,0.3373053130366547,1.6658568421921254,-1.4464541522207714,1.2313109171045624,-0.1960566259938954,0
gdb_980,NC1=C(O)N=CO1,-2.4039093905577986,-1.276067291440928,0.4464405253354292,1.3859162686630264,-1.3920792337224406,1.478629940854145,-1.1534191646074072,0
gdb_981,NC1=C(O)NC=C1,-0.9587078663039386,0.3892357573204029,0.2578355166034399,2.4316828718363013,-1.6896539943622226,1.3392683074963037,-0.5666457407078972,0
gdb_982,NC1=C(O)NC=N1,-1.5898824954500432,-0.4442025824884581,0.3742682550130823,1.624386607573611,-1.5388260669655398,1.3933701694136185,-0.3401238255207477,0
gdb_983,NC1=C(O)OC=C1,-1.824586019337996,-0.5020660706115572,0.332643737717978,2.166657956942508,-1.5556487407015704,1.3677335708343603,-0.9943861069786516,0
gdb_984,OC1=C(O)C=CN1,-1.7576108372211825,-0.2960051050688628,0.4153781472414905,2.233440791767092,-1.895641581806328,1.617231231734899,-0.2970390053518544,0
gdb_985,OC1=C(O)N=CN1,-2.414534383239329,-1.0472681518226152,0.5030353168265888,1.9684561478599745,-1.9209771369028488,1.7488411364107268,-0.3241627459708457,0
gdb_986,CC1=CNC=C1C,0.6785804392348043,1.4821702217703494,-0.2148548493717664,2.231933947375298,-0.4970430392723678,-0.2491992950876502,0.2399663537028358,0
gdb_987,CC1=CNC=C1N,0.0209639062961887,1.0113780311577314,-0.1268787494224075,2.829086160899473,-1.0287863216567277,0.163770350740129,0.380370223569718,0
gdb_988,CC1=CNC=C1O,-0.6061339166170308,0.4897540692252508,0.077581338359123,2.2408632121021506,-1.153741246031755,0.5874756671817206,0.1576381155069749,0
gdb_989,CC1=COC=C1C,-0.0073064255959829,0.7563891269860521,-0.0864205194063555,1.613784159627814,-0.3798929530881059,-0.0104340314258856,-0.5061625351665633,0
gdb_990,CC1=COC=C1N,-0.7084363561455645,0.2191504625830008,0.0090943289878228,2.1007744878487724,-0.8841438829809789,0.3312530236136777,-0.0045488043473972,0
gdb_991,NC1=CNC=C1N,-0.4201410130090695,0.7208436803819115,0.035802938774331,2.750092017584775,-1.3949758629014926,0.7227729200292748,0.038905184097401,0
gdb_992,NC1=CNC=C1O,-1.3218536020393283,-0.2899588641452958,0.1721236946826415,2.0260103003476546,-1.326908214913103,0.7208445858366732,0.864909893824016,0
gdb_993,NC1=COC=C1N,-1.1532519969228812,-0.0678832729968688,0.1815661153209373,1.9597132812652227,-1.239146837011058,0.8756696284003795,-0.2333798012793887,0
gdb_994,OC1=CNC=C1O,-1.8922810067498208,-0.625375125222127,0.4137002576806959,1.6438758492518306,-1.6483726394500888,1.3171464197007474,0.6595548565221085,0
gdb_995,CN1C=CC=C1C,0.5830690320218374,1.273930805328613,-0.2651026100128226,2.3844851203282404,-0.494774274957481,-0.3771069586818785,0.5360164545884365,0
gdb_996,CN1C=CC=C1N,0.0694690409740802,0.9355377429573918,-0.1265731962746952,2.564529283874197,-0.9186687583808248,0.1359935173273245,0.2998133290476622,0
gdb_997,CN1C=CC=C1O,-0.4940623759528551,0.6336636242393372,0.0955558385759171,2.4467590752207173,-1.3489157830527732,0.8024972354694877,-0.0807875667540269,0
gdb_998,CN1C=CN=C1C,-0.0706392682635514,0.3491222515926427,-0.133892298212068,1.3951090348604671,-0.3553142471548486,-0.3491233313819811,1.2344917032783682,0
gdb_999,CN1C=CN=C1O,-1.0779760462970702,-0.1826660032988623,0.248302082882635,1.3826825943705046,-1.1957886313957102,0.9004224932102723,0.3471026994089218,0
gdb_1000,CN1C=NC=C1C,-0.0999811133069541,0.3277186479321948,-0.1337804798048111,1.3366320879891422,-0.3339995039600549,-0.3919281365925445,1.4099816047075575,0
gdb_1001,CN1C=NC=C1O,-1.193132863685898,-0.3215148584084697,0.2232322566296204,1.4128201594601262,-1.179521327300199,0.7643545518469284,0.8359794571878848,0
gdb_1002,CN1C=CNC1=O,-1.3392762078592235,-0.5123988191817023,0.1573597895511719,1.7710996565182653,-1.180230219565791,0.6019515252971961,0.971795034124594,0
gdb_1003,CN1C=COC1=N,-1.4094382269483994,-0.5553848303616441,0.106465435847406,2.0151361355572623,-1.099035343907027,0.4863994981463068,0.6647790077647304,0
gdb_1004,CN1C=COC1=O,-2.085322247382559,-1.3392839359858884,0.3429904892115974,0.693268992405883,-0.9919091561593084,0.7094462619620447,1.2304057342842023,0
gdb_1005,C#CC1=CC=CN1,0.3760830001755644,-0.0800480141479522,-0.7676875771634686,2.4991166670613434,-0.0101151887911565,-0.8032390085090615,-0.2798745476146762,0
gdb_1006,C#CC1=CC=CO1,-0.2546341706844229,-0.6771475986384831,-0.6181805798808836,1.9558702558458516,0.0243035673971783,-0.4619631028451461,-1.127025094750626,0
gdb_1007,C#CC1=CN=CN1,-0.2468199328173148,-0.9560541344411374,-0.6383039742669024,1.5309131113489776,0.0888874266313389,-0.709849904617112,0.2998358110046878,0
gdb_1008,C#CC1=CN=CO1,-0.758174078509518,-1.3631427245286258,-0.4812233119028501,1.0669971629284587,0.1022051125367804,-0.2134639938540577,-1.27129289276939,0
gdb_1009,C#CC1=NC=CN1,-0.3118511767495315,-1.0836634252904362,-0.6570568124448579,1.5185052702323687,0.1379894523546966,-0.8198259437483603,0.5467451780922484,0
gdb_1010,C#CC1=NC=CO1,-0.7857502804724367,-1.4653758168324889,-0.4952131487895017,1.0003896219483328,0.1637857562170025,-0.2867929052697059,-1.18130253063096,0
gdb_1011,N#CC1=CC=CN1,-0.3485468948958595,-1.3623713175024907,-0.6633865988255626,0.960732709002338,0.356646954112698,-0.9821336163914932,0.897904656228122,0
gdb_1012,N#CC1=CC=CO1,-1.086752513528063,-2.161675657116724,-0.5227617926220693,0.2269584131667407,0.4872549689697953,-0.8222838999899298,0.6552488262022858,0
gdb_1013,N#CC1=CN=CN1,-0.7234446621944315,-1.836409923160335,-0.512808399381368,0.1544772997888663,0.394177656025987,-0.5585590655505469,0.0476728522530884,0
gdb_1014,N#CC1=CN=CO1,-1.34062329738173,-2.4530380985890816,-0.3622986540503471,-0.5393425970823386,0.5156064041866001,-0.2489573400936395,-0.8969644119006901,0
gdb_1015,N#CC1=NC=CN1,-0.9666101961929284,-2.2329765354814866,-0.5547226128654072,0.0896705597215935,0.4951341545511978,-0.9066226516492578,1.1833914998909685,0
gdb_1016,N#CC1=NC=CO1,-1.5871846135464407,-2.878223851278071,-0.405488048004793,-0.6527932657852145,0.6376449834410597,-0.6129225659426019,0.267403451021685,0
gdb_1017,C#CC1=CNC=C1,0.430553855537984,-0.123993377603555,-0.6885792111659301,2.006614292466545,-0.0932262371007403,-0.7057575098216841,0.5289816687817259,0
gdb_1018,C#CC1=CNC=N1,-0.2095395457472982,-0.948989214584442,-0.5702184891185771,1.302987228874908,-0.0728241920102247,-0.5935708034770709,1.050774591073726,0
gdb_1019,C#CC1=COC=C1,-0.0217196086118708,-0.5014486995414426,-0.5351220111922733,1.5169662639866266,-0.0822079404066717,-0.1310232996467571,-1.379278560806572,0
gdb_1020,C#CC1=COC=N1,-0.6502800378188219,-1.3151975488801315,-0.4168253511804739,0.7834202638830556,-0.0360120640112224,-0.0185433806272778,-0.9545155203705448,0
gdb_1021,N#CC1=CNC=C1,-0.3883304245952574,-1.5228992827301202,-0.5901648572158531,0.4363908579124103,0.298846204623907,-1.0120030970133544,2.2138992367281176,0
gdb_1022,N#CC1=CNC=N1,-0.9724689650790292,-2.295176886770825,-0.4598173742080519,-0.4045366000744438,0.3757896171689475,-0.8663606163054148,2.493261320221376,0
gdb_1023,N#CC1=COC=C1,-0.8536518644625489,-1.911918852433405,-0.4410707054262582,-0.0649471521050173,0.3415739534197472,-0.4689168671007271,0.2997212731718622,0
gdb_1024,N#CC1=COC=N1,-1.3945060746290412,-2.6344818372433862,-0.3032176082954698,-0.9768268797451708,0.4503726014876635,-0.290136460137632,0.3652517356354547,0
gdb_1025,O=CC1=CC=CN1,-1.3558957226247863,-1.4544909392995011,-0.4352888610773721,1.2191681979685136,0.3894279499938486,-1.050965115787709,0.664391496165096,0
gdb_1026,O=CC1=CC=CO1,-1.950051241629096,-2.083953838871796,-0.2557765894051045,0.4402791813689959,0.4148097850563337,-0.6769229296973989,0.0948605913253525,0
gdb_1027,O=CC1=CN=CN1,-1.828878223082424,-2.13186375803425,-0.2967487391226286,0.3331665255331644,0.437170716532623,-0.7497463978882891,0.4281746400456129,0
gdb_1028,O=CC1=CN=CO1,-2.1962692651946467,-2.352187724623464,-0.1077778446359042,-0.1192351660749896,0.3474416782797617,-0.0368482106802362,-1.5836112772261786,0
gdb_1029,O=CC1=NC=CN1,-2.0147590914867224,-2.365993496902954,-0.3215090499535802,0.3179252648278275,0.5242387751767282,-1.022270269936124,1.2455806922848716,0
gdb_1030,O=CC1=NC=CO1,-2.5043537730312018,-2.8229600462100968,-0.1448088847493158,-0.3590484622460344,0.5449754964556692,-0.5091693712862211,-0.1120205617216787,0
gdb_1031,O=CC1=CNC=C1,-1.264628789826082,-1.4402515173846988,-0.3883241608884635,1.075925739968808,0.2014007689669713,-0.8463308238492667,0.96517875976169,0
gdb_1032,O=CC1=CNC=N1,-1.963880064833464,-2.333100678139,-0.2447857620660853,0.1498146959816126,0.2703116702460547,-0.8362992716764351,2.0811018130397283,0
gdb_1033,O=CC1=COC=C1,-1.7708744265939498,-1.9146047169168416,-0.226382846881654,0.476885963714413,0.2153741682550137,-0.3404305505672398,-0.4583500849013582,0
gdb_1034,O=CC1=COC=N1,-2.37763990386064,-2.627592715455732,-0.0789442747930731,-0.2711403075278533,0.2140553277816731,-0.1797184557771138,0.0693254377945884,0
gdb_1035,O=CN1C=CC=C1,-1.0064405954600784,-1.2012541637392344,-0.4057824911154119,1.2652574807457309,0.1461527589019759,-0.5272826915345065,-0.5513097790216364,0
gdb_1036,O=CN1C=CN=C1,-1.5581550162987,-1.9938434161761012,-0.2861263872706504,0.3600775571262384,0.2622616546900969,-0.3545193652741356,-0.5469943035271584,0
gdb_1037,CN=C1NC=CO1,-1.5232036396561317,-0.352337066209116,0.0782602153901898,2.038427488890856,-1.0104376454384034,0.3803073061514013,0.6987178553072495,0
gdb_1038,CN=C1OC=CO1,-2.095136932548761,-0.9172778228307976,0.3023873572642597,0.8883855093800443,-0.8587973058645954,0.70986833442071,0.2651222617191995,0
gdb_1039,CCC1=CC=CN1,0.4757642983624386,1.4517461744553806,-0.2888728225074685,2.2980714341464688,-0.3204741787657557,-0.512391841752618,0.3621982916244093,0
gdb_1040,CCC1=CC=CO1,-0.0916563113344431,0.9057022632325592,-0.1486002823584194,1.774890030652282,-0.2693001997383535,-0.1074014638388394,-0.92300009123802,0
gdb_1041,CCC1=CN=CO1,-0.7395556633236675,-0.007081884028788,-0.0208864940311408,0.6604350922278642,-0.0569198491312418,-0.1068031219044777,-0.2998039795701309,0
gdb_1042,CCC1=NC=CN1,-0.1387214269460134,0.5683647344383906,-0.1544479433280691,1.274651014493062,-0.2014440763532638,-0.4328052331101439,0.9936873375470584,0
gdb_1043,CCC1=NC=CO1,-0.629698399733789,0.1168370519717871,-0.0067021239952535,0.6981969371543099,-0.1187870340771513,0.0471093800988246,-0.7286960790521716,0
gdb_1044,CNC1=CC=CN1,0.0027732442357082,1.127668189537132,-0.1467005598081252,2.4347795022133263,-0.761182494457325,0.0490763754991521,0.069132967182047,0
gdb_1045,CNC1=CC=CO1,-0.8212567424845396,0.4758917378479593,-0.0374152324637733,2.643064239950709,-1.0183932366309552,0.3279073434326311,-0.0529405704784892,0
gdb_1046,CNC1=CN=CO1,-1.5158452314675348,-0.4631550436906199,0.0644601477227752,1.7294257692400734,-0.8286414218569668,0.2927858241990622,0.5290915130049875,0
gdb_1047,CNC1=NC=CO1,-1.2757694987773824,-0.1114521680279146,0.1358249624074393,1.6544896136683669,-0.969972360427538,0.6427829194368787,-0.149482975843493,0
gdb_1048,COC1=CC=CN1,-0.7919640185096151,0.48766506291722,0.0580306815565486,2.237146612634679,-1.1681854743735336,0.4172468623965968,1.077914779717086,0
gdb_1049,COC1=CC=CO1,-1.3277461032558466,0.0352343999621943,0.188860520085186,1.923474900316693,-1.1671199600989972,0.8903941838555579,-0.5830063234444518,0
gdb_1050,COC1=CN=CN1,-1.305879588707968,-0.1842256389807817,0.1865094931164899,1.351180344907336,-1.0286897449234635,0.6236065566662481,0.7780969279420045,0
gdb_1051,COC1=CN=CO1,-2.0328512596654598,-0.9971103754195996,0.2886967586691272,0.7219912918363429,-0.8170264401802092,0.7538210059288061,0.0300106943197027,0
gdb_1052,COC1=NC=CN1,-1.122640167552338,0.0646829843111254,0.22956376334461,1.369926582257206,-1.1512420969291082,0.8906358858206256,0.2141090091426678,0
gdb_1053,COC1=NC=CO1,-1.639091080094648,-0.3939241874469076,0.3755375882707462,0.8126289933993472,-1.0532716971516285,1.334996920705352,-1.45564937068621,0
gdb_1054,NCC1=NC=CO1,-1.1713433238816893,-0.3798563973102284,0.137960382283735,0.316280828392965,-0.2889004496819926,0.3950191921766762,-0.7226757970368499,0
gdb_1055,OCC1=CC=CN1,-0.7833028373915559,0.4170449687433987,0.0146187533252623,1.8839278785465203,-0.7758947421418092,0.2320311848429443,0.2731226191124974,0
gdb_1056,OCC1=CC=CO1,-1.3940844766251468,-0.2099279268606921,0.1665467739705588,1.0782841132804006,-0.6062961300682187,0.5338907454204208,-0.7385076863542474,0
gdb_1057,OCC1=CN=CN1,-1.5333074373379658,-0.5880797455642993,0.1543020037592025,0.7485358397996713,-0.6060994895779357,0.1417205764270489,1.610778577861994,0
gdb_1058,OCC1=CN=CO1,-1.905194581114815,-0.8948275419137123,0.3081815800871016,0.1029816568852755,-0.4707153613623422,0.7391664035433178,-0.8503463233162093,0
gdb_1059,OCC1=NC=CN1,-1.284639220491619,-0.2808247049298606,0.184162401868853,0.931493340002624,-0.8024889741350063,0.5211934331538779,0.6474177211485651,0
gdb_1060,OCC1=NC=CO1,-1.9527962063081377,-1.125377865138819,0.3022410649483287,-0.1860958886953141,-0.3789792104074938,0.6125900674223925,-0.3310978186128089,0
gdb_1061,CCC1=CNC=C1,0.5368510139611041,1.5204173192212198,-0.2544093810837833,2.0632441866568283,-0.2893297485458493,-0.4552295794408308,0.3153176168051434,0
gdb_1062,CCC1=CNC=N1,-0.1166345597591413,0.6175661226031688,-0.140375875158203,1.191823655392946,-0.1819175504529392,-0.4132647541166576,0.9381980293243544,0
gdb_1063,CCC1=COC=C1,-0.0987568330067693,0.8681922769439196,-0.1264035002383701,1.4657543803385742,-0.1739761720327311,-0.1543982788977017,-0.7400372327122648,0
gdb_1064,CCC1=COC=N1,-0.6295922241569599,0.1490397245083085,0.0045499525818113,0.5862411696034742,-0.077949660613612,0.0480168761557878,-0.7793502797533879,0
gdb_1065,CNC1=CNC=C1,-0.0852751884113483,1.162617909364701,-0.1760268236858065,2.977747418545491,-0.9597003336344492,0.0745979693632794,0.1864936117625637,0
gdb_1066,CNC1=CNC=N1,-0.8002189084140808,0.269817385312611,-0.0930462392771508,2.4850165535512057,-0.9427781136649078,0.108512550393059,0.7348292692231886,0
gdb_1067,CNC1=COC=C1,-0.8505292695854015,0.3103983332153218,-0.0498645998801355,2.235127070848564,-0.7927264157519117,0.1888079704721266,-0.0555937374294157,0
gdb_1068,CNC1=COC=N1,-1.4196516917945683,-0.3467459850719189,0.037074908684716,1.901476329754841,-0.8251004901261657,0.4280957735255453,-0.4383977371321252,0
gdb_1069,COC1=CNC=C1,-0.7498747288750297,0.46531520395057,0.043013775450147,1.9933235132283464,-0.972477976878768,0.3712055915338626,0.5586960259481252,0
gdb_1070,COC1=CNC=N1,-1.3706266878228766,-0.2573524264432718,0.112806635991925,1.7619182922601666,-1.0161928672823797,0.5531971705427133,0.332883475132936,0
gdb_1071,COC1=COC=C1,-1.3175028514769054,-0.0714028841827061,0.1839364436138151,1.4113727318152889,-0.8744172525706085,0.7593111572378772,-0.8193967553895569,0
gdb_1072,COC1=COC=N1,-1.865545039707436,-0.6764307369383583,0.2491471254566398,1.265620642709154,-0.9190332934602512,1.0340419739010054,-1.6078795914102797,0
gdb_1073,OCC1=CNC=C1,-0.7711239805142777,0.3539648816488747,0.0521487187076568,1.404397264175799,-0.6561227400933125,0.1849895483589665,0.5949963505973135,0
gdb_1074,OCC1=CNC=N1,-1.1512807328831904,-0.0089533700949118,0.213965336257747,0.9710539675261556,-0.8451317550906301,0.7176352842950464,-0.060837732628198,0
gdb_1075,OCC1=COC=C1,-1.3530772204902095,-0.2055875731873808,0.1937097719811225,0.8303401258516212,-0.5794217321132733,0.5692853700464862,-0.6586140891461312,0
gdb_1076,OCC1=COC=N1,-1.7910819089890746,-0.6912146356575433,0.3416573810016919,0.250765182824519,-0.6512902305967063,0.9697375336669244,-1.1286987706822282,0
gdb_1077,CCN1C=CC=C1,0.5291521003795177,1.3390775024133812,-0.2868863571923117,2.0486926652849142,-0.2900738644278991,-0.4913821126871581,0.4632131505730701,0
gdb_1078,CCN1C=CN=C1,-0.1477897586957799,0.4040490350766982,-0.1567638251377809,0.9866791158881004,-0.127182603161752,-0.4977323925386686,1.3116073636601973,0
gdb_1079,C1CC2=CC=CN12,0.8708259888161095,0.7253631918837316,-0.3968269146794811,2.085520920058089,-0.7326704978678311,0.0222093335430234,0.4820647869960374,1
gdb_1080,C1CC2=CN=CN12,0.1753054133172498,-0.2376145664954532,-0.2736386522036704,1.0541303809006664,-0.5670583661421399,-0.0081113108714543,1.37152041079664,0
gdb_1081,C1CC2=NC=CN12,0.2382116315792336,-0.1799701574514796,-0.2586543797125051,1.0615219399198488,-0.6130243231975048,0.0845286672684764,1.1888561059734872,0
gdb_1082,CC#CC(C)(C)C,1.2632397640382655,3.532824127962067,0.0640990451201653,0.7431715916846985,0.7217212443332156,-0.9512932387993542,-0.6023193635765348,1
gdb_1083,CC#CC(C)(C)O,-0.1738175984878686,2.219948647840972,0.3149856124802029,0.3289021114410669,0.413272681908479,-0.474984866601074,-0.299038555384905,0
gdb_1084,CC(C)(C)CC#C,1.48193838459486,2.816869184776647,-0.0574204220679624,0.091592545364051,0.7538462248592293,-0.8266158638976414,-0.5962118803509542,1
gdb_1085,CC(C)(C)CC#N,0.8681566086794431,1.632523006098513,0.1470638374848157,-2.3791561398668377,1.398060709202573,-1.0568661522970857,0.8658247124117631,1
gdb_1086,CC(C)(O)CC#C,0.132861539285257,1.7436258438717156,0.268466505971787,-0.2919262644891215,0.2365679271685719,-0.145915000295936,-0.056982661911398,0
gdb_1087,CC(C)(O)CC#N,-0.6761291884555815,0.4657701869004992,0.3593070546813787,-1.6711014740405628,0.6233522145411444,-0.4337696346012806,1.297247066032742,0
gdb_1088,CC(C)(C)CC=O,-0.7619914944115393,1.040229768963142,-0.0105217534896806,0.7857612936223269,0.97928279517087,-1.4932662525139788,-0.0466344300985358,0
gdb_1089,CC(C)(C)NC=O,-0.8659688789574386,1.193784446546487,0.4035712334271396,-0.0217558745424894,0.1907759542453894,-0.4121300016638466,0.8801826309710895,0
gdb_1090,CC(C)(C)OC=O,-1.71971360973927,0.5302403406647723,0.586387285729861,-0.9214145382313854,0.4719920614173138,-0.4181762575766495,0.9281610713529131,0
gdb_1091,CC(C)(O)CC=O,-2.0497510097218945,0.140223482393756,0.3461959262616889,0.4502377058539406,0.3874371752729891,-0.6921945699276045,0.3035081957161414,0
gdb_1092,CC(C)(C)CCO,-0.0044006490183422,3.463596397409468,0.7213350306777212,-0.5579917643067623,0.5359599610238446,-0.3926152843377939,-0.0784153940304026,0
gdb_1093,CC(C)(O)CCO,-1.1504850894964178,2.675262452366556,1.0160952116928443,-0.5861193684108984,-0.0454936766649194,0.5709626212766533,-1.1002405601195455,0
gdb_1094,CCCC(C)(C)C,1.6020438143458238,4.742401417716679,0.5482596344680863,-1.558546266718442,1.4661361533798525,-1.019882858561657,-0.8437727678620196,1
gdb_1095,CCCC(C)(C)O,-0.0809134853466757,3.386038329950222,0.6883875741559392,-0.4145628069897556,0.6015447287656526,-0.5020385712885624,-0.1788305998859616,0
gdb_1096,CCOC(C)(C)C,0.0142467245102709,3.5383064668950963,0.6955041890964174,0.0831466877880045,0.2179567291801507,-0.2189235979830664,-0.1383260943389214,0
gdb_1097,COCC(C)(C)C,0.0525843765960587,3.539381132094064,0.7082088633389007,-0.1834252606835473,0.3239667195352204,-0.2371963807740598,-0.2145816093549985,0
gdb_1098,COCC(C)(C)O,-1.0667297391768258,2.7567944298600504,1.0538588484278113,-0.5815943591965674,-0.2147962766218006,0.7227238237492771,-0.8303183807415975,0
gdb_1099,CC(=O)C(C)(C)C,-0.5734077194035222,1.0525446599314223,0.028467334441983,1.0204113492953726,0.5862233591861945,-1.1366794764738462,0.0825498919370473,0
gdb_1100,CC(=O)C(C)(C)O,-1.750342903359697,0.1852927358452459,0.3785409657102618,0.5247208507732838,0.1067765914237303,-0.2811425864327412,-0.2086650886476808,0
gdb_1101,CC(C)(C)C(N)=O,-0.8010315902151446,1.137715979465318,0.4027642271471664,0.225802176204587,-0.0125831407805142,-0.2493652207453244,0.8204849270481006,0
gdb_1102,CC(C)([NH3+])C([O-])=O,-2.185014712698884,-0.1415902420336288,0.7146362811351293,-0.5438775757889228,-0.2949420391412467,0.2468030383576894,1.4647289845419609,0
gdb_1103,CC(C)(O)C(N)=O,-2.1428240135432004,0.0545305399863646,0.7367781483945796,-0.3119005283075425,-0.4507905117438111,0.3923369346512892,1.3557686781516838,0
gdb_1104,CC(C)C(C)(C)C,1.813506100339508,4.339523755019228,0.463841613869314,-1.4019718883924253,1.1513184678471842,-0.7320178266487531,-0.8522481006601373,1
gdb_1105,CC(C)C(C)(C)O,0.1819763351091523,3.0597580814789422,0.6437956415964333,-0.4350473705381832,0.2985713818301467,-0.1705787932343798,-0.1472370810510366,0
gdb_1106,CC(O)C(C)(C)C,0.1731376568437345,3.0341185294362147,0.6404175223059584,-0.4196748346398397,0.2786407308811202,-0.1713221950427823,-0.064309564025457,0
gdb_1107,CC(O)C(C)(C)O,-1.0463307405551618,2.097694110192741,0.978854794775558,-0.8868056967681721,-0.2046996226953631,0.6369530696949899,-0.1735986206466559,0
gdb_1108,CC(=N)NC(C)=O,-1.9645726166525417,-0.3859876906787216,0.228586124401802,0.0898755547522291,0.4491181456899966,-0.8301922736079543,1.2841337562584847,0
gdb_1109,CC(=N)NC(N)=O,-2.35811590983742,-0.6078144044606008,0.477448890299389,-0.4114920638697051,0.0292904122643843,-0.2133995250817334,1.708361962230599,0
gdb_1110,CC(=N)OC(C)=O,-1.980873571540195,-0.3206526860017018,0.5495708455124122,-1.0775577171673874,0.2456995285627478,0.2878607419916814,-0.7568791779252276,0
gdb_1111,CC(=N)OC(N)=O,-2.7539867480574123,-0.928281404968202,0.6908366470265042,-1.1571723650077412,-0.0311709052010982,0.4253691936666714,0.3784496191280927,0
gdb_1112,CC(=O)CC(C)=O,-1.8385584854474528,-0.4093683734299083,0.1316114634801345,0.5649353658569641,0.4502926107055526,-0.482314497488815,-1.2346257946018395,0
gdb_1113,CC(=O)CC(N)=O,-2.4831573507544435,-0.7499301001389325,0.3315986391417194,0.2722524521561538,0.1966900678695791,-0.1869267150326249,-0.5790889089027709,0
gdb_1114,CC(=O)NC(C)=O,-2.8043691681434773,-1.084536392242198,0.3757519648298594,-0.0586604993432545,0.2660009666087229,-0.6017578163307772,1.5733296194167803,0
gdb_1115,CC(=O)NC(N)=N,-2.0351704349973403,0.0715886771854636,0.4001467588890053,0.8835433680518092,-0.2783454376156061,0.3622196799970358,-1.3497204028977017,0
gdb_1116,CC(=O)NC(N)=O,-3.1780332173629637,-1.3174177138457708,0.6104406267401526,-0.5873738932460058,-0.0954335138124538,0.008495939851616,1.728035783654177,0
gdb_1117,NC(=[NH2+])CC([O-])=O,-2.8228793039272726,0.4667989247726425,0.8005218932064466,1.4973568862657294,-1.0930159824599377,1.117710273288142,-0.9071602390789532,0
gdb_1118,NC(=O)CC(N)=O,-2.732146623346983,-0.7289450180827495,0.6723358790663064,-0.3291553514916015,-0.4684603088042555,0.7063643501391779,0.1499971556387454,0
gdb_1119,NC(=O)NC(N)=O,-3.4364462123851087,-1.4011901245942524,0.8792278856270742,-1.2346807381361822,-0.4810321070034883,0.7603131311423303,1.5696760707435518,0
gdb_1120,CC(C)CC(C)=O,-0.8006893682435482,1.4662033503727565,0.0998122698701997,0.8067694036421637,0.9747262615719364,-1.465539584831423,-0.0387885113039284,0
gdb_1121,CC(C)CC(N)=O,-1.0253613733679845,1.5080976295367006,0.4581174071733611,0.0335424328299323,0.3515450851593487,-0.5725537980972701,0.7533745829754147,0
gdb_1122,CC(C)NC(C)=O,-1.07329539588423,1.6429633603368938,0.486902545723593,0.1773025380324016,0.330945613967723,-0.6085287260110036,0.8792805281916418,0
gdb_1123,CC(C)NC(N)=O,-1.3600034347390535,1.4709690145610816,0.7297351388446708,-0.2921521159853016,-0.1627754269920178,0.1631406259706996,0.9097507711974964,0
gdb_1124,CC(C)OC(C)=O,-1.470884496266826,1.1567942335195396,0.6609502596749239,-0.6453802952779871,0.3235744424766582,-0.0087430935008066,-0.5134306919996968,0
gdb_1125,CC(C)OC(N)=O,-1.701111949259012,1.2323745838671885,1.005050751457862,-1.277059309551075,-0.2959114831783737,0.8899316304218154,-0.005165335262364,0
gdb_1126,CC([NH3+])CC([O-])=O,-2.5331350792374834,0.0813475350936373,0.7685918486584893,-0.7318781151643377,-0.0138144049470941,-0.1902035452889683,2.3914013842139683,0
gdb_1127,CC(O)CC(C)=O,-2.0815895210012525,0.3637862292682079,0.40838448983264,0.4742329704096047,0.3674308553924174,-0.6910418673128731,0.4471500944843843,0
gdb_1128,CC(O)CC(N)=O,-2.450145718057043,0.2183904759715106,0.7299049560546121,-0.5244603393157701,0.0628324788020458,-0.1109463893609813,1.2562054412433286,0
gdb_1129,C[NH+](C)CC([O-])=O,-2.4440535283546367,0.0936940639734221,0.702247013745942,-0.4257515420822183,-0.0282411064542705,-0.0832216312380894,1.430724853048996,0
gdb_1130,CC(C)CC(C)C,1.571689887790592,4.846960606722434,0.580200704510292,-1.581649552580217,1.4962146186379497,-1.050389875755231,-0.7905312035453944,1
gdb_1131,CC(C)CC(C)O,-0.074006311432951,3.5336793961154687,0.7402393637130644,-0.5653324068430841,0.6408888919225711,-0.5044176529606872,-0.0890009277413952,0
gdb_1132,CC(C)OC(C)C,-0.0643280246233772,3.6156921276796536,0.7084210452965473,0.1588352031583894,0.2708065165570461,-0.3069163113512498,-0.1082354671567821,0
gdb_1133,CC(O)CC(C)O,-1.2064097254322024,2.849557071026686,1.0761570494155868,-0.5404675248923061,-0.0858433849098115,0.5458470681814774,-0.7473199414797017,0
gdb_1134,CC1(C)CC(=N)O1,-0.5678463158495349,0.7678691793210292,0.3077041687858856,-0.4416371000804152,0.1081509780089582,-0.0579346654806141,0.4238555847804027,0
gdb_1135,CC1(C)CC(=O)C1,-0.5696768021652907,0.360686040582998,-0.1716795564809042,0.9337596555713736,0.5823592570306924,-1.1147436623069555,0.1408716929956358,0
gdb_1136,CC1(C)CC(=O)N1,-0.7085334796588969,0.655335750438993,0.2898400654080753,-0.1458040420937698,-0.0583294862331521,-0.1150029876329359,1.1308093586934451,0
gdb_1137,CC1(C)CC(=O)O1,-1.397183231383353,-0.1818900031342127,0.443890392331018,-1.128310587243418,0.1399457748487721,0.0509539594872158,0.8599320495206486,0
gdb_1138,CC1(O)CC(=O)C1,-1.794080455426788,-0.5751362781243229,0.1637187113640219,0.4936463035539317,0.0787174821327194,-0.2987399412145745,0.0606229369743045,0
gdb_1139,CC1(C)CC(O)C1,0.257788861632749,2.623921518508357,0.5095302927225553,-0.3816774119081614,0.0676635211236909,0.0619604604121323,0.0291354434826428,0
gdb_1140,CC1(O)CC(O)C1,-0.7521632839902676,1.884644549873286,0.8488620918575832,-0.4996860686139192,-0.6809062266551179,1.2205441952417455,-0.8123082620596206,0
gdb_1141,CC1CC(C)(C)C1,1.8134708184386836,3.9572094681951167,0.305571841265631,-0.8262316731530012,0.7778471988137634,-0.5012487006571018,-0.7011959410990297,1
gdb_1142,CC1CC(C)(C)O1,0.2502553262198267,2.6750990928469385,0.5037693361738638,0.1488672292740623,-0.218706031379066,0.1926178580275122,0.179540843580456,0
gdb_1143,CC1CC(C)(O)C1,0.2403370547701011,2.6752841604699853,0.5087572813526079,-0.25548482953299,0.0559764564357464,0.0540512417587709,-0.0509059675843036,0
gdb_1144,CN1CC(C)(O)C1,-0.6952957528821867,1.9540603286121867,0.4691646549745872,1.314369381618742,-0.6399166545867765,0.254134472536177,0.3826666686883289,0
gdb_1145,CC1(C)CC1(C)C,1.7007792560896635,3.724662262793138,0.204415241870767,0.2498877598457289,0.3884486805939984,-0.4506160333567069,-0.5675804601161009,1
gdb_1146,CC1(C)CC1(C)O,0.3004568527804397,2.540817987353507,0.4899924197725427,0.0299018277787235,-0.1190657990271249,0.1643557013798764,-0.079395690008056,0
gdb_1147,CC1(C)OC1(C)C,0.3582730535479753,2.613300075723895,0.5591578823840733,-0.4053262433304367,-0.0804947596794033,0.2092874539340678,0.2548605505457105,0
gdb_1148,CC1(O)CC1(C)O,-1.2105797314140276,1.2227038818788558,0.7078964744000321,0.2480255037116276,-0.6949741498209173,0.7041023278408307,0.381026310036421,0
gdb_1149,CC12CC(C)(C1)C2,2.260759069698869,3.560919254814935,0.2626121365413189,-1.4704451256624247,0.5232735032400944,0.0534943838757099,-0.7565083688477405,1
gdb_1150,CC12CC(C)(C1)O2,0.5074150797621622,2.24971669190531,0.4076070806274772,0.3431198808352999,-0.7387809679759638,0.7053159953768626,0.4503666087825096,0
gdb_1151,CC12CC(O)(C1)C2,0.5873089568755948,2.107201089226152,0.4017259448044039,-0.5195199109674536,-0.2787759241488455,0.5420812980266301,-0.0256273856959997,0
gdb_1152,OC12CC(O)(C1)C2,-0.6831866068916365,1.0553180080105855,0.6712205314668812,-0.641831270613269,-0.8006960543774934,1.3242336136322974,-0.4264873193683977,0
gdb_1153,CC(C)(C#C)C#C,1.6572285162808809,1.403954166586948,-0.4011533596332083,0.1006737390562863,0.6100489468305856,-0.5924688907925386,-0.8636117835140454,1
gdb_1154,CC(C)(C#C)C#N,0.8195026121715577,0.1194169334328501,-0.3077074184262149,-1.159019273892519,0.91924359196519,-0.869106809640603,0.6818659446774955,1
gdb_1155,CC(C)(C#N)C#N,0.4581003050102717,-0.6264557923653838,-0.1000920211297512,-3.260825211679761,1.4594687557071342,-0.7301701029661578,0.4257935175925737,0
gdb_1156,CC(N)(C#C)C#N,0.2870611095025626,-0.2218552275739657,-0.2189026728654656,-0.7722566378540066,0.5748207111431757,-0.4034917817875604,-0.1320572359587382,0
gdb_1157,CC(N)(C#N)C#N,-0.3678962086430499,-1.1792601902486992,-0.1254102779063916,-1.7321181529046104,0.7935880640400713,-0.4051715013436321,0.1687734160525555,0
gdb_1158,CC(O)(C#C)C#C,0.2922269920173155,0.1856519941593472,-0.1429378716928966,-0.341041062953441,0.3425958954251352,-0.053502372578914,-1.0342335787426626,0
gdb_1159,CC(O)(C#C)C#N,-0.4090351212155493,-0.9116501325602222,-0.0242821377965561,-1.7056751650883963,0.6773403983527527,-0.1857018745668071,-0.114791280065907,0
gdb_1160,CC(O)(C#N)C#N,-0.7497005930946863,-1.5132635516744113,0.1463373368597781,-3.232349395058298,1.050972727299834,0.0843112462342038,-0.9861161247948136,0
gdb_1161,CC(C)(C=O)C#C,-0.4040525368695806,-0.1587373541291669,-0.2985181605794541,0.6169241165925551,0.7192729046932024,-1.006776750226024,-0.5194251657329169,0
gdb_1162,CC(C)(C=O)C#N,-0.9694508212021464,-1.0075849411735414,-0.1812752203289767,-0.4575007056667322,0.9302233995129822,-0.9018049513347156,-0.4799942258682393,0
gdb_1163,CC(O)(C=O)C#C,-1.7020108268128389,-1.2682822175325676,0.0145222359576227,0.0867424947225592,0.3417203363849344,-0.3455313980935096,-0.458733058791633,0
gdb_1164,CC(O)(C=O)C#N,-2.2610821646289745,-2.10880587746259,0.1565307770486261,-0.8676984359056861,0.4675691122687264,-0.2024712590545866,-0.3036893898531642,0
gdb_1165,CC(C)(C=O)C=O,-1.8648359847479372,-0.8615719186534222,0.1463720579476246,0.1943961957697315,0.3853933590326431,-0.556853600272479,0.0101477958496096,0
gdb_1166,CC(O)(C=O)C=O,-2.9881601899360057,-1.6401584447369717,0.3767446333797878,0.0415655127444848,0.1374589411908848,0.277477050230871,-2.110356013324511,0
gdb_1167,CC(C)(CO)C#C,0.2626033379822136,1.8483354494054245,0.2940944206603224,-0.405446471907665,0.2153144350191597,-0.0074660101363155,-0.4002926500478836,0
gdb_1168,CC(C)(CO)C#N,-0.4419765778449973,0.747604831445409,0.4193425514862108,-1.7667945250692825,0.5090019993863093,-0.1243027819882914,0.6724066411904693,0
gdb_1169,CC(N)(CN)C#N,-0.7060499858059892,0.4562034787873105,0.227699612724131,-0.378259020596963,0.1804012555711429,-0.4313950011405474,1.584161304898258,0
gdb_1170,CC(N)(CO)C#N,-1.0261894898483928,0.3431964073201248,0.4810859453022356,-1.2840393512123032,0.1907907932026314,0.2691563227066714,-0.1327791285471931,0
gdb_1171,CC(O)(CN)C#N,-1.3764932138085006,-0.1791252161424565,0.4535685853001757,-1.4132958733939052,0.2425597392769677,-0.1718396904238975,1.818072072347353,0
gdb_1172,CC(O)(CO)C#C,-1.2065305231689207,0.510658410667876,0.5105331343267825,-0.613032772223261,-0.081474352256027,0.4322491523438786,-0.3544577158262462,0
gdb_1173,CC(O)(CO)C#N,-1.9413346104088176,-0.5984875366366164,0.644688992070695,-1.952485589323362,0.1773312077966092,0.29760633852321,0.9743302367152206,0
gdb_1174,CCC(C)(C)C#C,1.5505418142820555,2.9727141734172746,-0.0012046287435805,0.0726375355314951,0.639368525227833,-0.700650577382026,-0.4662452947760365,1
gdb_1175,CCC(C)(C)C#N,0.9395118851517082,1.788505499585069,0.2099053039725184,-2.421398438903395,1.271925414152169,-0.9207390231455328,1.0521134628247937,1
gdb_1176,CCC(C)(N)C#N,-0.1064444580961135,0.9282999406853694,0.1138849119363248,-0.569087146910211,0.5697315657201774,-0.8231181325655762,1.4838058142397337,0
gdb_1177,CCC(C)(O)C#C,0.1617196041247726,1.6948045087489358,0.2386108862420844,-0.3516251022936658,0.3911870777265245,-0.1993665565492539,-0.611647873538183,0
gdb_1178,CCC(C)(O)C#N,-0.4694082574104008,0.6543089102060751,0.3893508391647029,-1.9772929869809013,0.7690828657085222,-0.2809497419164937,0.2662354767635145,0
gdb_1179,CNC(C)(C)C#N,-0.1755734639335378,0.9713887251075952,0.0614873371069452,0.2596128312171701,0.2653544260549326,-0.7302957124165675,1.40320065174086,0
gdb_1180,COC(C)(C)C#C,0.1296573133286319,1.6895510692031508,0.2334997910093182,0.0053785380002778,0.1747526976449676,-0.1336062436919375,-0.2746988218238451,0
gdb_1181,COC(C)(C)C#N,-0.6975670130630719,0.4178902025705305,0.3346744641530224,-1.2865006739367648,0.4723208643588471,-0.3935260449004964,1.3155281989696723,0
gdb_1182,CC(C)(CO)C=O,-1.8660830962580133,0.0822360183440974,0.3367149384873019,0.3325609632932467,0.3697684624678257,-0.5215626607203224,-0.2770158016698375,0
gdb_1183,CC(O)(CO)C=O,-3.1095052319612053,-0.8983824540663897,0.6602513197486348,-0.2070464116217004,-0.0470445043060711,0.2276627156641399,-0.3780332164110825,0
gdb_1184,CCC(C)(C)C=O,-0.6882100670949653,1.078443655505683,0.0118858001163742,0.7668100013222652,0.8828103333738063,-1.377389038151405,-0.0173553879218841,0
gdb_1185,CCC(C)(O)C=O,-1.9041668242470868,0.0714373769500749,0.3384736083693435,0.2570561442061099,0.4309022970038386,-0.585989339884857,-0.1768215943735737,0
gdb_1186,COC(C)(C)C=O,-1.87912596120266,0.0668910703509486,0.3283797857200307,0.2180918356901103,0.451392539574221,-0.5711156409389022,-0.3040735896339165,0
gdb_1187,CC(C)(CO)CO,-1.2401972323525352,2.111799551871401,0.9767941970397396,-0.985265249747913,-0.0734162267760972,0.3949766772368984,0.4252939745704443,0
gdb_1188,CC(O)(CO)CO,-2.6009053038427763,0.9515304119268816,1.24352582498286,-1.1910394813172318,-0.5317993166127024,1.0336423878101368,0.4722680076028344,0
gdb_1189,CCC(C)(C)CC,1.6943836436955306,4.553113271076678,0.4952188532344852,-1.489301412366932,1.3203373112428685,-0.8901671550892358,-0.8386245582352887,1
gdb_1190,CCC(C)(C)CO,0.1140675197484462,3.277134190721363,0.6809512016057887,-0.6256022304311837,0.4367422789619425,-0.2647480369570495,-0.098266073856258,0
gdb_1191,CCC(C)(C)OC,0.1413279628560573,3.314370063999743,0.6661335383281545,0.0363244470795968,0.0911956704653396,-0.0750647348036335,-0.1223985830778676,0
gdb_1192,CCC(C)(O)CC,0.0224127532220871,3.1896580250664024,0.6412337175283749,-0.4179885370013386,0.4784786954517175,-0.3768041837193301,-0.1622501805511546,0
gdb_1193,CCC(C)(O)CO,-1.301460090241231,2.096940849163352,0.9391139281748032,-0.6415775024992042,-0.1065245434900113,0.3582247974851756,0.2032253813146566,0
gdb_1194,COC(C)(C)CO,-1.0506612604283,2.515945137163313,0.970911810776587,-0.247223780107464,-0.384218711860733,0.7937235000259935,-0.8653857867949047,0
gdb_1195,CC#CCC(C)=O,-0.8846993127291862,0.8452248672483127,-0.0743361575541368,0.8743614042748626,1.0833618266236624,-1.5019702780071489,-0.2146272562055761,0
gdb_1196,CC#CCC(N)=O,-1.13757357365177,0.8362511724061278,0.2634870226315653,0.1781906720952439,0.4562390325000274,-0.6331220904789386,0.5649717544827432,0
gdb_1197,CC#CCC(C)C,0.963770093303006,3.762249434681992,0.1254520522621482,0.7910329172815138,1.0835457865321083,-1.3631070536143637,-0.6533943293740384,1
gdb_1198,CC#CCC(C)O,-0.3281732821863344,2.6419608164780497,0.4591092379874643,0.1356941891065462,0.6049026975165417,-0.6508754714963975,-0.0642340788649393,0
gdb_1199,CC(=O)C#CC#C,-1.2129626928415471,-0.8104789094960287,-0.5784338754745217,0.6650580826697203,1.9414356320022543,-2.353676668936687,-0.5699281259628665,0
gdb_1200,CC(=O)C#CC#N,-1.7349732194219212,-1.8535068868219664,-0.4959200163838587,-0.5204751989044073,2.1541000380027024,-2.1932197923698524,-0.7257149715834452,0
gdb_1201,NC(=O)C#CC#C,-1.667233671074022,-1.124180090233864,-0.3629356165680904,0.4055157451164644,1.441351668341728,-1.751166202528476,-0.0558947232665088,0
gdb_1202,NC(=O)C#CC#N,-2.2507136813000987,-2.244616859541039,-0.278409604408906,-0.900022790430185,1.722759290464513,-1.705481206502518,0.1429356386546378,0
gdb_1203,CC(=O)C#CC=O,-2.360999601117344,-1.4251491357955024,-0.083797511690512,-0.3953723804405999,1.6096853141598584,-1.5158264201075542,-0.9327939697577564,0
gdb_1204,NC(=O)C#CC=O,-2.946535982491097,-1.9560437963397552,0.0556182044793964,-0.6091046646227031,1.338629710494752,-1.1799284108179036,-0.5759797403430429,0
gdb_1205,CC(=N)OCC#C,-0.6187318584825933,0.981427171265556,0.2856460904981155,-0.5704530468122847,0.4627405058037286,-0.1234935852036936,-0.7150254891572104,0
gdb_1206,CC(=N)OCC#N,-1.2533870571917307,0.0420245304023549,0.3491529091684986,-1.4373360108244202,0.7254623518511212,-0.1168208455364656,-0.8692638074569184,0
gdb_1207,CC(=O)CCC#C,-0.7548017232435645,0.5354630343165496,-0.1312740921638719,0.5545563851401198,1.0460021590677646,-1.3719600169670292,-0.2496429297179137,0
gdb_1208,CC(=O)CCC#N,-1.37485863007362,-0.3373427716990709,-0.0113381084932481,-0.3854508624264958,1.1477980058201005,-1.2801552883842726,0.25855568202357,0
gdb_1209,CC(=O)NCC#C,-0.9454167283706896,0.4996298530340043,0.1882588930789573,-0.1097486988888461,0.3693123531958815,-0.4476331602019675,0.4916713015226405,0
gdb_1210,CC(=O)NCC#N,-1.5035844465851524,-0.3631579873220515,0.2873369480854813,-0.9980471122207754,0.4758975194221608,-0.2906809036854038,0.558271244387402,0
gdb_1211,CC(=O)OCC#C,-1.3915018219137494,0.2255557144533071,0.4083460378778397,-0.8876679157393222,0.397292413511958,0.1165083722008378,-0.9204227121969224,0
gdb_1212,CC(=O)OCC#N,-2.001468067159514,-0.6753793722444902,0.5243695039858361,-1.9546094775358671,0.5867822086469642,0.1731261891117777,-0.5389895535208787,0
gdb_1213,NC(=O)CCC#C,-1.0074529956948832,0.5412572442265589,0.2246433226044066,-0.252497606411922,0.4448697676044102,-0.5170578895264593,0.6484746201270124,0
gdb_1214,NC(=O)CCC#N,-1.63170201553632,-0.3342257230346871,0.3416883255991289,-1.1587410934493552,0.533884382898757,-0.4226769077037008,1.1594308592693057,0
gdb_1215,NC(=O)NCC#C,-1.286773117166667,0.1241068567698928,0.3889940942309088,-0.6782775295636373,0.0039644563991934,0.1836018486548621,0.5705603593165854,0
gdb_1216,NC(=O)NCC#N,-1.9458196834781063,-0.6084838249225618,0.5080290893763836,-1.4360017854590366,0.1675309275215271,0.2375307688956932,0.6545055319213533,0
gdb_1217,NC(=O)OCC#C,-1.8437355988343,-0.111318884949211,0.6218062937736447,-1.2787403682319956,-0.0125387439686144,0.6676016037227785,-0.4600212677219036,0
gdb_1218,NC(=O)OCC#N,-2.4350951679035058,-1.2844026854840724,0.6884223037615937,-2.353423045655884,0.1024617100573383,0.7330975468697,0.223749032253923,0
gdb_1219,CC(=N)OCC=O,-2.729598795282437,-0.5816470086007169,0.4526002818021402,-0.4254143470511194,0.6901552707055786,-0.6362309837435659,0.0730129336161953,0
gdb_1220,CC(=O)CCC=O,-2.259905957847941,0.0667904682815504,0.346993231105199,0.0107878900059146,0.8951789916439837,-1.036022930294016,0.0803194990698237,0
gdb_1221,CC(=O)CNC=O,-2.6545090263667563,-0.5429472476850652,0.4012291057067284,0.0252214230258474,0.4956823435063359,-0.4588706715774037,-0.453397178754674,0
gdb_1222,CC(=O)COC=N,-2.7813013218995017,-0.9109965309550068,0.3713325299012948,-0.1381076897047368,0.4780771564130264,-0.6566995635142132,0.8089005675274167,0
gdb_1223,CC(=O)COC=O,-3.4632924535834846,-1.6432812596932345,0.5750720018509764,-1.0799085006883369,0.4619407268494317,-0.3682135594396536,1.145258384602273,0
gdb_1224,CC(=O)NCC=O,-2.7950993759998664,-0.6047280303411026,0.4158136548349142,-0.0863754749668929,0.6212916582279341,-0.67174223264874,0.0640959592128954,0
gdb_1225,CC(=O)OCC=O,-3.2623708672804503,-1.0072066780037583,0.6263124427872017,-0.6778176959583507,0.4024373510533494,-0.0305411920179796,-0.6585817209966587,0
gdb_1226,NC(=O)CCC=O,-2.8436358022515007,-0.5130460197724119,0.4875179225890927,-0.2679347875143775,0.6025951946636111,-0.69769788245665,0.6416195577264426,0
gdb_1227,NC(=O)CNC=O,-2.9339409955990985,-0.5297508873902832,0.7440722378820093,-0.5719323568087344,-0.1779510571054419,0.407734258545033,0.4521293774201656,0
gdb_1228,NC(=O)COC=N,-3.065455225736398,-0.9232993090251976,0.6860330699854603,-0.6828058886315378,-0.1202984165389303,0.1676334233802879,1.3843173755778089,0
gdb_1229,NC(=O)COC=O,-3.7886811088133663,-1.7269204415586656,0.8840958990727704,-1.6602334831125731,-0.1130597796015671,0.3947355950004307,1.9291811915472257,0
gdb_1230,NC(=O)NCC=O,-3.3492991064617725,-1.0737800438899066,0.5726525511825313,-0.3098863975677788,0.314516063184347,-0.2761921585435768,0.3641578652753067,0
gdb_1231,NC(=O)OCC=O,-3.8770042235685263,-1.6143365401183356,0.7593631522084832,-0.8464007587821022,0.0677397236231683,0.2981096882665596,-0.0002055156396023,0
gdb_1232,[O-]C(=O)CNC=[NH2+],-3.4491787487018284,-0.9920313231439136,0.6921959283864694,-0.5458656370279685,0.112455700310087,-0.3359728483725904,2.3009523727999794,0
gdb_1233,CC(C)C#CC#C,0.4577940698891105,1.8179519566271247,-0.4876427208196946,1.4351353510046754,1.634632091470834,-2.234103857372852,-0.6909642461473529,0
gdb_1234,CC(C)C#CC#N,-0.3543336421972891,0.2326019812318131,-0.3838971830329423,-0.638377053025198,2.193532506214241,-2.6307743274313644,1.2586536567183917,0
gdb_1235,CC(O)C#CC#C,-0.7896419572091741,0.7157662655262773,-0.1994242776219212,0.8527850378341875,1.3027448394340262,-1.52990762150383,-1.0412394725735752,0
gdb_1236,CC(O)C#CC#N,-1.4872976461155158,-0.6587751921595875,-0.0871742099642809,-1.064538165040644,1.8011075752771086,-1.75414764514705,0.2053411155420244,0
gdb_1237,CC(C)C#CC=O,-1.318366962270643,0.1516145281057562,-0.2183688894099716,0.3348362706074769,1.9416073006788803,-2.451653372971128,0.2046216983132629,0
gdb_1238,CC(O)C#CC=O,-2.401256148862263,-0.6803143929703497,0.1092462526774821,-0.1934839039123592,1.4841354390643953,-1.498949543613743,-0.6536399412000472,0
gdb_1239,CC(C)CCC#C,1.0962822969623671,3.4310684143295687,0.1115877016607171,0.052399839762211,1.1752660334840883,-1.306296827106487,-0.36031912870404,1
gdb_1240,CC(C)CCC#N,0.4890706653390481,2.2346659282589285,0.3165460793519164,-2.5069985832239627,1.851198865264409,-1.548114715146233,1.1197979569224046,0
gdb_1241,CC(C)NCC#N,-0.588033373122086,1.360051350344921,0.140429029737221,0.0621804938036887,0.911787174767577,-1.3641300288662752,1.279362612008635,0
gdb_1242,CC(C)OCC#C,-0.289733457809925,2.067500804354369,0.289213776894797,0.0548150497896131,0.7102689858065316,-0.7156906474797662,-0.4370915533218394,0
gdb_1243,CC(C)OCC#N,-1.1284225803148695,0.7441747617441266,0.3793610604693574,-1.3294890392098362,1.0702648323756896,-1.0253509450683782,1.175368603140008,0
gdb_1244,CC(O)CCC#C,-0.1543106973315853,2.453144611302821,0.4385041559335249,-0.2950853152432569,0.5895861021421176,-0.4825631519068243,-0.1760996455589671,0
gdb_1245,CC(O)CCC#N,-0.8632502174305354,1.323712765892411,0.560064794610778,-1.7453826356479885,0.9220916142865976,-0.6308144854393168,0.9681741461014832,0
gdb_1246,CN(C)CCC#N,-0.6142694135463519,1.5178256751381374,0.1456890845075181,0.6227262216294146,0.6132665333111913,-1.2242581738384255,1.4223057278514777,0
gdb_1247,CC(C)CCC=O,-1.1632657500731909,1.6843947711136449,0.1748063712990124,0.6451883140146089,1.4982935345521893,-2.0310758668530258,0.099987875196866,0
gdb_1248,CC(C)CNC=O,-1.0800843253403305,1.5574805580518214,0.4866619541469793,-0.2021394091243844,0.5169747038423961,-0.7156383963327995,0.9219178814674068,0
gdb_1249,CC(C)COC=O,-1.900303422879458,0.9548059933222064,0.6959983152792717,-1.2758256996269397,0.9202855652143704,-0.7403392450147984,0.6705314220805145,0
gdb_1250,CC(C)OCC=O,-2.315822307738784,0.6100155291796197,0.4707729303182453,0.0529418759707494,1.026133135503398,-1.176975586640402,-0.1374352328969072,0
gdb_1251,CC(O)CCC=O,-2.3862656575608665,0.7581015315141354,0.5139256146469111,0.2133987159865658,0.9497506070700616,-1.1960370033749044,0.1744315669728809,0
gdb_1252,CC(O)CNC=O,-2.380889541745688,0.893337253418547,0.8718587869345779,-0.5130859908876874,0.0698069638927991,0.036837918439206,0.7092598189281456,0
gdb_1253,CC(O)COC=N,-2.2662661229124845,0.9880481274495744,0.8465213079348626,-0.5740946140167457,0.2205060600492502,0.0925768130170339,-0.3012296458253135,0
gdb_1254,CC(O)COC=O,-3.149845437925347,-0.1771921436653538,1.0024915278898274,-1.600257774403517,0.2206188676921228,0.1049560927573158,1.317768851900445,0
gdb_1255,CN=CNC(C)=O,-1.9626854902129145,0.7566474042130742,0.3821926814369151,0.3868087192422386,0.7998631087192145,-0.8711157202762613,-0.6075462584570833,0
gdb_1256,CN=CNC(N)=O,-2.4183844585383163,0.4467107782945832,0.5966403694635001,0.1173475187398038,0.3080169923947064,-0.2824190432359271,-0.0537651650043151,0
gdb_1257,CN=COC(C)=O,-2.3420665090924757,0.3773402951545738,0.5792645257695147,-0.1923385666516925,0.5611153851383097,-0.1126179554993389,-1.8234733283614863,0
gdb_1258,CN=COC(N)=O,-2.786705385730455,0.0701116944873463,0.8272491458898847,-0.6508383143101868,0.0564463138252026,0.4863850022510052,-0.9176138962623692,0
gdb_1259,NC=[NH+]CC([O-])=O,-3.489428390656447,-1.0644986489519563,0.6844137922951601,-0.5335902260093967,0.101205853251902,-0.3798695246928633,2.54042708712794,0
gdb_1260,CN=COC(C)C,-1.3372679213746337,2.07683157003348,0.5586823206257047,0.2103605697301253,0.8033631775053944,-1.0519126320136376,0.4849492939863024,0
gdb_1261,CC(=O)C#CCO,-2.598848461078661,-0.6928032915224714,0.170242537795492,-0.0578854635943276,1.3361145824265312,-1.6258398699595031,0.6272500584128268,0
gdb_1262,CCC#CC(C)=O,-1.2843171153357582,0.4204812516313692,-0.1563641706662304,0.6131691276590058,1.7330044357522123,-2.275773509753093,0.1659956270661909,0
gdb_1263,CCC#CC(N)=O,-1.6121074500148644,0.3033567961077084,0.1150976332401545,0.1943029378256903,1.1630521023659015,-1.5031113671736698,0.5828035257564783,0
gdb_1264,NC(=O)C#CCO,-2.933447877854828,-0.8266493942568706,0.4466008865514599,-0.5460006286750196,0.7920595615178031,-0.8758357070821307,1.1182946675518102,0
gdb_1265,[NH3+]CC#CC([O-])=O,-3.026898198659086,-1.134454974301088,0.3654575669733603,-0.6387107266939831,1.023315074000749,-1.1080301338639549,0.9492526213389928,0
gdb_1266,CC(C)C#CCO,-0.6158087414183775,2.478678282922378,0.3709466333712137,0.5202553233593388,0.9251834274420913,-1.095885911909953,-0.4151405566067312,0
gdb_1267,CC(O)C#CCO,-1.7598640816329425,1.4830446813384064,0.728776062057306,-0.5397917333510517,0.6623718031382119,-0.3240935415547651,-0.6572240809017988,0
gdb_1268,CCC#CC(C)C,0.881331427274958,3.9077538654216513,0.1634002851431402,0.8481856353335436,1.1853403875999835,-1.4792943830935952,-0.7068889116519395,0
gdb_1269,CCC#CC(C)O,-0.5802069100207179,2.493988424060752,0.429042935122355,0.0963804586017537,0.9990831255738364,-1.1031419074500772,-0.0792456616917227,0
gdb_1270,COC=NC(C)C,-1.378633645263084,2.088872609703808,0.5605057764238252,0.1351356411024437,0.942246193630262,-1.1561831359114765,0.3310714728654371,0
gdb_1271,CC(=N)OCCO,-1.9704915250514223,1.2113413888983595,0.9201608177910942,-1.102125140226106,0.2394420295082311,0.3944027126478658,-0.9580630061331354,0
gdb_1272,CC(=O)CCCO,-2.456942180763944,0.8148157464106669,0.5694907843924891,0.1676272124651132,0.928058440947366,-1.237679340852453,0.6135494110641058,0
gdb_1273,CC(=O)NCCO,-2.3931745337132964,0.9219530702242272,0.8652389668936287,-0.2186228193564293,-0.0890917358756916,0.1057492556998482,0.804900737984015,0
gdb_1274,CC(=O)OCCO,-2.8160461867910134,0.3892185569342049,1.0282880794525673,-1.2767721197179251,0.1321276930914343,0.5744302661750322,-0.8844168885770722,0
gdb_1275,CCCCC(C)=O,-1.1607184179317445,1.9497611894578757,0.2516679232716992,0.7789622178446881,1.403635033835095,-1.9373686159824344,0.0588315006831088,0
gdb_1276,CCCCC(N)=O,-1.3858199803247275,1.9982778737577984,0.605329378679232,0.0180433689577738,0.7777272529587104,-1.0420833144390684,0.833862110740142,0
gdb_1277,CCCNC(C)=O,-1.2965753476936697,1.9175198711025845,0.5649600916301502,0.1417110763405517,0.6087063459102818,-0.9051531161172864,0.8990609927710264,0
gdb_1278,CCCNC(N)=O,-1.6647771091668115,1.858994196661183,0.8480817839720218,-0.3878070340012278,0.2224714774949579,-0.2517234498875172,1.049212737724775,0
gdb_1279,CCCOC(C)=O,-1.8019693701366348,1.5647680218918132,0.7790777208848748,-0.7164230539435663,0.7344400296058862,-0.4523057934159955,-0.4184202654224679,0
gdb_1280,CCCOC(N)=O,-2.0381794502313078,1.6237262094217149,1.1143935782852084,-1.3145245967225558,0.1012882055714483,0.4480545856414733,0.0961249943713919,0
gdb_1281,CC[NH2+]CC([O-])=O,-2.596966338555404,0.2927616152800559,0.7735015031862756,-0.6035868973399573,0.1872379972705346,-0.2975032770600726,1.612492063382311,0
gdb_1282,CCOCC(C)=O,-2.34999726976651,0.8227504448066055,0.5414587444744717,0.257516709464786,0.837621112756219,-1.1056457837119746,0.3449091818340663,0
gdb_1283,CCOCC(N)=O,-2.599640542995144,0.8261041123782713,0.8714645839921696,-0.4341230519336201,0.2540600856943086,-0.2543871313837117,0.9563980879048912,0
gdb_1284,C[NH2+]CCC([O-])=O,-2.592398871409779,0.2119976561195233,0.7869218131083214,-0.7494969572954261,0.1180629880863661,-0.2932113719189494,2.213998638118034,0
gdb_1285,COCCC(C)=O,-2.1808429512007463,1.1498885016745666,0.5658183175530715,0.3635923578619592,0.8315668902006585,-0.8768530643409908,-0.8449440966752656,0
gdb_1286,COCCC(N)=O,-2.4139581570292945,1.1870722481388358,0.9217500360103408,-0.4044578674396077,0.2023021065087497,0.013647915269801,-0.0157357713114522,0
gdb_1287,NC(=O)CCCO,-2.666207607855157,0.8924314149652618,0.9248535480304176,-0.5635655132888127,0.2852631780464706,-0.3136304701501269,1.303315767499293,0
gdb_1288,NC(=O)NCCO,-2.7753391537969354,0.7704659412299366,1.1287824254320145,-0.7229567272392629,-0.5081964221756256,0.7510609476187541,1.109355708746165,0
gdb_1289,NC(=O)OCCO,-3.1254103403015967,0.3410119643444049,1.3593575487440137,-1.9097142398576368,-0.4823607653322218,1.377292228913787,0.0343027394598666,0
gdb_1290,[NH3+]CCCC([O-])=O,-2.563139047093017,0.0433445006355531,0.756990511813564,-0.4758419812498748,-0.1848876290886052,-0.148900772277596,2.7208743138922222,0
gdb_1291,CC(C)CCCO,-0.3295449559556254,4.1379283149353885,0.9301616335561091,-0.6866897915401048,0.9754821408392154,-0.8162706067915678,-0.0441962333394564,0
gdb_1292,CC(C)OCCO,-1.428496121168179,2.711792555100602,1.1182813084223224,-0.9282488343951972,0.1378698503140374,0.190738018373686,0.3411570302185534,0
gdb_1293,CC(O)CCCO,-1.638223795677746,3.063113516660602,1.2077175862677334,-0.8987563114128282,0.4628476814592798,-0.0931164717587599,-0.0501336729766747,0
gdb_1294,CCCCC(C)C,1.2764633743187928,5.453129986723981,0.7741949881743715,-1.6952964375837976,1.893188539076583,-1.435076188733884,-0.7487464709783558,1
gdb_1295,CCCCC(C)O,-0.4134125752808791,4.034312281476579,0.901267498946268,-0.6095921588789308,1.0541929897614408,-0.945472189165802,-0.0219088036579547,0
gdb_1296,CCCOC(C)C,-0.286596323509023,4.204244695928496,0.8899700940125107,-0.0773593778553718,0.645938477249644,-0.6141388311229337,-0.1344854764328964,0
gdb_1297,CCOCC(C)C,-0.218277201012312,4.179044981353471,0.883971126179099,-0.1934997323913723,0.6321513484475976,-0.5511405882266225,-0.1847430091963516,0
gdb_1298,CCOCC(C)O,-1.4034517368781891,2.767579087280052,1.1376137295382682,-0.9519428957204134,0.1188760473651915,0.2294980062319117,0.3201542799612635,0
gdb_1299,COCCC(C)C,-0.3343318552796995,4.167083056476102,0.8911107125452122,-0.2012096038419677,0.7693539804956597,-0.7224464739778734,-0.120019580063785,0
gdb_1300,COCCC(C)O,-1.545383409131383,3.214077158744442,1.165867101694827,-0.3568849009274175,0.2567745388535337,0.1212100591102976,-0.7893639830979376,0
gdb_1301,CC1(C)CCC1=O,-0.4644950277313008,0.2889224190388111,-0.1580708540457286,1.1647008902008418,0.4073575912213516,-0.9590363676530952,-0.0196590625292949,0
gdb_1302,CC1(C)CNC1=O,-0.5676060215971173,0.6170815182738986,0.3103694552868575,0.0135426283120135,-0.2179198607975343,0.0725527631552568,0.8503721353945154,0
gdb_1303,CC1(C)COC1=N,-0.3907770799521745,0.7553982556051375,0.3441192618246729,-0.5256328398161862,0.0329944520544083,0.1340053170912175,0.0454208885272898,0
gdb_1304,CC1(C)COC1=O,-1.3040404957495304,-0.2605011268187798,0.456682340040241,-1.010134969510758,0.0336897428092096,0.1681093524423175,0.6699620779810118,0
gdb_1305,CC1(C)NCC1=O,-0.9767753508762208,-0.1573650707841255,-0.0150875328925391,0.8644310048461532,0.2443217182268786,-0.5883988965676678,-0.2740000491797228,0
gdb_1306,CC1(C)OCC1=O,-1.457567431292203,-0.4102797000352542,0.2061577070826419,0.3587802322159948,0.1119745668229467,0.0146946863124431,-1.3929760664531472,0
gdb_1307,CC1(N)COC1=O,-1.951581479968487,-0.8148049973888851,0.5479530997012464,-0.7954724298985718,-0.2802440179859503,0.4737021268788634,0.7017412431768891,0
gdb_1308,CC1(O)CCC1=O,-1.5890165798450329,-0.6177530137844512,0.1787545190915923,0.4407490559312945,0.0857499368809474,-0.1283231144548604,-0.7429723288547752,0
gdb_1309,CC1(O)CNC1=O,-1.7637031232952356,-0.2759874508355666,0.595459822833796,-0.1478198506651729,-0.6744019200337246,0.9141920375064726,-0.0984432778844274,0
gdb_1310,CC1(O)COC1=N,-1.5297766363135843,-0.0973792062265061,0.655385099711696,-0.9292243087741954,-0.3626488264285906,1.0028305439222742,-0.9636241989850572,0
gdb_1311,CC1(O)COC1=O,-2.566088259933359,-1.190531482584716,0.7271251105994154,-0.9829699692999048,-0.4865237599732329,0.9721731488600652,-0.0495533643490117,0
gdb_1312,CC1(C)CCC1O,0.4247922817127389,2.545633742726069,0.5309277955677759,-0.29146846887246,-0.1203138584016748,0.2762067277863407,-0.1042107171272017,0
gdb_1313,CC1(C)OCC1O,-1.037418112216849,1.305063414856822,0.771535228801623,-0.2381272550363418,-0.6368160862374186,0.8412685400314006,0.2040826750233211,0
gdb_1314,CC1(O)CCC1O,-0.7562116746920547,1.7024616263965393,0.8692181152667039,-0.596830590453068,-0.6714248880314865,1.17163515752544,-0.5003536481172728,0
gdb_1315,CC1CCC1(C)C,1.930209653359549,3.743630259488313,0.2945482509646919,-0.7817433303076847,0.6436477143224768,-0.3682369363774149,-0.7247052484066205,1
gdb_1316,CC1CCC1(C)O,0.3994931159254692,2.5385107211408555,0.5229983427389717,-0.2389712246307418,-0.1101428809042667,0.2484756942916867,-0.1180231043927782,0
gdb_1317,CC1COC1(C)C,0.2820321682363669,2.4455014902310968,0.4883482428275912,0.1735670432761384,-0.269906178159588,0.2089976825320781,0.2786821750411675,0
gdb_1318,CC1OCC1(C)C,0.2740252926119206,2.439553229184197,0.4857538642330604,0.1244742494101854,-0.225651903352459,0.176760203896707,0.2615275250927721,0
gdb_1319,CC1OCC1(C)O,-1.0456295886737146,1.3290425726337454,0.7821960123628106,-0.3117024459837644,-0.6123093825021452,0.8228021044924229,0.2835261037598627,0
gdb_1320,CC1(C)CC1C#C,1.428874247084499,2.183056977594376,-0.2706743954347464,0.869852317272321,0.3803734173625946,-0.6997836643777915,-0.3270574152347802,1
gdb_1321,CC1(C)CC1C#N,0.7394102968620389,0.9323421145514834,-0.1042367017720564,-1.2083163814729254,0.8917966016380225,-0.9364917410474836,1.2435652495372025,1
gdb_1322,CC1(C)NC1C#C,0.7239813741976473,1.4432702896061511,-0.1804567097433671,0.5942389274761509,0.3233975089004438,-0.598778393775491,0.0027136528059552,0
gdb_1323,CC1(C)NC1C#N,-0.0515660075600768,0.1699742164371728,-0.0683593544900928,-0.9117984403114744,0.685831691884883,-0.8387619186037364,1.4756768930872055,0
gdb_1324,CC1(C)OC1C#C,0.0476249298502875,0.8028522385742259,-0.0105484524693855,-0.0766141753265853,0.3534218239190096,-0.3082952862295304,-0.35600643146096,0
gdb_1325,CC1(C)OC1C#N,-0.5996062027052548,-0.316434276338341,0.1228043080557528,-1.7351689319425565,0.7737475417749379,-0.4319440373088322,0.5112377376045811,0
gdb_1326,CC1(O)CC1C#C,0.1629564903103361,1.1121046110746924,0.0626786365453701,0.2328351664396805,-0.0525143761891635,0.0255041369628262,-0.078555696311209,0
gdb_1327,CC1(O)CC1C#N,-0.5162580763693404,-0.0533239052256014,0.2091634939454084,-1.5157094159133857,0.3636679221657518,-0.1386911777013685,1.1538626272749877,0
gdb_1328,CC1(C)CC1C=O,-0.6895363378652065,0.5415133335295853,-0.1173696210534088,0.7315344457188057,0.7980800489311876,-1.335338195546375,0.4112936222616438,0
gdb_1329,CC1(C)CN1C=O,-0.9923367819786552,0.3024525385016838,0.1372610697604473,0.0848331777458221,0.3803322863642693,-0.6321132284764769,0.6493619392224741,0
gdb_1330,CC1(C)NC1C=O,-1.2651591662990012,-0.0290624739250062,-0.0134687743224436,0.5616118267642201,0.639276360974621,-1.031498091158117,0.1967348327637288,0
gdb_1331,CC1(C)OC1C=O,-1.897142405038932,-0.777202089836608,0.1253938894837187,0.0720950867406088,0.529588470329686,-0.6560706890453132,-0.1141241101822198,0
gdb_1332,CC1(O)CC1C=O,-1.9730348958646984,-0.5325422760457378,0.2079553704026854,0.1648184441345077,0.355329648950802,-0.6232530499832555,0.6659297060882432,0
gdb_1333,CC1(C)CC1CO,0.1970074055743563,2.9169489358915683,0.5784872759495974,-0.5007900783342258,0.2172580746675228,-0.035269170404904,-0.0305013375051378,0
gdb_1334,CC1(C)NC1CO,-0.5624604717810437,2.13867696343119,0.6289659197040318,-0.1964139848206285,-0.1204851371299653,0.1477890244105104,0.5108722150863478,0
gdb_1335,CC1(C)OC1CO,-1.022331568021953,1.924525193974308,0.9329238963634572,-1.089328804755831,-0.3165086768352542,0.7923889809339747,0.2404047619618588,0
gdb_1336,CC1(O)CC1CO,-1.1481117714508169,1.8338505752378704,0.857495026554831,-0.5989298977972948,-0.3437409048469,0.6804491779698809,0.0874906896468654,0
gdb_1337,CCC1CC1(C)C,1.575446014472741,4.152912638048091,0.2989688017107063,-0.037416876162317,0.6263408200842392,-0.6159660032471634,-0.5042964473365562,1
gdb_1338,CCC1CC1(C)O,0.1210069541035916,2.9038821803792096,0.5462558758157505,-0.0650131832163327,0.0944118622573383,-0.0401405214976201,-0.0361589273959815,0
gdb_1339,CCC1OC1(C)C,0.2384541611500097,3.0339610665609187,0.6394428814597259,-0.5742126062575975,0.1008832006176795,0.0716300709377345,0.297628614530548,0
gdb_1340,CCN1CC1(C)C,0.7140520217775185,3.385256473477728,0.2925465926895772,1.1196804741948605,-0.0291455527104988,-0.3760751097617312,0.182767451326404,0
gdb_1341,COC1CC1(C)C,0.2864821888314131,3.103806099150316,0.5914641778855776,0.0321301280699397,-0.1571968516360304,0.2468228447116337,-0.0850937901860872,0
gdb_1342,COC1CC1(C)O,-0.9590439815303712,1.934957485024652,0.8383633618068113,-0.0069037385280579,-0.7485377714878595,1.0655724519481722,-0.4397609432005038,0
gdb_1343,CC1(C)CC=CC1,1.3966975841982685,2.289571714577732,-0.2613435930669758,1.3221393607045595,0.3874309865573904,-0.8005221673966989,-0.9283477981793168,1
gdb_1344,CC1(C)CN=CO1,-0.4315541889450535,0.6230508435592725,0.2474357858148415,0.175199516854423,-0.2257595914150808,0.2319207780589312,-0.2055431923688315,0
gdb_1345,CC1(O)CC=CC1,0.0821232722882073,1.1956271613709415,0.0736931679196058,0.714215602668703,-0.0388221540422515,-0.1353896953846545,-0.47137586262671,0
gdb_1346,CC1(C)CCC=C1,1.3668556938034389,2.3207681176743105,-0.2593985810208122,1.3190914563551552,0.4405249460276397,-0.8574164052591499,-0.9316649277104034,1
gdb_1347,CC1(C)COC=N1,-0.3941540761743823,0.7143791882888979,0.2475377084272812,0.166740326646209,-0.1773181386581686,0.2554669931040314,-0.5608634299112821,0
gdb_1348,CC1(C)OCC=C1,-0.0664616394738214,1.0654896236986893,0.0125897255956667,1.1235307641107402,-0.0188865872538571,-0.3085623883091872,-0.4408237207690695,0
gdb_1349,CC1(O)CCC=C1,0.0557169742521428,1.1857029552183602,0.0736913975821105,0.5623053526356786,0.0966707829709215,-0.2329798116216711,-0.5128501679550771,0
gdb_1350,CC1(C)CCCC1,2.036606989190412,3.6441036175750496,0.299017126318516,-1.4631674953852505,0.8857195113734097,-0.3950356757644787,-0.9155971861672544,1
gdb_1351,CC1(C)CCCO1,0.3366016418588672,2.479704360682524,0.4757070775431932,0.2225568735824288,-0.3158569242756457,0.282095904121539,0.0813325832114024,0
gdb_1352,CC1(C)CCOC1,0.3376871640662283,2.4156319260307977,0.4682377328945602,0.0353766461188554,-0.2265743804387765,0.2367692026621875,0.0718333859325574,0
gdb_1353,CC1(C)COCO1,-0.70682164226556,1.7352282145832658,0.8884830921035942,-0.6499687171438067,-0.7846186586090257,1.2723926093409976,-0.2636455748073439,0
gdb_1354,CC1(C)OCCO1,-0.6440536250890934,1.8490367465214064,0.902213768481182,-0.5264247151796666,-0.8539957363443189,1.378000257775334,-0.5467544637016812,0
gdb_1355,CC1(O)CCCC1,0.4114783541180738,2.4171621074824547,0.4903479035439382,-0.4862505038818228,0.0164106101690355,0.1862910351632124,-0.2049837438686062,0
gdb_1356,CC1(O)CCOC1,-0.8531303059986441,1.541494263592606,0.7940325485162685,-0.3401705728165433,-0.6997387629350669,1.0842633281922631,-0.4357765443490515,0
gdb_1357,CC1(C)C(O)C1O,-1.2320076327442355,1.2383976067462408,0.6786828805651804,0.4351490302993891,-0.6809827310699355,0.6858413282160919,0.0624417534309853,0
gdb_1358,CC1(O)C(O)C1O,-2.3781242783430883,0.4554152755425942,0.9943046830585636,0.3370206618943249,-1.2759005372146652,1.6548075343749402,-0.7847763887690554,0
gdb_1359,CC1C(C)C1(C)C,1.6829303341696715,3.7891244497274896,0.2228923045838015,0.2769183865792267,0.3916224517632504,-0.460575463854678,-0.5602341258487877,1
gdb_1360,CC1C(C)C1(C)O,0.2339188279929559,2.581452153567813,0.4911031658671907,0.2558952308642977,-0.1859053792391644,0.1442228439344123,0.0340955297765219,0
gdb_1361,CC1C(O)C1(C)C,0.2203986690569138,2.5066210724847067,0.4624774897777017,0.3037051324878171,-0.1618928632835254,0.1123996903858867,-0.0585986782553274,0
gdb_1362,CC1C(O)C1(C)O,-0.9372109580503996,1.664025404163769,0.8103600100290809,-0.1268177559485625,-0.684868459079466,1.0161757748735976,-0.4483560751065856,0
gdb_1363,CC1N(C)C1(C)C,0.7595063506071553,3.004080824985416,0.2153427467803235,1.529833620298732,-0.2763833460614686,-0.2713154181913742,0.2832508743890811,0
gdb_1364,O=C(CC#C)C#C,-0.6420323321168719,-1.449577804715478,-0.6504595867173742,0.1586637742133576,1.2532865091587173,-1.4456854434095956,-0.5604645259304623,0
gdb_1365,O=C(CC#C)C#N,-1.2323230259301847,-2.3440572814416742,-0.5877015589583664,-0.6422326112080289,1.4762619999815132,-1.362393609758993,-0.9662331364009152,0
gdb_1366,O=C(CC#N)C#C,-1.4120642569793591,-2.651390856186419,-0.5378549339761268,-1.2119510883679396,1.561122557902238,-1.6475023526602597,0.8361298486164706,0
gdb_1367,O=C(CC#N)C#N,-1.5691734280658864,-2.9288977923102166,-0.4169185079366279,-2.065396937298156,1.7624399752966466,-1.04271603751367,-1.7526315640581869,0
gdb_1368,O=CC(=O)CC#C,-2.050000819964236,-2.0645358798662654,-0.4000196617371584,0.841158607959724,0.9024946720645168,-0.8675659265426233,-2.4611176349426844,0
gdb_1369,O=CC(=O)CC#N,-3.047021910488978,-3.3720794163938588,-0.2867071721803327,-0.46029873757752,1.2651463166178352,-1.330729280802674,-0.2171146637604447,0
gdb_1370,N=C(NC=O)C#C,-2.0275910011198754,-1.9214650044488124,-0.210141543575317,-0.014534667293553,0.7404229459057619,-1.0540848273997707,0.9090760100021622,0
gdb_1371,N=C(OC=O)C#C,-2.47401135269225,-2.2340316678119487,0.0516499654161615,-1.1875011770174226,0.8833604828474113,-0.552419392950965,-0.1973636504536667,0
gdb_1372,N=C(OC=O)C#N,-2.8699768236783147,-2.806143154821992,0.1459287655758815,-1.90315425718736,1.0283652144799416,-0.197258497598859,-1.5416489356535557,0
gdb_1373,N=CNC(=N)C#N,-1.680753355036736,-1.3877437405618689,-0.2599485445392822,0.1899341367083225,0.997412787263428,-0.9459393553824252,-1.3626508175300889,0
gdb_1374,N=CNC(=O)C#C,-2.026658272337609,-1.859120835940114,-0.2007478147269793,0.014777421413612,0.7482789641561743,-1.056706564597465,0.8546404149845087,0
gdb_1375,N=COC(=O)C#C,-2.159836409829405,-1.660197573537539,0.0685026396173239,-0.8269149208560588,0.8059283983512815,-0.1294700371241284,-2.2780788034918698,0
gdb_1376,N=COC(=O)C#N,-3.004753997096877,-2.9820042866027063,0.1272853720920985,-1.987480265087143,1.1526451823967383,-0.4237908434994308,-1.0449159596756985,0
gdb_1377,O=CNC(=O)C#C,-2.7776050870532893,-2.681706956643934,-0.0626225280209527,-0.5362207475317812,0.704707506187296,-0.812018495793863,0.8676145251281353,0
gdb_1378,N=C(NC=O)C=O,-3.600113485940552,-2.802969763209233,0.0772862353098454,-0.1562108050460834,0.7622344141884453,-0.8619142805615578,0.0829559647784324,0
gdb_1379,N=C(OC=O)C=O,-3.838239339109268,-2.691260561143211,0.3415965656293982,-0.7997289859850207,0.687782929507288,0.0279308225358138,-2.462266238557432,0
gdb_1380,N=CNC(=N)C=O,-2.6852627947390006,-1.3880621222719074,-0.0471476270528665,0.8003727831323757,0.9043138163850194,-0.9071980310629688,-1.9845746448161667,0
gdb_1381,N=CNC(=O)C=O,-3.803843329709304,-2.9455081827236165,0.0659597703509056,0.0688533341700093,0.7021088125559456,-1.0654157025812196,1.0373414948947657,0
gdb_1382,N=COC(=O)C=O,-3.984266046272712,-2.7803831054696904,0.3268929414522734,-0.6696063753112367,0.7217269783401875,-0.1606815028939884,-1.954789508088296,0
gdb_1383,O=CNC(=O)C=O,-4.427339747894157,-3.5719140926913258,0.2252970059619006,-0.4526650291771772,0.6102371493592068,-0.6440557301871542,0.4646640364448106,0
gdb_1384,CC#CC(=O)C#C,-1.060332466178159,-1.3571157865412933,-0.6360375303795918,0.3412149996779738,1.713248445510516,-2.120187476960634,-0.0974980822918882,0
gdb_1385,CC#CC(=O)C#N,-1.7037658711347805,-2.427081009890877,-0.5438429604254335,-0.9843347976239556,2.0944967721453285,-2.2018583682133936,0.2369629248614743,0
gdb_1386,CC#CC(=O)C=O,-2.90312635783636,-2.4154522487005314,-0.3326532652949977,0.4401496218878215,1.5691927585694527,-2.1348828775715663,0.6217277590702204,0
gdb_1387,CC#CC(C)C#C,1.197663942445354,2.079515130848733,-0.2941267770752982,0.5628267802217276,0.8921856765046795,-1.0772790856756929,-0.6195919217781051,1
gdb_1388,CC#CC(C)C#N,0.3162670492611592,0.7595702708800064,-0.2166017027793308,-0.5709812421858362,1.1601907375894922,-1.3804075356439511,1.0716879546908176,0
gdb_1389,CC#CC(N)C#N,-0.4587836616338993,-0.0453898582173959,-0.1748501491148381,-0.4666999660769276,1.0144886092453818,-1.3103026179870458,1.3937875098165795,0
gdb_1390,CC#CC(O)C#C,-0.2838036295016861,0.6053024425269125,-0.079584817874257,0.0088120295804865,0.7446442917574101,-0.7404999025147873,-0.3845740468049314,0
gdb_1391,CC#CC(O)C#N,-1.0211818830162134,-0.5066574855021702,0.0151655396817499,-1.1445591341994392,1.0205657817468177,-0.8779861366520699,0.5383123816583869,0
gdb_1392,CC#CC(C)C=O,-0.9547315176630982,0.475739556003683,-0.1717077685364987,0.8538780249989156,1.1884874265125704,-1.6853099790205643,-0.0157491724383564,0
gdb_1393,CC#CC(O)C=O,-2.1296043786848715,-0.6189507544687669,0.1158923386884641,0.1629222403516506,0.8588716796689925,-0.9179400835195688,-0.5150797714549264,0
gdb_1394,CC(CC#C)C#C,1.4999647657833286,1.904485620704346,-0.3394650394172119,0.1488326222001652,0.7850916688976131,-0.7376821104982574,-1.085983250880535,1
gdb_1395,CC(CC#C)C#N,0.6596913067415876,0.6154274007847653,-0.2430764378654517,-1.0863361627171595,1.0376822850589034,-0.989025891357968,0.6174690258423028,0
gdb_1396,CC(CC#N)C#C,0.6518703597392304,0.6102737975806733,-0.2542926238456342,-1.0279668697077584,1.0441960152807332,-0.9997171181396431,0.5317071312921602,0
gdb_1397,CC(CC#N)C#N,0.6865643761722433,0.488634893412696,-0.0019643293807372,-2.852517967416071,1.3834356991678705,-0.2832569768961574,-1.7069118176561464,1
gdb_1398,NC(CC#C)C#N,0.1396310597865283,0.3464925171180403,-0.1395256001966265,-0.6464380100557351,0.6389193335817707,-0.4755493376674172,-0.1836167110796559,0
gdb_1399,NC(CC#N)C#C,-0.0312435424230563,0.0672990969952654,-0.2114321190552622,-0.3517014386328644,0.6033528250207605,-0.6566562608935747,0.3259477075384015,0
gdb_1400,NC(CC#N)C#N,-0.2817840459881606,-0.2540012578570488,-0.0719773054240962,-1.042809856825669,0.6277015290276321,-0.0740683811119163,-1.408490455098764,0
gdb_1401,OC(CC#C)C#C,0.0418606526842818,0.5815190432087997,-0.077054300777273,-0.2944017523345991,0.4637571541059767,-0.2821253074038595,-0.5573615214305496,0
gdb_1402,OC(CC#C)C#N,-0.6095976043054783,-0.3771134512347194,0.0158161975545821,-1.221270476841127,0.6379623293880265,-0.2574278887379641,-0.1903768838528516,0
gdb_1403,OC(CC#N)C#C,-0.7348514590821155,-0.6428001861431303,0.0458928916501909,-1.7713452282572175,0.7912362434104203,-0.5065900135304034,1.0127267336613963,0
gdb_1404,OC(CC#N)C#N,-0.7839164019270825,-0.7427134170574621,0.2271639502760225,-2.8269920591620847,0.9462521235318322,0.2350325524119637,-1.581999272631707,0
gdb_1405,CC(CC#C)C=O,-0.6428201188158765,0.2217025929537741,-0.2367069466400026,0.534331435581371,1.0046404434398135,-1.2967986870934052,-0.4765653773506365,0
gdb_1406,CC(CC#N)C=O,-1.1281561775475208,-0.6437845941955432,-0.1206786986166429,-0.434571571349176,1.0284734372783255,-1.0331814235306434,-0.3280337558684858,0
gdb_1407,CN(CC#C)C=O,-0.8566212318221958,0.2448348440217216,0.1258307098986212,-0.2025212194484023,0.3175020154556929,-0.384832087638814,0.5348671057490839,0
gdb_1408,CN(CC#N)C=O,-1.3575320985911132,-0.4216054222736953,0.2357670296349113,-0.93970972811474,0.4097300742522242,-0.1352081467314417,0.0358563882102043,0
gdb_1409,OC(CC#C)C=O,-1.706097983368786,-0.8540001243392855,0.0680843548829925,-0.2572085086113206,0.6345231907273309,-0.4078834418054423,-1.1720577167926072,0
gdb_1410,OC(CC#N)C=O,-2.468138467932306,-1.8161403616846592,0.2078152031836688,-1.6800596831782728,1.0690308768327397,-0.6311140391439394,-0.2226153747081835,0
gdb_1411,CC(CC=O)C#C,-0.6549504615017492,0.248572320621314,-0.2325562519005855,0.5211462834293609,1.0446969082429554,-1.3226338637997077,-0.5468498729155896,0
gdb_1412,CC(CC=O)C#N,-1.1613262859922244,-0.4363378987216197,-0.1073464613507835,-0.2717017682165401,1.093651020615224,-1.0605213851816224,-0.7709887088021274,0
gdb_1413,CC(NC=O)C#C,-0.8059809545575176,0.2879009431101487,0.1438948668320606,-0.2725101738896863,0.3033085300722704,-0.3269681327017765,0.4673699922558085,0
gdb_1414,CC(NC=O)C#N,-1.3284878549508394,-0.4665911277907175,0.2623586419178019,-1.1553479027959106,0.4308509483557799,-0.1312233017652755,0.2494798911217278,0
gdb_1415,CC(OC=N)C#C,-0.7645730359419369,0.3183313946454584,0.1857179622545957,-0.7050234523797816,0.5221217402923428,-0.403137442625102,0.3411645677629569,0
gdb_1416,CC(OC=N)C#N,-1.2938701332416802,-0.385852036057621,0.2995297121815164,-1.4878924239325215,0.6243749010055187,-0.19137592204547,0.03923917557323,0
gdb_1417,CC(OC=O)C#C,-1.5573055383471015,-0.5002908235971173,0.3213653452901643,-1.271229741487757,0.5448505275990186,-0.2362791944780434,0.3855383833718398,0
gdb_1418,CC(OC=O)C#N,-2.1079249968623235,-1.214898646367024,0.441068148140227,-2.162585935624649,0.7139770895629832,-0.0815329527947948,0.1621967074564025,0
gdb_1419,OC(CC=O)C#C,-1.983146253286876,-0.7548686664456391,0.1048775468749289,0.1372635797831465,0.535831525957829,-0.6142856603173157,-0.1776007811863924,0
gdb_1420,OC(CC=O)C#N,-2.2289071517335723,-1.106195870357665,0.2534079724573855,-0.6308190356599254,0.5196444011621154,-0.0230292315276385,-1.5945571214442316,0
gdb_1421,CC(CC=O)C=O,-1.8991393239121857,0.0634342476813476,0.2079487853940951,0.4281436843815564,0.7009504579146035,-0.5816344300301175,-1.801045448950374,0
gdb_1422,CC(NC=O)C=O,-2.5326392085500595,-0.7518661016599536,0.3475768171512525,-0.0491548373183419,0.4137872874208833,-0.3508526365564424,-0.4661279850239259,0
gdb_1423,CC(OC=N)C=O,-2.6234270136851245,-0.6759615907862517,0.3878425235690594,-0.4193790402669304,0.7200633022164257,-0.5760429001159212,-0.4444923482945929,0
gdb_1424,CC(OC=O)C=O,-3.195586896907496,-1.1206089513181918,0.5792293005996776,-0.8497238806973665,0.5394866155335184,-0.052122059312321,-1.101276117546348,0
gdb_1425,CN(CC=O)C=O,-2.533672260185844,-0.5096040286666694,0.321549870019879,0.3152474093783112,0.4868367863860972,-0.3317170952395905,-1.5253988529014288,0
gdb_1426,OC(CC=O)C=O,-3.289991806255185,-1.1060608323532242,0.5018335031744493,-0.0612772925107872,0.3485736479129461,-0.0332378144591646,-1.4311852239791931,0
gdb_1427,CN=C(C)NC=O,-1.7126704616957418,0.4780828906891678,0.2863394243109035,0.4402393140762639,0.4979478473102766,-0.5305677827255072,-0.7626146993280857,0
gdb_1428,CN=C(C)OC=O,-2.6015080375703143,-0.5642867514511927,0.4810072563771316,-0.5139533688439193,0.4864383975899379,-0.4677808291079301,0.6001473428112207,0
gdb_1429,CN=C(N)NC=O,-2.184476692827357,0.1450789942924171,0.3745102248082452,1.109186796734242,-0.1523814806320106,0.1571413172863442,-1.4060521424472543,0
gdb_1430,CN=CN(C)C=O,-1.8967219086176303,0.4897792742425171,0.3213194761913711,0.2958030574791093,0.6963077783011589,-0.8122099032302798,-0.2493332926690881,0
gdb_1431,CC#CC(=O)CO,-2.5073513121266755,-0.78597265793758,0.1372166043423671,0.0259666587946545,1.1589776628550834,-1.4655972868664462,0.6779764950203555,0
gdb_1432,CCC(=O)C#CC,-1.1951383576191,0.3399050391744331,-0.1844150970251399,0.608773618911181,1.630139090333331,-2.1492450144761728,0.1101976896034724,0
gdb_1433,CNC(=O)C#CC,-1.5529452101059698,0.2941464766098169,0.0962973405110507,0.2461437437492661,1.0812549773340538,-1.4319737446033758,0.6253260071003223,0
gdb_1434,COC(=O)C#CC,-2.025128759587365,-0.1049865166057823,0.2609483785228412,-0.2266019185197179,0.9939531947009624,-0.8474050613410681,-0.7929370250310299,0
gdb_1435,CCC(=O)CC#C,-0.6758917318193663,0.3832431763484115,-0.160038304671777,0.4921940094976062,0.936961404750504,-1.271438485227475,-0.0672491140376123,0
gdb_1436,CCC(=O)CC#N,-1.475264439788971,-0.825016517444984,-0.0608219353376106,-0.75534826687625,1.2258733453011132,-1.4945921315292494,1.3359546504067974,0
gdb_1437,CNC(=O)CC#C,-0.7594472473612596,0.4439986554823136,0.184224236718891,-0.0673054796939956,0.1049398572044909,-0.164851795811013,0.5190779343961497,0
gdb_1438,CNC(=O)CC#N,-1.0312658302750213,0.1106260298936602,0.3221953127066001,-0.7484189887951772,0.1388139255121493,0.3843165008687541,-1.1217213486417916,0
gdb_1439,COC(=O)CC#C,-1.3972646977005048,0.0219936586531003,0.3685470305542805,-0.8227782946269541,0.2888367594279433,0.1424841325889383,-0.6145292197238728,0
gdb_1440,COC(=O)CC#N,-2.1903809146951647,-1.2177450146279054,0.487564656955806,-2.330220865974216,0.6590106485478969,-0.1248027894874333,0.971038556707614,0
gdb_1441,OCC(=O)CC#C,-1.998228673381087,-0.725779477597662,0.1627542268747464,-0.0589507147512256,0.4699772977348181,-0.5996473049223279,0.4890878191700092,0
gdb_1442,OCC(=O)CC#N,-2.764069215130984,-1.8795396643340407,0.2661033064083221,-1.3014268011420316,0.7587733490777664,-0.7829076080425753,1.705091122497471,0
gdb_1443,CCC(=N)NC=O,-1.9973529281307785,-0.2723156836325853,0.2350101363137288,-0.0538708528268594,0.6631719115675034,-0.941406249070581,0.8572282004992184,0
gdb_1444,CCC(=O)CC=O,-2.169242265938636,-0.205395500814903,0.2181095196863225,0.3586165916438887,0.7674755767342694,-0.9147887925935932,-0.4914426012811245,0
gdb_1445,CCC(=O)NC=N,-1.749515423597528,0.5617277181216368,0.3560231028791057,-0.0128558241978448,0.7500441555573134,-0.6438552902445444,-0.8912260761855627,0
gdb_1446,CCC(=O)NC=O,-2.867778309548084,-1.0116379012418275,0.3790614904566947,-0.2307524052063956,0.5107566229058152,-0.7655836940344258,1.2688100736664036,0
gdb_1447,CCC(=O)OC=N,-2.22722631150115,0.0618829470025102,0.5625397105117068,-0.798837467431846,0.622586531994012,-0.061643824557209,-1.552993431618274,0
gdb_1448,CNC(=O)CC=O,-2.719032675054426,-0.6410069369316668,0.4073529252457832,0.0091073478511533,0.4384811022579017,-0.5249422154345749,0.2092865536971999,0
gdb_1449,CNC(=O)NC=N,-2.1677137740032184,-0.2966957086581911,0.4443030707785472,0.0927543828374941,-0.0397397666182648,0.0366990396234509,0.1064892443116232,0
gdb_1450,CNC(=O)NC=O,-3.279843560829894,-1.242626299071533,0.6266927144417999,-0.731249414667245,0.103826257903047,-0.1868210784153294,1.8227803424150075,0
gdb_1451,CNC(=O)OC=N,-2.696384146087361,-0.1528209337386525,0.8102310767402386,-1.0550538385932413,0.0864689907401395,0.5222207519513918,-0.684876509153139,0
gdb_1452,COC(=N)NC=O,-2.747587313470531,-0.7532000297302665,0.6499501465369596,-0.5973328648430772,-0.0834796201380861,0.4689135816672452,-0.4249090683133719,0
gdb_1453,COC(=O)CC=O,-3.244681817858598,-1.015835108704506,0.6159442459177725,-0.4988986750532916,0.2616833819769555,0.0474527183397744,-0.5477581573294603,0
gdb_1454,COC(=O)NC=N,-2.9367913957014493,-0.7235989731835484,0.6885871442715338,-0.675604710371035,-0.0391348454767484,0.2761606778440518,0.4217695110607659,0
gdb_1455,COC(=O)NC=O,-3.747376424106797,-1.6011796453100868,0.8137566746816539,-1.1969370349130686,-0.0446147802189531,0.4303215310925451,0.5994015280841083,0
gdb_1456,NCC(=O)NC=O,-3.3240407261149825,-1.3126265870849174,0.4957207410659727,-0.0971343141304917,0.1778920460915844,-0.2281600977547775,0.4641073030480421,0
gdb_1457,NCC(=O)OC=N,-2.924954355278273,-0.5151039215175058,0.6196425016273455,-0.2372558838899189,0.1752422890058071,0.2649397630535502,-1.460005688321132,0
gdb_1458,OCC(=N)NC=O,-3.1280555436491,-1.272505259933975,0.5484978389386015,-0.8893225939321393,0.3859669320962056,-0.1545697151168595,0.2425138246352328,0
gdb_1459,OCC(=O)CC=O,-3.431339236564736,-1.241126815823325,0.5425472597934063,-0.1819665869806758,0.2977844892299862,-0.1727119898118984,-0.263170247845583,0
gdb_1460,OCC(=O)NC=N,-3.415447621298878,-1.285187415631403,0.5772480058206516,-0.2944271492713495,0.0698962382394976,-0.3001236975810496,1.836504758722115,0
gdb_1461,OCC(=O)NC=O,-4.187836308240516,-2.1137373339409757,0.7077152139109034,-0.836789264502623,0.0681119712914507,-0.103297387828364,1.831795800038188,0
gdb_1462,OCC(=O)OC=N,-3.434859355190381,-0.8841535789821192,0.8971800502833653,-1.3164774147292106,0.1257994986497312,0.762279238506706,-1.585136324078554,0
gdb_1463,CC#CC(C)CO,-0.3029260560983624,2.6432938088071083,0.4509468165027988,0.1734227956753548,0.5731361071386173,-0.6183244139693661,-0.1063498535163402,0
gdb_1464,CC#CC(O)CO,-1.867251076345723,1.049420276696367,0.6383086629090444,-0.3690064494417434,0.4952039217776992,-0.4167459652171847,0.3298686272888446,0
gdb_1465,CCC(C)C#CC,0.9964571315800675,3.806744332905065,0.1346066219079107,0.8088227679482495,1.0375580203005486,-1.3106026769827637,-0.6615835411198704,1
gdb_1466,CCC(O)C#CC,-0.4946057946452902,2.3275073733923985,0.3750012345097561,0.126597797421741,0.8695465212552598,-0.981265907455973,-0.0479021825812248,0
gdb_1467,COC(C)C#CC,-0.3636017039187943,2.53825947828399,0.3781195114312668,0.4418950712287049,0.6585296457943904,-0.7301753350934429,-0.5258147846344235,0
gdb_1468,CC(CO)CC#C,-0.0609312918295778,2.1513327105760505,0.3662309143086152,-0.4580644625166912,0.5415139997948142,-0.4127362338043597,-0.0876209919876404,0
gdb_1469,CC(CO)CC#N,-0.8864571147165379,0.8954088843994955,0.4593122232688739,-1.6934284722077186,0.8239443534980279,-0.6634077710084958,1.4519918451211635,0
gdb_1470,CCC(C)CC#C,1.2158195300557466,3.2387162942811325,0.0479159764481827,0.0506534909433078,1.0560969662250426,-1.160972523305845,-0.4691703768152788,1
gdb_1471,CCC(C)CC#N,0.6071197516134064,2.046984160463876,0.2520321411328409,-2.4769690335056613,1.7207756597615522,-1.39737307806229,0.9970049287636734,0
gdb_1472,CCC(O)CC#C,-0.1489808952935892,2.1072847024982373,0.3400615776997708,-0.2462256426731535,0.570607019193646,-0.5135685441541806,-0.122244061000709,0
gdb_1473,CCC(O)CC#N,-0.9195297736402768,0.8752928827690407,0.465110342928924,-1.827817979412331,0.9563424887726856,-0.7645569123208957,1.4157176961684728,0
gdb_1474,CCN(C)CC#N,-0.5441853881586597,1.1606728678093596,0.0483306563225808,0.5089450699199873,0.6413058414976591,-1.2173865187328003,1.2840166222654823,0
gdb_1475,COC(C)CC#C,0.0465791308770248,2.0752487536292943,0.3338351027485632,-0.1128997477499012,0.2723699888479923,-0.2014289419589189,-0.1761129178057791,0
gdb_1476,COC(C)CC#N,-0.8029436145649326,0.8282893486913502,0.4092165480763405,-1.1258107116768503,0.4988577683422647,-0.4451780194806174,1.2791058392061805,0
gdb_1477,OCC(O)CC#C,-1.3488507870533095,1.0217175339676727,0.635515131781858,-0.821336773654664,0.1260665780269906,0.2751219667480431,-0.2571634641008105,0
gdb_1478,OCC(O)CC#N,-2.02779383598192,0.0201313075015148,0.7622816836030997,-1.765185268570427,0.1704048944292889,0.3138055421448186,0.825680532411912,0
gdb_1479,CC(CO)CC=O,-2.243103103802783,0.518695963125043,0.4415527054128588,0.1488000520733269,0.818482546754052,-1.024024326378994,0.0888731317077608,0
gdb_1480,CC(CO)NC=O,-2.265846985788881,0.5879645293480267,0.811883530501708,-0.4805456449990695,-0.1743982141235448,0.2098408432231327,1.098398615956335,0
gdb_1481,CC(CO)OC=N,-2.2485834146811383,0.6164729766577864,0.80722281562025,-0.9171831322541748,0.251291138391977,0.0225182846047018,0.320643709533642,0
gdb_1482,CC(CO)OC=O,-2.912372598945384,-0.0349414482632469,0.9698806709008176,-1.5646678253218425,0.2661904573796549,0.3393935893054751,-0.141999001634675,0
gdb_1483,CCC(C)CC=O,-1.0375282395692984,1.4837390825161512,0.1098170995944677,0.667641147936978,1.3340582232699425,-1.857130403826935,0.0650901741238234,0
gdb_1484,CCC(C)NC=O,-0.98283369955462,1.4589020241157675,0.4802375658991094,-0.1376834446777642,0.385571897427922,-0.5861759308232584,0.907930107970229,0
gdb_1485,CCC(C)OC=O,-1.7814109648016998,0.780821303823766,0.6601779909088085,-1.1687019456360688,0.726671474434477,-0.5695299526365998,0.7078132984298185,0
gdb_1486,CCC(O)CC=O,-2.333414708738963,0.5480980364922862,0.4410985094428826,0.3995921369531419,0.7949075400460661,-1.0923158079133726,0.1560097108856409,0
gdb_1487,COC(C)CC=O,-2.212627300665708,0.4419964316395232,0.4089389907062433,0.4763644286597334,0.6144039769118996,-0.9163484776705026,0.1668279637040098,0
gdb_1488,OCC(O)CC=O,-3.2107022980753284,-0.1049295135426013,0.7792419824574983,-0.2218399736037851,0.2944014101911282,0.0967718222473742,-1.4265179794180896,0
gdb_1489,CCN=C(N)C#N,-1.3658411714711898,-0.7124873027522662,-0.1840948671340841,0.010035783856447,1.1049543314628798,-1.5507940199258607,1.0211778560687272,0
gdb_1490,CCN=C(N)C=O,-2.211176338695428,-0.4744897763016859,0.0204623246609787,0.889808248320703,0.9157243316930804,-1.28446046211559,-0.559833257675277,0
gdb_1491,CCCC(=O)C#C,-0.95115802378263,-0.0181938787977864,-0.2824755328515403,0.3446806065284933,1.5576547223368196,-1.885432129481844,-0.5120463723855306,0
gdb_1492,CCCC(=O)C#N,-1.554767593671002,-1.015593314416542,-0.1875234649009892,-0.9489427231803416,1.9356845800749969,-1.9154577151087897,-0.4480511760432014,0
gdb_1493,CCNC(=N)C#N,-1.3096682843564924,-0.3527774544831975,-0.1664679997733469,0.4594689787494914,1.023805057017555,-1.3819027503449235,-0.0031721935689609,0
gdb_1494,CCNC(=O)C#C,-1.2866433024706243,-0.2246518996769448,-0.0347809945202095,0.0326165256053556,0.9002317089745818,-1.1269417039179068,0.287034059492536,0
gdb_1495,CCOC(=N)C#C,-0.9672455850619964,0.3033866161022106,0.0117690113664603,0.0635641421559641,0.8994929657620411,-0.7422227245209823,-1.499943527549121,0
gdb_1496,CCOC(=N)C#N,-1.7019572685917272,-0.8864000191576958,0.1037542302632935,-1.3166669304512626,1.2934407422728105,-0.9399996326282136,-0.6066578444884007,0
gdb_1497,CCOC(=O)C#C,-1.761366315172292,-0.5513828107950373,0.1713611832992113,-0.6693773530299088,0.9227635992255644,-0.589793663368229,-1.1098437934306469,0
gdb_1498,CCOC(=O)C#N,-2.471863279678752,-1.755150876442711,0.2803489112219139,-2.3116872343106847,1.414183349231013,-0.8178720146804309,-0.189487324677819,0
gdb_1499,CNCC(=O)C#N,-2.2424818476952546,-1.6805989153985037,-0.29173221789666,1.0162280240856136,0.9237245335313424,-1.3111293823198087,-0.8780719969555002,0
gdb_1500,COCC(=O)C#C,-2.218346476842418,-1.1339829048182368,0.0311056913679755,-0.2410240693280408,1.0891278788569092,-1.1706711537839354,-0.0954621401439495,0
gdb_1501,COCC(=O)C#N,-2.832623256089374,-2.039218831046208,0.0912644510493905,-1.013207102498308,1.312129818968694,-1.115269055577055,-0.4108687810650307,0
gdb_1502,OCCC(=O)C#C,-1.976813640872269,-0.7270310452793626,0.053848925496961,-0.0310135450721974,0.9890853333168852,-0.8071528083471955,-1.5698955475711998,0
gdb_1503,OCCC(=O)C#N,-2.813161055250977,-1.994209525496785,0.093876360500357,-0.979552033734176,1.2966396509490263,-1.0632830108168878,-0.6432372610822942,0
gdb_1504,CCCC(=O)C=O,-2.450556262668183,-0.7810799053216816,-0.0476005954931958,1.0322458310343925,1.2028110345758745,-1.4170436250076253,-1.8986735557705403,0
gdb_1505,CCNC(=N)C=O,-2.536618164411605,-0.6986318804569521,-0.0080562244283735,1.0641680022386315,1.0725087220173206,-1.6727925778831894,0.0874251044659047,0
gdb_1506,CCNC(=O)C=O,-2.8678768909233683,-1.1754832132962754,0.1634051700662717,0.5714156619448982,0.751117433667938,-0.8620901326245526,-1.1019957968002494,0
gdb_1507,CCOC(=N)C=O,-2.8456148870826667,-1.0229870621968735,0.2500442774401273,-0.1647612353465257,1.0761873140935003,-0.979836671988492,-1.088724350983869,0
gdb_1508,CCOC(=O)C=O,-3.4618591010840407,-1.6554239513478175,0.3699314362122148,-0.069335369890838,0.6769295075490589,-0.4187971183556776,-1.6106185153275288,0
gdb_1509,COCC(=O)C=O,-3.672289726085154,-1.8213560142565488,0.2672310459783723,0.4883501698967952,0.7326809931866269,-0.6482602856987285,-1.786607115340102,0
gdb_1510,OCCC(=O)C=O,-3.931075162442196,-1.9266052178987203,0.294445745522185,0.378796968247356,0.8612086300921966,-0.9555520027917024,-0.8549112912543071,0
gdb_1511,CCC(=O)CCO,-2.074710649446776,1.1620676847997164,0.5515025964783596,0.4446094766664742,0.6906696935537013,-0.695526019030103,-1.084377159635606,0
gdb_1512,CCC(=O)COC,-2.309946143589569,0.7677607676845583,0.5277198704913302,0.2515259509247258,0.7788223931108174,-1.0447496508867111,0.3631295525311582,0
gdb_1513,CCCC(=O)CC,-1.0556760259687454,1.8772519090077675,0.2194568949105793,0.820639088365296,1.264920331595483,-1.7816646310030253,-0.0172307571914667,0
gdb_1514,CCCC(=O)CO,-2.3722328656997327,0.7651577487196475,0.5417162765313221,0.2520311704716057,0.7947176115233778,-1.10392129249051,0.5566905587919673,0
gdb_1515,CCCC(=O)NC,-1.29016849908899,1.9703136958191,0.5767373285847178,0.0966842273839409,0.6478522790809016,-0.9136314147737298,0.8071924356813605,0
gdb_1516,CCCC(=O)OC,-1.6978440463540507,1.5807770709996942,0.7699704799332224,-0.7580156112763253,0.6876984525277521,-0.3258561769540045,-0.7136960561649957,0
gdb_1517,CCNC(=O)CC,-1.2158172900641229,1.8284694527746723,0.5339828489558318,0.1329954930089223,0.5346215211422474,-0.8096291046186983,0.8272549866779441,0
gdb_1518,CCNC(=O)CO,-2.5795985348469155,0.6896851438821975,0.8339323991611527,-0.3498607354687514,0.1421166815067834,-0.2087605769055351,1.1805525122032274,0
gdb_1519,CCNC(=O)NC,-1.5804270385913617,1.8804223954629675,0.8350888129614524,-0.2249787103995821,0.0340434006088784,-0.0942275968165424,1.1047776064688035,0
gdb_1520,CCNC(=O)OC,-1.942436565621015,1.4990435973683902,1.026242773305917,-0.7100936663138695,-0.3007904712110619,0.7034520009410946,0.0897683339951719,0
gdb_1521,CCOC(=N)CC,-0.8950643438383349,2.314072112256216,0.6258815909862404,-0.2758405661672129,0.6401462360249164,-0.4868951613330311,-0.5338515000770029,0
gdb_1522,CCOC(=N)CO,-2.1762098960324083,1.2390856274816502,0.9546852396766474,-0.8261571233187484,0.1252367068025904,0.2549783935799949,-0.0384394599179544,0
gdb_1523,CCOC(=N)OC,-1.85013761770569,1.7485731740834936,1.064060538448334,-0.8307865272833793,-0.1896287045724727,0.7718622889022795,-0.6010046011806998,0
gdb_1524,CCOC(=O)CC,-1.690164621642096,1.5076851323187717,0.7531278428364102,-0.7002290276811635,0.6110363052940252,-0.2979721043440227,-0.5265820247339705,0
gdb_1525,CCOC(=O)CN,-2.384943968972403,0.9456861548576576,0.8054122270409481,-0.0727658578377459,0.1434110708482973,0.0444478586921526,-0.5021315157211758,0
gdb_1526,CCOC(=O)CO,-2.998884037778748,0.399051913250838,1.07900209741714,-1.297813245186224,0.1494957044438098,0.3853040196003969,0.0201700783008101,0
gdb_1527,CCOC(=O)NC,-2.0031001009725284,1.642408834725461,1.071803328780018,-0.7316473209353055,-0.2461670183430558,0.6364649040321118,0.2052726042726415,0
gdb_1528,CNC(=O)CCO,-2.3387309086547576,1.2250291194372362,0.909275956654068,-0.2746810322519513,0.0716662100474191,0.1422698741383938,-0.1144680948129201,0
gdb_1529,CNC(=O)COC,-2.5775744002200787,0.8024487899095151,0.8547020000186979,-0.3683631005451162,0.203828332369782,-0.2281143859002048,1.000534326559099,0
gdb_1530,CNCC(=O)OC,-2.368567145930541,0.7090890762296999,0.6700241889833732,0.7773907958996255,-0.257865658301582,0.2279913543434595,-0.6259138431291533,0
gdb_1531,COC(=N)CCO,-2.110303245950924,1.4020140887734105,0.9574084909740294,-0.7711157847734874,0.187794602417549,0.3256758904295829,-0.8072698234256651,0
gdb_1532,COC(=O)CCO,-2.751199026075109,0.8448761711608375,1.0916509632034304,-1.0164674621571288,0.0819205128744167,0.7404270399429769,-1.704062140618433,0
gdb_1533,COCC(=N)OC,-2.0700069143972333,0.6715941137021609,0.7765789585856316,-0.5112484450731138,-0.0307922551246117,0.3534937790388084,-0.3737974365689754,0
gdb_1534,COCC(=O)CO,-3.6304338117956902,-0.3484633900824119,0.8474075704840802,-0.3120859516814038,0.319703793188108,-0.3758412995904092,0.906753008971986,0
gdb_1535,COCC(=O)OC,-3.0062147558532293,0.4467553271700121,1.0554915559675446,-1.0502415700041734,0.1221771663650368,0.3990825929766778,-0.2916762539968711,0
gdb_1536,OCCC(=O)CO,-3.3916935067461518,0.0505939134008485,0.8748541604914541,-0.1348283389889469,0.2269619787429873,-0.0207249307759417,-0.5135412207378524,0
gdb_1537,CC(CCO)C#C,-0.1109567251182624,2.257582266413789,0.407514093903445,-0.4920557100759583,0.6031319543141507,-0.4809724307720704,-0.0045094436110567,0
gdb_1538,CC(CCO)C#N,-0.9569612217280372,0.9801321397649414,0.4940539055410209,-1.6651188947351323,0.8666333516874128,-0.7421325233828091,1.5828679337707736,0
gdb_1539,CCCC(C)C#C,1.1731839356208458,3.367658046459587,0.0899365383321819,0.0737801242383341,1.0871521383107234,-1.2041544603084129,-0.4206225884703447,1
gdb_1540,CCCC(C)C#N,0.562918533702506,2.176339696125164,0.2971695943781696,-2.458936082139318,1.7462732474648617,-1.4383437004742614,1.0756374902122363,0
gdb_1541,CCCC(N)C#N,-0.2269675528208571,1.7045429343850018,0.2516420608466079,-0.7012400559883565,1.0187256210420683,-1.0309473651599026,0.3965033443631419,0
gdb_1542,CCCC(O)C#C,-0.2084940202687171,2.073359683161946,0.3247540434055868,-0.3989824765941532,0.8571897271056471,-0.7073175441352422,-0.5795272153170874,0
gdb_1543,CCCC(O)C#N,-0.8428634424941885,1.015702420717025,0.4690335500131623,-2.061686655564067,1.2679399347425653,-0.8102035856883908,0.2697365935295279,0
gdb_1544,CCNC(C)C#N,-0.5379611932197239,1.3311401804952103,0.1391995449584763,0.1876490043526531,0.729889340438563,-1.2383055268302503,1.4848804034578835,0
gdb_1545,CCOC(C)C#C,-0.1774394898196952,2.0744600591799607,0.298682481013579,0.0157462491156321,0.5836062832225787,-0.5572627293372244,-0.4241937001140137,0
gdb_1546,CCOC(C)C#N,-1.0119775854777937,0.7839818563352589,0.3932436976449214,-1.300775929782258,0.9058755273919668,-0.8391219686870395,1.16631489419558,0
gdb_1547,CNCC(O)C#N,-1.777658477807057,0.1607269848714828,0.4759825555818445,-0.9562664251076692,0.5215115916751688,-0.6270833934410601,1.8091520405762376,0
gdb_1548,COCC(C)C#C,0.0114565743042004,2.377015848879897,0.3983459946641566,-0.3459468255426789,0.5111240900343964,-0.3099664305395285,-0.5232634719239628,0
gdb_1549,COCC(C)C#N,-0.8323537817873076,1.1530714667080535,0.4675326459987965,-1.257362302283938,0.6972239891034681,-0.5190171824819512,0.8267961159678342,0
gdb_1550,COCC(N)C#N,-1.342796441612214,0.5492071923326212,0.5380823129321695,-1.1035436623287032,0.3545481483499015,-0.078000947638247,0.4274631985890454,0
gdb_1551,COCC(O)C#C,-1.3872142979958686,0.8747438461769194,0.5890152564512049,-0.6183163036100543,0.1625228911340652,0.2005904445596896,-0.4745607438145852,0
gdb_1552,COCC(O)C#N,-2.1541364370445457,-0.2369014891269955,0.6639047285922639,-1.4982496320596488,0.3420011555490523,0.0833804206417472,0.4418492247433446,0
gdb_1553,NC(CCO)C#N,-1.5255561457125462,0.5955632028628696,0.5564862527614078,-1.1301066796934334,0.4986392421528892,-0.3013764035617038,0.7567022510946382,0
gdb_1554,OCCC(O)C#C,-1.2961835119516432,1.2929591628388255,0.6519421770432589,-0.7117027616771943,0.2682201173269247,0.3109901721844114,-1.3492705874605866,0
gdb_1555,OCCC(O)C#N,-2.239503023495361,-0.0773908906789725,0.7072348703581797,-1.6619661393973972,0.500260379220208,-0.0396373034710825,0.4596124338432083,0
gdb_1556,CC(CCO)C=O,-2.312114746667532,0.5379352343195065,0.4552180474912938,0.2296680243852018,0.8369151372389013,-1.0979266560019556,0.2221958021760046,0
gdb_1557,CCCC(C)C=O,-1.0820144249100103,1.5568026550066565,0.1302764237472996,0.7711355786714068,1.3362447836404132,-1.895249998847897,0.0980342023931888,0
gdb_1558,CCCC(O)C=O,-2.137934647416674,0.6206946696012863,0.4721539728305554,-0.4459207457059607,1.2288624244243247,-1.113285232731042,-0.8119134292161932,0
gdb_1559,CCCN(C)C=O,-1.3186893750554878,1.6909652240141413,0.5001099629280032,0.1838960166607583,0.588414191701504,-0.9584315667240528,1.1236612345548445,0
gdb_1560,CCOC(C)C=O,-2.2227375800215072,0.5116353083305323,0.4311761132773082,0.1359103723639278,0.8935103505187584,-1.042040389606251,-0.2249929066978274,0
gdb_1561,CN(CCO)C=O,-2.249480126617111,0.5059555109811191,0.7478890969727648,-0.3391514142107508,-0.0695072048087088,0.1717903647803959,0.4028896871784166,0
gdb_1562,COCC(C)C=O,-1.9946031231227168,0.6882080375798878,0.4378759070725505,0.2447115259715637,0.7092548881493527,-0.7164527424784842,-0.91577352271597,0
gdb_1563,COCC(O)C=O,-3.311019611769586,-0.4685217767923158,0.7445980958890687,-0.5367089011884546,0.469640681550284,-0.1474900136116743,-0.8080949282836082,0
gdb_1564,OCCC(O)C=O,-3.3072711559853167,-0.2576363563424201,0.7848907806843686,-0.6810014507025898,0.6201012840515834,-0.1789575742699432,-1.2111223961927502,0
gdb_1565,CC(CO)CCO,-1.2996378008611615,3.2305974228036423,1.1907366984905847,-0.8794106397485703,0.2331469875777053,0.3690849284802515,-1.0156216488437144,0
gdb_1566,CCC(C)CCO,-0.2287014771012663,3.9814640890853097,0.8766475646594538,-0.6605998372537938,0.8326873177071727,-0.6752522916805122,-0.0280908186574951,0
gdb_1567,CCC(C)COC,-0.1840392889181032,4.062622377996107,0.8553035121886772,-0.2483861762562306,0.6031252220477556,-0.519899446653284,-0.1303332447922986,0
gdb_1568,CCC(O)CCO,-1.3877336978105848,3.1473201351027478,1.1623431260816357,-0.7259060060576822,0.2740389563197657,0.2576843340986995,-0.9859580010875794,0
gdb_1569,CCC(O)COC,-1.448496954285302,2.7900655618463994,1.1214928800762505,-0.831999059251856,0.1952689830146114,0.1643792086283036,0.0071191062341481,0
gdb_1570,CCCC(C)CC,1.3674866664831802,5.287236998411711,0.7104418029114039,-1.5962078530212718,1.7324537125701531,-1.2950296677715414,-0.7518699657653153,1
gdb_1571,CCCC(C)CO,-0.2296162140251014,3.967806680930952,0.8724871871559209,-0.6888427470640589,0.8641960038237128,-0.6930107049744563,-0.077141238243595,0
gdb_1572,CCCC(C)OC,-0.1417089208446078,3.947641741890635,0.8237411920340261,-0.1435378490726921,0.4885203450799577,-0.4416457231990134,-0.0724009752135356,0
gdb_1573,CCCC(O)CC,-0.3137878112466424,3.880236783826291,0.8442714755278504,-0.5794395397560488,0.932043520766369,-0.8148543546749177,-0.0782048417616248,0
gdb_1574,CCCC(O)CO,-1.7007245623687364,2.644837924289234,1.093652358653189,-0.7512609811608915,0.4140944141338206,-0.1827149300192738,0.2596941529482722,0
gdb_1575,CCOC(C)CC,-0.0492275672756055,3.862863272538232,0.797489891501103,-0.0722145718708773,0.3580367699790168,-0.3096385700167149,-0.121236179290865,0
gdb_1576,CCOC(C)CO,-1.34359974393578,2.670997681238992,1.1044493776718334,-0.8008651353146584,-0.042996405596507,0.3486280751315023,0.3725490935425272,0
gdb_1577,COC(C)CCO,-1.4368622208014692,2.834955536244888,1.1179660225529946,-0.5514984325720725,-0.005503092228192,0.2833371100047415,0.1160760682296868,0
gdb_1578,COCC(C)CO,-1.5605512211966366,2.800124492469497,1.125851114761067,-0.706881180431115,0.1849906606163454,0.0656804091579921,0.3527121351006086,0
gdb_1579,COCC(C)OC,-1.2241185824426268,3.3311129829331585,1.195226877773719,-0.5296028350606026,-0.0757019404606885,0.5812318404930779,-0.8117473557883181,0
gdb_1580,COCC(O)CO,-2.7908113594564927,1.7563528103616188,1.4652767740703472,-1.4329165416996723,-0.2372623459627533,0.8129939602534126,0.5743238976147279,0
gdb_1581,OCCC(O)CO,-2.8425308981563187,1.7672214208736603,1.4242149535781807,-1.199007329993976,-0.1388218011717235,0.744894221280585,-0.0680882821645629,0
gdb_1582,CC(=O)C(=O)C#C,-1.9196692029355709,-2.1443446802323693,-0.4185690461226027,0.994879078782284,0.7361212838051843,-0.6987044096148582,-2.611972393895122,0
gdb_1583,CC(=O)C(=O)C#N,-2.8253731231000856,-3.6140077835297952,-0.358102829650647,-0.4390824385524116,1.2130253075501518,-1.1403534635470307,-0.9841537380234584,0
gdb_1584,NC(=N)C(=O)C#C,-1.7752191491934683,-1.9962685759549004,-0.365408219196406,0.7329286041261847,0.6375441154964979,-0.7318863011788571,-1.4204466374638374,0
gdb_1585,NC(=N)C(=O)C#N,-2.7520064676247498,-3.5071495158078694,-0.3223196489781517,-0.4584512656862249,1.026427047521943,-1.2063557031201362,0.4616534242182603,0
gdb_1586,NC(=O)C(=O)C#C,-2.4027313863259767,-2.5167273969855506,-0.2244989331198664,0.6734535791842111,0.3869915797030149,-0.2164816244387468,-2.294107831165912,0
gdb_1587,CC(=O)C(=O)C=O,-3.4947155068323514,-3.049910708833205,-0.0311429819916445,0.80136388014385,0.3737886065296931,-0.3643062648150301,-1.8014469635893329,0
gdb_1588,NC(=N)C(=O)C=O,-3.666398371089137,-3.203307203746353,-0.057844784670575,0.5393481475247615,0.5444797800303159,-0.8561172834024731,-0.0051685311511723,0
gdb_1589,NC(=O)C(=O)C=O,-4.281866949025945,-3.7242936406740137,0.0679933624769252,0.5470080672487386,0.290369985249274,-0.3174072090085841,-1.0977124053872471,0
gdb_1590,CC(=O)C(O)C#C,-1.677849981275117,-1.1450417093130556,0.0627464585894106,-0.2133004158204861,0.4253697803019788,-0.3405200909576548,-0.439835734297014,0
gdb_1591,CC(=O)C(O)C#N,-2.1896287569361976,-1.943531719038345,0.2092387165507973,-1.555252611397336,0.7266635670678719,-0.2313809530546603,-0.4665758926199399,0
gdb_1592,CC(C#C)C(C)=O,-0.4092693830749899,0.0615594277995597,-0.2485305359001162,0.7881174428904423,0.5767893046324326,-0.9035010563623004,-0.4239362015289119,0
gdb_1593,CC(C#C)C(N)=O,-0.6455857914823493,0.2062721159845741,0.1306454126013372,0.0294819282222032,-0.051831970241845,-0.0088565140130066,0.3992992008272325,0
gdb_1594,CC(C#N)C(C)=O,-0.8952752344019623,-0.6307648035773229,-0.1121108059361008,-0.2323351774720869,0.7440841413036019,-0.6848012080682052,-0.7323731718153478,0
gdb_1595,CC(C#N)C(N)=O,-0.8829385022267289,-0.0842091052944065,0.2789675421499294,-0.6782289764053685,-0.0167078306321076,0.5796525014359829,-1.3869932341072102,0
gdb_1596,NC(=N)C(O)C#N,-1.9191218994660129,-1.4126519876644363,0.2749987497100352,-1.042515915411021,0.1709531826420933,0.1462810040744499,0.1415635308396934,0
gdb_1597,NC(=O)C(O)C#C,-1.980594646979868,-1.1063142806610835,0.4178992282448656,-0.8729747183097305,-0.1950208911277847,0.4770754529766334,0.5132091847464725,0
gdb_1598,NC(=O)C(O)C#N,-2.4018874377947457,-1.7563252807381544,0.5686698636272556,-2.0897916597856243,0.0542419119724996,0.7223608994509828,-0.0523697866232154,0
gdb_1599,NC(C#C)C(N)=O,-1.3013027276554288,-0.4363808019322463,0.2181673741113662,0.023012014954441,-0.2501027740494543,0.2212825167955263,0.4707140090142142,0
gdb_1600,[NH3+]C(C#C)C([O-])=O,-2.104269486675632,-1.237178431607226,0.4128535023216985,-0.9319203763649386,-0.1565439957906227,0.3172262105820641,1.1287577796548474,0
gdb_1601,NC(C#N)C(N)=O,-1.6706053237380007,-0.9257398142943144,0.3505726834495816,-0.749822210569061,-0.1638288615714709,0.626974781269272,-0.6516317674203403,0
gdb_1602,CC(C)C(=O)C#C,-0.6990922082599287,-0.4571826753156304,-0.3881000108763521,0.4648191696391568,1.1903717428951528,-1.5421736544419355,-0.4531383092854958,0
gdb_1603,CC(C)C(=O)C#N,-1.2859933439186229,-1.4179765404206035,-0.2878987615328137,-0.7928924143674674,1.545341351476705,-1.540972559071465,-0.4576187580023094,0
gdb_1604,CC(O)C(=O)C#C,-1.976277602181236,-1.5653443114010706,-0.0911219786524524,-0.22031237150708,0.9432335684538828,-0.9299950879986228,-0.656265735654362,0
gdb_1605,CC(O)C(=O)C#N,-2.392362925226291,-2.153080433498664,-0.0084412674540397,-0.8572526499620176,1.0912049459773443,-0.597969941892243,-2.0378549531636803,0
gdb_1606,CN(C)C(=N)C#N,-1.142491793982868,-0.6976206654178028,-0.2739599647327804,0.9336079478985234,0.6252057637301838,-1.101328564307405,-0.0027354133978068,0
gdb_1607,CN(C)C(=O)C#C,-1.1813592152279246,-0.4942345698962841,-0.1220836551052299,0.5215820538948692,0.5569627214879171,-0.9173109515726264,0.3265845481922004,0
gdb_1608,CN(C)C(=O)C#N,-1.8493320356703196,-1.543154512162604,-0.0322211746428274,-0.581838652068518,0.8278420541114906,-0.9661874213985172,0.7670349606803439,0
gdb_1609,CC(C)C(=O)C=O,-2.1864511115941694,-1.1823305462271758,-0.1368978357354618,1.1310935506576285,0.8466839473416772,-1.067744088584586,-1.8816056178866611,0
gdb_1610,CC(O)C(=O)C=O,-3.343329735275968,-2.149225901745047,0.1984255254339371,0.1936343533047342,0.6531336722714003,-0.3487043047876549,-2.4497344639412604,0
gdb_1611,CN(C)C(=N)C=O,-2.2782458737317053,-1.0190209815351314,-0.1084329990803396,1.2921930091305804,0.7068756692077773,-1.3124773993728498,-0.0885170293830767,0
gdb_1612,CN(C)C(=O)C=O,-2.717001843759539,-1.4177471608820615,0.1323511196985294,0.5522451980708778,0.5644465750361501,-0.6881954044878672,-0.91106719628319,0
gdb_1613,CC(C#N)N(C)C,-0.3279668873799195,0.8943974141504902,-0.0080053844844815,0.7936464273150081,0.2117220507145865,-0.8495265098241979,1.371253772306249,0
gdb_1614,CC(C)C(C)C#C,1.462827805272272,2.979388341015256,-0.0044514409900057,0.0836462464957918,0.7665927258655749,-0.8393042481787296,-0.5335700061625462,1
gdb_1615,CC(C)C(C)C#N,0.8486802066471426,1.793749840900137,0.2018182510937102,-2.383111924164473,1.4009590362341848,-1.0636538702623202,0.9490658909885428,1
gdb_1616,CC(C)C(N)C#N,0.0823138573941286,1.2650861749787543,0.1423643106782718,-0.648643815420294,0.6444563826824216,-0.6261127681043961,0.3004364581409857,0
gdb_1617,CC(C)C(O)C#C,0.0718023062441262,1.5906840007286454,0.2073188181574669,-0.333289815251076,0.4910857532540904,-0.33983250897717,-0.5727212607415006,0
gdb_1618,CC(C)C(O)C#N,-0.5698851998231054,0.6333149731149734,0.3731981642754149,-1.9181583501417971,0.8948381748009698,-0.4339478843556614,0.1825265026548396,0
gdb_1619,CC(N)C(N)C#N,-0.8569529179115438,0.4621539453330497,0.153188280651583,0.2845698117898342,0.1805861384152674,-0.5516371075052174,1.0530602852798134,0
gdb_1620,CC(O)C(C)C#C,0.2274678730491598,1.7293272483861344,0.2767025883084226,-0.3077688114310086,0.2575608424966591,-0.0790464742836627,-0.4984050401130605,0
gdb_1621,CC(O)C(C)C#N,-0.4342573149947096,0.7458071955930049,0.4034411633119914,-1.4797894631877757,0.4726534037848311,-0.0979542500234149,0.2617369168029656,0
gdb_1622,CC(O)C(N)C#N,-1.2390145127317604,0.2703566211599125,0.5036569269013846,-1.2363893059181297,0.2115773773655969,0.0446406477786112,0.7764199673606285,0
gdb_1623,CC(O)C(O)C#C,-1.1081883924352338,0.9431842134548066,0.5370535920719229,-0.1765236024075583,-0.1839823495636116,0.6513342328672008,-1.441989573487504,0
gdb_1624,CC(O)C(O)C#N,-1.9808758421690809,-0.4155175654148845,0.6393148404533946,-1.629591522208424,0.1922509047803912,0.2909782840733431,0.4382250334117338,0
gdb_1625,CC(C)C(C)C=O,-0.7847283990638811,1.160987930258602,0.0324107447806639,0.8017350527896705,0.9731014522996764,-1.5012870096457251,0.0493491689740497,0
gdb_1626,CC(C)C(O)C=O,-1.9041551536953567,0.1837267011872888,0.3625585669946928,-0.3342389355392658,0.8859143390287655,-0.7936144831822628,-0.7638521510701269,0
gdb_1627,CC(C)N(C)C=O,-1.0596584968420435,1.3466018230048855,0.4183089598491167,0.2069091073137706,0.2594305742138004,-0.6116441949090209,1.142618097334487,0
gdb_1628,CC(O)C(C)C=O,-1.981835488966837,0.2715685637666614,0.3874787478565385,0.3405651472014966,0.4158860506588378,-0.6314032578036869,0.0615760855940681,0
gdb_1629,CC(O)C(O)C=O,-3.132192488920792,-0.6829426370832987,0.6870060021936948,-0.4343587550356766,0.224682372427804,0.1079198151161344,-0.91152312027482,0
gdb_1630,CC(=O)C(O)C=O,-3.323133384921497,-1.865644423949135,0.4350039821105396,-0.3502878058596363,0.2321596203503337,-0.1471211847449954,0.0655268732474627,0
gdb_1631,CC(C=O)C(C)=O,-1.865585421708477,-0.6339789026152802,0.1062596231367995,0.4962130222906419,0.5438919034110475,-0.5890668667589775,-1.1961854534790803,0
gdb_1632,CC(C=O)C(N)=O,-2.320645695597109,-0.9685211770836508,0.2847713340364028,0.2358987171389553,0.2194722608136074,-0.0776813314744381,-1.2678010357515894,0
gdb_1633,CN(C=N)C(C)=O,-1.561387744353116,0.0816153098496421,0.2384604809497513,0.3197486918209901,0.2991602644453607,-0.3238295807261715,-0.6027904859630426,0
gdb_1634,CN(C=N)C(N)=O,-2.0175213578547497,-0.1888007406094322,0.4728755579944032,0.0035962523367125,-0.1775294786340772,0.2559956375326972,0.0042862272111388,0
gdb_1635,CN(C=O)C(C)=N,-1.6799193885739163,-0.1505634893084823,0.2290333531013801,0.0430123711463935,0.454294353083196,-0.5585885504643341,0.054706014253658,0
gdb_1636,CN(C=O)C(C)=O,-2.2046824153323925,-0.6002825463067493,0.3959624931043857,-0.3935326806283367,0.3504006903505073,-0.0081497105399729,-1.1713369944203993,0
gdb_1637,CN(C=O)C(N)=N,-2.242969873344941,-0.613809991327369,0.3885397546703857,-0.0378282257528189,0.0416523542871605,-0.1202883230618938,0.5326700020640349,0
gdb_1638,CN(C=O)C(N)=O,-2.8874943819834176,-1.2277001957882292,0.6139509824692764,-0.8300186046489043,-0.1076185152635467,0.294134695836122,0.8004896187757989,0
gdb_1639,NC(=O)C(O)C=O,-3.542269941802836,-1.8293370750546776,0.6134882001233242,-0.2234704806912541,-0.2810532379078727,0.7540275431922573,-1.405823156148525,0
gdb_1640,CN=C(N)C(C)=O,-1.926794913451004,-0.4358446744247182,0.0339463308690727,1.003160887460953,0.5566947544008697,-0.8263757663446488,-0.9313247184605492,0
gdb_1641,CN=C(N)C(N)=O,-2.1933578838214607,-0.4196603692593227,0.31889765749859,0.6798626257217022,-0.055406686922769,0.043808066152609,-0.8812818908210961,0
gdb_1642,C[NH+]=C(N)C([O-])=O,-3.765998881006989,-2.341389843727681,0.3716004799375179,0.051117855181174,0.0565141225867437,-0.7679477640387387,3.271723113810199,0
gdb_1643,CC(=O)C(=O)CO,-3.531166129424085,-2.057781436575701,0.2366026043936336,0.2960712520028911,0.6016957764970988,-0.4838378369706452,-1.612630643744131,0
gdb_1644,CCC(=O)C(C)=O,-2.162091525115157,-0.6977135033687764,-0.0715954358490026,1.468212087426948,0.7003399304283725,-0.8893530604237484,-2.320120261265967,0
gdb_1645,CCC(=O)C(N)=N,-1.8810868880159477,-0.4322782418076252,0.0556177606901605,0.7059694463993303,0.6352262967045226,-0.8010939703571573,-1.0383259465359167,0
gdb_1646,CCC(=O)C(N)=O,-2.6039036154002133,-1.0017173230170449,0.1711418527232717,0.9404155843669236,0.2986682291548612,-0.3437563177656698,-1.6344659597595246,0
gdb_1647,CNC(=N)C(C)=O,-1.9423237878999384,-0.3610234506616372,-0.0358871336622278,1.7010598223673932,0.3985536159095704,-0.72163552106001,-1.721922354935307,0
gdb_1648,CNC(=[NH2+])C([O-])=O,-3.76654645200628,-2.34372773682309,0.3709891369931549,0.0518609474899763,0.0569448699469842,-0.7688418318823174,3.271423274132919,0
gdb_1649,CNC(=O)C(C)=O,-2.617328960728716,-0.9554599555201204,0.1804916266701234,0.9553249374457938,0.3211795773038527,-0.383617121658904,-1.5578813147558808,0
gdb_1650,CNC(=O)C(N)=O,-2.74449774760887,-0.7261836560277687,0.4998091250783046,0.5455789437928537,-0.2934663253915472,0.6409390642126208,-2.0441099348128637,0
gdb_1651,COC(=O)C(C)=O,-3.2533626989882958,-1.572562856300771,0.3618615975426606,0.3424549788225846,0.2307188924660298,0.0066138210662154,-1.8083223752386384,0
gdb_1652,COC(=O)C(N)=N,-2.866785477065577,-1.002142050083731,0.476775395166416,0.2633711632693587,-0.117066428100216,0.3877561311809475,-1.4031834384082946,0
gdb_1653,COC(=O)C(N)=O,-3.633494556628005,-1.741778590169276,0.6288102558865635,-0.1094172675269674,-0.2629470094997619,0.6740271096239595,-1.2761294580419058,0
gdb_1654,NC(=N)C(=O)CO,-3.112276868106981,-1.3961378066256662,0.3886748610813553,0.2188118825643912,0.1390545623886971,-0.0048363773022466,-0.9926215641720496,0
gdb_1655,NC(=O)C(=O)CO,-3.7339347205567863,-1.7970273212657415,0.5131777191230973,0.5221639768600408,-0.221621811287431,0.5858968321956728,-2.175707339646657,0
gdb_1656,CC(C)C(=O)CO,-1.9528948696839448,0.2940899649297502,0.4128767516170382,-0.2591226515206494,0.7459250432994385,-0.7572070546946819,-0.2184204277192658,0
gdb_1657,CC(O)C(=O)CO,-3.0430621483911824,-0.5381642218919955,0.7280752544915231,-0.8415364938749005,0.4151546080832412,0.1263189335607157,-1.3761280415149948,0
gdb_1658,CCC(=O)C(C)C,-0.7708874012402196,1.4188492046288843,0.0832933242397933,0.957703159304676,0.8512896991774948,-1.3866825782708712,0.0057843118454205,0
gdb_1659,CCC(=O)C(C)O,-1.9695191221991093,0.3188814186424223,0.4168578392191108,-0.1988483690484693,0.7350868385895212,-0.76240777298805,-0.2206338907096822,0
gdb_1660,CCC(=O)N(C)C,-1.0812370570344398,1.5404878607147103,0.4368055181919097,0.4485961397503574,0.2306951107967363,-0.5891197686925753,0.8636315012990332,0
gdb_1661,CN(C)C(=O)CO,-2.3657883454685917,0.3059924994241145,0.7394495524575134,-0.4564466638659485,-0.0133736127098024,-6.027210709014873e-05,1.078121967419404,0
gdb_1662,CNC(=O)C(C)C,-1.0020839568438673,1.5680188799488457,0.4684227523178927,0.166223853461906,0.2622497345122665,-0.5220810996737679,0.8264195279948927,0
gdb_1663,CNC(=O)C(C)O,-2.283091933533245,0.3566804655725527,0.7682670316799249,-0.7135780441806776,0.0408650839726662,0.067439607785565,0.8740412586948757,0
gdb_1664,CNC(=O)N(C)C,-1.418354810124266,1.4568164657240974,0.7017590432952744,0.2432635705698775,-0.4022362339770776,0.2007781956849995,1.2236426217320997,0
gdb_1665,COC(=O)C(C)C,-1.4395101353688895,1.1069484372031346,0.6430362793044877,-0.6166051510221482,0.3007369427964755,0.0266941356981129,-0.6386284953172404,0
gdb_1666,COC(=O)C(C)N,-2.2333894059539445,0.4701724932116781,0.6640993581460513,0.3262145652759113,-0.2417154782528593,0.2986036303151309,-0.3857686949517958,0
gdb_1667,COC(=O)C(C)O,-2.839228027212505,-0.1479145611571976,0.9095896478101224,-1.0427984971624626,-0.0515444293169897,0.5588038196748231,-0.3238297343331752,0
gdb_1668,COC(=O)N(C)C,-1.8601730968277463,1.2358195146655884,0.9292853588575354,-0.1731576347185316,-0.6496315264358619,0.8981834482204288,0.1565132432817055,0
gdb_1669,CC(=O)C(O)CO,-3.145165585769491,-0.6295625075838397,0.694645337745312,-0.3529869435585259,0.1895950145690375,0.1205269711810251,-0.898120508926112,0
gdb_1670,CC(C[NH3+])C([O-])=O,-4.509156242521946,-2.285626264891492,0.1357934845329555,2.0757450978173564,0.2110464550390578,-2.547415490586089,7.320869325545078,0
gdb_1671,CC(CO)C(C)=O,-1.8185015556592468,0.6716969032254086,0.4134313132115148,0.6094413298494408,0.2803500496575135,-0.3376886454270916,-0.9480073824887788,0
gdb_1672,CC(CO)C(N)=O,-2.068415906184995,0.7168762527279117,0.7805315477902917,-0.1778713692457515,-0.3254148033525958,0.520668979218595,-0.0540417978511952,0
gdb_1673,CCC(C)C(C)=O,-0.7751169470488289,1.3772297606330268,0.072384005741821,0.9743093803579592,0.8438674148213399,-1.3933365193625835,0.0398558043837414,0
gdb_1674,CCC(C)C(N)=O,-0.987274404340476,1.4669114306738251,0.4492793833033634,0.160666759784453,0.2229914181988186,-0.4860499048789305,0.8400456411956208,0
gdb_1675,CCC([NH3+])C([O-])=O,-2.434967951282729,0.0785604111569546,0.7229973352772485,-0.6120032686861536,0.0354657758480783,-0.0988926737165331,1.4334523558967918,0
gdb_1676,CCC(O)C(C)=O,-1.935680221255197,0.2921904499031482,0.4143226459112646,-0.2870207968249789,0.7645431034392481,-0.754439780817778,-0.2864240110029787,0
gdb_1677,CCC(O)C(N)=O,-2.242225530158365,0.3089387793872684,0.7623677863357006,-0.8414896745172765,0.0794912824290619,0.0918596144017565,0.7190188775517101,0
gdb_1678,CCN(C)C(C)=O,-1.0043744453709378,1.3762793973140752,0.4115571550153791,0.5197178811399288,0.0863462206491468,-0.4696737129117901,0.9238504588622528,0
gdb_1679,CCN(C)C(N)=O,-1.3336523443042727,1.305996724044364,0.6822020055000193,0.1686067387591727,-0.4560837194278659,0.2935557242697895,1.129348908156427,0
gdb_1680,C[NH2+]C(C)C([O-])=O,-2.4182221294217627,0.062723993234027,0.7134835500335447,-0.4711281630315771,-0.0510725279978807,-0.0508615897283531,1.463152764693518,0
gdb_1681,COC(C)C(C)=O,-1.940515467166644,0.3896624451786779,0.3961714892469738,0.4845445148369,0.3370402204241031,-0.537937316718212,-0.1413337760785475,0
gdb_1682,COC(C)C(N)=O,-2.155512421531522,0.5502364763595395,0.7738604176655316,-0.1720396592051494,-0.3461726040810113,0.4106028957430128,0.5621983740865218,0
gdb_1683,NC(=O)C(O)CO,-3.450237412876425,-0.6248404602209645,1.0452429676588135,-0.966525795315392,-0.4722133741491424,0.9532902506452388,0.1336369911241973,0
gdb_1684,[NH3+]C(CO)C([O-])=O,-3.4925296966658665,-0.6989965780639315,1.0721629226090197,-1.1137588710956354,-0.513412925901474,0.9140345816943068,0.7783783054113848,0
gdb_1685,NC(C[NH3+])C([O-])=O,-2.7748899067680446,-0.4382864003368136,0.8466855614576845,-0.6130657683552339,-0.4546500510288525,0.5677341251006685,1.0575754780595454,0
gdb_1686,[NH3+]CC(O)C([O-])=O,-3.3755953236868628,-0.8281075893044044,1.0393483954922147,-0.946871605539044,-0.6442860004733085,1.0678902111533146,0.437351163907385,0
gdb_1687,CC(C)C(C)CO,0.0536008295462051,3.541735279320376,0.753052540112383,-0.6388710773246447,0.4853315144438415,-0.3125368984242622,-0.0217329311802155,0
gdb_1688,CC(C)C(O)CO,-1.399765389258595,2.242386180788007,0.9859905873999972,-0.7413248716142663,0.0333324967286518,0.2186171110797966,0.3011328303888244,0
gdb_1689,CC(O)C(C)CO,-1.3145684993154478,2.247257695075843,0.9745443615915352,-0.5917272845069416,-0.1105607497220792,0.3707101006850055,0.1332312388297035,0
gdb_1690,CC(O)C(O)CO,-2.458376840640077,1.5509505626010414,1.3440289209679592,-1.1778787857824873,-0.5032142243904512,1.244048488759979,-0.5542278683959163,0
gdb_1691,CCC(C)C(C)C,1.6627970891094257,4.83972597629434,0.5823098381173281,-1.5889221646161042,1.3743073155198895,-0.9124999173180564,-0.7616105095928555,1
gdb_1692,CCC(C)C(C)O,-0.0250703837841734,3.3806264806036017,0.6971347123734482,-0.4640031483435763,0.5184595456012396,-0.4145602213395906,-0.0621817420180001,0
gdb_1693,CCC(O)C(C)C,-0.0184066224338422,3.4577133050877897,0.7273745813007446,-0.5472143344505744,0.5409689363294544,-0.4149875269573805,-0.0143557765580458,0
gdb_1694,CCC(O)C(C)O,-1.3684968138955416,2.244506363595453,0.984147955553169,-0.7704929391953346,0.0371596701203442,0.2424707696269407,0.217881858010448,0
gdb_1695,COC(C)C(C)C,0.0704884351063879,3.6018644211835564,0.7285717505992619,-0.0881655646025162,0.2236838273641126,-0.1653530802868031,-0.1336126677220107,0
gdb_1696,COC(C)C(C)O,-1.2569823233405168,2.468607062590714,1.026522698768284,-0.5661210700716514,-0.1886954017556457,0.4834608438717636,0.0815400990679476,0
gdb_1697,CC1(CCC1)C#C,1.670632132959744,2.152369675023968,-0.219795423709574,0.264261937389804,0.4115794386496392,-0.4939140041621261,-0.5405689079401482,1
gdb_1698,CC1(CCC1)C#N,1.0167665524956646,0.9246578707340134,-0.0300951730460073,-2.0591562565618022,1.0105611398864385,-0.7409567323313649,0.9992690559004396,1
gdb_1699,CC1(CCN1)C#N,-0.0535315470074574,0.0476284523755644,-0.1316251209562409,-0.0704112348238092,0.2451453635727883,-0.6366431052424606,1.5325499411659338,0
gdb_1700,CC1(CCO1)C#C,0.198756279550964,0.7185854648579181,0.0002810840451895,0.0617148787746307,0.0797761878194424,-0.0526578744188616,-0.3231443392533099,0
gdb_1701,CC1(CCO1)C#N,-0.5427377266103541,-0.4259889891109093,0.1090876815225044,-1.18115259095969,0.3605550165122901,-0.2021152317443941,0.7715471182047356,0
gdb_1702,CC1(COC1)C#C,0.3189749856505002,0.9879018738219,0.062772705413453,-0.0807460350660448,-0.0116816562907791,0.1411911031224939,-0.4314603029442727,0
gdb_1703,CC1(COC1)C#N,-0.380033934137407,-0.0220487510642691,0.1496196003870174,-0.9507137625658816,0.1580454385414285,0.1130225388776405,0.1122894314907021,0
gdb_1704,NC1(CCC1)C#N,0.3385230195373988,0.4917074182082417,-0.0178042960106225,-0.6219041633468915,0.304874906005286,-0.2429540690230163,0.3100734924913249,0
gdb_1705,NC1(CNC1)C#N,-0.31836527819077,0.1758349029254407,0.0216392073051996,0.3966708611907665,-0.2644470665708349,0.230359765368704,-0.3047263586893218,0
gdb_1706,NC1(COC1)C#N,-0.8786676518644319,-0.363595197257289,0.2801832047038313,-0.935844196005096,-0.1122080603428559,0.5659948840587316,-0.4332986759990346,0
gdb_1707,OC1(CCC1)C#C,0.3182376941524032,0.8756350001304178,0.0322580181315063,-0.0401563558527532,0.0650089083114221,0.0869261885776225,-0.7118415851440282,0
gdb_1708,OC1(CCC1)C#N,-0.3135225586464859,-0.1606908115026807,0.1763477920533028,-1.5961596942228122,0.433580850082514,0.0120076926608626,0.0699680565147636,0
gdb_1709,OC1(CNC1)C#N,-1.128560832857788,-0.5703811339808641,0.1590424057669776,0.0639972054168374,-0.3328063723198529,0.4232228221924271,-0.2091168395107428,0
gdb_1710,OC1(COC1)C#C,-1.1276995537810393,-0.3498374384075927,0.2994930642162581,-0.3868764691665786,-0.3091298062838454,0.5996471957200327,-0.2922155497940642,0
gdb_1711,OC1(COC1)C#N,-1.6582103019504988,-1.0817519590604106,0.4024714042721031,-1.1620709166127716,-0.1771296723109337,0.794808875874847,-0.710681614314814,0
gdb_1712,CC1(CCC1)C=O,-0.5055708216234793,0.3539865253432344,-0.1672562813487167,0.7293672117908471,0.6640710263280123,-1.1060017884024893,-0.0472624266598184,0
gdb_1713,CC1(CCO1)C=O,-1.653800968269525,-0.5866732884034153,0.1490670933241318,0.6547507886998026,0.0532723707941663,-0.162362799452315,-0.752421305800274,0
gdb_1714,CC1(COC1)C=O,-1.6904105523980852,-0.7294726919800963,0.1812545482215989,0.0460019030479257,0.2812222694787815,-0.3395115177990508,-0.207812824339788,0
gdb_1715,OC1(CCC1)C=O,-1.6038910672293265,-0.5860362096805165,0.1857234534252546,-0.2335844689239438,0.4325436632330809,-0.3103998210393959,-0.727352152760259,0
gdb_1716,OC1(COC1)C=O,-2.746164436453196,-1.3253779534070127,0.4649523053187691,-0.1178946648662021,-0.1392329768886814,0.668278438182003,-2.113067892691309,0
gdb_1717,CC1(CO)CCC1,0.4110538912345507,2.5950502965604123,0.5359479854695869,-0.6835279592046385,0.0881427300263586,0.1754840490324743,-0.1533513100542129,0
gdb_1718,CC1(CO)CCO1,-1.000235810027572,1.4271255056253105,0.8103989522964459,-0.5417041568946872,-0.6074273974505935,0.8759198157931254,0.3866537492996641,0
gdb_1719,CC1(CO)COC1,-1.0802244021195015,1.416435424024314,0.767838270540551,-0.3180357641459543,-0.5767438706670054,0.7964482827610604,0.2183718640241647,0
gdb_1720,CCC1(C)CCC1,1.8577132975022248,3.836765884360627,0.2835065999926699,-0.8426320521909453,0.7441314950186767,-0.4568533298469751,-0.7533693489092201,1
gdb_1721,CCC1(C)CCO1,0.2498128137451072,2.540958811342004,0.4803201654631088,0.1506965676413072,-0.2060372239327849,0.1676777670391189,0.1648874266734851,0
gdb_1722,CCC1(C)COC1,0.1507922614099997,2.405197698865129,0.449270817992315,0.0681835629327102,-0.0723810825650418,-0.0013961122802283,0.3146258876418255,0
gdb_1723,CCC1(O)CCC1,0.2787134529788216,2.5102498086803764,0.4818449915924248,-0.2172847527874802,0.0043797007962311,0.0916841226568129,-0.0728868672795865,0
gdb_1724,CCC1(O)COC1,-0.9265095292654542,1.6252678836035406,0.780853729190697,-0.4362104066401569,-0.4772968447839433,0.936067848445116,-0.7857540492709248,0
gdb_1725,COC1(C)CCC1,0.3662351779924205,2.724569649696444,0.5148047103938697,0.0568250577672254,-0.2459010850735318,0.316836218816907,-0.1204490139308263,0
gdb_1726,COC1(C)COC1,-1.0246191320796074,1.481175083251809,0.7971282347830171,-0.4678549809226467,-0.5716957544630213,0.8508800436585102,0.2067692990457201,0
gdb_1727,OCC1(O)CCC1,-1.0708622495784248,1.3736434796072814,0.7675308588939607,-0.4918387300926525,-0.4836889740464956,0.7487451164777472,0.1887424278153505,0
gdb_1728,OCC1(O)COC1,-2.465721289047724,0.2088915091855758,1.045793354468252,-0.7819608236879907,-0.9145215329144024,1.3431482030514657,0.4548429944405191,0
gdb_1729,CC#CC1(C)CC1,1.2515611890805785,2.92046795768429,-0.1501730582184636,1.3493777667317843,0.4458209368809446,-0.8124806203773882,-0.6815877243136361,1
gdb_1730,CC#CC1(C)CN1,0.4174405082303481,1.9429855856827551,-0.1027870301940685,1.1033933720351083,0.4405983214153308,-0.8943207948470421,0.1252892237867741,0
gdb_1731,CC#CC1(C)CO1,-0.2220744129927484,1.3576577096803404,0.1039286415134074,0.2565965740278624,0.4606926718009455,-0.5612145277284946,-0.0673816498477911,0
gdb_1732,CC#CC1(O)CC1,-0.2425830856464983,1.505414443323334,0.0895629319478126,0.8702816092622147,0.1921501303415805,-0.4329215490739248,-0.1419656687229576,0
gdb_1733,CC1(CC#C)CC1,1.642624055831627,2.273595390108581,-0.1899472848170561,0.0011405449224587,0.5699524380959362,-0.5586639223438838,-0.6510255209798487,1
gdb_1734,CC1(CC#C)CN1,0.8834727513013071,1.6161459341138895,-0.0993199821877989,0.3005135705138305,0.1764513919091331,-0.3403351123310422,0.1052478789833284,1
gdb_1735,CC1(CC#C)CO1,0.2641864068157015,1.0953972489341526,0.117556898167469,-0.4548027525185037,0.1233305693537485,0.0500225613727018,-0.0759993083236009,0
gdb_1736,CC1(CC#N)CC1,0.8570290869732811,1.01831634212738,-0.0662277636232293,-1.5780051810971965,0.962932872314959,-0.8300374008828622,0.9359690763336836,1
gdb_1737,CC1(CC#N)CN1,0.0574158591857802,0.4092146005094927,-0.0211838526176439,-0.6792359698421458,0.3864377392498766,-0.5451151275808145,1.4193237493086288,0
gdb_1738,CC1(CC#N)CO1,-0.5187974580070185,-0.0967157115490156,0.2171267476784238,-1.7096964966014483,0.4291689944049703,-0.1614903114085656,1.188040565596916,0
gdb_1739,OC1(CC#C)CC1,0.2721961454434223,1.1513181720975711,0.0713609023267488,-0.0269885560739465,0.0348421069169642,0.1148235157381023,-0.6059760405960899,0
gdb_1740,OC1(CC#N)CC1,-0.4238197095281609,0.1205162321603983,0.1852506784927565,-1.1757599910015415,0.2686628939514847,0.0475552103663225,0.2316010064288326,0
gdb_1741,CC1(CC1)NC=O,-0.7062193555966323,0.5877572066789014,0.2521779263293608,-0.0586884535307584,0.0132189845836741,-0.154537470589003,0.7312578559383592,0
gdb_1742,CC1(CC1)OC=O,-1.5513778724709002,-0.0991172057102701,0.422859728932608,-1.0675003653563893,0.3745778895978527,-0.1894973464059336,0.6265262502605844,0
gdb_1743,CC1(CC=O)CC1,-0.6427158249978779,0.5292569813336734,-0.1416132765433708,0.7404358793720702,0.8074617158334092,-1.262217844611119,-0.0519112920916538,0
gdb_1744,CC1(CC=O)CN1,-1.2445443626102952,0.0127138708576494,-0.016846284352573,0.7398090557267968,0.4888839574171074,-0.9123918477054268,0.1687362923905115,0
gdb_1745,CC1(CC=O)CO1,-1.8381848686949152,-0.4372507138082864,0.1906912427101369,0.1661077999256291,0.3765175656941635,-0.4548407159897201,-0.2896461247861411,0
gdb_1746,OC1(CC=O)CC1,-1.747335385296178,-0.2382516009674836,0.19133884787203,0.4349382441257394,0.2765475554933372,-0.2865808444197674,-0.9422150134587564,0
gdb_1747,CC1(CCO)CC1,0.2006099063649239,2.9914151232400013,0.6142699358975046,-0.7056870105949695,0.2942735448879084,-0.0497517673273804,-0.0483294436704007,0
gdb_1748,CC1(CCO)CO1,-1.0412145470388543,2.014646466353877,0.9352640395077848,-1.0669602249032448,-0.2331843393984836,0.7627435904439991,-0.1200753320081961,0
gdb_1749,CCCC1(C)CC1,1.5428756134694643,4.174679719753207,0.3199801154421468,-0.2553510383756096,0.7752638524908111,-0.7073088157093549,-0.5510562682226166,1
gdb_1750,CCCC1(C)CO1,0.1958113266175949,3.045338854235069,0.6505769511136281,-0.7294499259413704,0.2385514494233467,-0.0238586867305276,0.2240523846355383,0
gdb_1751,CCCC1(O)CC1,0.0638490011713241,2.903076476287413,0.5645282569823782,-0.3019959854541681,0.2772798219576529,-0.174561006980584,-0.0372698804150005,0
gdb_1752,CCOC1(C)CC1,0.243137913466663,3.0911920616375004,0.5973361018473774,-0.0766539656474197,-0.0539055573833306,0.1641798230585973,-0.1021974955437725,0
gdb_1753,COCC1(C)CC1,0.2389716159504989,3.0953911972699766,0.6011370709522195,-0.2888819455200913,0.1002140565882729,0.0823045427170133,-0.2337867364863473,0
gdb_1754,COCC1(C)CN1,-0.5624972444413259,2.266463239219475,0.6566866034130576,0.0233211388553656,-0.2741218522302253,0.2297846672394407,0.6766518910968847,0
gdb_1755,COCC1(C)CO1,-1.0779522905663612,1.9631947558630145,0.9455335761108534,-1.060054296333805,-0.286021253198735,0.7216178494433371,0.3888244496736541,0
gdb_1756,COCC1(O)CC1,-1.1374111336741073,1.97749587439131,0.8891520080431804,-0.4596747189003701,-0.4448536672391094,0.7496656928312835,0.1438794293490811,0
gdb_1757,OCCC1(O)CC1,-1.3343743562363723,1.7219105330026174,0.7913659943451211,-0.0825370216868596,-0.3739053675539794,0.5318820160436375,0.0745767857150974,0
gdb_1758,CC1(CC1O)C#C,0.1899897292554025,1.1469488995258037,0.0707864809242168,0.3094926205391395,-0.1241851692023651,0.0891841905559268,-0.0982896817840538,0
gdb_1759,CC1(CC1O)C#N,-0.4767154359245906,-0.009738371760027,0.231554753547779,-1.561935564549241,0.324252311601624,-0.0807138806458822,1.187198587974663,0
gdb_1760,CC1CC1(C)C#C,1.4775539025983624,2.273836730429504,-0.2359760020506073,0.8599412421919468,0.297504467542292,-0.6039899659714394,-0.2718550382569928,1
gdb_1761,CC1CC1(C)C#N,0.7733979493200497,1.0215487955448477,-0.0728913811698595,-1.1640756772290188,0.7956918307041753,-0.8481629025797275,1.3208950576612344,1
gdb_1762,CC1CC1(N)C#N,-0.0965230863817651,0.2264600427398049,-0.0716670133621246,-0.2898188011466105,0.3261664311186789,-0.6992906866050926,1.8332124199355797,0
gdb_1763,CC1CC1(O)C#C,0.1207970491207605,1.0867938460439672,0.0076342797357256,0.5666186957232509,-0.0168232791427647,-0.02844058189803,-0.5966658333669468,0
gdb_1764,CC1CC1(O)C#N,-0.5355907388190652,-0.0538450849594908,0.161739319298682,-1.2535524928633777,0.4272291702373205,-0.1807752486563032,0.5436901238917647,0
gdb_1765,CC1NC1(C)C#C,0.7852793182372984,1.5749966868505652,-0.1827840641024722,0.8656324451772467,0.2160353421927162,-0.4667935834149272,-0.447013818099288,1
gdb_1766,CC1NC1(C)C#N,0.1260614223779615,0.4917919668111497,-0.0555111101218943,-0.5983445020660917,0.558162839981943,-0.5572710744275022,0.3900315166898248,0
gdb_1767,CC1OC1(C)C#C,0.1080657429364409,0.8935554153943353,0.0306031135553831,-0.1874541107670308,0.3104827112685638,-0.2234311038051043,-0.3045170789969982,0
gdb_1768,CC1OC1(C)C#N,-0.5512471159015868,-0.2251508852131841,0.170431576435086,-1.86359411790948,0.729422359100855,-0.3603615939806341,0.6694129897280835,0
gdb_1769,CN1CC1(C)C#C,0.7612512535256568,1.5231912633395992,-0.1815980263477627,0.9900283086826074,0.0875001486457244,-0.4403158042789803,-0.0466204077060163,0
gdb_1770,CN1CC1(C)C#N,-0.0747049443010492,0.214926913874362,-0.088341599234896,-0.2866723808634812,0.3808091225933972,-0.7074609999652032,1.5618170000031173,0
gdb_1771,NC1(CC1O)C#N,-1.1239002742658344,-0.4305156320655708,0.2401407288952825,-0.5522996619976318,-0.1287536490167739,0.3266755380611982,0.19241448336028,0
gdb_1772,NC1CC1(N)C#N,-0.7144173519651583,-0.238106606116877,0.0400316951381096,-0.0472106780678982,-0.0736989326369356,-0.3213384341393082,1.976838452990037,0
gdb_1773,NC1CC1(O)C#N,-1.3110175693630195,-0.5369272199666755,0.1681382839265474,0.0696001976539889,-0.215938910002838,0.1795092961001883,0.3522658663712967,0
gdb_1774,OC1CC1(O)C#C,-1.259376210081884,-0.2038012076097801,0.2813089775885807,0.0443670355310691,-0.3794140830889241,0.5283775973262849,-0.1963159303160081,0
gdb_1775,OC1CC1(O)C#N,-1.8690062739521625,-1.1463869426363595,0.398605003070757,-1.1414635922060803,-0.1200968353336249,0.5489831546771333,0.1428344567212228,0
gdb_1776,CC1(CC1O)C=O,-1.8454450401029516,-0.5369774623804382,0.2121863857259033,0.0778963432943957,0.2737340976456965,-0.4626992282896561,0.4777715040160488,0
gdb_1777,CC1CC1(C)C=O,-0.5344925133025699,0.4432542839317056,-0.1334397977231593,0.6851262571662278,0.7305173536339041,-1.1626982488982571,-0.0143116032202947,0
gdb_1778,CC1CC1(O)C=O,-1.746396229648559,-0.4550561636767332,0.1830495360295173,0.3860224481757363,0.2262454903113267,-0.3248243005368128,-0.4299651333589653,0
gdb_1779,CC1NC1(C)C=O,-1.0519808306060567,-0.0207740424436159,-0.0144729429056065,0.3577681169210714,0.6782736868980144,-0.8497441928576441,-0.5912187780764492,0
gdb_1780,CC1OC1(C)C=O,-1.827722861346651,-0.5187023864011409,0.1642257542051344,0.1789229632768458,0.442515069918785,-0.5031777187590625,-0.4649288877361933,0
gdb_1781,CN1CC1(C)C=O,-1.1891320513503387,-0.0459921863934509,-0.0346707505559726,0.8355941155353193,0.4256598376325725,-0.8569140145609206,0.1031430377016638,0
gdb_1782,OC1CC1(O)C=O,-2.986914457497866,-1.472390247411268,0.5152307450534385,-0.1329455686785435,-0.2772207663071896,0.4624022444139504,-0.2658235292215177,0
gdb_1783,CC1(CO)CC1O,-0.99229452603213,1.7995959590628483,0.8271638915740951,-0.6068677183970739,-0.400876885363848,0.8599177704671989,-0.4903556684978336,0
gdb_1784,CC1CC1(C)CO,0.2595527558107403,2.783297215398455,0.5487671451805114,-0.5481696635538651,0.1850637606891483,0.0205648904092799,-0.0950872606072889,0
gdb_1785,CC1CC1(O)CO,-1.0286824697647188,1.7705832156777692,0.8032560339305103,-0.4843488599731671,-0.3583345565518493,0.8049091929047425,-0.6826787504978258,0
gdb_1786,CC1NC1(C)CO,-0.5270413344483651,2.059452603590272,0.5725885499373774,0.0072949803741916,-0.1373024532878926,0.1886637419124673,0.032068854455605,0
gdb_1787,CC1OC1(C)CO,-0.9438830157366846,1.8854444655311475,0.9185127804784432,-0.9854657559705612,-0.4515909118930105,0.924442029457897,0.1728768082712511,0
gdb_1788,CCC1(C)CC1C,1.673649808236565,3.971621802141523,0.2680070816077529,-0.0063703807033039,0.5009715561503839,-0.4924089631901594,-0.5100537725766929,1
gdb_1789,CCC1(C)CC1O,0.3179883722284289,2.8014023719998065,0.5600280284413879,-0.2798948527548204,-0.0396156506212779,0.1836185389491196,-0.0433873456320943,0
gdb_1790,CCC1(C)CN1C,0.8024050605771673,3.0850440359124973,0.2483495938320769,1.2038425888040776,-0.1584978852058859,-0.2771933977143553,0.1889556088951977,0
gdb_1791,CCC1(C)OC1C,0.3410414619377292,2.854035290384144,0.6138865186753623,-0.5539306580701348,-0.0182705278065949,0.1952000403489506,0.2757776962003145,0
gdb_1792,CCC1(O)CC1C,0.2145053597037557,2.705009196644193,0.5147363277869453,-0.1261787577709088,0.0394574992286177,0.0433863526646361,-0.0993478635276661,0
gdb_1793,CCC1(O)CC1O,-1.081390737497307,1.6430926535708292,0.8225633698497571,-0.3912487825184721,-0.530666067571074,0.8054341310762922,0.1347155639189887,0
gdb_1794,CN1CC1(C)CO,-0.3886531758528365,2.1259470790264463,0.617058128895239,0.2892046308528522,-0.5420151043587237,0.501684379500367,0.3828383580535273,0
gdb_1795,COC1(C)CC1C,0.3642329533623638,2.874419849693055,0.5648251061479457,-0.0083490966002013,-0.2083543005263752,0.3103580775976757,-0.1129308604133097,0
gdb_1796,COC1(C)CC1O,-1.0669858524661553,1.58935760312758,0.8343651674575903,-0.1618535687044647,-0.7651833609836385,0.9097079366105416,0.5828930392166495,0
gdb_1797,OCC1(O)CC1O,-2.30788889944254,0.7499299895216234,1.110938686775606,-0.4299573747460216,-1.1114199364693609,1.6677680528694487,-0.4104950134907362,0
gdb_1798,CC(=O)C1(C)CC1,-0.4296394787279677,0.5109038975101198,-0.0988543056142971,0.8262545605468696,0.4834882509657629,-0.9368866261242508,0.0758399148358211,0
gdb_1799,CC(=O)C1(C)CN1,-0.9707091148755882,-0.0533129103629517,0.0204502004506909,0.3773499073523444,0.4609727261701009,-0.6752595456641649,-0.2447363856417962,0
gdb_1800,CC(=O)C1(C)CO1,-1.5871491883569784,-0.4184107627809152,0.200863722986976,0.4330025382256788,0.089348780076676,-0.0892058060975979,-0.8742404684550195,0
gdb_1801,CC(=O)C1(O)CC1,-1.637570545815241,-0.3569127751665194,0.2207422095129099,0.6010545263226847,-0.0568456586871285,-0.0737231756183471,-0.365387203257025,0
gdb_1802,CC1(CC1)C(N)=O,-0.656513278778929,0.5900839803492605,0.2738038787634451,0.0353604551737441,-0.112461245970149,-0.0516266526916164,0.797341265174952,0
gdb_1803,CC1(CN1)C(N)=O,-1.200359056191194,0.1530636972214127,0.3787133615147298,0.196401538161532,-0.4284903330043972,0.3755149662043225,0.3565570021622776,0
gdb_1804,CC1(CO1)C(N)=O,-1.8014914924824024,-0.3001218113197681,0.5579549590442383,-0.1934650512738059,-0.5431011053523301,0.8347178518330864,-0.4146155164093724,0
gdb_1805,NC(=O)C1(O)CC1,-1.84125739889196,-0.2372512945582467,0.590225666657377,-0.1140861817775729,-0.6748854980087774,0.8506365012937546,0.1590892509777755,0
gdb_1806,[NH3+]C1(CC1)C([O-])=O,-2.088389823790937,-0.7915417945489606,0.5635899100729505,-0.6730479415702071,-0.4075092000430063,0.402446266596229,1.5863616527623652,0
gdb_1807,CC(C)C1(C)CC1,1.7808154005227537,3.774479568319832,0.2444390866647682,-0.2355083423336873,0.5159030175174839,-0.4236868361969322,-0.6289037622841901,1
gdb_1808,CC(C)C1(C)CO1,0.4304498144261413,2.636242956358725,0.5837667962552686,-0.671966101561657,-0.0467520457291607,0.2648967860955649,0.20558784427961,0
gdb_1809,CC(C)C1(O)CC1,0.1559942611459329,2.3854475616789683,0.4070667279762347,0.4520692800034639,-0.1541535826894655,0.0504621823394599,-0.1011212102446515,0
gdb_1810,CC(O)C1(C)CC1,0.3806090492258304,2.5761100907248946,0.5330192076200803,-0.5941524841155708,0.0789916361236206,0.1518814837745246,-0.1229334437514318,0
gdb_1811,CC(O)C1(C)CN1,-0.5389999160751014,1.6762153207736863,0.5297556544719589,0.2537150260503575,-0.3656488344148838,0.2204014463388842,0.6555130124231936,0
gdb_1812,CC(O)C1(C)CO1,-0.72587517137939,1.7927501817945544,0.9468263764652474,-1.1783995571713872,-0.5735852229747846,1.163209109425012,-0.0081382969164231,0
gdb_1813,CC(O)C1(O)CC1,-1.0406040563480077,1.3544955850945148,0.7856244174285699,-0.7065451298203868,-0.3942207610710554,0.7362609850842338,0.1112344368636549,0
gdb_1814,CC(C)(C)C1CC1,1.8466468748621725,3.777547814892604,0.2634410458391111,-0.5683795599414554,0.6074924624161857,-0.4047848769060366,-0.6862005696174239,1
gdb_1815,CC(C)(C)C1CO1,0.426983740563559,2.5992156641195865,0.5642365480202983,-0.7490970200028656,0.0169170324680047,0.2293561089357537,0.1276733675191164,0
gdb_1816,CC(C)(O)C1CC1,0.3954876015511097,2.6137517294042096,0.5394280128386585,-0.5117205098938735,-0.0279921378061709,0.2297779089734395,-0.0175499756609557,0
gdb_1817,CC(C)(O)C1CN1,-0.5616622154259545,1.5903867901588051,0.5015439386149979,0.2047268755673746,-0.3109481006185041,0.1682509828244294,0.6483641821001398,0
gdb_1818,CC(C)(O)C1CO1,-0.7081382674329609,1.805016385108215,0.9301809888630864,-1.1674742354497831,-0.569270159628997,1.184178162459163,-0.154696501213276,0
gdb_1819,N=C1NC(=O)C=C1,-1.4818821928328114,-1.8582261667164703,-0.3293061491307051,0.2955001769081091,0.6404316568278987,-0.4682628577689453,-2.008336950088704,0
gdb_1820,N=C1OC(=O)C=C1,-2.224007693052499,-2.7075440557480954,-0.1376946010270996,-0.7637895548906695,0.7718810857495509,-0.334403668809808,-1.587566557265963,0
gdb_1821,O=C1CC(=O)C=C1,-1.918491905110084,-2.365708423955616,-0.4338713602129595,0.9059480855172336,0.5690491001278147,-0.6818411770306646,-1.7048378352794338,0
gdb_1822,O=C1NC(=O)C=C1,-2.251410959551611,-2.728090856635042,-0.2127060249877915,-0.0174098099002664,0.4875588171183213,-0.1769043423928948,-2.0271361933575287,0
gdb_1823,N=C1CC(=O)CO1,-2.027191985272068,-1.4467878783590056,0.1562701219592272,-0.2153493704219772,0.0969966062379556,0.2916545795600669,-1.5607883920529455,0
gdb_1824,N=C1CCC(=O)N1,-1.0317482017980677,-0.2558442421375434,0.1537895138351823,-0.0377298858371799,-0.044917185985449,0.4018045695195422,-1.5147452127422358,0
gdb_1825,N=C1CCC(=O)O1,-1.7781039264133247,-1.1587816440820178,0.3637215705345961,-1.2047435593302187,0.0295076370282076,0.5555751534246606,-0.6949530777044843,0
gdb_1826,N=C1CNC(=O)N1,-1.5376765590224186,-0.6419854787759731,0.333333719433605,-0.1969429338531204,-0.4541632888620917,0.9032457156550642,-1.2051878124061957,0
gdb_1827,N=C1CNC(=O)O1,-2.302640429435774,-1.561870201513026,0.5510446405103417,-1.5162169045405165,-0.2891756008540146,0.9835530612463288,-0.2885261450574893,0
gdb_1828,N=C1COC(=N)N1,-1.5229700557119863,-0.4623122361920155,0.331609358267221,0.0331064157202886,-0.4498535367397001,0.9183442428086072,-1.616048722399188,0
gdb_1829,N=C1COC(=O)N1,-2.2688854327765613,-1.414651748141361,0.5349159967375774,-1.2907077111522014,-0.2997428329266798,1.041953708887725,-0.8593171840294176,0
gdb_1830,N=C1COC(=O)O1,-2.84158877042504,-2.02134915030553,0.762040932281469,-2.404343856771884,-0.2112731697458061,1.39616082681863,-1.112327684317577,0
gdb_1831,N=C1NC(=O)CO1,-2.271999171845916,-1.3137793533783937,0.496805320110713,-0.816955553321787,-0.3965880077671354,1.1038072420013172,-1.3735389549675936,0
gdb_1832,N=C1NCC(=O)N1,-1.66645909075381,-0.7233779690624023,0.25494454012356,0.4073200029616282,-0.5313450253444956,0.8134460535240715,-1.3642129627877069,0
gdb_1833,O=C1CCC(=O)C1,-1.666421308314309,-1.2161602104642768,-0.0772121743428401,0.724103637892945,0.0896357380661127,-0.1339802847579263,-1.2121054603787045,0
gdb_1834,O=C1CCC(=O)N1,-1.893904382639328,-1.1743095584258885,0.274859953266958,-0.3588726926483354,-0.1740127723672175,0.5658729338370361,-1.0274043436989515,0
gdb_1835,O=C1CNC(=O)C1,-2.1943423971679463,-1.6352929832299214,0.1186045194008276,0.1788780920192899,-0.0902211181269767,0.2085860847839806,-0.804958319642379,0
gdb_1836,O=C1CNC(=O)N1,-2.336985007508064,-1.536922418818579,0.4884338680525512,-0.94548424712281,-0.4325366382619705,1.0493650510091186,-0.7653842592478266,0
gdb_1837,CC1=CC(=N)OC1,-1.2059863231923222,-0.533253512910338,-0.1539777157159495,0.7258778838043478,0.4530253257414258,-0.9166506066907314,0.5263167641997829,0
gdb_1838,CC1=CC(=O)CC1,-0.8625263247226652,-0.4495978362385378,-0.4073699217337198,1.299613856016094,0.7139177526264147,-1.5084689828769466,0.7061359907665691,0
gdb_1839,CC1=CC(=O)NC1,-1.238374347512783,-0.7544919444934547,-0.1628982650391718,0.6030354728451058,0.3850837949935035,-0.9124175399499854,1.0143256822023947,0
gdb_1840,CC1=CC(=O)OC1,-1.9223035933884591,-1.486768996688993,0.0339553673704632,-0.5225302714918818,0.5801984663612217,-0.7401314039132197,1.017912066017747,0
gdb_1841,NC1=CC(=N)OC1,-1.8704903409164728,-0.9185844754393966,0.0119296015281148,1.157419498937465,-0.2293845051745622,-0.4559985542016813,1.6289901635344524,0
gdb_1842,NC1=CC(=O)CC1,-1.4599142122334932,-0.7652955899400411,-0.1785384910353688,1.2557768920009973,0.1248615090989223,-1.0384047347883212,2.0584395729120746,0
gdb_1843,NC1=CC(=O)NC1,-1.846333233076509,-1.105909475662069,0.0185795988882727,0.7987837586407329,-0.1977818102672049,-0.4461310237599779,1.9175573912777264,0
gdb_1844,NC1=CC(=O)OC1,-2.608333679905736,-1.8619658556761,0.1998623428818755,0.0223221209361515,-0.1619635037310102,-0.2726419792370672,2.2476705777196813,0
gdb_1845,CC1=CCC(=O)C1,-0.4706531999053914,0.0238107837019481,-0.2703474330881623,0.8766685662559051,0.4956961782942304,-0.9481151353536732,0.0605217443585846,0
gdb_1846,CC1=CCC(=O)N1,-1.100623384477216,-0.3525607043801654,-0.1234405470951588,1.4970095326069428,-0.2380160254492052,-0.4148358723442843,0.777124130751017,0
gdb_1847,CC1=CNC(=O)C1,-1.1547643884978414,-0.3241408063847489,-0.1479120101256933,1.6807515649818865,-0.2220072358685613,-0.4668280593455601,0.639322300990225,0
gdb_1848,CC1=NCC(=N)N1,-0.8764101559567122,-0.3185079710630141,-0.127652462210164,0.9182510575286004,0.0081254337211775,-0.5157914937771916,0.8014485897103404,0
gdb_1849,CC1=NCC(=O)N1,-1.4215941406959332,-0.839249901842458,0.0650237314489023,0.2140094666884728,-0.0506249719515187,-0.028071904155818,0.0472617169773951,0
gdb_1850,CC1=NCC(=O)O1,-1.872269963754264,-1.2528992210158665,0.3019171584957597,-0.813008720275389,-0.0049036092106491,0.4930115906074381,-0.8763979507826499,0
gdb_1851,NC1=NCC(=O)N1,-1.9648148614150756,-1.2136810015121433,0.244816611499298,0.1760489800716166,-0.5149327481245839,0.4525907986296955,0.5713590122944406,0
gdb_1852,CC1CC(=O)C=C1,-0.7692506658086771,-0.5744145051755313,-0.4394126205033258,1.2095244077353935,0.7160438500199207,-1.4172300256609216,0.3247486461213381,0
gdb_1853,CC1NC(=O)C=C1,-1.159502870249678,-0.8837892407976888,-0.1907321391201045,0.5648471837914475,0.3724275658794931,-0.8428280653105001,0.7457493843444096,0
gdb_1854,CC1OC(=N)C=C1,-1.080419591168397,-0.6826609997221824,-0.174966666934862,0.6113577310536239,0.4259400084179364,-0.7934662571417401,0.1977388940302219,0
gdb_1855,CC1OC(=O)C=C1,-1.8024948799955824,-1.5995941844507855,0.0084723305729523,-0.5249337106900459,0.5320368289129487,-0.6104122736415615,0.6040220790051871,0
gdb_1856,OC1CC(=O)C=C1,-2.0095149631229203,-1.6001989722880978,-0.1161720736654393,0.605798936947416,0.3165626366314177,-0.6767079052482645,0.2583615786235091,0
gdb_1857,CC1CC(C)C=C1,1.178910126543513,2.5088528703880444,-0.2532826674325567,1.3408764278813148,0.6442413742588732,-1.0983933115230924,-0.8950728582920754,1
gdb_1858,CC1CC(O)C=C1,-0.1780088960398762,1.197792959503542,0.0431340219008024,0.4970223577123642,0.3875815431332793,-0.5792558414011819,-0.3843329256432931,0
gdb_1859,CC1OC(C)C=C1,-0.1689146129864728,1.2000983930223152,0.0114573566177674,1.1172036757139765,0.1171968297153071,-0.4477622540862349,-0.493264183028852,0
gdb_1860,OC1CC(O)C=C1,-1.314372148393237,0.2460706014067399,0.3690349561901292,-0.2758129533945536,0.0834301675733811,0.2296972125459208,-1.0430923104426422,0
gdb_1861,CC1=CCC(O)C1,-0.0726581229294369,1.5472290868707563,0.0959145839414714,1.0614440311550604,-0.0305059220720357,-0.2451948998439636,-0.435357434796113,0
gdb_1862,CC1CC=C(C)C1,1.112233968093247,2.6590590859515086,-0.239217796865257,1.6860223060896362,0.510891131647497,-1.0782480635225649,-0.7453946642569401,1
gdb_1863,CC1CN=C(C)O1,-0.5361387512070582,1.0112789674059397,0.2692319091856652,0.4206968382217448,-0.179138277114226,0.165757179326143,-0.4323404665238807,0
gdb_1864,CC1CC(=O)CO1,-1.6210170194435916,-0.4858342681854813,0.1666203808305189,0.5098151868022841,0.041689567822891,-0.1052144569619141,-0.7217045546395173,0
gdb_1865,CC1CCC(=N)O1,-0.585315720885477,0.6970603469146259,0.2964391579544821,-0.3087240091887116,0.0246821669626272,-0.0520405531598861,0.5929443463336572,0
gdb_1866,CC1CCC(=O)C1,-0.5911781468149341,0.507808072004323,-0.1452718497038899,1.0325000019663386,0.5263388662643809,-1.091555706771712,0.1968649295411433,0
gdb_1867,CC1CCC(=O)N1,-0.7976074203748036,0.6743532186275143,0.262444492935093,0.2037938772317868,-0.1135685783056695,-0.1742531844454383,1.1183624577232776,0
gdb_1868,CC1CCC(=O)O1,-1.4107808326280975,-0.2053615170590802,0.4321065774920353,-0.8709002228363577,0.0054240663332847,0.0930418767645048,0.9536919508594476,0
gdb_1869,CC1CNC(=O)C1,-0.8019222889563664,0.690164971272696,0.2616564304252488,0.1850377856932051,-0.1041970682511178,-0.172813935305267,1.0865609151427589,0
gdb_1870,CC1CNC(=O)N1,-0.9860687890821288,0.5159397446273226,0.5628985467700202,-0.5919312498619658,-0.5911831027530252,0.6711787893073572,1.270437957074,0
gdb_1871,CC1CNC(=O)O1,-1.7552624731085575,-0.0969718814318609,0.766737204386072,-1.4096415488172036,-0.5168883959626759,0.8422675898409614,1.51232899285442,0
gdb_1872,CC1COC(=N)C1,-0.6576442100304686,0.8185736004682678,0.3066703979924786,-0.3710245818450923,0.1369829815271786,-0.1513158314762203,0.5780996502883229,0
gdb_1873,CC1COC(=N)O1,-1.6836371442385782,0.0185477056807827,0.7668740616739612,-1.0401327581910118,-0.7010522855670247,0.9991998722679344,1.234211964863823,0
gdb_1874,CC1COC(=O)C1,-1.5040139799344676,-0.125216130968039,0.432504274122835,-0.9133892603111324,0.1203709098149523,-0.0315483747948762,0.999394973033215,0
gdb_1875,CC1COC(=O)N1,-1.7089518107009367,-0.1796648758573802,0.7663609655372953,-1.456010767190141,-0.5598045527692782,0.8921244561027317,1.5626236802629927,0
gdb_1876,CC1COC(=O)O1,-2.337444862555744,-0.6774924887543742,1.0061554865674136,-2.674290712106929,-0.3533337224178742,1.1468654031873606,1.338495509231461,0
gdb_1877,CC1OCC(=N)O1,-1.6270986239139564,-0.072752305304502,0.6518990139941578,-1.0614593509417396,-0.3051440991819362,0.883617196640304,-0.5004792223610922,0
gdb_1878,CC1OCC(=O)O1,-2.5236431188222497,-0.8979118919770156,0.7647533848271871,-1.37107507798286,-0.3154863672398815,0.968750773406826,-0.2952802449983966,0
gdb_1879,CN1CCC(=O)C1,-1.1636854242979795,-0.1288000594015505,-0.1192790485470056,1.8791045557199937,-0.0987624116323235,-0.5677179192408547,-0.1514679962852209,0
gdb_1880,OC1CCC(=O)C1,-1.7137144709067742,-0.3181890946928404,0.1844216287992363,0.6267842217126012,0.0191753552195038,-0.1548053417892051,-0.4951422244653364,0
gdb_1881,OC1CNC(=O)C1,-1.9986924198350893,-0.4470098114921081,0.6022191529419522,-0.4035090113882221,-0.6644934581487965,0.6505859807564477,1.4923436618957528,0
gdb_1882,OC1COC(=N)C1,-1.8520929056890436,-0.3406664517983147,0.6354183619866103,-0.8561191140756325,-0.4501020016788732,0.6857138609211895,0.8884438019153448,0
gdb_1883,OC1COC(=O)C1,-2.657962242138342,-1.2157730003534355,0.7735345845596577,-1.4540080222597058,-0.4488862619114366,0.843339969789942,1.135781329697022,0
gdb_1884,CC1=CC(O)CC1,-0.2411605863238903,1.2104577830043617,0.049916432451599,0.6601022811728845,0.3235831267442803,-0.6209865051711322,-0.0623767266214048,0
gdb_1885,CC1CCC(C)=C1,1.1013274779162578,2.6529302098992225,-0.24023624359081,1.6823226063765788,0.5398438522167651,-1.1130599713897922,-0.7310602384135514,1
gdb_1886,CC1COC(C)=N1,-0.5293905911291026,1.08298843520195,0.2681703723465125,0.4399271279071496,-0.13547285694347,0.1602722293351994,-0.6668701085919203,0
gdb_1887,CC1OCC(C)=C1,-0.2861309349100206,1.358364659874748,0.0370750448215294,1.2156796726068693,0.1338375211469414,-0.5509850364378415,-0.1792148020472015,0
gdb_1888,CC1CC(O)CO1,-0.924756985232128,1.5024074178751876,0.7980070551766775,-0.2013405281113903,-0.7413684873796982,1.0154784991357209,-0.089021063746386,0
gdb_1889,CC1CCC(C)C1,1.916776945689568,4.064687017227632,0.3880639256176363,-1.6595637695433858,1.0674338082047188,-0.5378663925240964,-0.7801307169771436,1
gdb_1890,CC1CCC(C)O1,0.3105395134977906,2.8652570834280127,0.555857888576665,-0.1290513897920575,-0.1133355196899356,0.2137685690988054,-0.0313358160362949,0
gdb_1891,CC1CCC(O)C1,0.2104936075073896,2.4590054649781337,0.4681000257614952,-0.3302955965801423,0.1203872962371869,-0.03270686784266,0.0161649436853112,0
gdb_1892,CC1COC(C)C1,0.1828054762453437,2.792345500118589,0.5197577645380069,0.1741949334169551,-0.1731066885064346,0.1194644571067965,0.2430181028661142,0
gdb_1893,CC1COC(C)O1,-0.7651038584042753,2.111272343558272,0.949021285955732,-0.7624959428609401,-0.6810775581960014,1.21844563774993,-0.278314854794617,0
gdb_1894,OC1CCC(O)C1,-0.9768882676898104,1.5086631632272411,0.8435388910410999,-0.9519443616726024,-0.4533474209647084,0.8305927350812039,0.4163703238567053,0
gdb_1895,CC12CC(C1)C2O,0.5483672227976187,1.851500850668758,0.3688549112522662,-0.1742146760043732,-0.3498272793988839,0.4957758866536719,-0.045505764109775,0
gdb_1896,CC12CC(O1)C2O,-0.5746984534682213,1.0705960638027154,0.772374655832645,-0.7048585019663159,-0.9767823494200008,1.4799527961446677,-0.0255104634746223,0
gdb_1897,CC1C2CC1(C)C2,2.2649390387517383,3.37019150050055,0.2591638850351439,-1.209269582644086,0.3769718956342527,0.0893857752889074,-0.5855891144180788,1
gdb_1898,CC1C2CC1(C)O2,0.4597534844169946,1.9406763922878063,0.3728074413802226,0.3412028611920029,-0.644050739770345,0.5696774822599893,0.4698703443308183,0
gdb_1899,CC1C2CC1(O)C2,0.6903506843262183,2.031868731220442,0.4361515771550066,-0.5468606297146763,-0.3189657372820587,0.6316917241769845,-0.2055304721349848,0
gdb_1900,CC1N2CC1(C)C2,1.0604867398953386,2.322043178005627,0.1382380408780388,0.8662012859038742,-0.420077118267154,0.0587352801599512,0.602143906869315,1
gdb_1901,CC1N2CC1(O)C2,-0.0741212177851976,1.348137409144269,0.474892378757705,-0.0348266649243539,-0.6464019898461459,0.822632178598311,-0.0682243705395281,0
gdb_1902,OC1C2CC1(O)C2,-0.6409942956153518,0.881570696534564,0.7283147893885208,-0.8604874997665032,-0.798991808255132,1.3094065433117748,-0.0276479514131401,0
gdb_1903,CC12CC(=O)C1N2,-0.8737880855175126,-0.6106896065614104,-0.1643997190252084,0.6826408396157413,0.1503982820344277,-0.4055106645330874,-0.2494123879410591,0
gdb_1904,CC12CC(=O)C1O2,-1.6518027529279378,-1.280644780358226,-0.0015630451825739,0.3781604238043049,-0.0175109325753041,-0.1205334068961504,-0.0549966490575892,0
gdb_1905,CC12CC1C(=N)O2,-0.4591530675051228,-0.0019074742341852,0.1155557785390126,-0.4085290042005333,-0.0086913695014001,0.0908564705517303,0.3006004357959252,0
gdb_1906,CC12CC1C(=O)C2,-0.3514409886256989,-0.1525090597360688,-0.2557844160474233,0.7358615493841251,0.2860334846187948,-0.7675749703571391,0.5536905253520867,0
gdb_1907,CC12CC1C(=O)N2,-0.7344729887778659,-0.4042781772701241,-0.0046682983364286,0.1236233226238485,-0.0588025108185434,-0.1726235375047565,0.8381123947374104,0
gdb_1908,CC12CC1C(=O)O2,-1.2844025281926557,-0.986017581351646,0.2556019396699977,-1.2065238121230737,0.061696574333117,0.1815398223119282,0.7791104433117666,0
gdb_1909,CC12CN1C(=O)C2,-0.8758348908086364,-0.7687578765500104,-0.1054188231302479,0.1989533416819414,0.1344076544784289,-0.4312842383963696,0.7512290877337067,0
gdb_1910,OC12CC1C(=O)C2,-1.615017576477177,-1.1488803873358735,0.06885787934744,0.3082385122130103,-0.2039966649239154,-0.0035975932776063,0.6162129751544969,0
gdb_1911,CC12CC(O)C1N2,-0.2605133885707269,1.2513009695960031,0.4415149953987715,-0.3563623210803571,-0.4460594950133394,0.5591144666299922,0.5709584798650246,0
gdb_1912,CC12CC(O)C1O2,-0.7722947037363876,1.034759554307463,0.7065261687187198,-0.7003815580425011,-0.8501568478831405,1.2619401444523637,0.2762126041306801,0
gdb_1913,CC12CC1C(O)C2,0.4447753836203097,2.008015908924567,0.3423577232176918,-0.1044537105942045,-0.3175208490238956,0.4306108923208894,0.0078851476711295,0
gdb_1914,CC1CC2(C)CC12,1.825144977503255,3.278214529808963,0.0698779950681496,0.3886242229844682,0.0370605059078263,-0.1201657771294642,-0.3370494792390027,1
gdb_1915,CC1CC2(C)OC12,0.4996039195781876,2.153858991486925,0.4139380912034586,-0.2355397939611922,-0.4306625877423522,0.550973602287064,0.3584884859091801,0
gdb_1916,CC1CC2(O)CC12,0.5371172557290119,2.1303433543688497,0.3746745338222587,-0.1923743845787376,-0.3663440552009388,0.5633969266635918,-0.179348678100564,0
gdb_1917,CC1OC2(C)CC12,0.4269571181318315,2.122972511870941,0.3559418024196883,0.4423144708923094,-0.6419499109986956,0.5844890544360233,0.2573817817795249,0
gdb_1918,CN1CC2(O)CC12,-0.4148720545980039,1.3476611740775468,0.3414671068810058,1.2621046115806125,-1.0370147515743524,0.7280174741087719,0.4592777357564174,0
gdb_1919,OC1CC2(O)CC12,-0.7592058790809967,1.0400375042696688,0.6626901782073873,-0.5037430398059101,-0.8360833576834374,1.2764597915717193,-0.2214065654305997,0
gdb_1920,CC12CC(C1)C=C2,1.428869980208144,1.3409655187070255,-0.5113053281438144,1.9022037521309905,0.0880755642729083,-0.6536207625102181,-0.9761503080785544,1
gdb_1921,CC12CC(O1)C=C2,0.052445699814822,-0.011417740259929,-0.2088287284873898,1.0862333961455648,-0.158461965168838,-0.1568601252747307,-0.4549959270945169,0
gdb_1922,OC12CC(C1)C=C2,0.1366605985828398,0.1956380209775133,-0.179016317608981,1.20451407405908,-0.3000910683965529,0.0121695258469496,-0.6137300845835091,0
gdb_1923,CC12CC(C1)CC2,2.303997448440606,3.1677176248721404,0.1997149357932245,-1.2434979160727222,0.3839928860075973,0.1065491960840724,-0.7713429072000298,1
gdb_1924,CC12CC(C1)CO2,0.6366101553184497,1.9545667690398512,0.3876049417945946,0.2282572254489673,-0.7477788198085595,0.7781500653056973,0.1943223364798888,0
gdb_1925,CC12CC(C1)OC2,0.5581919581519424,1.808764457825588,0.3490829593796133,0.1930513568563917,-0.6557855121272218,0.6485947948920583,0.305159528705739,0
gdb_1926,CC12CC(CC1)O2,0.6578636860611975,1.9162406493372044,0.3971054881387431,-0.0381748339079847,-0.656177317396496,0.7551136302904727,0.2112497805507418,0
gdb_1927,OC12CC(C1)CC2,0.6683738551682734,1.81283641753698,0.3676367406546242,-0.3149582969960316,-0.4395674955510191,0.6491994441306342,-0.1061166760144399,0
gdb_1928,OC12CC(C1)OC2,-0.7122001745594437,0.6867834743166364,0.6035706973923387,-0.1475328838684907,-0.9671680346482624,1.3202260236280663,-0.4189158259595885,0
gdb_1929,CC12CC1(C)CC2,1.841945856189518,3.1113375610971907,0.0601812004853473,0.6972300922558405,-0.0901495960701323,-0.0862313818942786,-0.3203513143476286,1
gdb_1930,CC12CC1(C)OC2,0.4131183897583738,1.9309399053059704,0.3500033649832738,0.5874211723100125,-0.6882615146716478,0.5512867272320159,0.4010584302217286,0
gdb_1931,CC12CC1(O)CC2,0.5648261127063257,2.0335713124981134,0.3845491181698824,0.1526449386150831,-0.5197534822250582,0.6239791157507267,-0.1754036764828576,0
gdb_1932,CC12CC1(O)CO2,-0.8982817789201587,0.8168635429424339,0.6291345735747483,0.2431384556638507,-1.0746502531748718,1.21028148117069,0.1930528844506491,0
gdb_1933,CC12CCC1(C)N2,0.9114499558645338,2.1993253809594155,0.0676593047421158,1.2972199330077954,-0.4106107527928325,-0.0908368956193726,0.5250446254769016,1
gdb_1934,CC12CCC1(C)O2,0.5536043997672263,2.082201066302283,0.4404510439020725,0.0011093873218978,-0.5939712981753227,0.6489063678459959,0.4270040682915424,0
gdb_1935,OC12CC1(O)CC2,-0.9326866813473256,0.794983791759624,0.6107208912205537,0.4115485608013708,-1.1275960813067996,1.203491683667481,0.2343730630728543,0
gdb_1936,N=C1CC(O1)C#C,-0.4836168986162005,-0.3649361535065216,-0.0316152486960397,-0.7180879179134297,0.3120911355361777,-0.0195118725684072,-0.3377713269922393,0
gdb_1937,N=C1CC(O1)C#N,-1.030857439256614,-1.178488462753804,0.0710049378017535,-1.6334272891696096,0.4836970035659917,0.1298943504471353,-0.5487536481029154,0
gdb_1938,O=C1CC(C1)C#C,-0.3894097124391035,-0.4738267929950285,-0.4292085650046141,0.6646836501217389,0.6163804805409109,-0.8698243983714793,-0.5636595188057882,0
gdb_1939,O=C1CC(C1)C#N,-0.8829583331317333,-1.1651253678255014,-0.3071388838800554,-0.1665469152496748,0.6963647521669961,-0.6110126532238827,-0.8904707910645334,0
gdb_1940,O=C1CC(N1)C#C,-0.5821069987099389,-0.4247238171420389,-0.0300138252951348,-0.3781687562651177,0.0487184569370836,0.0165051775099709,0.4121432335190895,0
gdb_1941,O=C1CC(O1)C#C,-1.268412487898949,-1.19491936171077,0.1475070975400715,-1.391198892057253,0.2058057669203057,0.2082424674416612,0.3310034204505342,0
gdb_1942,O=C1CC(O1)C#N,-1.7332454034161016,-1.8867669704020773,0.2651031690097255,-2.3598390901779007,0.3945714891015324,0.4443753212254483,-0.2801389607193355,0
gdb_1943,N=C1CC(O1)C=O,-2.2627720050131472,-1.7055283474559015,0.1607700914084517,-0.495067212763677,0.2612687106392355,-0.0645567215798972,-0.3265627939295683,0
gdb_1944,O=CC1CC(=O)C1,-1.55203066475032,-0.4758566227422915,0.0856241624828276,0.0900014564542248,0.4186492055581181,-0.1047367693713363,-1.9013595705239967,0
gdb_1945,O=CC1CC(=O)N1,-2.3408028519240043,-1.8342009381618825,0.1322885488777256,-0.3271397321875606,0.1899106776110279,-0.108877313303737,-0.0310068430112877,0
gdb_1946,O=CC1CC(=O)O1,-3.041678878107457,-2.535647330175287,0.3449445468099175,-1.245051251129369,0.1942743505857999,0.1442791858906777,0.3420913409809454,0
gdb_1947,O=CN1CC(=O)C1,-2.317590937785516,-1.4345291077406968,0.1428973100208801,-0.1416649925736959,0.3186149132951031,-0.0872066959936014,-1.0598999870710304,0
gdb_1948,CC1CC(C1)C#C,1.4426724959464896,2.390772551491057,-0.191450264626091,0.2402181587760205,0.6655019605949843,-0.7877916291146427,-0.4335416566228262,1
gdb_1949,CC1CC(C1)C#N,0.777496938976742,1.1340372372191545,-0.0133948975628607,-2.0732548994565363,1.2734270962996936,-1.051933891534223,1.1107403603427828,1
gdb_1950,CC1CC(N1)C#N,-0.2926913444324354,0.2354477366194611,-0.1244386242625198,-0.1071671507867337,0.5324620004263169,-0.9606379640547964,1.595408880531077,0
gdb_1951,CC1CC(O1)C#C,-0.0253083474453436,0.9468974502273432,0.0047866739482596,0.0476609472663981,0.3463277931028954,-0.345880589792397,-0.3210071163966047,0
gdb_1952,CC1CC(O1)C#N,-0.7894865262145856,-0.2621378223470449,0.1003926180126651,-1.2324820517932378,0.6512395327838986,-0.5356176504316628,0.8728055463772374,0
gdb_1953,CN1CC(C1)C#N,-0.2086648129116025,0.5580227484925097,-0.1268404603970452,0.5475113461285527,0.2659912684228065,-0.7101667081675527,0.903103327386132,0
gdb_1954,OC1CC(C1)C#C,0.2302480086681297,1.2595837135898142,0.1138234339593787,-0.2678817050434186,0.1387846927495435,0.0285278801817442,-0.346188854969227,0
gdb_1955,OC1CC(C1)C#N,-0.4548917818356675,0.2763236161418183,0.2354604000505525,-1.3599442280676763,0.3166919054490951,0.0039331833529604,0.5251769607060679,0
gdb_1956,CC1CC(C1)C=O,-0.7677830048424413,0.6221422186700067,-0.1200845119468913,0.7147263266831843,0.943733968432855,-1.4437933297875434,0.1308936991608234,0
gdb_1957,CC1CC(O1)C=O,-1.871381960860323,-0.3497186151052758,0.1532793574952197,0.5941214709006372,0.3075779058542389,-0.4332919798379886,-0.7126775801147942,0
gdb_1958,CC1CN(C1)C=O,-1.0655940738745675,0.7051241821335145,0.2474929414175336,0.1743131859362386,0.2325602059803466,-0.5935287415533089,1.2919653057334428,0
gdb_1959,OC1CC(C1)C=O,-1.838355216368045,-0.1572972800774658,0.2313323199275301,0.1791125222577106,0.4179230609583857,-0.4414395567529551,-0.5438938660175086,0
gdb_1960,OC1CN(C1)C=O,-2.337479864638605,-0.3155559568681496,0.5740792340419475,-0.3506054705893738,-0.2245455375405934,0.1403660113981445,1.4658459247772475,0
gdb_1961,CN=C1CC(C)O1,-0.7539708429671077,1.192443871913205,0.327413278980226,0.0946347658905861,0.1573014527065957,-0.2018740515880096,0.1008042134913431,0
gdb_1962,CCC1CC(=N)O1,-0.7143146229233807,1.020050770963972,0.3418577772674694,-0.503458410259132,0.3378595391228653,-0.2635935116206202,0.2880974704017213,0
gdb_1963,CCC1CC(=O)C1,-0.7759244186447175,0.6762503186152756,-0.1102996583399585,0.8789486548812095,0.8406869194292498,-1.38251831113252,0.1672745937837584,0
gdb_1964,CCC1CC(=O)N1,-0.8833593876908462,0.9053808994027752,0.3290384029274237,-0.2073275039123933,0.1954680754623206,-0.3609727851127371,1.0577166035100296,0
gdb_1965,CCC1CC(=O)O1,-1.5338302216235666,0.0718789960175918,0.4807376333429531,-1.2469070804713045,0.3902739636620597,-0.1565572274585068,0.7106615522085555,0
gdb_1966,CCN1CC(=O)C1,-1.3623260585239276,0.1821580286716819,-0.0352999147522474,1.184178166642388,0.4971482477500349,-1.003031390732776,-0.1195982077933847,0
gdb_1967,COC1CC(=O)C1,-1.9466023217397888,-0.2711562621381635,0.2075508064215097,0.4381511153109677,0.3305377317303303,-0.5202671923062804,-0.1029766135882114,0
gdb_1968,OCC1CC(=N)O1,-1.7274212863146263,0.286668745042321,0.6624539139019415,-0.8823301723595884,-0.1699626824531492,0.7957242000564602,-1.037385342730354,0
gdb_1969,OCC1CC(=O)C1,-1.9958825610991453,-0.3182374616014733,0.2150582294179175,0.406163358192911,0.3106120846053405,-0.5620145943026541,0.2496361706700628,0
gdb_1970,OCC1CC(=O)N1,-1.9101913137567343,0.1576201629020173,0.6371301020894804,-0.5915373616632638,-0.2550552914096226,0.6596906018450438,-0.4054532402161126,0
gdb_1971,OCC1CC(=O)O1,-2.59805524308912,-0.7266937537820151,0.7947957775135063,-1.636056984155432,-0.0941995353658838,0.8313523519221576,-0.3970976060814148,0
gdb_1972,CC1CC(CO)C1,0.1531810382455598,3.080723592461515,0.6202321221667165,-0.6555454249035026,0.3656018290103047,-0.1217452254773344,-0.1631352390079796,0
gdb_1973,CC1CC(CO)O1,-1.158163597421408,1.693091356876819,0.8508569641339476,-0.5994505797782651,-0.4404758856580482,0.6890309182113594,0.5322244655225588,0
gdb_1974,CCC1CC(C)C1,1.6602933603697332,4.367079069702134,0.4152261195097619,-0.995912162046013,1.0100420132912933,-0.6990440673379932,-0.6355863955373322,1
gdb_1975,CCC1CC(C)O1,0.166489833145258,3.0320202775067715,0.5897346825200389,0.0093480422029587,-0.0860641299788666,0.0957041683707986,0.242886262704027,0
gdb_1976,CCC1CC(O)C1,0.0789326256490758,3.0220010282989285,0.5919664624673711,-0.3627665624786651,0.2760163625370213,-0.1510272434637946,-0.0148372520354376,0
gdb_1977,COC1CC(C)C1,0.1297154339036793,3.1569626874432384,0.5995898569263218,-0.0431512829031398,0.0670909577668522,0.0071928969079169,-0.0731845249544335,0
gdb_1978,COC1CC(O)C1,-1.000828769993978,1.633219011200012,0.852785678858552,-0.6682643613003322,-0.553743271354307,0.8661567825046885,0.4132856611310511,0
gdb_1979,COC1CN(C)C1,-0.6635156947442282,2.526234412736347,0.6086779257915412,1.1302798988412668,-0.6160428379724575,0.340281525989293,0.3287240430921206,0
gdb_1980,OCC1CC(O)C1,-1.1495897018349006,2.0371255636729217,0.914850327249208,-0.8269737419185497,-0.2321831274407081,0.6535995151156064,0.007034290721296,0
gdb_1981,CC(=N)OC1CC1,-0.5850044606557226,1.1407364712870651,0.3636890765859103,-0.5397482370885417,0.2723713769369998,-0.0802551827601739,-0.135579813881636,0
gdb_1982,CC(=O)CC1CC1,-0.6538631455484654,0.7634227599198002,-0.0861136859199544,0.9328465332019488,0.6714340052109389,-1.1768060160901184,0.0666293241418656,0
gdb_1983,CC(=O)CC1CN1,-1.175525374346913,0.2685696355276312,0.0379701822287192,0.6123248850859249,0.5368932754614724,-0.8313255077889845,-0.2171658535033699,0
gdb_1984,CC(=O)CC1CO1,-1.9277906498094624,-0.2013831318704509,0.281183008853208,0.0569924137085778,0.4103714936124422,-0.5289274587893794,0.157808250405238,0
gdb_1985,CC(=O)CN1CC1,-1.1469624668053422,0.3267662492325909,0.052153970557775,0.705859974023469,0.4331657767162851,-0.75211491668183,-0.1292612534338037,0
gdb_1986,CC(=O)NC1CC1,-0.9224099334503252,0.8849050033376619,0.2848833131194219,0.2072605377759723,0.1100343427913666,-0.347386825975395,0.7836684499118127,0
gdb_1987,CC(=O)OC1CC1,-1.3495183124807235,0.5490655027875833,0.5025037262944289,-0.7396459190619932,0.2119070037205503,0.1822679434001408,-0.6160384088647423,0
gdb_1988,NC(=O)CC1CC1,-0.939224491711868,0.8445584242344678,0.2893835355084727,0.1735305895965533,0.0557342590604647,-0.3347851051626387,1.0605374105241416,0
gdb_1989,NC(=O)CC1CN1,-1.3084959217181682,0.5362009814013554,0.4261289698921906,-0.0475084423049586,-0.1692947665134399,0.2246962909628289,0.1218567772601865,0
gdb_1990,NC(=O)CC1CO1,-2.0413984472492714,-0.0660655477736951,0.6007744814678379,-0.28253303498149,-0.4239610615543094,0.5876841252438118,0.3367034207973171,0
gdb_1991,NC(=O)CN1CC1,-1.3837194200088083,0.4903843931073414,0.4409852354972738,0.0134863614373001,-0.2500598189143252,0.1705175059155567,0.7657113331118921,0
gdb_1992,NC(=O)NC1CC1,-1.266425598060637,0.6909740224589509,0.5335244766631134,-0.2640298303903922,-0.3580583627066507,0.3500389697668351,1.0437420009738922,0
gdb_1993,NC(=O)OC1CC1,-1.5854046764846634,0.5909726618521908,0.8402179417194102,-1.348764818238961,-0.4265655682567789,1.0828973329602745,-0.0596333104252604,0
gdb_1994,[O-]C(=O)CC1C[NH2+]1,-2.2655856892284776,-0.6009613748793216,0.5796235830883114,-0.91055303637924,-0.1418073773817419,0.1427609948891234,1.785644312794246,0
gdb_1995,CC(C)CC1CC1,1.5683262263482172,4.276262169393563,0.3651495766056143,-0.5769306371079514,0.9143062925155008,-0.7385247473957528,-0.6234348761510883,1
gdb_1996,CC(C)CC1CO1,0.221955325703162,3.094171410783682,0.6666803795085057,-0.8903332010128451,0.2908629733135946,-0.0228568153693831,0.2011171211331846,0
gdb_1997,CC(C)CN1CC1,0.7153407102193757,3.5656565661455817,0.3641830453473503,0.6626622615384992,0.1920091443235937,-0.4551675059307661,0.1136424702088514,0
gdb_1998,CC(C)OC1CC1,0.1307676591942375,3.0961146732921043,0.5668790452781444,0.2816908922584706,-0.103417637474685,0.0888067388258604,-0.047826105500784,0
gdb_1999,CC(O)CC1CC1,0.0991236936898121,2.921034131789753,0.5845839899656964,-0.5701838118855739,0.3637241486510525,-0.1887967854421256,-0.0090903977459603,0
gdb_2000,CC(O)CC1CO1,-1.125347506488906,2.0556254159132146,0.9192020201934674,-0.908577829519818,-0.1389069351975704,0.6421223841749993,-0.3160091174995819,0
gdb_2001,CC(O)CN1CC1,-0.6988190239371517,2.204910064661038,0.5902344753721182,0.382264021030383,-0.204990345416516,0.0785208240946677,0.393901465557595,0
gdb_2002,C#CC12CC(C1)C2,1.8177462221999456,1.556792026391162,-0.3816027560911715,0.1388818213102607,0.3478251284873866,-0.3308006913453813,-0.7210693940697427,1
gdb_2003,C#CC12CC(C1)O2,0.1292515711932279,-0.0882708248209896,-0.2656974253903795,0.5621284292749444,-0.0567558985914576,-0.0673441115349058,-0.3291820084150162,0
gdb_2004,C#CC12CN(C1)C2,1.030793904772528,0.779475222122812,-0.3485830566875771,0.5363275229523916,0.0436782479305941,-0.1741816442199628,-0.3962703654637662,1
gdb_2005,N#CC12CC(C1)C2,1.1652647286165616,0.2813304978137836,-0.1888078106540053,-2.3208834558331133,0.9906051173111504,-0.6020971605658594,0.8985121710532024,1
gdb_2006,N#CC12CC(C1)N2,0.139072308884968,-0.594118730538754,-0.3035703615388669,-0.4592750903324467,0.3512596874813561,-0.5097018440383222,0.973981342334673,0
gdb_2007,N#CC12CC(C1)O2,-0.6383370263384268,-1.3025543071916703,-0.1746747902271663,-0.6669383194856547,0.2414270928092168,-0.2525792428039154,0.7911548582117807,0
gdb_2008,N#CC12CN(C1)C2,0.4062069805118928,-0.144777196089182,-0.2562298145750963,-0.3246985463158906,0.1898074394209456,-0.1003389727231553,-0.2147387902698493,0
gdb_2009,O=CC12CC(C1)C2,-0.3678588613910077,-0.3321714828482593,-0.3423056814602316,0.7414840809462587,0.5209939121625558,-0.9192561965002236,-0.1503794284192482,0
gdb_2010,O=CC12CC(C1)O2,-1.5719018947694985,-1.3475246855736065,-0.0498416645765499,0.3163244071375297,0.1412133082067018,-0.1304239885950683,-0.8575566032756415,0
gdb_2011,O=CC12CN(C1)C2,-0.9883847507593202,-0.8106904249808683,-0.3045789889689613,1.4073876810040349,0.1199216746151149,-0.5072570110218327,-0.8914404539068345,0
gdb_2012,CCC12CC(C1)C2,2.179822672478391,3.413343009958311,0.2228587038177113,-1.325446005605004,0.5227065293215011,-0.0339206120880015,-0.640285080936916,1
gdb_2013,CCC12CC(C1)O2,0.4649612213949335,2.1046603411563134,0.3748345149431789,0.2556611638942844,-0.6249611505380313,0.5991177435419203,0.3884594703273754,0
gdb_2014,CCC12CN(C1)C2,0.9063740292070316,2.2677297497839715,0.068053591843964,0.8536099174383445,-0.2456024030648104,-0.1503631559142554,0.5914870117150273,1
gdb_2015,COC12CC(C1)C2,0.7013807140640488,2.308783391815701,0.4533214383447929,-0.3629550240371057,-0.5031961476075882,0.7744607108711951,-0.0815875261617677,0
gdb_2016,COC12CN(C1)C2,-0.0765998728411388,1.5011459978582131,0.4869076924110191,-0.2374621149649453,-0.625484353920997,0.8396835541290953,0.0982056423729513,0
gdb_2017,OCC12CC(C1)C2,0.5801009234077424,2.03867353961829,0.3934471298435518,-0.7791326234536088,-0.0879180282983489,0.4279067754729529,-0.1667877167343303,0
gdb_2018,OCC12CC(C1)O2,-0.7846698723259367,0.9596218216531356,0.672594593963318,-0.4809757102426637,-0.8885878588240804,1.2474140231497663,0.1662199741059867,0
gdb_2019,OCC12CN(C1)C2,-0.4557622154545126,1.0887896740640608,0.351712190464062,0.4478485324671235,-0.6470000053041639,0.4480648926194529,0.8571527278809389,0
gdb_2020,N=C1CC2(CC2)O1,-0.5063101023270165,0.2227096957259964,0.1181796496159007,-0.1457285636522601,-0.0786263074149788,0.123262708838454,0.1645314235579392,0
gdb_2021,O=C1CC2(CC2)C1,-0.4469517664612042,-0.1699572789427754,-0.3207793192688472,0.8120344736504638,0.5061947104064538,-0.9311361898058678,-0.0588040094591963,0
gdb_2022,O=C1CC2(CC2)N1,-0.6254642985529891,0.1236332236266217,0.1178280529694735,0.0082879974096247,-0.2149283245671343,0.0698011207921565,0.9275556502415978,0
gdb_2023,O=C1CC2(CC2)O1,-1.2524377036911825,-0.7061287281074605,0.2962876707476451,-1.341902634289562,0.1090483708643031,0.2324821195100918,0.566693973895078,0
gdb_2024,O=C1CC2(CN2)C1,-0.9782723990144389,-0.6295942152119126,-0.1954483468014026,0.6667270504514635,0.2898593757602548,-0.5483148775172542,-0.3364314601770306,0
gdb_2025,O=C1CC2(CO2)C1,-1.6017735864592106,-1.0628411361507712,-0.0011187173063025,0.3327454957548663,0.0882829958385039,-0.071110737445976,-0.7781319592894878,0
gdb_2026,CC1CC2(CC2)C1,1.865901352434948,3.503641187053357,0.1527868186630129,-0.3097985198724609,0.3616764939942653,-0.2135936291346764,-0.4945010603006621,1
gdb_2027,CC1CC2(CC2)O1,0.2816335872562237,2.1396261720519347,0.3245387453606582,0.64909635957146,-0.5624658715318963,0.4191243972499774,0.2666804962740549,0
gdb_2028,CC1CC2(CO2)C1,0.3722580501738306,2.1193043251530823,0.4029017490520383,-0.6298067782207315,-0.0345381347005789,0.242285886326656,0.2374799014089716,0
gdb_2029,CN1CC2(CN2)C1,0.1892458616541993,1.9960761198101904,0.1859557394105888,1.1985910904837616,-0.512319963470725,0.1068327685080777,0.4923606499261052,0
gdb_2030,CN1CC2(CO2)C1,-0.4532105082408459,1.5503095630129706,0.4170217267627644,0.7281656232957998,-0.7719999355103897,0.5825969550099567,0.6293846943949947,0
gdb_2031,OC1CC2(CC2)C1,0.4453870637838428,2.210899903766536,0.4030496448766096,-0.5655712265092183,-0.0896587305430208,0.3529451915375239,-0.0827858086356179,0
gdb_2032,OC1CC2(CN2)C1,-0.1920271232557439,1.7094903014905805,0.4820652662804749,-0.1443298546748276,-0.4906729808621312,0.7252697042625554,-0.2126209056516836,0
gdb_2033,OC1CC2(CO2)C1,-0.7361604413294847,1.3198938803825346,0.7034429386547668,-0.8027633904083417,-0.5891312359202779,1.2325821788679014,-0.8387013014548765,0
gdb_2034,CC1(C)CC2CC12,2.004893395373477,3.1227357461436807,0.0885918250466083,0.0907824830986033,-0.0007707117438892,0.0376525874929238,-0.4478410009282287,1
gdb_2035,CC1(C)CC2NC12,1.1379604879725844,2.355664064270035,0.129431155207649,0.7606563484771905,-0.4488613778057407,0.1691177989793939,0.3966602220514834,1
gdb_2036,CC1(C)CC2OC12,0.6265380551024297,1.917688230010972,0.4079054358108647,-0.4266626096863892,-0.4555993990583726,0.6460267622382737,0.2759864077653232,0
gdb_2037,CC1(C)CN2CC12,1.1103507362080418,2.2381321190206407,0.1050738983289817,0.6517913841853479,-0.352097954277657,0.0908498571434714,0.3607317015575596,1
gdb_2038,CC1(C)OC2CC12,0.5406219639572272,1.9337447533904828,0.3590179001889371,0.3172336005619488,-0.7132427455290957,0.6967074253678384,0.2671778091040966,0
gdb_2039,CC1(O)CC2CC12,0.5689578118648158,1.8925001088499844,0.3396825568600391,-0.003187777773741,-0.4653655430596141,0.6015237514169436,-0.1860913731603111,0
gdb_2040,CC1(O)CC2NC12,-0.0110507294718572,1.5045125763931244,0.4386848089872793,0.4509790096840026,-0.9017163625298168,1.0570656559867415,-0.5347539664453315,0
gdb_2041,CC1(O)CC2OC12,-0.6586230973994254,0.8307292488199989,0.6879610131397679,-0.8258880176736559,-0.8034790237238314,1.31773761558361,-0.1143121627386129,0
gdb_2042,CC1(O)CN2CC12,-0.2797251573956866,1.0335478842659738,0.3788544906187747,0.3154926674233291,-0.7443855439585089,0.6631228263181763,0.583187416035775,0
gdb_2043,CC1(C)C2CC1C2,2.2853060608919997,3.3034323530683145,0.2242956106351356,-1.1026344440610276,0.3092034609039036,0.1393822163611074,-0.6579963412583097,1
gdb_2044,CC1(C)C2CC1O2,0.5622576872482596,1.94009004423246,0.3893090764107664,0.1236055086341694,-0.6618487362786107,0.672349468882711,0.4257899469746002,0
gdb_2045,CC1(O)C2CC1C2,0.6461294465719456,1.8684849644664725,0.3845915234431108,-0.4267300832371499,-0.3409451502259506,0.5816430300184444,-0.0953373761616297,0
gdb_2046,CC1(O)C2CC1O2,-0.5969345867780868,0.912634857003948,0.7273863834218145,-0.8402998584937247,-0.8757090578581967,1.3993290704470016,-0.048999433453114,0
gdb_2047,CC1(C)C2CCC12,1.9692330319595917,3.213704151085676,0.0878479920332836,0.2100097502140995,-0.0148995374087533,0.0206434807178118,-0.4539278566167621,1
gdb_2048,CC1(C)C2COC12,0.4284130285244358,1.877510451480172,0.3132255608943541,0.4291984185376072,-0.6117032682359281,0.5366901261279686,0.2494913099073119,0
gdb_2049,CC1(O)C2CCC12,0.499341273893038,1.8922122417442988,0.3234946406424505,0.0870127439619876,-0.4498045458277173,0.5288365399718824,-0.0749960074006451,0
gdb_2050,CC1(O)C2COC12,-0.7775647257724688,0.9850116160247928,0.5881624564244249,0.4457845272444932,-1.1619192108317749,1.41907052486776,-0.6620541739369378,0
gdb_2051,N=C1CC=CCO1,-0.6408175495126711,-0.191245637832034,0.0386319069687117,-0.0316326793848525,0.0824149199498117,-0.1586357075944934,0.2925290811241242,0
gdb_2052,O=C1CC=CCN1,-0.7382645973496489,-0.2399623179036055,0.0193606041985467,0.3186150273472918,-0.0947656015237526,-0.1608296230991929,0.7022688917026387,0
gdb_2053,O=C1CC=CCO1,-1.36832342639431,-0.8795215209973395,0.241616743831663,-0.7504852619604485,-0.0091436263824173,0.1317882307810396,0.6965650451624393,0
gdb_2054,O=C1CCC=CC1,-0.3193448060180337,-0.1177961531171058,-0.271952468646697,0.9546692107304234,0.2801376037487836,-0.7332057860904052,0.0358965765423552,0
gdb_2055,O=C1CCC=CN1,-0.95142615329458,-0.4503708855824729,-0.1404044152828854,1.4120442357714165,-0.234562491221599,-0.3047245768489178,0.2893952205564986,0
gdb_2056,O=C1CCN=CO1,-1.7636580875369947,-1.4394196628754057,0.2903508133093074,-1.066048196380519,0.0588565513876566,0.5246836307327766,-1.0587889893223303,0
gdb_2057,O=C1COC=NC1,-2.040403572179602,-1.549006865495531,0.1213760981375895,0.5506572876923781,-0.3164177994277867,0.4657024538962941,-1.3663802381668697,0
gdb_2058,O=C1NC=CCO1,-2.1626433676878465,-1.5177121811368492,0.2475123595489932,0.4087862400189461,-0.6194673188893367,0.4363673417623311,0.8132572887364501,0
gdb_2059,O=C1NCC=CN1,-1.3998324339073114,-0.6906146268608842,0.0748732940413042,1.270432551362988,-0.7114694372729263,0.3003114289587058,0.5008522461840541,0
gdb_2060,O=C1CCCC=C1,-0.7395397924339999,-0.6982785344689771,-0.4560096654570196,1.2773253692221362,0.6746597713906685,-1.4026884937654458,0.323189372076913,0
gdb_2061,O=C1CCNC=C1,-1.4106288424274398,-1.091917696298775,-0.2743407782834539,1.4787000905970078,0.1156165774267769,-1.0170811619256226,1.4810006624422447,0
gdb_2062,O=C1CNCC=C1,-1.380056094070101,-1.1973588926864382,-0.397706823977024,1.9249536445581588,0.2103164194591028,-0.9972741356779098,0.0120044608428252,0
gdb_2063,O=C1COCC=C1,-1.964209338045992,-1.6632272983316276,-0.1573142571505514,1.00462272314425,0.2137937117999129,-0.6052523043686925,-0.1997380390063399,0
gdb_2064,O=C1NCCC=C1,-1.147944064492951,-0.9804727506964896,-0.2156375032128039,0.7262621972282686,0.3302010937135896,-0.8382237579108713,0.6396093974605578,0
gdb_2065,O=C1OCCC=C1,-1.821763849390054,-1.7016795732669376,-0.0145831979625508,-0.3248919453048063,0.4639122320996088,-0.6228209566318412,0.6757589128695451,0
gdb_2066,N=C1CCCCO1,-0.6332367170742831,0.582072864912727,0.2586867368313777,-0.2381792124894668,0.1108356176682963,-0.1644770334334215,0.4785744006799077,0
gdb_2067,N=C1CCOCO1,-1.683833525073093,-0.2022640823950438,0.5965803161100826,-0.795023321157009,-0.3089088862996885,0.8077243947689423,-0.6255349232093712,0
gdb_2068,N=C1CNCCO1,-1.3187654118725678,0.0826749541678771,0.310466663924946,0.5538988789579766,-0.3991865331355068,0.2160626270202521,0.3144206794781509,0
gdb_2069,N=C1COCCO1,-1.8149001746961668,-0.3043993383591202,0.5864206904841818,-0.6145876880760875,-0.3685836495020144,0.6883820908551497,-0.0101018526453482,0
gdb_2070,N=C1OCCCO1,-1.886115974657273,-0.2530176888915919,0.6772100698714107,-0.6104495330775821,-0.669532090703022,0.7443465218776638,1.491396657098905,0
gdb_2071,O=C1CCCCC1,-0.4865804679111898,0.4049872666484811,-0.1396526058205741,1.060112346049737,0.3800492834174722,-0.9606672053857797,0.2960211793658638,0
gdb_2072,O=C1CCCCN1,-0.7621920024904522,0.5299300855225988,0.2351663544264961,0.3125763258466359,-0.1815360073310782,-0.1382932082299905,1.0795745960477363,0
gdb_2073,O=C1CCCCO1,-1.474597902343552,-0.2621736656522411,0.4062393350215919,-0.6536259849942204,-0.0179012718993012,0.0244714331792274,1.032322405506657,0
gdb_2074,O=C1CCCNC1,-1.1478641194616843,-0.0727775862513268,-0.0873735181279825,1.8039042160959051,-0.0951644085901788,-0.5710178883418181,-0.0265359798051797,0
gdb_2075,O=C1CCCOC1,-1.7608202109239892,-0.60070425778869,0.1457565020092373,0.8439867513123223,-0.0746824903931112,-0.2169437039641346,-0.1067158827611804,0
gdb_2076,O=C1CCOCC1,-1.5319120379979685,-0.3126784580101588,0.203976840540405,0.5611918430970316,-0.0577395648195433,0.0273580489193239,-0.8500006913734868,0
gdb_2077,O=C1CCOCO1,-2.5479906417652813,-1.0846827647606214,0.7442786902965017,-1.2671437051419758,-0.4074553979689828,0.951841379426856,0.0618830073203435,0
gdb_2078,O=C1CNCCN1,-1.3237809194502974,0.0893131307820772,0.3667971114998373,0.3470567078379005,-0.5061820697986138,0.2602034905237244,1.0638257215691846,0
gdb_2079,O=C1CNCCO1,-2.150526792879449,-0.7229348415268096,0.4487655823817987,0.33125760058728,-0.6075854759142268,0.4624967142028746,0.7288309704740737,0
gdb_2080,O=C1COCCN1,-1.9428193180312396,-0.3809709462072498,0.5621901766703261,-0.0874045469450912,-0.6609350656470196,0.7118114274083804,0.6363300981396387,0
gdb_2081,O=C1COCCO1,-2.6337221364694954,-1.0944979382220548,0.717189920107039,-0.8017974837066223,-0.5622577365800969,0.9423002554878518,0.2259436850305002,0
gdb_2082,O=C1COCOC1,-2.8790959341402207,-1.487945420959943,0.4659621914260761,0.3188213900749781,-0.4601355830563596,0.6625661658705865,-1.0340785027306538,0
gdb_2083,O=C1NCCCN1,-1.081739014726144,0.4504647533182886,0.5263219387140362,-0.211451087363274,-0.6686021572919015,0.5984636956542492,1.4040503727136062,0
gdb_2084,O=C1NCCCO1,-1.770843240898265,-0.1903141688384851,0.7527435056297218,-1.0854132051504255,-0.7069121005665567,0.8860186358780486,1.8110063394741327,0
gdb_2085,O=C1OCCCO1,-2.407405472269985,-0.8579469207567942,0.969121708751974,-2.2862691440954244,-0.5084876818309184,1.1097502957689067,1.7047925046379893,0
gdb_2086,CC1=CCCCC1,1.2159864195856769,2.582931668286698,-0.2401342896912707,1.6484697738905758,0.4207377181040377,-0.9674269287713546,-0.7515346605247241,1
gdb_2087,CC1=CCCOC1,-0.06232947277611,1.4351940518733046,0.0862056656033004,0.8721254113051398,0.0901908153267044,-0.3218242944194819,-0.4810285321993101,0
gdb_2088,CC1=CCOCC1,-0.086107249163427,1.430539585792124,0.0828438416962988,0.8942361059616062,0.0856690772932728,-0.3424399864459031,-0.3922855642957712,0
gdb_2089,CC1=NCCCO1,-0.5314378738725266,0.939170123364374,0.270031916194481,0.419523272498675,-0.2110678429681805,0.1520230508060248,-0.2084252301801494,0
gdb_2090,CC1CC=CCO1,0.0300059725019543,1.3690311487301772,0.0906155541265728,0.630506796185073,0.1219424427674965,-0.2505425033124828,-0.6397572358279365,0
gdb_2091,CC1CCC=CC1,1.2989599255055926,2.488302704314123,-0.234441428928567,1.289098360696452,0.498859439363873,-0.928232843993721,-0.8355600564620327,1
gdb_2092,CC1CCN=CO1,-0.5604763342119626,0.7476224396979214,0.2533536432693338,0.1422662062551288,-0.1013654257021542,0.0517887914937212,0.0459351462992423,0
gdb_2093,CC1COC=NC1,-0.558770911094156,0.7397948529542955,0.2476350715541672,0.1543007207631639,-0.1058164737515418,0.0620005799472994,-0.0100402626249588,0
gdb_2094,OC1CCC=CC1,0.0149612718986139,1.3775673055385649,0.0921962325139531,0.625658790713122,0.0953886727944325,-0.2458631281800645,-0.5159127616429813,0
gdb_2095,OC1COC=NC1,-1.7704532135631492,-0.2227103531959191,0.5849815541200661,-0.4153181145287257,-0.5491242520480994,0.8537625766356272,-0.1100124653125645,0
gdb_2096,CC1CCCC=C1,1.2673078349023836,2.456680194718724,-0.2471260916233251,1.3158996129158764,0.5421855816263885,-0.9891075028497084,-0.83978580616503,1
gdb_2097,CC1CCOC=N1,-0.5570402806502466,0.7645017128538252,0.2434506898908305,0.1749060841857536,-0.0753567025491933,0.0465137047361187,-0.1323920382627022,0
gdb_2098,CC1COCC=C1,-0.011370302204653,1.3238932453383838,0.0762197778211945,0.6029869245803589,0.1888046324738263,-0.3289229454438251,-0.6120139341676775,0
gdb_2099,CC1OCCC=C1,0.0148875683634001,1.3453702389079316,0.0819934884972848,0.636713154907614,0.1618143072649945,-0.2941954732393822,-0.6716962033460819,0
gdb_2100,OC1CCCC=C1,-0.1275481463471035,1.1305171134499226,0.0355737650503724,0.6334438591236434,0.2452606378609804,-0.4859644627302066,-0.2935954846702769,0
gdb_2101,OC1COCC=C1,-1.250906562339369,0.2502143806716995,0.4065416629787236,-0.1167591617106643,-0.1863035631588141,0.3923563354203505,-0.5417034796086243,0
gdb_2102,CC1CCCCC1,1.9750320398238304,4.012115831864396,0.3607452539616554,-1.247196114668747,0.7830764149452644,-0.3667279131432928,-0.7157535969644528,1
gdb_2103,CC1CCCCO1,0.3864474820602633,2.852911773764929,0.5570900900371835,0.0024811042425934,-0.2818913731165982,0.3488177952899434,0.0316050881816406,0
gdb_2104,CC1CCCOC1,0.351666256304629,2.7922740335841025,0.5413786630129347,0.0007282512808789,-0.2506871848185918,0.2990945593830266,0.0732119534475603,0
gdb_2105,CC1CCOCC1,0.3710438651577619,2.8386065149798085,0.5564031503542485,-0.094453256474284,-0.2337632602445895,0.3128022280313514,0.0843601118808815,0
gdb_2106,CC1CCOCO1,-0.7070136111420458,1.9646500995656533,0.9689961385007034,-1.1330550784406472,-0.6543353295564867,1.2200835269418566,0.1136448727326353,0
gdb_2107,CC1COCCO1,-0.6931526109831283,2.2312800822027934,0.9141074055792952,6.672150924090183e-05,-1.0427330566080382,1.4710880740279142,-0.7109870794351272,0
gdb_2108,CC1COCOC1,-0.7903698490653576,1.8070260388122716,0.9175339693301928,-0.9990229514934982,-0.5999836473646261,1.1051102316498027,0.0780540092075597,0
gdb_2109,CC1OCCCO1,-0.6804274628579259,1.9997995684877592,0.9718870374208944,-1.0296100874916274,-0.7019905209598984,1.2693256168568,-0.0110656351082508,0
gdb_2110,OC1CCCCC1,0.3989757125815798,2.7258571103243927,0.5592935425308012,-0.5634689619761921,-0.0130480596107123,0.2198539798469654,0.010610212080303,0
gdb_2111,OC1CCCOC1,-0.8412610097721542,1.8646864815459672,0.8118730410968217,-0.1339762965757809,-0.7213544444813182,1.1467055347539676,-0.8883513169781935,0
gdb_2112,OC1CCOCC1,-0.8923270732350603,1.7584695897679674,0.8608414138888479,-0.6389221297562293,-0.6215998007253829,1.0178100555203962,0.0048169005423648,0
gdb_2113,OC1COCOC1,-2.1299874993863264,0.6595831026422155,1.1362351908306298,-1.0022716630370996,-1.0091685761858868,1.7558270370819058,-0.5569327019618734,0
gdb_2114,N=C1NC=CC1=O,-2.1698770699961343,-2.992741723289148,-0.4244201236015884,0.9883708041357192,0.4188606946010413,-1.1957442620698406,1.3943266652739754,0
gdb_2115,O=C1CC=CC1=O,-2.295375717734254,-3.117312242026892,-0.4629332431636743,1.19892079681125,0.443048289099084,-1.109952907010518,0.4403506181708602,0
gdb_2116,O=C1NC=CC1=O,-2.82141601334693,-3.639311584353684,-0.2793993270251143,0.6118133904001108,0.3139354204541014,-0.7938592441139737,0.7304285516250485,0
gdb_2117,N=C1NCCC1=O,-2.001014593729585,-1.9688504457102296,-0.1505666528697551,0.6283438269264049,0.3413872703221215,-0.9476215862506076,1.2743998320177492,0
gdb_2118,N=C1OCCC1=O,-2.52639822487676,-2.428388683058604,0.0413051276877216,-0.0641018068095188,0.3632633296017117,-0.4827926859790461,0.1829897486148466,0
gdb_2119,N=C1OCOC1=N,-2.636589646703664,-2.2623898604028043,0.4256068262410279,-1.3418276479141034,0.1607915236892016,0.3194754074739489,-0.0910737072916564,0
gdb_2120,N=C1OCOC1=O,-3.420073419463522,-3.077898442783291,0.5556127269703485,-1.7589105833374483,0.1079073594936613,0.5353653523546857,-0.1090645673116818,0
gdb_2121,O=C1CCCC1=O,-2.337575565779791,-2.470769802600091,-0.3182648969773132,1.31432855041574,0.4347556032659201,-1.1238515075304565,0.2869800520518822,0
gdb_2122,O=C1CCNC1=O,-2.7755999902312856,-2.670845372821066,-0.0228537630324859,0.6095419164244295,0.0815041089917222,-0.6002547091376292,1.1655105291357468,0
gdb_2123,O=C1CCOC1=O,-3.3739052779650547,-3.289436829935423,0.1450888333092287,-0.1579678905430736,0.1843866544339686,-0.2641090827078395,0.3175240566742153,0
gdb_2124,O=C1CNCC1=O,-2.861045459480884,-2.80016168751546,-0.2278858886232555,1.7699583658444829,0.039245481891734,-0.6227123740523073,-0.5158938625350493,0
gdb_2125,O=C1COCC1=O,-3.4255313901595645,-3.2327595181477258,-0.0074393745184212,0.9672996530251984,0.0514336583067603,-0.2006402403511629,-1.1214857104013836,0
gdb_2126,O=C1OCOC1=O,-4.193601875437271,-3.809255001480416,0.6603557455323243,-1.780365270164116,-0.0666126965060591,0.8404525582219048,-0.5105031004028744,0
gdb_2127,CC1=C(C)CCC1,1.1625363684450385,2.6447213701265047,-0.2245722993786239,2.0465679890789072,0.3090182864947642,-0.9663866521553044,-0.7142609324064179,1
gdb_2128,CC1=C(C)COC1,-0.2629473248650727,1.3227572639947909,0.0704639036741624,1.3834937097827331,-0.0015042746897085,-0.4917074894058718,0.0420936745667198,0
gdb_2129,CC1=CCCC1=O,-0.6358912257855149,-0.4470258212290141,-0.3727707308417242,1.2593212607657316,0.5974190725487732,-1.238850871518121,0.1154215320526554,0
gdb_2130,CC1=CCNC1=O,-0.9966805462636698,-0.6958933028469316,-0.1042606320940376,0.5785112305702637,0.2320723239800368,-0.6166273559219885,0.5054435720287577,0
gdb_2131,CC1=CCOC1=N,-0.9588281383518926,-0.5309798940570095,-0.1077736087986026,0.7107043248007172,0.2848765681801041,-0.6028296333313822,-0.0281825577750498,0
gdb_2132,CC1=CCOC1=O,-1.6857088250559562,-1.4484986519838263,0.0875324729993706,-0.5381573620851967,0.4356642880729122,-0.4525963515928097,0.4783952769474479,0
gdb_2133,NC1=NCCC1=O,-1.4732981492634756,-1.122709264567545,-0.1217928336810774,1.1622818747527262,0.1027656431422356,-0.1813150896486327,-1.7927170229935878,0
gdb_2134,CC1C=CCC1=O,-0.299424291631858,-0.1700787392897322,-0.2578911834070244,0.9228105822279774,0.3370675911469057,-0.7450166995789911,-0.1703742615327073,0
gdb_2135,CC1C=CNC1=O,-0.917240199847996,-0.554881976418273,-0.107055789422044,1.4174787214168203,-0.3025627932723017,-0.2454066132697211,0.3770254204682002,0
gdb_2136,CC1N=CNC1=N,-0.6988100307223929,-0.5087000607522635,-0.1090715312665844,0.8703533792835804,-0.0538025445899172,-0.3555112894025176,0.3865031636947841,0
gdb_2137,CC1N=CNC1=O,-1.2437491405943282,-0.9996993918841892,0.0785400591929429,0.2892338409928365,-0.1416327206545659,0.1523337628467574,-0.4976895161696509,0
gdb_2138,CC1N=COC1=O,-1.7237815143196795,-1.4509720653599467,0.3214064788910548,-0.8186910047904051,-0.0524603083963968,0.6210578639172398,-1.2885409105850412,0
gdb_2139,CN1C=CCC1=O,-0.983180919694653,-0.4797287871211964,-0.1255530121770689,1.6862781323578822,-0.3501685844926386,-0.2837970726607864,0.4243270811478909,0
gdb_2140,CN1C=NCC1=N,-0.5652310719786652,-0.1036862234143224,-0.1344481392409018,1.4998413083918771,-0.2468316010302618,-0.065054638413334,-0.8820193722458798,0
gdb_2141,CN1C=NCC1=O,-1.3045527072330214,-0.9698255436800568,0.0686453839167816,0.3011219179152938,-0.1037382908121438,0.0736011113938668,-0.3316689308906197,0
gdb_2142,OC1C=CCC1=O,-1.4829612428896264,-1.1936777418993614,0.0637976642226505,0.1436294769026372,0.0453329616159878,-0.0007907914210725,-0.5904113998457203,0
gdb_2143,OC1C=CNC1=O,-2.303863056179792,-1.8544818567337424,0.167324298244663,0.6743475852846955,-0.4605645952951789,0.2020393254932116,0.510723671892777,0
gdb_2144,CC1CC=CC1=O,-0.6518248830011103,-0.6824682209207082,-0.4086153672898491,1.2589186687432956,0.5975952034714187,-1.2774540373699552,0.2104136980115117,0
gdb_2145,CN1CC=CC1=O,-1.095040196900492,-0.9226669796320756,-0.1697607563378869,0.8002049316613521,0.2482105178428141,-0.7483845930435207,0.6064146418877663,0
gdb_2146,OC1CC=CC1=O,-1.8079197820748865,-1.6283834563679953,-0.0842720314526039,0.574906933341888,0.2733888709820494,-0.4819103682731562,-0.4095733188229082,0
gdb_2147,CC1C=CCC1O,0.024912493177593,1.1112608819146284,0.0713221993077842,0.5202127101309252,0.1696040252671357,-0.3117261933960646,-0.5059961064385486,0
gdb_2148,CC1CC=CC1C,1.342758283840184,2.3182374079638235,-0.2465901150088929,1.3413397115274366,0.4582964789468273,-0.8876533656154808,-0.928720184503362,1
gdb_2149,CC1CC=CC1O,-0.0236694323889394,0.9969218530578738,0.0570479274466941,0.3639951686904916,0.3070891095161408,-0.4363595832219096,-0.4623568815058768,0
gdb_2150,CC1OC=NC1C,-0.4664600296683319,0.6665025062470227,0.2653851302374266,0.2422773734699241,-0.1667577076833974,0.1702144431872148,-0.3406773727226962,0
gdb_2151,OC1CC=CC1O,-1.139876367428787,0.1972467005641192,0.4034216659054512,-0.0196738209708465,-0.2261446320851039,0.5130341996689289,-1.0933161756818115,0
gdb_2152,CC1=CCCC1O,-0.0606165368305806,1.2566844894131906,0.0867214320855859,0.7270785345677315,0.1567694112571621,-0.3744971507907703,-0.4076379573056384,0
gdb_2153,CC1CCC=C1C,1.2279988533773176,2.507523439154447,-0.2278865105293054,1.6952938806457347,0.3916105042280629,-0.9523852497688526,-0.7323041505641058,1
gdb_2154,CC1OCC=C1C,-0.1721880518790939,1.2303548454508524,0.0564296517583462,1.2359825142815517,0.0015168514008718,-0.4095742755520644,-0.1819734289751716,0
gdb_2155,CC1CCCC1=O,-0.4811050715641687,0.3991660471155521,-0.1289690860008743,1.0852286270568394,0.4165321147741941,-0.9651197197865844,0.0886402405995964,0
gdb_2156,CC1CCNC1=O,-0.683268446319347,0.5836820758014516,0.2860398010653392,0.2173895805700843,-0.2023044006648341,-0.0475547440845218,0.9581545427678908,0
gdb_2157,CC1CCOC1=N,-0.5113518826644887,0.6280142192033844,0.3210407588457067,-0.3002235650110514,-0.0035344951717331,0.0110872589547492,0.4139043653295888,0
gdb_2158,CC1CCOC1=O,-1.3806360998743474,-0.2269259753106892,0.4578141951519434,-0.8544429455906335,0.0095746234674418,0.1064458935899797,0.8372838036419209,0
gdb_2159,CC1COCC1=O,-1.6017396011376523,-0.4532266355985828,0.1921086977151303,0.6037103708086256,0.0235497998248042,-0.0837143644118143,-0.8628716917713317,0
gdb_2160,CC1OCCC1=O,-1.564127993081804,-0.4941516689032019,0.1957962409419193,0.6277512945850316,-0.0143524112508495,-0.0401304706829,-0.9084456610492596,0
gdb_2161,CC1OCOC1=N,-1.544332195442112,-0.1271182141515407,0.6773489291683783,-1.007492139382704,-0.3424332118728226,0.9630917517915124,-0.7805335083380597,0
gdb_2162,CC1OCOC1=O,-2.412426871083152,-1.0393359472210717,0.7933915019528017,-1.370287988469184,-0.385062080839666,1.076887364653797,-0.4668177541411458,0
gdb_2163,CN1CCCC1=O,-0.7079174962465479,0.6302520814647256,0.2819544125767109,0.3450722529028477,-0.2210341058263759,-0.067143336376859,0.974502843266442,0
gdb_2164,CN1CCNC1=O,-1.0400420143615223,0.5267704358153656,0.5571399620220757,-0.0552912010649093,-0.7290369258940332,0.6687943461793484,1.20091066674812,0
gdb_2165,CN1CCOC1=O,-1.7530369344968757,-0.1619277812689692,0.7639642243810504,-0.8771555534449444,-0.7430030843662461,0.9250455229819352,1.5115208503272135,0
gdb_2166,NC1CCOC1=O,-1.9690259307077216,-0.6176369643240158,0.5208417471106096,-0.1363453017119273,-0.4776479680050083,0.5878903574784746,0.1873306122761147,0
gdb_2167,OC1CCCC1=O,-1.651353856249431,-0.6455050642668053,0.1941939588001485,0.1931928834001043,0.1770638049805601,-0.2392162999116736,-0.3584108767989477,0
gdb_2168,OC1CCNC1=O,-1.8609552023023443,-0.4384764267523329,0.6173026705670802,-0.6087063824544888,-0.4958005623432738,0.6985946606311171,0.6218087603121936,0
gdb_2169,OC1CCOC1=N,-1.657660659084914,-0.241228320964811,0.662869444269453,-1.1214419239165616,-0.2749633527341662,0.802863570048557,-0.2343196392405502,0
gdb_2170,OC1CCOC1=O,-2.4926925014947576,-1.1060196611496935,0.7766824113233456,-1.4097958857046855,-0.3541367522537205,0.9763760513827744,-0.1206020691853694,0
gdb_2171,OC1CNCC1=O,-2.281960477461328,-1.1170459242575104,0.2567008613707475,0.7934599819392466,-0.2545647545685338,0.1609767885350259,-0.7456786659215223,0
gdb_2172,OC1COCC1=O,-2.693674638268686,-1.348674794904102,0.5190149553782044,-0.1722279938385035,-0.2460932472166888,0.7540244658109551,-1.8385589472892812,0
gdb_2173,CC1CCCC1C,2.030989530354858,3.8041528828270303,0.355642718331725,-1.520858578453099,0.8889672202402162,-0.3892114393700428,-0.809095803202779,1
gdb_2174,CC1CCCC1O,0.4017805731208518,2.4384624008382696,0.5078148114212352,-0.5320579237293903,0.0444505307511804,0.1615417944641933,-0.162657664709259,0
gdb_2175,CC1CCOC1C,0.3511069424972972,2.5320614430839217,0.5071614042827068,0.072345376047764,-0.2487380786188343,0.2665003875118811,0.036698644883733,0
gdb_2176,CC1COCC1C,0.2967452471049754,2.4752536833847945,0.4961817963525485,-0.014208231062717,-0.164176492104033,0.1743572799542805,0.1198295578289582,0
gdb_2177,CC1COCC1O,-0.9727242432891912,1.455765678811774,0.7826473002633204,-0.1835622711582605,-0.6919667312471953,0.9458815866343376,-0.0805415264311015,0
gdb_2178,CC1OCCC1O,-1.1032401478744038,1.2333747175905214,0.7578808363807925,-0.1166710614180868,-0.6719699303133508,0.7717155005720903,0.4918613601431471,0
gdb_2179,CC1OCOC1C,-0.7208053218924374,1.828289437879857,0.9263850740166611,-0.6647067685125949,-0.7695126635471795,1.2548402776083962,-0.2054624817531822,0
gdb_2180,OC1CCCC1O,-0.8138062930895631,1.6339840578168467,0.8186345430922349,-0.4979576399195924,-0.5884944272950464,1.0772140266825236,-0.7665267699764505,0
gdb_2181,OC1COCC1O,-2.201451227627607,0.434707410783127,1.091682964227096,-0.7839754257494984,-1.0084873985315146,1.6642747050439006,-0.5412176669111356,0
gdb_2182,CC1C(O)CC1=O,-1.7492545072195482,-0.5919260304506347,0.2010764618201266,0.5183672942440086,0.0129274782319104,-0.2508859931354851,0.1659944349225903,0
gdb_2183,CC1CC(=O)C1C,-0.5150688150102567,0.3641581599917722,-0.1438215097604525,1.0397297364869296,0.4860005051359899,-1.030691670303593,0.103485218301078,0
gdb_2184,CC1CC(=O)C1O,-1.591643645375388,-0.5690962406827335,0.1963937559538876,0.2989369142550467,0.1337602821298826,-0.1469965008075424,-0.6842666929443497,0
gdb_2185,CC1CC(=O)N1C,-0.7346891481209848,0.7482609958708324,0.3077830989994172,0.093233597203965,-0.0908864634534056,-0.1348582761325744,1.0568740731036177,0
gdb_2186,CC1N(C)CC1=O,-1.1779756248842796,-0.0099159792021697,-0.0441940424811747,1.2317373274208572,0.2827742875612368,-0.7712152299658113,-0.1568452411009498,0
gdb_2187,CC1NC(=O)C1C,-0.6934981940408109,0.6600246536863813,0.2946306558471391,-0.0070656931143883,-0.1027261450935544,-0.0842325503662163,0.9991940897482384,0
gdb_2188,CC1NC(=O)C1O,-1.8381775833298384,-0.2857001915809946,0.5827817439015204,-0.3992945903393818,-0.4775780631532478,0.7550700846447476,-0.0413374924373452,0
gdb_2189,CC1OC(=N)C1C,-0.5326188619509281,0.7711517211323922,0.3236236310443555,-0.4364243301893942,0.1084137186076968,-0.026862196011839,0.2545150674487711,0
gdb_2190,CC1OC(=N)C1N,-1.0745215730971611,0.3805365725220503,0.397983199901209,0.0082403199191179,-0.249308614491181,0.433504888004613,-0.5768221916849938,0
gdb_2191,CC1OC(=N)C1O,-1.6056197013845186,-0.0754126607904608,0.6330493525826771,-0.962395455750336,-0.2361350023096885,0.8800784808394149,-1.0350580933928022,0
gdb_2192,CC1OC(=O)C1C,-1.3997284462038806,-0.2057408899334025,0.4508207528413827,-1.0293413406059997,0.1220246802729362,0.0505547569868751,0.7860720349297088,0
gdb_2193,CC1OC(=O)C1N,-2.0398501395529745,-0.649881011980618,0.4860451266968925,-0.1619655845650714,-0.3566728535530544,0.4729787997988128,0.1102099521268371,0
gdb_2194,CC1OC(=O)C1O,-2.5857606100509067,-1.0914857901770292,0.7167231549967447,-1.0369611342005782,-0.3753419584198825,0.9228047714089448,-0.3358668804960958,0
gdb_2195,OC1CC(=O)C1O,-3.0976724233531785,-1.755737862417181,0.4845233418321554,0.2969026920624831,-0.486657122676064,0.4145728316421712,0.3548955970855075,0
gdb_2196,CC1CC(C)C1=O,-0.5763977294119033,0.4977558050647576,-0.1450359252064611,1.1413242847601464,0.5248476491552747,-1.0830863585966275,0.0107936459619069,0
gdb_2197,CC1CC(O)C1=O,-1.7075519186150565,-0.4436017555162496,0.1847303915972095,0.3630674253912846,0.2033532977861051,-0.2627931149564542,-0.5885260531450391,0
gdb_2198,CC1CN(C)C1=O,-0.7384293978351258,0.8225220956062589,0.3057407644746125,0.1147890244526577,-0.048147446570616,-0.1473516323336981,0.8552702235181067,0
gdb_2199,CC1NC(C)C1=O,-1.0899788267080592,-0.0028169387211242,-0.0056416551052537,0.7704373245146495,0.411809158303573,-0.7504868114249656,-0.2360489958849956,0
gdb_2200,CC1OC(C)C1=O,-1.5488714007603488,-0.2911785324346119,0.2039134986945681,0.4200260413025701,0.1985263383227131,-0.0908288108240889,-1.4448150949901672,0
gdb_2201,CN1CC(O)C1=O,-1.9087072416375448,-0.0964852197282896,0.5938261590452169,-0.1818110828686019,-0.4780794935190981,0.7022284479854896,-0.0714687651840869,0
gdb_2202,OC1CC(O)C1=O,-2.76510880439648,-1.2447767189241246,0.5060794088947149,-0.1682422711269541,-0.1962767439917984,0.6884762570837124,-1.7611197603251705,0
gdb_2203,CC1C(O)CC1O,-1.09297441464404,1.388951321985352,0.7828333611024733,-0.5143249086723273,-0.5194270541107502,0.7483526449125555,0.4531931317432883,0
gdb_2204,CC1CC(C)C1C,1.830289020922232,3.854409923107609,0.2891626961478028,-0.8007321378985224,0.7456783840771888,-0.4850265563559327,-0.6848777203521642,1
gdb_2205,CC1CC(C)C1O,0.2494737515539471,2.274242866519481,0.437397867205521,-0.031136278450713,-0.0080161006789982,0.0386909621612236,-0.1331040339830224,0
gdb_2206,CC1CC(O)C1C,0.2991572996308074,2.5991707427379755,0.4990162655743778,-0.2311847220468916,-0.0182870537109173,0.1321975079314105,-0.0888895057009481,0
gdb_2207,CC1CC(O)C1O,-1.0258124986435904,1.482595067875625,0.7405670663866851,-0.2550357314473628,-0.4871905988302809,0.822964981566518,-0.5333255938539895,0
gdb_2208,CC1OC(C)C1C,0.2549408628620627,2.592183306448031,0.5027672626584879,0.1741043971909169,-0.241152721749217,0.1904210567063588,0.242884599327852,0
gdb_2209,CC1OC(C)C1O,-0.9100709099680896,1.6000795591755903,0.7591183376019988,-0.2073432932664106,-0.504698847887155,0.9580490226477648,-1.1260110352215935,0
gdb_2210,OC1CC(O)C1O,-2.3985356622766765,0.2165789552010872,1.05098036340759,-0.8058936116010645,-0.96487327101653,1.433351875731532,0.3294940992175392,0
gdb_2211,CC12CCC1CC2,2.050994499894608,3.0337119395672683,0.110240344510383,-0.1095114725758884,0.1066999142976124,0.0050928044737299,-0.5989065849027541,1
gdb_2212,CC12CCC1CO2,0.5145976062152997,1.7498164544721793,0.3492010524512849,0.2003189324659826,-0.554287220876583,0.5561135846445505,0.1699932215611028,0
gdb_2213,CC12CCC1OC2,0.4474671314326935,1.6401700092381568,0.3186763883097954,0.1798270958678613,-0.4635282692227523,0.4375131245139542,0.2243408562010248,0
gdb_2214,CC12COC1CO2,-0.7482647835556097,0.6874180220812919,0.636484809889362,-0.2782646211157901,-0.860973791084326,1.2316600330397822,-0.3358620611574724,0
gdb_2215,OC12CCC1CC2,0.6027850454393505,1.818173928051723,0.3692971738019968,-0.0449430216781302,-0.4748029939868096,0.6147211657903491,-0.1487237279360723,0
gdb_2216,OC12CCC1OC2,-0.8858368368499097,0.4782338597618398,0.6044043408177368,-0.2242528699012293,-0.8447033066655105,1.066046515349785,0.230170915958907,0
gdb_2217,CC12CCC1C2O,0.5041264387579742,1.9091119083781745,0.3541284765617234,0.1452599353040397,-0.4664110402026707,0.5296195264190765,-0.0609283925825991,0
gdb_2218,CC12COC1C2O,-0.9231777048019904,0.6381584243438085,0.5788470824060916,0.0842499615223857,-0.8965888977931828,1.093589045340075,-0.0828537428291537,0
gdb_2219,CC12OCC1C2O,-0.8502013006499279,0.739673486566307,0.6199709393299173,0.049742040503151,-0.986346953838553,1.2095088291879608,-0.0368026214283534,0
gdb_2220,CC1C2CCC12C,1.8984907509074815,3.1793484902956224,0.0870032658590995,0.5031460852456028,-0.0683530677464532,-0.0319352734633348,-0.3758151675178658,1
gdb_2221,CC1C2CCC12O,0.5672841970402271,1.99108349274011,0.3903194886264415,-0.0576252672556339,-0.458377221694436,0.5977768396960789,-0.0729688381259134,0
gdb_2222,CC1C2COC12C,0.4340941342182566,1.9078150051290532,0.3416937012535408,0.5096122998164969,-0.6263698984510828,0.5414721985711435,0.2025528760693475,0
gdb_2223,CC1C2OCC12C,0.3761651661067706,1.8280657392347608,0.3241103647903083,0.4839981710770359,-0.5676345947266105,0.4519890388232307,0.3183591172477156,0
gdb_2224,CC1C2OCC12O,-0.8881624991986301,0.8136849839384244,0.5829944158149962,0.4451364118285027,-1.0458100549811835,1.2244568086473264,-0.4129725709413638,0
gdb_2225,OC1C2CCC12O,-0.6771490118041601,0.9870128460497976,0.688496504147482,-0.3156353985534827,-0.9526928409410474,1.3870903265156989,-0.4128133365007402,0
gdb_2226,OC1C2OCC12O,-2.053031539085377,-0.1711351271087535,0.9128244523395604,-0.2158389913212185,-1.4440285538130624,2.047683525104921,-0.7971562028649957,0
gdb_2227,CC12CC1C=CC2,1.4316039582119895,1.5184008907155724,-0.4719589686879823,1.7645446348616658,0.105831743952752,-0.6343282395967781,-0.8781759592358882,1
gdb_2228,CC12CC1N=CO2,-0.3200419308660294,-0.1583312100500806,0.0518188923200809,0.3133698613899606,-0.3890565029772295,0.4163707242117316,-0.4239506399505493,0
gdb_2229,CC12CC=CC1N2,0.661681886020568,0.6322169351235164,-0.4077865614340152,1.515754419945366,0.0682644131587577,-0.6211523245875671,-0.3242757456745639,0
gdb_2230,CC12CC=CC1O2,0.052673864293922,0.1150161555033396,-0.1749585085785004,0.6378656375592274,0.0385123456357121,-0.2322907911316885,-0.4228399202369686,0
gdb_2231,OC12CC1C=CC2,0.1290525498424958,0.4070887288419326,-0.1402534828953214,1.1425729386256,-0.3113434443571485,0.0374755748663347,-0.4911111593711892,0
gdb_2232,CC12CC1CC=C2,1.4320488658507196,1.5578827761767429,-0.465659395471702,1.7590655690453414,0.1210700090460961,-0.6389312157462984,-0.918821208662738,1
gdb_2233,CC12CC1OC=N2,-0.2817504868405638,-0.0867321022023417,0.0531838821839597,0.3231366546444258,-0.3850143101649996,0.4643175011414129,-0.6811381370538557,0
gdb_2234,CC12NC1CC=C2,0.740233689297825,0.8219012340174456,-0.3428625508115691,1.3493212159929922,0.0188699907555126,-0.5109436427429471,-0.2258957494933194,1
gdb_2235,CC12OC1CC=C2,0.0563136715403499,0.1719323572891595,-0.1627193595378881,0.6526551318976143,0.0266997072787127,-0.2202708341410872,-0.414805733282008,0
gdb_2236,OC12CC1CC=C2,0.138703018757403,0.4326459801874608,-0.1344741562220957,1.1123592348313678,-0.2992618207662255,0.0455999161575851,-0.5411253602048796,0
gdb_2237,CC12CC1CCC2,2.021350790884526,3.146987427412188,0.0968692465562624,0.0027338942571592,0.0378625109212637,0.0300792048714358,-0.5070854111501009,1
gdb_2238,CC12CC1CCO2,0.5252646517124289,1.9707927808681684,0.3404335361900912,0.6120962572530492,-0.7926013705565281,0.720372283307233,0.08947774939603,0
gdb_2239,CC12CC1COC2,0.6760909328735499,2.068022196154652,0.4352175389983261,-0.3640149731257061,-0.5363026201556343,0.7352610144268309,0.2162536639873983,0
gdb_2240,CC12CC1OCC2,0.4980590258384597,1.9490686549694272,0.3354430341232311,0.5820375574418232,-0.7878844050220604,0.694066014102971,0.2304016552581593,0
gdb_2241,CC12CC1OCO2,-0.5905857120505077,1.1835375518943552,0.7200121951095424,0.0878287204358278,-1.3558813751125889,1.689775096320159,-0.2038212238593929,0
gdb_2242,CC12CCCC1O2,0.6787053337368442,2.0438504723017576,0.447832010077733,-0.5506261704175797,-0.4787815352536029,0.7124580699618078,0.3068068697940548,0
gdb_2243,CC12COCC1N2,0.1696325368723974,1.692845498292348,0.5765444592074648,-0.4007863852414515,-0.8442183485305026,1.197898849895786,-0.0802085910741221,0
gdb_2244,CC12COCC1O2,-0.5693496911670998,1.093163352113096,0.798707034097295,-1.0390974330129432,-0.9782941700662914,1.4943661710192966,0.4643420836278224,0
gdb_2245,OC12CC1CCC2,0.6617266336711287,1.9869021497192567,0.3944600698293687,-0.3231680441530818,-0.4601292311647019,0.6869059126212275,-0.0976824874921768,0
gdb_2246,OC12CC1COC2,-0.610019383701436,0.9498115908776232,0.6942541104484943,-0.6835815660120841,-0.8816856969988118,1.4071086193415303,-0.3421192478809946,0
gdb_2247,OC12CC1OCC2,-0.8654459652654937,0.7292493357892802,0.6136715996229146,0.1332291386917075,-1.1482676798743483,1.2746279532840092,0.4057482691591415,0
gdb_2248,CC12CC1CC2=O,-0.2446236611606459,-0.1802464186892739,-0.2200554709284452,0.8152670100287663,0.1918498812000656,-0.6372157838083782,0.3266347263075635,0
gdb_2249,CC12CC1NC2=O,-0.6419481151105648,-0.4336217998251236,0.0223647959371718,0.2227947873691076,-0.1432025460012514,-0.0589546953263786,0.5991608451342073,0
gdb_2250,CC12CC1OC2=N,-0.3487148338904521,-0.0205387976099876,0.1464672493726593,-0.3895740288901098,-0.077336354076403,0.2233551602499249,0.0102438301269272,0
gdb_2251,CC12CC1OC2=O,-1.2062137792243333,-1.0319728420845389,0.2854885396376341,-1.2042956749607527,0.0161930017871761,0.2651827986437031,0.6194507380028601,0
gdb_2252,CC12CN1CC2=O,-0.7282741249517704,-0.629997610759387,-0.1181893664275293,0.6432610265241496,0.0918279256365368,-0.2559809494270286,-0.5670697524240353,0
gdb_2253,CC12NC1CC2=O,-0.911539764362242,-0.8207351776448911,-0.1278030452080898,0.7548693847319589,0.0141366898556714,-0.424789411907669,0.4752471541807263,0
gdb_2254,CC12OC1CC2=O,-1.5243150244169863,-1.2654345504203586,0.0434361934486916,0.4625538489930019,-0.1273307404808289,0.0403782063004196,-0.336316862157674,0
gdb_2255,NC12CC1OC2=N,-0.881601570418544,-0.34150766805335,0.2388205072946451,0.1131695678602122,-0.5211248629815142,0.7409203075445018,-0.6812647582636318,0
gdb_2256,NC12CC1OC2=O,-1.8401570750226728,-1.4188249036585685,0.3375053677621868,-0.2870170039582426,-0.5470476038887069,0.7399274979960472,0.1082443978830772,0
gdb_2257,OC12CC1CC2=O,-1.4864557489702033,-1.132466339215923,0.0913529519319187,0.5149268911085341,-0.3098708690187692,0.1658779128509711,0.0539142442917626,0
gdb_2258,OC12CC1NC2=O,-1.8941733932576867,-1.3937271381375178,0.3232060946437318,-0.0041473900413739,-0.6497153568621538,0.7369935674655834,0.2601329388559854,0
gdb_2259,OC12CC1OC2=N,-1.5331265148710942,-0.9161552113256924,0.4722653535864809,-0.8264028241040284,-0.5274080031504376,1.0619630955014967,-0.4883786738045316,0
gdb_2260,OC12CC1OC2=O,-2.4765248872651,-1.984587490552329,0.5759487632843673,-1.300994863581424,-0.5218215219321569,1.060233271529368,0.2503775515421741,0
gdb_2261,CC12CC1CC2O,0.5313068041552017,1.9210457729996429,0.3671261010648065,-0.0607608728715874,-0.3946245951960594,0.5214985577682836,-0.0822516618020767,0
gdb_2262,CC12CN1CC2O,-0.2355516604584708,1.1816569790093072,0.3970154382292191,0.3980145404257975,-0.696109475493361,0.6952525477873802,0.0583254122431793,0
gdb_2263,CC12NC1CC2O,-0.2378535659260927,1.1643938121265685,0.449908039878756,0.1072653978562553,-0.7154376513122648,0.6826990463742298,0.7185793678068354,0
gdb_2264,CC12OC1CC2O,-0.6470994944387641,1.022287965294289,0.753883405357034,-0.6860965478218273,-0.9567596098730892,1.4111348964048236,0.1447776252073448,0
gdb_2265,CC1CC2CC12C,1.882978172338708,3.101749434744573,0.0710082081485055,0.422623718765383,-0.0150412584004951,-0.0761248433167731,-0.3597432954767629,1
gdb_2266,CC1CC2CC12O,0.575246272770491,1.9841304095476933,0.3808290236195633,-0.0804732218486528,-0.4407902334139402,0.6025385397320503,-0.1639737915061234,0
gdb_2267,CC1CC2OC12C,0.5605442853779853,1.983277411990294,0.4200578351588305,-0.1972800893180734,-0.4874259104015656,0.6005165876404664,0.3328358620458738,0
gdb_2268,CC1OC2CC12C,0.3942702448866775,1.853322724374008,0.3281762227370201,0.4937687138805494,-0.6121055539946626,0.4986573374881489,0.3396990729472247,0
gdb_2269,CC1OC2CC12O,-0.906181041986878,0.7699504566472918,0.6246074644861663,0.1093329645045507,-1.0409575851977677,1.1913894538032843,0.2902263191134567,0
gdb_2270,OC1CC2CC12O,-0.5757936761194946,1.1085637668484505,0.7342932406699781,-0.6769240851089809,-0.8794104249064675,1.4600660989851688,-0.5448781375810051,0
gdb_2271,C#CCC1CCC1,1.4956356514456952,2.4936488267234465,-0.1486808734648136,0.0583085803411319,0.6816111818687665,-0.7217518709565404,-0.523395423823695,1
gdb_2272,C#CCC1CCO1,0.0505078075311503,1.2363400654514498,0.1084549353381395,0.0420309224219651,0.0863600701504671,-0.1163256646331521,0.1536952428520583,0
gdb_2273,C#CCC1COC1,0.1211162729817179,1.2645240302063945,0.096595627099243,0.0137909695552818,0.1063107894075375,-0.0390088446677846,-0.3048351372411091,0
gdb_2274,N#CCC1CCC1,0.8304077601973009,1.2869986291394946,0.0322870308472274,-2.203017648573892,1.2845038904898245,-0.9816276033830816,0.9614584932583292,1
gdb_2275,N#CCC1CCO1,-0.8262656854861335,-0.0761147203506987,0.1809243565723551,-1.0638798161266614,0.3591808815009376,-0.4158754754177622,1.7522860296297529,0
gdb_2276,N#CCC1COC1,-0.617904883615723,0.2351665235896967,0.164365793399326,-0.698695998110832,0.2365136455173168,-0.0895935856400378,0.3053758721785728,0
gdb_2277,N#CCN1CCC1,-0.2807823920035859,0.3955703100220137,-0.1306980673266681,0.3315887996035539,0.3583308939600798,-0.8413350353006803,1.3241841666802,0
gdb_2278,N=COC1COC1,-2.1636374762999417,0.1322604194056254,0.6563500301903987,-0.7776275221193736,0.0759233960246183,0.2335151174149428,0.1343892965658953,0
gdb_2279,O=CCC1CCC1,-0.743398260288213,0.73616214350842,-0.0907579944969319,0.6473678626854986,0.9693788042717252,-1.413512628592888,-0.0222401260589411,0
gdb_2280,O=CCC1CCO1,-2.050574634972032,-0.3360009404417391,0.2244829299552631,0.230089428251951,0.4766590983192298,-0.6980036129190165,0.2505835434113802,0
gdb_2281,O=CCC1COC1,-1.798336300632589,0.0826529677756599,0.2445388649217252,0.2760225077082347,0.529057439280331,-0.4023747505557799,-1.4766524729113233,0
gdb_2282,O=CCN1CCC1,-1.4634998999541398,0.1785700859511966,-0.033354115026751,1.232551885702695,0.5555468080051154,-1.12537726719912,0.0589684931146546,0
gdb_2283,O=CNC1CCC1,-0.915103512319061,0.935165926796089,0.3155575108241391,-0.1912304461486715,0.3098855947660558,-0.4586537487480144,0.8540599723974568,0
gdb_2284,O=CNC1COC1,-2.0387651870101955,0.0688008489170295,0.6305033134272697,-0.6733453928525133,-0.1068490497259567,0.4402814174988918,-0.0596151778342658,0
gdb_2285,O=COC1CCC1,-1.6702790912996577,0.3005179270045394,0.520463179973839,-1.3028635138162568,0.6321937912403498,-0.3843454133630341,0.6300227285329546,0
gdb_2286,O=COC1COC1,-2.882887817198903,-0.5753535666979865,0.7693764736056145,-1.034945960919977,-0.0072191191027962,0.5454116544118848,-0.4233327548249949,0
gdb_2287,CC#CC1CCC1,1.15898647526855,3.033259794633847,-0.0947220571255544,0.9276163079666206,0.7914538176661128,-1.051937910369515,-0.7583210832432871,1
gdb_2288,CC#CC1CCO1,-0.3372546193809348,1.399512049293391,0.0922032449480503,0.4234238641291586,0.5569523565039202,-0.706167437620125,-0.1987970601204275,0
gdb_2289,CC#CC1COC1,-0.2135396329208351,1.6440165440025418,0.1958929980718804,0.0742274055188755,0.4866252593978679,-0.5270031321965767,-0.0037642963925332,0
gdb_2290,CCN=C1CCO1,-0.840424884590213,1.34934472046036,0.3532139633338058,0.0757141509030362,0.3273084215354575,-0.3440143377551459,-0.0986460988298012,0
gdb_2291,CCCC1CCC1,1.5784941725481891,4.544090309665471,0.47796371189231,-1.1579061106395567,1.18932592393298,-0.8358348246193188,-0.6592124683844248,1
gdb_2292,CCCC1CCO1,-0.0169918088538112,3.209679954831952,0.6359784607419262,-0.0325444024685097,0.15373146641506,-0.1594029234458613,0.2478934357680416,0
gdb_2293,CCCC1COC1,-0.1644618296591874,3.0069167180857086,0.5922261237298078,-0.0199214268332018,0.2999028166136949,-0.3822055367217989,0.4101120254079643,0
gdb_2294,CCOC1CCC1,0.0703246549183288,3.313118002277585,0.6365296602178194,-0.0263569757080034,0.1479056436964186,-0.0657640660585549,-0.1535237687163868,0
gdb_2295,CCOC1COC1,-1.3412766196630208,1.9658963755780077,0.8911844427183179,-0.5190852785428541,-0.1910856946559693,0.4462335130171552,0.2679395314674795,0
gdb_2296,COCC1CCC1,0.1330398168858053,3.4096020985763857,0.6832739006859931,-0.3342804878263885,0.218833875680769,-0.0329531799079132,-0.174692497660365,0
gdb_2297,COCC1CCO1,-1.208761439182619,2.156890024726676,0.9105143815889836,-0.4351481907308003,-0.2896092036035569,0.6489488704421706,-0.2560516049446432,0
gdb_2298,COCC1COC1,-1.2360306347020773,2.122097333959871,0.934128484464261,-0.5362725852069751,-0.3396110073435188,0.6327902778156829,0.27891176147889,0
gdb_2299,OCCC1CCC1,0.0531842590164426,3.2332340389090177,0.6770542165110871,-0.7476828529878201,0.4936375704208416,-0.2527716344354836,-0.0482983352753323,0
gdb_2300,OCCC1CCO1,-1.174290984192081,2.285212599682326,0.9308967539114358,-0.3882098825714934,-0.3293228094724386,0.7240263324362558,-0.4438040108406209,0
gdb_2301,OCCC1COC1,-1.397681530704509,1.9975823491737688,0.905932729438548,-0.4928868691671427,-0.1895778300971966,0.4093583755809631,0.3912382161241371,0
gdb_2302,CC#CC1CC1C,1.1601703049039522,2.8494784567830163,-0.1731045324041271,1.4060623091935087,0.5357420925593233,-0.9497208559334168,-0.6456181642298414,1
gdb_2303,CC#CC1CC1O,-0.1490106471338035,1.5171010638897289,0.1191025554910193,0.4797374575110966,0.2715173804458469,-0.3882935555991425,-0.1609665569671658,0
gdb_2304,CC#CC1CN1C,0.3516008346993619,1.9345725905384088,-0.1445130893627412,1.4631383005958063,0.3895676611137627,-0.9289487200638202,-0.0171489158173308,0
gdb_2305,CC#CC1NC1C,0.4670202913644291,2.118697100331077,-0.0639109335506121,0.9581507213144548,0.5305669360810622,-0.8660343706611383,-0.2322979092381455,0
gdb_2306,CC#CC1OC1C,-0.3123785716159132,1.3272001311861328,0.0879964370607693,0.3352403933056044,0.5446257490758419,-0.6900660284763451,-0.0594636021687208,0
gdb_2307,CC1CC1CC#C,1.4434343800972833,2.558156785744081,-0.1238392919917865,0.0643897245631384,0.7124287330151399,-0.7751116946343601,-0.4021247685370572,1
gdb_2308,CC1CC1CC#N,0.6805544642098447,1.2932923184328156,0.0065464024877332,-1.6453191384756891,1.1366079458968383,-1.0421271738732354,1.1987270182896672,0
gdb_2309,CC1CN1CC#C,0.8086233683914313,1.4040929979349794,-0.2295094844642662,1.178524142207445,0.0042515349047563,-0.3452200406505132,-0.4334816654741216,1
gdb_2310,CC1CN1CC#N,-0.2542589974561966,0.4452288939274011,-0.0608346618755503,-0.2198669515562952,0.5302443414111575,-0.893714950400268,1.566264007211927,0
gdb_2311,CC1NC1CC#C,0.7375663108122832,1.9796644478337455,-0.0166856209298802,0.2187784709823089,0.3905829672701492,-0.531011341934313,0.0860914518991033,0
gdb_2312,CC1NC1CC#N,-0.0900616980660932,0.7352650252607752,0.0621689576438361,-0.8634563024452014,0.6306764753035279,-0.7577550278198684,1.4945141760975156,0
gdb_2313,CC1OC1CC#C,0.0936875955043845,1.4065772563270666,0.1905228202911221,-0.5258915163254977,0.3353382109280415,-0.17189380790565,0.0356067738004112,0
gdb_2314,CC1OC1CC#N,-0.7274723740575518,0.1481319764181052,0.2768501062162981,-1.74776580472617,0.6355186872385504,-0.4250286391036074,1.459762482563738,0
gdb_2315,CN1CC1CC#C,0.7599085678793178,1.6717153990877551,-0.1596363733686153,1.0249091268492234,0.0476464960395432,-0.3742315060609902,-0.1874614229477524,0
gdb_2316,CN1CC1CC#N,-0.0998756856807258,0.4397554501894516,-0.0941598586611908,0.1392544685827194,0.2451537836453209,-0.6076718945062918,1.1735858336097933,0
gdb_2317,OC1CC1CC#C,0.2067651613538726,1.520267368578043,0.2056897985702263,-0.3644687521530077,0.1033055126387681,0.0630017818137747,-0.0379887718012631,0
gdb_2318,OC1CC1CC#N,-0.5733274644281856,0.3181095496953873,0.3004498824758397,-1.5662645511589457,0.3637948669406681,-0.1257875174093759,1.2812551379686905,0
gdb_2319,CC1CC1CC=O,-0.8460713753710578,0.7995735353884337,-0.0700887545079414,0.7236967975971208,1.0259801449064918,-1.525881756260449,0.123556379804245,0
gdb_2320,CC1CC1NC=O,-0.7680980256326242,0.6250432034618825,0.2491387767721445,-0.0322351733170587,0.0843198816619685,-0.2398141566516607,0.7031962851078585,0
gdb_2321,CC1CC1OC=O,-1.6384457150692984,0.0536371495747352,0.4489365397729842,-1.141201540491929,0.5533360566020333,-0.3342558546541676,0.4840520421687834,0
gdb_2322,CC1CN1CC=O,-1.3967928754990444,0.2202524778715766,0.0201635117360858,0.7612667156635041,0.6982065885091996,-1.1220557047343738,0.0483781530592632,0
gdb_2323,CC1NC1CC=O,-1.4300201033401638,0.3095177784849247,0.0554471871246668,0.6853126236494248,0.7343664993597727,-1.167665307588733,0.2222743557866198,0
gdb_2324,CC1OC1CC=O,-2.055710640235356,-0.2063307558854988,0.252401425386623,0.1156182117700116,0.6240712487750881,-0.7513771870406062,-0.0737071849025027,0
gdb_2325,CN1CC1CC=O,-1.257356241460439,0.0954827785605147,-0.0515971582257434,1.1328755275586222,0.4425843077897397,-0.882691565557485,-0.344973680642127,0
gdb_2326,OC1CC1CC=O,-1.9531947961095024,-0.2101209867550645,0.2483519018765366,0.297203685306295,0.3515442089266797,-0.5265797923452548,0.0665943773454191,0
gdb_2327,OC1CC1NC=O,-2.222212116219309,-0.0764537635871644,0.618905996395287,-0.2185631396365711,-0.3866785970067441,0.3665482271758584,1.1391201458211009,0
gdb_2328,OC1CC1OC=N,-2.097450317212316,-0.1552925171746647,0.5385456251492499,-0.1097476560916594,-0.2695646470910636,0.4349326604001365,-0.0955296190335909,0
gdb_2329,OC1CC1OC=O,-2.820803216453371,-0.9810242780448236,0.7030409723167813,-0.8784305809636387,-0.2859476466712207,0.6788352364581721,0.1374287160437722,0
gdb_2330,CC1CC1CCO,0.0615076397350597,3.2458750255353834,0.6810422704758388,-0.7178795881100685,0.4783322913495143,-0.2330391448805,-0.0868464443471879,0
gdb_2331,CC1CN1CCO,-0.5511808943195721,2.467391281755336,0.6724592841712832,0.2624228489305737,-0.380379353242124,0.3286100198413532,0.4570952985083308,0
gdb_2332,CC1NC1CCO,-0.6875153190333865,2.603208747857422,0.7392463609338524,-0.2405354853233511,0.0897541126112982,0.0004166885134406,0.2655876601461894,0
gdb_2333,CC1OC1CCO,-1.0902493583271786,2.4096357943409523,1.005374806019759,-0.994588391122694,-0.0929181979325314,0.7028449822419202,-0.6126266053022156,0
gdb_2334,CCCC1CC1C,1.4399129226059135,4.507985282138029,0.4181200079214847,-0.3331228934560464,0.9200396369431476,-0.8308279542020663,-0.5168495446731864,1
gdb_2335,CCCC1CC1O,0.0041832010484201,3.207114967848307,0.6504350663381405,-0.3679974146005962,0.3620136795669135,-0.2340411896267486,-0.010723222523694,0
gdb_2336,CCCC1CN1C,0.5404187909371145,3.512679654223292,0.3288468098229825,1.0719579044695389,0.1810945674603523,-0.6109271434376986,0.2374648787176464,0
gdb_2337,CCCC1OC1C,0.0799506687266898,3.37690473559618,0.7388697848499307,-0.7211539767691689,0.3564902227673539,-0.1505504447653643,0.2830399281218781,0
