Wave Vector	Branch 1	Branch 2	Branch 3	Branch 4	Branch 5	Branch 6	Branch 7	Branch 8	Branch 9	Branch 10	Branch 11	Branch 12	Branch 13	Branch 14	Branch 15	Branch 16	Branch 17	Branch 18	Branch 19	Branch 20	Branch 21	Branch 22	Branch 23	Branch 24	Branch 25	Branch 26	Branch 27	Branch 28	Branch 29	Branch 30	Branch 31	Branch 32	Branch 33	Branch 34	Branch 35	Branch 36	Branch 37	Branch 38	Branch 39	Branch 40	Branch 41	Branch 42	Branch 43	Branch 44	Branch 45	Branch 46	Branch 47	Branch 48	Branch 49	Branch 50	Branch 51	Branch 52	Branch 53	Branch 54	Branch 55	Branch 56	Branch 57	Branch 58	Branch 59	Branch 60	Branch 61	Branch 62	Branch 63	Branch 64	Branch 65	Branch 66	Branch 67	Branch 68	Branch 69	Branch 70	Branch 71	Branch 72	Branch 73	Branch 74	Branch 75	Branch 76	Branch 77	Branch 78	Branch 79	Branch 80	Branch 81	Branch 82	Branch 83	Branch 84	Branch 85	Branch 86	Branch 87	Branch 88	Branch 89	Branch 90
0.0000000	-0.0141396458	-0.010369913	-0.0095651531	1.4790682954	1.5875879798	2.2437241831	2.5628808882	2.670623575	2.9157344122	3.5063677441	3.5883645151	3.7626193914	4.1252839221	4.25923789	4.4158062083	4.7046026755	4.9067403257	5.1606785557	5.5208471413	5.725324642	5.9039994646	6.1782694712	6.4480511317	6.5905251187	6.7925746337	6.9053667337	7.249954185	7.4721066211	7.6445564248	7.703472093	7.8553890269	8.2142847589	8.2510638991	8.5416152686	8.6175109379	9.0290686839	9.153760901	9.2748410429	9.7669345399	10.1212424662	10.1924421831	10.6520423483	11.1451468215	11.3439753039	11.4549563535	11.855847399	12.0355018275	12.276072503	12.5540054114	12.8261999665	13.1249196199	13.4739029413	13.7489538396	14.1695949519	14.4326735828	14.5205642769	14.7371355965	15.0114790631	15.2697023265	15.7599779477	15.895084928	16.14913636	16.4921966121	16.9875473583	17.3569794526	17.8272040156	18.1466530515	18.9345306849	19.7985878741	20.1797394778	21.2412190515	21.5234106835	22.2464788284	22.5192850233	23.2293364511	24.0965793712	24.9137253265	25.2641595273	25.4546921515	25.6087270443	25.9256978086	26.4799791885	26.9126352448	27.4671069839	27.9645662116	28.9438652861	29.8946835983	30.4303753919	30.7601312732	34.6631341069
0.0040526	-0.2729302853	-0.0629736636	0.2967955403	1.4738984942	1.5897699171	2.2507215349	2.564233163	2.6719729748	2.9221330551	3.4991305269	3.5970420597	3.7630245862	4.1273644813	4.2632829128	4.4116222337	4.7064516144	4.9085103262	5.166465039	5.5214423136	5.7243841545	5.9041414601	6.1773629405	6.4459059359	6.5904753532	6.7901964772	6.9102295091	7.2502483499	7.472651973	7.6486738082	7.7033428041	7.8597090725	8.2128374506	8.2478980899	8.5505251021	8.6238263726	9.0277815013	9.1541830323	9.2750735301	9.7665728909	10.1182632621	10.1974150178	10.651774131	11.1455566719	11.3415381879	11.4556646995	11.8549616167	12.033675551	12.2744583998	12.5523795105	12.8273857428	13.1236062873	13.4735471479	13.7499237489	14.1702688496	14.4322127661	14.5202438324	14.7387705754	15.010783204	15.2700911504	15.7579354734	15.8953438156	16.1512472152	16.4926627808	16.9854135975	17.3621042576	17.8157211344	18.1582785234	18.9393340113	19.7972860536	20.1785457005	21.2404171759	21.5232998373	22.2466263645	22.5205197014	23.2296716728	24.0971577172	24.9139417961	25.2610780789	25.4565076463	25.6096334011	25.9266684185	26.4806009304	26.9141918712	27.4686157601	27.9655670344	28.9442297476	29.8967325043	30.434632595	30.7620425393	34.6632382654
0.0081052	-0.4009689251	-0.0787228476	0.4523140915	1.4633417777	1.5926392516	2.2720394781	2.5673783819	2.6762946502	2.9415583407	3.4827376318	3.6174324091	3.7643891758	4.1331915409	4.2744961837	4.4013122984	4.7101938468	4.9150312115	5.1826449117	5.5232688547	5.721522667	5.9048389085	6.1747251436	6.4399346154	6.5902393151	6.7836970869	6.9235983541	7.2510487748	7.4740371906	7.6599574635	7.7046362658	7.8721058232	8.2088222511	8.2413759183	8.5721898686	8.6439695838	9.0241022534	9.1553724487	9.2762009362	9.7654068865	10.1115971666	10.2099787143	10.651102678	11.146723441	11.334454089	11.4575475868	11.8520891866	12.0285012099	12.2696095761	12.5478936811	12.8305747378	13.1198175498	13.4725019866	13.752916243	14.1722095826	14.4309464229	14.5193685677	14.7435089046	15.0087694194	15.2713158434	15.7521427342	15.8960235066	16.1573375543	16.4938869249	16.9798572973	17.376708713	17.7861804101	18.1879675783	18.9539634248	19.793425947	20.1749927283	21.2379588237	21.5230024946	22.2470585284	22.524212162	23.230656295	24.0988797073	24.9144003811	25.252173945	25.461785223	25.6124514272	25.9295324113	26.4822998071	26.9187886818	27.4731364501	27.9684790943	28.9454597721	29.9028611707	30.4472792065	30.7677864798	34.6635298231
0.0121579	-0.5245980529	0.0705303575	0.5899571696	1.4537436859	1.5938238243	2.3075762324	2.570523562	2.6842822686	2.9742951633	3.4634491718	3.6420716757	3.7673733303	4.1415776648	4.2894013305	4.3914181495	4.7122556259	4.9285546983	5.2062048846	5.5264601745	5.7167294201	5.9068016706	6.1706117881	6.4312908201	6.5895815947	6.7742852601	6.9427387476	7.2521641381	7.4757211699	7.6735854202	7.7132606074	7.8913781245	8.2039827354	8.2365927384	8.5969398002	8.678956778	9.0187608125	9.1571198748	9.2794074697	9.7632303307	10.1046882697	10.2264280471	10.650415529	11.1484573546	11.3232669236	11.4600237106	11.8465973851	12.020883087	12.2615657174	12.5414971954	12.8348026228	13.1140295636	13.4708297281	13.7581606181	14.1751704454	14.4291771168	14.5182229458	14.7508626866	15.0056597724	15.2735426834	15.7434500037	15.8969140486	16.1667418357	16.4954023537	16.9729801218	17.3988829979	17.7474356179	18.2261251948	18.9789817931	19.7871398493	20.1691662315	21.2337041259	21.5226097836	22.2477481927	22.530321015	23.2322292254	24.1017053962	24.9144920592	25.2384918312	25.4700747478	25.6174001798	25.9341647586	26.484609144	26.9262201034	27.480631315	27.9730523899	28.9479324134	29.9130130399	30.467954045	30.7773962208	34.6639477037
0.0162105	-0.6449956432	0.1806157299	0.7112986899	1.4425456718	1.6021901106	2.3547980886	2.5729113199	2.6969825789	3.0198670735	3.4441751329	3.6653844785	3.7736891065	4.1506782559	4.3006829242	4.3926900075	4.7105779893	4.949801651	5.2332476881	5.531250908	5.7103032879	5.9109008973	6.165480526	6.4212640212	6.588229747	6.762982298	6.9646302706	7.2534490923	7.4773372489	7.6825554852	7.7364659335	7.9163645795	8.2019224282	8.2362745761	8.6200593417	8.7237364545	9.0136310337	9.1591695324	9.2863176642	9.7598068646	10.0995302725	10.2443080203	10.6503173762	11.1504320006	11.308602479	11.462433601	11.8375332817	12.0122359925	12.250546522	12.534194478	12.8388164148	13.107084066	13.4686245125	13.7659819525	14.1787314787	14.4272930655	14.5173311419	14.7600539569	15.001830531	15.2770212197	15.7328971683	15.8978474902	16.1785146287	16.4966100126	16.9672604247	17.4263562831	17.7060375747	18.2652771632	19.0150210178	19.7786366507	20.1612111887	21.2274749533	21.5222307355	22.2486622389	22.538757689	23.2342952188	24.1055657423	24.913095516	25.2218431993	25.4807728857	25.6246401158	25.9404069623	26.486852643	26.936178383	27.4909804006	27.9789344209	28.9521751647	29.9270869898	30.4960922391	30.7909381217	34.6643955708
0.0202631	-0.7567408237	0.2762373837	0.8131951487	1.4206938333	1.6337226041	2.4074200574	2.5759864134	2.7165458418	3.0765010823	3.4265578248	3.681828179	3.7859043145	4.1581801654	4.3038885616	4.4128049565	4.7057668273	4.977124253	5.2596554751	5.5379107095	5.7031610191	5.9178238057	6.1600162739	6.410756699	6.5860746134	6.7506018473	6.9863626135	7.2549862581	7.4789848663	7.6887403385	7.7711258854	7.9460567405	8.2062697057	8.2415999841	8.6412097228	8.7681542586	9.0127304659	9.1613959392	9.2985248315	9.7549831448	10.0970065786	10.262071337	10.6515641026	11.1521474691	11.2910830031	11.4641865676	11.8239466647	12.0041651035	12.2370607359	12.5266036127	12.8413702704	13.10017721	13.4660103157	13.7767331964	14.1823002691	14.4256914049	14.5174337379	14.7700556186	14.9978272559	15.2820461524	15.72143903	15.8988002624	16.1915766619	16.4970087263	16.964846453	17.4570391152	17.6658272919	18.3008737552	19.0623968505	19.768187527	20.1513360834	21.2191179611	21.521945202	22.2497740018	22.5493651276	23.2367340196	24.1103595476	24.9085021543	25.2048294467	25.4932512269	25.6341059424	25.948111805	26.4882753183	26.9482763524	27.5039330421	27.9857456234	28.9587419239	29.9449304849	30.5309529208	30.8085361225	34.6647495764
0.0243157	-0.8558860339	0.3671239721	0.8942723816	1.3886292194	1.6937618344	2.4551283006	2.5830524625	2.7476609448	3.1410160519	3.4119449665	3.6883685546	3.804319655	4.162053885	4.3063266864	4.4468199563	4.6999756867	5.0076899712	5.2816238657	5.5465036526	5.696978899	5.9277748876	6.1551062406	6.4000668012	6.5833391479	6.7378952586	7.0052432233	7.2571073307	7.4810893097	7.6962643148	7.8104751116	7.9794972617	8.2194306264	8.2537978989	8.6600494628	8.8011436878	9.0223717184	9.1640431426	9.3171122997	9.7487771402	10.097411327	10.2786114718	10.6549623274	11.1528214874	11.2714559311	11.4647718804	11.8054574583	11.9978734214	12.2219178404	12.5187776479	12.841470625	13.0947145239	13.4631493285	13.7907244691	14.1851417329	14.4247820089	14.5193440552	14.7796426717	14.9943744877	15.2889141486	15.7098134567	15.8999192361	16.2048123265	16.4964279992	16.9671931666	17.4891780185	17.6290570748	18.3305414255	19.1207717314	19.7561112623	20.1398210545	21.2085605477	21.5217662778	22.2510724079	22.5619004959	23.2394118079	24.1159502088	24.8985674746	25.1906125426	25.5069447609	25.6454309702	25.9571714521	26.4881875932	26.9620428095	27.5190946408	27.9931504193	28.9680852478	29.9663351632	30.5716123494	30.8304208606	34.6648683671
0.0283684	-0.9401931276	0.4530619707	0.9553246886	1.3582783347	1.775472723	2.4878905068	2.5961341913	2.7967719776	3.2085550487	3.4019290605	3.6869403853	3.8250018114	4.1621821607	4.3150782448	4.4873578934	4.6958566363	5.0386443224	5.29641039	5.5565465632	5.6939927927	5.9402659118	6.1517098658	6.3890734364	6.5805622863	6.7256105299	7.0190957814	7.260048548	7.4841007282	7.7071391262	7.849144292	8.0158173007	8.2422535352	8.2745476623	8.6756687681	8.8158975294	9.0462738689	9.1680198838	9.3423178893	9.7414169041	10.1007243584	10.2931153987	10.6612334122	11.1511197015	11.2509546578	11.4637070668	11.7827169953	11.9936235281	12.2061594519	12.5102843738	12.8386112909	13.0920066366	13.4602531143	13.8081580488	14.1864647765	14.4250432686	14.5237115998	14.7874858817	14.9923310307	15.2978864641	15.6985292802	15.9015036747	16.217120904	16.4951687526	16.9749560602	17.5211327003	17.5973441179	18.3534489327	19.1890353075	19.7427633738	20.1270335724	21.1958423968	21.5216266591	22.2525648779	22.5760279406	23.2421937837	24.1221628712	24.8813590243	25.1821757813	25.5213884729	25.6579755921	25.9675248301	26.4860908917	26.9768917248	27.5359671549	28.0009034304	28.9804540015	29.991037138	30.6168977665	30.8570146448	34.6646045876
0.0324210	-1.0085295279	0.5307393202	0.9983619079	1.3447063341	1.8696647973	2.5062352762	2.6117331692	2.8660439145	3.2711247995	3.3996652486	3.6817926184	3.8436101398	4.1608279162	4.3311164997	4.5291720841	4.6966394963	5.067434494	5.3030900525	5.5670753673	5.6963266568	5.9540157376	6.1505822731	6.3777495214	6.578343144	6.7145147489	7.0267723337	7.2633175562	7.4884427878	7.7222560001	7.8834884818	8.0539957357	8.2731469896	8.3062258178	8.6870991034	8.8157103725	9.078743451	9.1754742856	9.3733419121	9.7333308278	10.1067683914	10.3050805279	10.6708590212	11.1447065216	11.2318614657	11.4604811395	11.7573494231	11.9906642524	12.1909814674	12.5004349533	12.8329418149	13.0929198981	13.4575819628	13.829071085	14.1855860921	14.4270127132	14.5308147845	14.7923468102	14.9925218933	15.309162827	15.6879262059	15.9039626048	16.2274604299	16.4939741638	16.9880595265	17.5483444006	17.5750149994	18.3697671659	19.2654232881	19.7285347118	20.1134587707	21.181116661	21.5213923482	22.2542741957	22.5913237932	23.2449566079	24.1287823796	24.8561315596	25.1812694464	25.5362053392	25.6709279297	25.9791482332	26.4817568433	26.9920891889	27.5540357631	28.0088599293	28.9958368296	30.0187225186	30.665263451	30.889046718	34.6638170163
0.0364736	-1.0603479803	0.5944437785	1.0300021245	1.358927229	1.9684941557	2.5184531809	2.6265963461	2.9502440171	3.3150757135	3.4119963699	3.6778455068	3.8583866441	4.160735378	4.3524313392	4.5667055237	4.7069769956	5.0917139031	5.3027283716	5.5774538614	5.705058834	5.9670859629	6.1518356208	6.3667544762	6.576986764	6.7053922551	7.0284768914	7.2653319559	7.4946869841	7.7414134855	7.9129651211	8.0921957528	8.3090333874	8.3501733348	8.6938905259	8.8091151831	9.1085336899	9.190453116	9.4082831614	9.7251019592	10.1153002996	10.3143723944	10.6839491095	11.1305184525	11.2173490274	11.4545353734	11.7314678835	11.9875664424	12.1776712652	12.4885566501	12.8252058232	13.0976965971	13.4554228742	13.8532825449	14.1821490786	14.431131461	14.5405056775	14.7933789689	14.9954442712	15.3228600402	15.6782708661	15.9077497977	16.2349311483	16.4938207021	17.0058735311	17.543487644	17.5890799918	18.380187592	19.3477098831	19.7138723749	20.099758823	21.164627127	21.520895621	22.2562319112	22.6072931371	23.2475993946	24.13555225	24.8237536835	25.187933159	25.5510635513	25.6834330812	25.9920341547	26.4752469894	27.006749417	27.5728701694	28.0169536785	29.0139586094	30.0490366404	30.7146869452	30.9276262483	34.6623824273
0.0405262	-1.0953335637	0.6390744668	1.0649801178	1.4010937486	2.0655801431	2.5304015138	2.6428430851	3.0414815504	3.3331327152	3.4378971028	3.6806287166	3.8702850662	4.1637262062	4.3766711437	4.5940589422	4.7319657288	5.1093278564	5.2978272002	5.5878807866	5.7199758266	5.977368008	6.1544900753	6.3577361197	6.576337328	6.6989253329	7.0255334832	7.2638810351	7.5035438301	7.7632562329	7.9400394241	8.1279688733	8.3483043814	8.4034023379	8.6970857386	8.8027955225	9.1284202425	9.2156358064	9.4443592613	9.7173866959	10.1260433465	10.3212392033	10.7001718192	11.1074594468	11.2088905921	11.445324191	11.7071345545	11.9826897743	12.1674810354	12.4742392957	12.8164057982	13.106040749	13.454049863	13.8803335108	14.1763188388	14.4375308827	14.5523120188	14.7903781056	15.0010160791	15.3389784141	15.6698651824	15.9132800062	16.2389158508	16.4956006708	17.0274225267	17.5293646435	17.6163889421	18.385565067	19.4332326287	19.6993701012	20.0868909157	21.146674105	21.5199737062	22.2584715052	22.6233946516	23.2500520077	24.1421749176	24.7861651517	25.2010163544	25.5656270605	25.6947159104	26.006162528	26.466880227	27.0198795452	27.5921984114	28.0251582412	29.0343233621	30.0815939096	30.7628034406	30.9740671783	34.6602063141
0.0445789	-1.1131882694	0.6670194215	1.1159595578	1.4638701379	2.1553749978	2.5438586045	2.6659901386	3.1315804708	3.3388795824	3.458862074	3.6931960216	3.8818331082	4.1709662878	4.4019818833	4.610572174	4.7712179733	5.1187720626	5.2913495689	5.5986093702	5.7404356926	5.9831783457	6.1566021471	6.3529533769	6.5759859582	6.6953566782	7.0198104053	7.2571844202	7.5154649479	7.785821142	7.9680658137	8.1595242827	8.3891666264	8.4603169694	8.7002479026	8.8000739069	9.141118359	9.2468513057	9.4785327462	9.7107729559	10.1386692634	10.3262482104	10.7187337765	11.0778858151	11.2048763764	11.4324747068	11.6859309354	11.9747125684	12.1613324741	12.4574944324	12.8073935112	13.1173390419	13.4536819934	13.9093958087	14.168887638	14.4459342945	14.5656049582	14.7837672886	15.0085938477	15.3573386857	15.66315026	15.9208410022	16.2392239544	16.4998282596	17.051567704	17.5200171849	17.6425356394	18.3867123255	19.5183636733	19.6861810362	20.0763437385	21.1275808458	21.5185014306	22.261023704	22.6390702242	23.2522795601	24.1483139355	24.7455637997	25.2189897492	25.5795178923	25.7041768293	26.0214695387	26.457169713	27.0304727331	27.611919134	28.0334528425	29.0562872342	30.1159847426	30.8074953695	31.0292624484	34.6572317119
0.0486315	-1.1135102471	0.6898498289	1.1839572284	1.5397299901	2.2332315838	2.5577344592	2.7028073466	3.2080902207	3.3469037735	3.4690469238	3.7114567815	3.8951662724	4.1834795666	4.4270726909	4.6214229476	4.8181450219	5.1202370717	5.2855740054	5.6090182186	5.7660522163	5.9834952352	6.1565485618	6.3540919666	6.5757223651	6.6940386433	7.0132174499	7.2447456752	7.530221544	7.8076055538	7.9990102114	8.18650953	8.4277259828	8.5154344529	8.7087144282	8.802242658	9.1523895664	9.2786768365	9.5083653727	9.7055511347	10.1527590701	10.3301605789	10.7383198242	11.0452629797	11.2030979808	11.4159795922	11.6686655276	11.9631511106	12.1594493634	12.4387756597	12.7986302458	13.1308380077	13.4544572909	13.9390996864	14.1613442587	14.455733912	14.5797467326	14.7743327576	15.0172498881	15.377484724	15.6587941199	15.930522207	16.2361335128	16.5065076707	17.0771445557	17.5162094318	17.666370587	18.3843144011	19.5951261365	19.6789619478	20.0705968557	21.107667338	21.5164116362	22.2639148014	22.6537764153	23.2542822953	24.1535997925	24.7039485524	25.2404109058	25.5922995481	25.711450953	26.0378211209	26.4467525548	27.0376313274	27.6320431778	28.0418077402	29.0791415996	30.1517771875	30.8476231672	31.092934205	34.6534455198
0.0526841	-1.0957296442	0.7198869769	1.2636690302	1.6228628908	2.2968328281	2.5705173792	2.7574254292	3.2482768182	3.3721556313	3.4793649113	3.7286478402	3.9100591229	4.2017376015	4.4510859895	4.6315799064	4.8657143718	5.1165715974	5.2813834924	5.6178172615	5.7962292856	5.9779155702	6.1544987902	6.3611173614	6.5758454349	6.6932885446	7.0073123173	7.2275528832	7.5468967941	7.8283255519	8.0323206597	8.2099250247	8.4593446724	8.5646858067	8.7260864338	8.8106133802	9.1659669586	9.3085266521	9.5327402317	9.7014611269	10.1677890002	10.3337797984	10.7568392209	11.0131303142	11.202074118	11.3962746185	11.6552816624	11.9485817731	12.1612553852	12.4188597537	12.7901912113	13.1457170027	13.4564331497	13.9672224373	14.1560535001	14.4661647589	14.594177413	14.7629391124	15.0260785332	15.3985741978	15.6577497834	15.9421756589	16.2302809545	16.5152087378	17.1030662191	17.5178471467	17.6875616089	18.3789147503	19.6323697712	19.7039248213	20.0738541832	21.087233354	21.5137024847	22.2671673633	22.6670157203	23.256090514	24.1576427139	24.6630044178	25.2640478307	25.6034858797	25.7164266899	26.0549978635	26.4363270684	27.040690612	27.6525871182	28.050190616	29.1021887605	30.1885130766	30.8831317114	31.1635327218	34.648881923
0.0567367	-1.0590666111	0.7634922921	1.3499729025	1.7086209797	2.3474190436	2.5825297471	2.8277487836	3.2492029778	3.4012822682	3.5087228251	3.7429976213	3.9246360725	4.2245664557	4.4734929856	4.6441150879	4.9072997919	5.1133268222	5.2786915716	5.6239872052	5.8290918462	5.9670032354	6.1521202909	6.372486563	6.5770996349	6.6909084125	7.0027813232	7.2079078914	7.5641895354	7.8487031457	8.065224215	8.2317686821	8.4822574662	8.6052699693	8.7514235857	8.8267667381	9.1838953462	9.3355334234	9.5520962904	9.697669882	10.183181324	10.3377974261	10.7708818819	10.9858657737	11.2008207597	11.3741182661	11.6449895532	11.9324590303	12.16565561	12.3986554248	12.781925727	13.1610958944	13.459609777	13.990393467	14.1564650868	14.4764783477	14.6084254749	14.7503814678	15.0343725559	15.4193267927	15.6612421411	15.9554122968	16.2224700692	16.5252605374	17.1284050485	17.5245573722	17.705985299	18.3709369102	19.6289584654	19.7553016171	20.0923293964	21.0665494496	21.5104339684	22.270801637	22.6783662432	23.2577549421	24.1600579377	24.6241212236	25.288859042	25.6125794272	25.7192234061	26.0726940003	26.4266011166	27.0393110148	27.6734640395	28.0585831825	29.1247988024	30.2257008759	30.9145113335	31.2388058233	34.6436227386
0.0607894	-1.0024718	0.8209031516	1.4392174632	1.7931379653	2.3884570052	2.5955084046	2.90675616	3.2325336885	3.4129572756	3.5568879861	3.757019405	3.9387985952	4.2490323314	4.4940972513	4.6605677229	4.9356958603	5.1175839112	5.2774110356	5.6273594646	5.8601113979	5.9538363594	6.1508708639	6.386276131	6.5803874358	6.685180039	6.9987599364	7.1893002718	7.5806800522	7.8697377164	8.0941041587	8.2542922225	8.4991637455	8.6342386255	8.7826664598	8.8499178532	9.2065792846	9.3595469416	9.5679458764	9.693284385	10.1984149583	10.3426565272	10.7755612692	10.9691425676	11.1985292115	11.3503738982	11.6365193359	11.9167826439	12.1714103859	12.3790290311	12.7736446204	13.1760396667	13.4639591178	14.0048973582	14.1662837752	14.4860699429	14.6220307302	14.7373882331	15.0416702243	15.4381639928	15.6705799347	15.9696247683	16.2135119867	16.5359356772	17.1524509242	17.5357397344	17.7216519212	18.3607220184	19.6192052433	19.7927386979	20.1313542954	21.0458533399	21.5067171343	22.2748354305	22.6875086883	23.2593338567	24.1605100883	24.5884205318	25.3139467687	25.6191424083	25.7201318964	26.0905284213	26.4182465956	27.0335160438	27.6944167336	28.0669925666	29.1464431275	30.2628086824	30.9422888134	31.3163585692	34.6377947282
0.0648420	-0.9244838699	0.8888359739	1.5285679863	1.8733711292	2.4230139089	2.6114807825	2.9849077689	3.2110838437	3.4166726374	3.6023406161	3.7726355961	3.9558431298	4.2721699057	4.5130047974	4.6809330576	4.9464411551	5.1332809203	5.2779528066	5.6285488645	5.8777948026	5.9489425197	6.1509166944	6.4008067304	6.5864352662	6.6757563271	6.9926313807	7.1761071494	7.5949531446	7.8922013957	8.1165820564	8.2783379801	8.5141519888	8.6511137346	8.8184080563	8.8766321622	9.2322814764	9.3806325913	9.5816699699	9.6884682353	10.2131302474	10.3484695001	10.7673030696	10.967280222	11.19441975	11.3258619158	11.6284052801	11.9037724524	12.1773549146	12.3607023322	12.7652532592	13.1896059758	13.4694350442	14.0095656173	14.186585169	14.4945498768	14.6343491545	14.7247689073	15.0477323575	15.4536566559	15.6866936852	15.984023179	16.20414691	16.5465650776	17.1747329658	17.5505737903	17.7346958939	18.3485736007	19.6092577464	19.8106592255	20.1895821338	21.0253490708	21.5026994515	22.2792801457	22.6942495956	23.260879178	24.1587799472	24.5567486431	25.3385213142	25.6228945908	25.7195292114	26.1080643706	26.4118514609	27.0236733326	27.7150161598	28.0754456697	29.1667060101	30.2992606563	30.9668378251	31.3939058223	34.6315641202
0.0688946	-0.822849052	0.9629324165	1.615374703	1.9473251307	2.4525051761	2.632083026	3.0480923699	3.1960756943	3.4201694252	3.63589826	3.7873721972	3.9800232417	4.2929616398	4.5303772693	4.7037767031	4.9427176415	5.1561018033	5.2811278082	5.6286640601	5.8696621686	5.9646022023	6.1512932906	6.4145545319	6.5952298382	6.6641812692	6.981511157	7.1721349567	7.6056893799	7.9164830547	8.1330131926	8.3020006071	8.5292962074	8.6608463317	8.8538958544	8.9055547556	9.2573344281	9.3986885716	9.592425048	9.686193509	10.227147609	10.355027252	10.7483124594	10.978833876	11.1876908787	11.3013632578	11.6193464301	11.8954452696	12.1824776337	12.3442238906	12.7568084362	13.2009520088	13.4759482759	14.0069312882	14.2146735136	14.5017607352	14.6441477352	14.7137886463	15.0524958569	15.4651033718	15.7095764657	15.9976735743	16.1950330345	16.5565913105	17.1949947743	17.5680422436	17.7453793772	18.3348061894	19.6002684277	19.8144526319	20.2595996037	21.0052073026	21.4985491045	22.2841310276	22.6985396881	23.2624242429	24.1548448847	24.5296384843	25.3618829263	25.6238105654	25.7177942395	26.1248370731	26.4078619759	27.0104363759	27.7347187217	28.0839630436	29.1852791804	30.3344389858	30.9883831443	31.4693349801	34.6251287537
0.0729472	-0.6934054293	1.0391459591	1.6969057616	2.0141623332	2.4772906191	2.6575903834	3.0749224905	3.2035919545	3.4286120186	3.6596686173	3.79719941	4.0112035366	4.3128427091	4.546158723	4.7268831299	4.931085897	5.1784056604	5.2875418269	5.6290563388	5.8473575232	5.9895779126	6.1506853743	6.425947112	6.604322324	6.6549273423	6.9649024701	7.1783083782	7.6118302499	7.9425787116	8.1456751749	8.3218563006	8.5427505861	8.6717081428	8.882935616	8.9383412503	9.2776340713	9.4133150968	9.5952534452	9.6932605212	10.2403823103	10.3618908625	10.7246065835	10.9985779363	11.1774981322	11.2777557933	11.6086524361	11.8930508232	12.1859639908	12.3299760222	12.7485116395	13.2094798952	13.4833133896	14.0004581291	14.2468500594	14.5077500809	14.6490264869	14.7067418428	15.0560259723	15.4727330422	15.7381230099	16.0095404287	16.1867630841	16.5655890748	17.2131309244	17.5869751087	17.754092442	18.3197955795	19.5926031605	19.810305755	20.3338813842	20.9855669468	21.4944401871	22.2893506737	22.7004862076	23.2639757731	24.1489449456	24.5072713512	25.3834193984	25.6221687178	25.7152615887	26.1403907182	26.4065141799	26.9946731261	27.752956161	28.0925181429	29.201945871	30.3676920845	31.0070569824	31.5407133568	34.618708378
0.0769999	-0.5260074387	1.1141951982	1.7704352006	2.073911261	2.4980376799	2.6857724908	3.0681536669	3.2249850648	3.447418112	3.6780152902	3.8027338863	4.0431796184	4.3346049537	4.5600710369	4.7480598624	4.9162834607	5.1957809338	5.2965763921	5.6310343783	5.8212524789	6.0141046471	6.1482609644	6.4335415367	6.6063456871	6.6569516491	6.9450710622	7.1925456347	7.6128074912	7.9700933753	8.1568663234	8.3354980991	8.5494580288	8.6918786935	8.9045254883	8.9738508148	9.290328776	9.4242391861	9.5865544571	9.7137059773	10.2527184132	10.3685070681	10.7015288681	11.0219495683	11.1630297335	11.2561404796	11.5965264553	11.8966394755	12.1872787275	12.3181689797	12.740661027	13.2149661395	13.4912031394	13.9926107473	14.2803166668	14.5127196246	14.6464196921	14.7059804506	15.0584740626	15.4773577341	15.7705269286	16.018554503	16.1798631795	16.5732729371	17.2291088109	17.6061059507	17.761333789	18.3040276067	19.586374128	19.8023294791	20.4071438227	20.9665421275	21.4905400213	22.2948467125	22.7003579532	23.2655115665	24.1415953998	24.4894818065	25.4026164922	25.6185185754	25.7122314853	26.1543229602	26.4077644134	26.9774023549	27.7692266444	28.1009956129	29.2165604151	30.3983487623	31.0229499986	31.606292504	34.6125337192
0.0810525	-0.2777309718	1.1854348096	1.8336198052	2.1267296117	2.5163139337	2.7117805268	3.0534548212	3.2344851495	3.4775386279	3.69259928	3.8087264063	4.0687470028	4.3603099512	4.5717931432	4.7656000877	4.9012088371	5.2078217844	5.3061469564	5.6354420634	5.7949163979	6.0349946774	6.1442543845	6.4366089268	6.5996134849	6.6723033046	6.9249655802	7.2118116266	7.6087388437	7.9982336296	8.1678842362	8.34255573	8.5470434256	8.7237516899	8.9219228559	9.0079240325	9.294476804	9.4317336174	9.569966335	9.7427257419	10.2639240483	10.3743064755	10.6827145672	11.0459022607	11.1439543201	11.2376386583	11.5839076868	11.9050873513	12.1862903568	12.3088081101	12.7335836551	13.2176145129	13.4991503747	13.9848294858	14.3131480504	14.5169770878	14.6371930926	14.7103816806	15.0600411437	15.4798952751	15.8048025517	16.0237466202	16.1747283416	16.5794990972	17.2429018814	17.6241447527	17.767646752	18.2881399045	19.5815568464	19.7929662303	20.4758392236	20.9482457108	21.486999254	22.3004476305	22.6985808487	23.2669839818	24.1335238495	24.4758311389	25.4190772412	25.6135840593	25.7090055353	26.1663262195	26.4112408247	26.9597459761	27.7831607623	28.1091659225	29.2290280912	30.4257377763	31.0361445122	31.6645187133	34.6068349589
0.0851051	0.3239608042	1.2504176561	1.8849563678	2.1721419504	2.5340530493	2.7296393601	3.0445346094	3.2278110711	3.5121547933	3.7022113361	3.8203744006	4.0842519296	4.3893351227	4.5811077638	4.7783316997	4.8880236617	5.2159721865	5.3141585651	5.6422378606	5.7701088718	6.0504924917	6.1401036271	6.4356324766	6.5910418402	6.6929135165	6.9067802652	7.2333416634	7.6005137017	8.0257982778	8.1789187666	8.3440812784	8.5382947902	8.7626869342	8.9380363508	9.0369484442	9.2910555813	9.4361463314	9.5508199166	9.7733954774	10.2736520679	10.3788140821	10.6702970836	11.0682128096	11.1213013792	11.2228301006	11.5719977978	11.9165043549	12.183360513	12.3016883419	12.7275677735	13.2180058782	13.5066071024	13.9779142502	14.3438256684	14.5209080802	14.624362345	14.716734523	15.0609464048	15.4811105355	15.8390644837	16.0244678317	16.1714872368	16.5842587358	17.2544496637	17.6398972183	17.7734793118	18.2729466988	19.5780330241	19.7837213785	20.5373764079	20.9308542344	21.4839450307	22.3058849678	22.6957197076	23.2683279146	24.1255510799	24.4657329434	25.4325427977	25.6081534166	25.7058973628	26.1762087843	26.4162432862	26.942892215	27.7945472042	28.1166901969	29.2392881479	30.4492121966	31.0467308012	31.7140471843	34.6018302611
0.0891577	0.5077991225	1.3064029447	1.9239778474	2.2089048275	2.5526136166	2.7352655711	3.0469474445	3.2101701114	3.5435414528	3.7058685712	3.8392645849	4.0901031279	4.4183040349	4.5879620876	4.7856665873	4.8784852296	5.2216096572	5.3197642709	5.6504067914	5.7482155736	6.0594326675	6.137775148	6.4321732789	6.5837925813	6.713360676	6.8917573105	7.254624499	7.5897819662	8.0511520057	8.1893080457	8.3417683862	8.5271827479	8.8017998038	8.9550342243	9.0577238561	9.2829749656	9.4371987034	9.5334681589	9.8006715566	10.2815234277	10.38180933	10.664759057	11.0851247321	11.0996996071	11.2115887691	11.5618472094	11.9286856812	12.1793010816	12.2964847774	12.7228138769	13.2169656079	13.513031008	13.9722956629	14.3708532116	14.5249529766	14.6100917223	14.7229104046	15.0614007112	15.4815634717	15.8715361114	16.0206395889	16.1698956372	16.5876568083	17.2636474899	17.6524485321	17.7789716305	18.2594295664	19.5756209383	19.7755970643	20.5895744031	20.9147597814	21.4814773813	22.3107943608	22.6924389885	23.2694711698	24.1184638997	24.4585846462	25.4429022685	25.6029900233	25.7032009756	26.1838852392	26.4218112481	26.9280536443	27.8033171303	28.123158407	29.2473012913	30.4681779428	31.054809644	31.7537564656	34.5977149456
0.0932104	0.6103690579	1.3501397455	1.9510298433	2.2356682526	2.5716950001	2.7297207066	3.0604513752	3.1867188654	3.5676060675	3.705242248	3.8612998159	4.0891723748	4.4428450726	4.5924830867	4.7881827919	4.8732613219	5.2254992052	5.3231715512	5.6583137278	5.7306645046	6.0624210472	6.1379890758	6.428146591	6.5785087669	6.7304484873	6.8805073096	7.2730533296	7.5788829277	8.0721850697	8.1979129342	8.3376401714	8.5168613998	8.8343597537	8.9744779598	9.0672177911	9.2745168982	9.4346652784	9.5211227757	9.8215039468	10.287245643	10.3834428021	10.6646387063	11.0729349576	11.1051601429	11.2035664479	11.5541875663	11.9394340274	12.175195399	12.2929052818	12.7194190021	13.215391615	13.5179596863	13.9681923834	14.3924896442	14.5294722446	14.5960240143	14.7278430102	15.061585804	15.4816398923	15.9002790184	16.013020308	16.1694076659	16.589871908	17.2703608771	17.6613344569	17.7837868033	18.2486694204	19.5741094495	19.7692993033	20.6302025798	20.9008593484	21.4796687831	22.3147489226	22.6894344479	23.2703450814	24.1129208865	24.4538654316	25.4501764213	25.5987657123	25.7011448008	26.1893427732	26.4268616264	26.9163979184	27.8094993729	28.1281513076	29.2530416395	30.4821252244	31.0604844251	31.7827611061	34.594651847
0.0972630	0.6657813049	1.378212359	1.9668228158	2.2517260546	2.588041936	2.7195634136	3.0796022354	3.1626699594	3.5826949311	3.7032349299	3.8792512159	4.085576222	4.4592036131	4.5949595949	4.7880157848	4.8713067589	5.2278807181	5.3249263147	5.6641815615	5.7190224705	6.0622587274	6.1393519365	6.4251167911	6.5752883279	6.7418463407	6.8734439744	7.2858172671	7.5706089723	8.0863991186	8.2035735692	8.3338861428	8.5096499943	8.8551608073	8.9948979913	9.0651801937	9.2691940771	9.4304455964	9.5146492308	9.8343695687	10.2906834513	10.3841389839	10.6668406905	11.0578489032	11.1144384782	11.1986351301	11.5494506587	11.9468131379	12.1721530559	12.2907870896	12.7173978899	13.2140805334	13.5210528437	13.9657048576	14.4067177075	14.5341127223	14.5844778773	14.7309840789	15.0616397206	15.4815909553	15.9222602125	16.0039563239	16.1694130592	16.5910994865	17.2744556587	17.6665340313	17.787189415	18.2416978645	19.5732992057	19.7653207817	20.6565840514	20.8908898444	21.4785664689	22.31733109	22.6873336673	23.2708937286	24.1094030989	24.4511890975	25.4544670473	25.5960065713	25.6998690357	26.1926016246	26.4303817385	26.908934006	27.8131650752	28.1313090269	29.2564923361	30.4906603526	31.0638466695	31.8004216246	34.5927633163
0.1013156	0.6834575434	1.3879164904	1.9720013082	2.2570465873	2.5949902785	2.714340236	3.091112229	3.1497524441	3.5878668472	3.7022450179	3.8862376249	4.0836775871	4.4649398332	4.5957315711	4.7876168803	4.8709107786	5.2286972471	5.3254595888	5.6663983805	5.7148724172	6.0618339507	6.1400439818	6.4240086558	6.574201541	6.7458682785	6.8710111904	7.2904228079	7.5674935278	8.0914720184	8.2055364967	8.3323796654	8.5070652772	8.862140841	9.0057427433	9.0606614716	9.2676065026	9.4283654251	9.5127806419	9.8386986701	10.2918249005	10.3843153802	10.6680590961	11.0522482192	11.1177521599	11.1969471977	11.5478505623	11.949442595	12.1710298967	12.2900822466	12.7167286815	13.2135787467	13.5221064149	13.9648724339	14.4117142979	14.5364603485	14.5795890211	14.7320593398	15.061648051	15.4815591895	15.9313285838	15.9992329644	16.1694676057	16.5914898987	17.2758327549	17.6682328573	17.788428775	18.2392790753	19.5730466091	19.7639608354	20.6658444728	20.8871626757	21.4781963185	22.3182303055	22.6865798361	23.2710807986	24.1081986831	24.4503227659	25.4558821355	25.5950483781	25.6994381618	26.1936848066	26.4316437569	26.9063618718	27.8143785865	28.1323899193	29.2576436399	30.4935338975	31.0649598359	31.8063515572	34.5921252355
0.1042043	0.6769049622	1.3876493655	1.9701873957	2.2545375098	2.5904272255	2.7173515853	3.0854663303	3.1554706691	3.582766045	3.7041662099	3.8841856172	4.0854121408	4.4616621918	4.5935002383	4.788829331	4.8706948854	5.2279342874	5.3265904127	5.6648499012	5.7181593795	6.0588731575	6.1411698903	6.4245480366	6.5740473545	6.7447972321	6.8733766716	7.2892190008	7.5674931463	8.0879409878	8.2050311056	8.3333381855	8.5073102853	8.8606057916	9.0024467799	9.0612986902	9.2676511308	9.4298306402	9.5134827626	9.8375047911	10.2894833215	10.3853803531	10.6672354631	11.0530002733	11.1162085814	11.1978579875	11.5486407224	11.9486269541	12.1715713052	12.290161704	12.7168436679	13.2135107913	13.5216657272	13.9654415036	14.407015271	14.5329705104	14.5859477591	14.7330938582	15.0610425701	15.4815666397	15.9243182461	16.0024247557	16.1707055843	16.5919020197	17.275415626	17.6678398084	17.7886665423	18.239459385	19.5727703897	19.7632534921	20.66449537	20.887040265	21.4783208757	22.3180636545	22.6864197076	23.2709512993	24.1077262077	24.4506604507	25.4552367764	25.5961392847	25.6990945962	26.1888625555	26.4333473101	26.9080409394	27.8139803338	28.131879177	29.2573958746	30.4933885275	31.0645616175	31.803880539	34.5914187109
0.1070930	0.6571635536	1.3868813303	1.9647637487	2.2471097403	2.5782504126	2.7246382791	3.0731250162	3.1682338698	3.5685551001	3.708842097	3.8785447562	4.0901234278	4.4520540126	4.5873102221	4.7919438343	4.8700685399	5.2255972384	5.3298975005	5.6609636147	5.7272828457	6.0507820716	6.1437863704	6.426064822	6.573518572	6.7418758749	6.8802736687	7.2856505646	7.5674678781	8.0777621593	8.2034957856	8.3359024767	8.5079817701	8.856088233	8.9937785372	9.062061864	9.2679801969	9.4334491917	9.5160371633	9.8339575207	10.2829426551	10.3880697137	10.6648840581	11.0552074654	11.111678912	11.2005278906	11.551001342	11.9462379837	12.173198189	12.290357469	12.7172078771	13.213300315	13.5203474018	13.9670698026	14.3936629877	14.5262808726	14.6004847641	14.7362721176	15.0592069894	15.4815387318	15.9068499981	16.0086023713	16.1744079292	16.5931184629	17.2741540977	17.6666223301	17.7894388349	18.239992774	19.5719523812	19.761163465	20.660365154	20.8867924766	21.4786706758	22.3175813998	22.6859463784	23.2705593608	24.1062788822	24.4517242514	25.4533668148	25.5992788429	25.6980827083	26.1749325242	26.4380918284	26.9129595948	27.8127878026	28.1303728325	29.2566411442	30.4929605212	31.0633716974	31.7964881327	34.589320683
0.1099816	0.6239411052	1.3857103901	1.9557826688	2.2350753239	2.561215256	2.7327276093	3.0598350559	3.1829141972	3.5474163853	3.7140222937	3.8707213152	4.0965209571	4.4368596106	4.5782658061	4.7957251519	4.8691157088	5.2215818026	5.3351165799	5.655943599	5.7410608667	6.0391487391	6.1464187023	6.4282656229	6.5723891516	6.7378642201	6.8912286556	7.2798478615	7.5673474636	8.0619859858	8.2009024646	8.3393041714	8.5088857163	8.8488662347	8.9818721429	9.0610667626	9.2689499662	9.4372565514	9.521599101	9.8281599091	10.2732747643	10.3912457454	10.6613536373	11.0585872644	11.1046353613	11.2047383327	11.554903921	11.9424529453	12.175908049	12.2905521611	12.7178744485	13.212927285	13.5181668463	13.9695182183	14.3734405373	14.519729737	14.6180558867	14.7417971398	15.0560871956	15.4813243938	15.883806555	16.0134492768	16.1804659285	16.5950804186	17.2720197197	17.6644870652	17.7908989593	18.2408578183	19.5706217455	19.7577860283	20.6532320465	20.8867488775	21.4791771179	22.3168346386	22.6851814851	23.2698955798	24.1037746075	24.453658183	25.4504442627	25.6040908388	25.6964617364	26.1532235593	26.445039655	26.9207841093	27.81080798	28.1279474873	29.2553463717	30.4922737222	31.0614038983	31.7842363088	34.585895628
0.1128703	0.5765847797	1.3842937543	1.9433297009	2.2189722739	2.5412550316	2.7385316632	3.0488288537	3.1972585761	3.5212995953	3.7174451873	3.8627415262	4.1028751695	4.4174328945	4.5673661522	4.7988233425	4.868035803	5.2158272208	5.3417891264	5.6505080262	5.7586907624	6.0253399755	6.147954608	6.4307025731	6.5702128	6.7337756355	6.9057197897	7.2720326201	7.5670217796	8.0419166148	8.1972622274	8.342651796	8.5096975812	8.8394308855	8.9681734154	9.057338813	9.2706570549	9.4392054852	9.531280387	9.8202828661	10.2615472272	10.3937306677	10.6571909301	11.0619505839	11.0966200372	11.2100974565	11.5603024941	11.9375733592	12.179669864	12.2905806602	12.7189177262	13.2123581393	13.515161853	13.9723801762	14.3482964367	14.5137684789	14.6363012081	14.7499297773	15.0516039944	15.4806711571	15.857954676	16.0152743136	16.1885565753	16.5976930496	17.2689715514	17.6613421957	17.793231919	18.2420225233	19.5688178565	19.7532778727	20.6428107227	20.8873688956	21.4797351736	22.3159022234	22.6841625472	23.2689472228	24.1001007721	24.456676114	25.4466875009	25.6100057714	25.6943394093	26.1253354995	26.4533503445	26.9310227762	27.8080535465	28.1247273336	29.2534604317	30.4913663079	31.0586799981	31.7672284517	34.5812504515
0.1157590	0.513695424	1.3828402304	1.9275361121	2.1995154951	2.519220848	2.739899639	3.0421876188	3.2102526339	3.4917266733	3.7170307258	3.8569071217	4.1072722783	4.3956776415	4.5552014546	4.8001079857	4.8671929646	5.2084209921	5.349260036	5.6450332448	5.7794860499	6.010262138	6.1479503792	6.4328442213	6.566299576	6.7307066035	6.9233035654	7.2625240297	7.566351109	8.0188287247	8.1926456617	8.3451739756	8.5099881244	8.8284658061	8.9533017234	9.0508968816	9.2727502984	9.438416346	9.5451519281	9.8105620943	10.2485778565	10.3945648254	10.6530822976	11.0612271409	11.0921599957	11.2161181612	11.5671306358	11.9320205832	12.1844047375	12.2902637784	12.7204156243	13.2115470344	13.5114051801	13.9750689458	14.3198456825	14.5081309711	14.6541078606	14.7608597397	15.0456696379	15.479226	15.8309637891	16.0139651785	16.198152902	16.6008302504	17.2649655281	17.6571646594	17.7965772378	18.2434490102	19.5665768005	19.7478549761	20.6288561161	20.8891312957	21.4802150647	22.3148824176	22.6829448305	23.2677022287	24.0951464849	24.4610270759	25.442304895	25.6163009621	25.6918820948	26.0928167089	26.4624414644	26.9430981629	27.8045444717	28.1208789724	29.2509198765	30.4902884448	31.0552278925	31.7456095696	34.5755335975
0.1186477	0.4320758973	1.3816015794	1.908616939	2.1774363593	2.495302225	2.7358212592	3.0410911526	3.221295564	3.4600543634	3.711216844	3.8550475533	4.1077730327	4.3738247535	4.5420753041	4.7987417374	4.8670791516	5.199650526	5.3567035926	5.6398342627	5.8025112745	5.9944724647	6.1465745989	6.4341669901	6.5598341271	6.7296554709	6.9436200741	7.2517468697	7.5651802082	7.9938550242	8.1871781053	8.3462887785	8.5092915356	8.8167526987	8.9373187531	9.0423468257	9.274570069	9.4353028408	9.5621834321	9.7992919551	10.2349430955	10.3930364932	10.6497635935	11.0521634766	11.0959594286	11.2223565852	11.5752919265	11.926314704	12.1899824329	12.2894388741	12.722431265	13.2104398439	13.5070138069	13.9767989386	14.2893666661	14.5026152611	14.6710016079	14.7745466867	15.0382112296	15.4765431902	15.8041392031	16.0100772973	16.2086691898	16.604341131	17.259966858	17.6520460634	17.8009694827	18.2450985486	19.5639135895	19.7417909336	20.6112607108	20.8924300051	21.4804749617	22.3138831675	22.6816034075	23.2661540658	24.0888392386	24.4669558645	25.4374618424	25.6221202309	25.689312136	26.0570998203	26.4720070911	26.9564138158	27.8003102793	28.1166042375	29.2476564211	30.4890990218	31.0510791127	31.7195667086	34.5689336924
0.1215364	0.3229660501	1.3808629509	1.8869338424	2.1532161298	2.4695249768	2.7265945733	3.045529488	3.2298434518	3.4277921302	3.6997057627	3.8574781922	4.1027039967	4.3540509808	4.528245145	4.7942327769	4.8681319464	5.1899761191	5.3631803145	5.6353155213	5.8263882556	5.9783078927	6.1445183174	6.4342277663	6.5501793263	6.7312597095	6.9663374131	7.2402432798	7.5633560301	7.9679743475	8.1810243123	8.3455634152	8.5072093331	8.8050214849	8.9199867305	9.0325109439	9.2754324954	9.4307499513	9.5809940378	9.786818002	10.2210469995	10.3886788837	10.6479040489	11.0380147237	11.1051030792	11.2285505601	11.5846461313	11.9210374901	12.1962337156	12.2879820137	12.7249980461	13.2089818161	13.5021512345	13.9765645827	14.2579820218	14.4972175275	14.6869449112	14.7906227728	15.0292017915	15.4721119749	15.7786799133	16.0043659695	16.2196096449	16.6080577919	17.2539645985	17.6461963107	17.8063181981	18.2469358532	19.5608022362	19.7354154163	20.5901106694	20.8975123186	21.4803726712	22.313012383	22.6802350416	23.2643068185	24.0811782035	24.4746670883	25.4322702384	25.6265135454	25.6868448328	26.0195738705	26.4819356705	26.9704029672	27.7953928983	28.1121311361	29.2436057241	30.4878615128	31.0462657522	31.6893296997	34.5616776376
0.1244250	0.1426115051	1.3809312499	1.8630597502	2.1267820124	2.4422512706	2.7135636123	3.054250231	3.2351066683	3.3969946131	3.6835239853	3.8627277481	4.0912676266	4.3378943029	4.5140963674	4.7865015172	4.8705232114	5.1799422228	5.3677263863	5.6320056234	5.8492226464	5.961997095	6.1429148139	6.4326680773	6.5372320092	6.7355736708	6.9910717698	7.2286939035	7.560749106	7.9420310196	8.1743672998	8.3426519146	8.5035157586	8.7937970067	8.9009834755	9.0221903543	9.27487776	9.4254833336	9.6003438247	9.7735350996	10.207180372	10.3812841796	10.6479911999	11.0221781686	11.1163350722	11.2347362107	11.5949973112	11.9167855439	12.2029699924	12.285821054	12.7281111055	13.2071289105	13.4970217166	13.9731374969	14.2268142221	14.4921190194	14.7021521453	14.8084314341	15.0187010798	15.4654245923	15.7557201861	15.9975657471	16.2306370124	16.6118037178	17.2469869861	17.6399081679	17.8124254925	18.2489317056	19.5571579586	19.7291101604	20.5656891733	20.9044719756	21.4797750557	22.3123694546	22.6789595682	23.2621798471	24.0722569665	24.4842999691	25.426790931	25.6285840091	25.6844778249	25.981709369	26.4922223149	26.9845564381	27.7898498556	28.107703095	29.238716939	30.4866390748	31.0408168271	31.6551724144	34.5540280628
0.1273137	-0.24827658	1.3821191057	1.8378082097	2.097291037	2.4146017779	2.698439578	3.0649785114	3.2357961025	3.3707140547	3.6642039352	3.8681495969	4.0742469214	4.3257155227	4.5002137563	4.7758309429	4.8741148055	5.1700679229	5.3694834997	5.6304910129	5.8685412553	5.9458918869	6.1431848925	6.4291108877	6.5216383176	6.7420839078	7.0172812649	7.2179634578	7.5572788122	7.9167526271	8.1673818757	8.3372679368	8.4982132915	8.7832909066	8.8800810494	9.0120396572	9.2728011233	9.4198651534	9.6191884159	9.7599088852	10.1935614392	10.3709050721	10.6502592884	11.0062821101	11.1279004401	11.2413319556	11.6060906599	11.91412028	12.2100004589	12.2829423259	12.7317262097	13.2048618444	13.4918575188	13.965142735	14.1970200666	14.4876503707	14.7168777994	14.827149852	15.0069115847	15.4560998743	15.7362443609	15.990303304	16.2415715416	16.6154020274	17.2391153746	17.633503483	17.8190229655	18.2510632392	19.5528286297	19.7232966414	20.5384430624	20.913281411	21.4785647768	22.3120389362	22.6779204939	23.2598113896	24.0622718202	24.4959176209	25.4210411893	25.6277507804	25.6816334482	25.9452020293	26.5029049753	26.9984332846	27.7837573513	28.1035668041	29.2329624903	30.4854890551	31.0347540191	31.6174147778	34.5462800663
0.1302024	-0.3718404175	1.3847210352	1.81220357	2.0631823157	2.3885840553	2.6826738607	3.0744615498	3.2307358439	3.3527675802	3.6431210476	3.8703991539	4.0541856606	4.3167640098	4.4873511612	4.7627313712	4.8785575979	5.1607587084	5.3678591042	5.6312741351	5.8807956777	5.9313808947	6.1466508671	6.4229358518	6.5048793149	6.7499500451	7.04409998	7.2092049253	7.5529429213	7.8927568144	8.1602037579	8.3292146314	8.4914966617	8.7733560425	8.8572963894	9.0025155405	9.2694460498	9.4139140165	9.6365178805	9.7465651897	10.1803630716	10.3578134375	10.6546893652	10.991373141	11.1383544629	11.2491352149	11.6176215787	11.9135194512	12.2171394186	12.2793959026	12.7357649628	13.2022009862	13.4869016058	13.9513151915	14.1696197465	14.4842486317	14.731254265	14.8458687047	14.9942639697	15.4440403948	15.7209328271	15.9830722075	16.2523590309	16.6186829643	17.2304940974	17.6272823841	17.8258097179	18.2533115912	19.5476047119	19.7184069061	20.5089391896	20.9238368634	21.4766445884	22.312086995	22.6772845471	23.2572605689	24.0515162309	24.5095097361	25.4150030025	25.6238563575	25.6769851368	25.9120739844	26.5140248296	27.011659996	27.7772125619	28.0999590425	29.2263475362	30.484457141	31.0280866416	31.5764258779	34.5387571973
0.1330911	-0.4544687603	1.388977193	1.7874016628	2.0226749268	2.3666811727	2.6671845553	3.078239765	3.2216136554	3.3454255273	3.6213269706	3.8657746744	4.0346515353	4.3098891634	4.4762954288	4.7478525738	4.8833811864	5.1522697235	5.3626572041	5.6346267716	5.8799846029	5.9229561069	6.1538786839	6.4130621463	6.4892805721	6.7582831205	7.0700555541	7.2040765218	7.547851793	7.8705475185	8.1528953751	8.3184616792	8.48362752	8.7634648031	8.8330435636	8.9938753664	9.265284712	9.4074283426	9.6510068833	9.7345569042	10.1677318762	10.342423255	10.6610706732	10.978278736	11.1463851631	11.2591085034	11.6292552403	11.9153336836	12.2241966179	12.2753083395	12.7401235021	13.1992195184	13.4823885346	13.9309568458	14.1451224053	14.482400012	14.7452061024	14.8635469139	14.981567297	15.4295432163	15.7100353831	15.9762325103	16.263033521	16.6214903587	17.2213336836	17.6214876906	17.8324821699	18.2556570465	19.541254666	19.7148306979	20.477829175	20.935997661	21.4739397393	22.3125609645	22.6772398802	23.2546074297	24.0403655518	24.5250039576	25.408630737	25.6168344815	25.6689506456	25.8845366481	26.5256043612	27.0239236791	27.7703344202	28.0970929203	29.2189186043	30.4835714336	31.0208054914	31.5326286565	34.5318066664
0.1359798	-0.5137908152	1.3950186478	1.764592901	1.9746294635	2.3509708627	2.6523892375	3.0714830598	3.2140357403	3.3475579913	3.5996111041	3.8514612847	4.0184204277	4.3042642858	4.4676435313	4.7319681246	4.8880276376	5.1447323722	5.354094943	5.6405269257	5.8641094401	5.9223332908	6.1641365082	6.3983459463	6.4774605264	6.766335994	7.0927424015	7.2049970186	7.5422670893	7.8505045301	8.1454085821	8.3052332795	8.4747771417	8.7525916836	8.8083773316	8.9862070671	9.26085448	9.4001384229	9.6603883801	9.7259274057	10.155802674	10.3252118957	10.669086197	10.9676730757	11.1511577808	11.271922061	11.6406505219	11.9197518305	12.2309322548	12.2709249818	12.7446809507	13.19605176	13.4785260502	13.9043251778	14.1232316284	14.4825636011	14.7583987029	14.8788061608	14.9702876121	15.4132782961	15.7033691844	15.9700200195	16.2736842915	16.6236872226	17.2119058994	17.6162878622	17.8387541112	18.2580722599	19.5335823313	19.7128419921	20.4458289428	20.9496132842	21.4703991184	22.3134921091	22.6779925902	23.2519508741	24.0292570382	24.5422800856	25.4018579535	25.606094934	25.6569821373	25.8643317475	26.5376372257	27.0349632753	27.7632622235	28.0951439289	29.2107709189	30.4828367306	31.0128750161	31.4865068607	34.5257938097
0.1388684	-0.555591872	1.4027866904	1.7449069077	1.9192468749	2.3423702407	2.6383667712	3.0526350309	3.2117743444	3.3567098088	3.5785990787	3.8274330628	4.0054162665	4.2996497705	4.461572262	4.7159855347	4.8918653093	5.1382329901	5.342680633	5.648696965	5.8393776692	5.924195135	6.1755154746	6.378908004	6.4708997565	6.7735976143	7.1093412027	7.2145486781	7.5366440337	7.8328716398	8.137544776	8.2900641927	8.4649150816	8.73890663	8.7853904446	8.9794709719	9.256621551	9.3918259914	9.6616321003	9.7234916915	10.1447100063	10.3066681786	10.678389544	10.9600624765	11.1526373427	11.2875880945	11.651481095	11.9267796366	12.2369106181	12.2667518513	12.7493040936	13.1928930571	13.4754791371	13.8725701735	14.1030111026	14.4850834681	14.7701654875	14.8897011156	14.9628661019	15.3961379175	15.7004474179	15.9645598771	16.2844284022	16.6251610192	17.2025307925	17.61177653	17.8443686854	18.2605145808	19.5244870598	19.7125235484	20.4137115952	20.9645394634	21.4659956779	22.3149014709	22.679761261	23.2494046959	24.0186690793	24.5611823493	25.3946036264	25.5901560944	25.6428717955	25.8518029129	26.5500859172	27.0445614033	27.7561517631	28.0942360923	29.2020539533	30.4822292796	31.0042229341	31.4386151877	34.5210958676
0.1417571	-0.5825608154	1.4119182417	1.7292626297	1.8582050736	2.3405450675	2.6250171977	3.0250332817	3.2132430006	3.3709549431	3.5588391275	3.7963227464	3.9930752987	4.2961807682	4.4577069802	4.7009395588	4.8942241129	5.1329062222	5.3290250711	5.6586416406	5.809395705	5.9264734279	6.1856193461	6.356486603	6.4694874408	6.7798208489	7.1191240631	7.2328936265	7.5316748414	7.8177489025	8.1289193429	8.2738007585	8.453788526	8.7202500834	8.7667728206	8.9735404696	9.2529045128	9.3823848234	9.654547795	9.7272129505	10.1345967182	10.2872732968	10.6886587714	10.9557487059	11.1514690602	11.3055585992	11.6614497086	11.9362350611	12.2410851114	12.263967517	12.7538461522	13.1899869655	13.4733572713	13.8372938689	14.0834180608	14.4901096399	14.7793981483	14.8946787862	14.9618759164	15.3790525291	15.7006504912	15.9598823879	16.2953869278	16.6258293815	17.193557625	17.6079842762	17.8491043924	18.2629188634	19.5140003049	19.7137155353	20.382309207	20.9806468693	21.4607265126	22.3168083134	22.6827694426	23.2470922996	24.0091015674	24.5815269928	25.386778159	25.5677965857	25.6297251401	25.845775566	26.5628846721	27.0525382297	27.7491691967	28.0944284547	29.192974713	30.4816921911	30.9947261978	31.3895937515	34.5180951697
0.1446458	-0.5961768527	1.4215903972	1.7176459066	1.7949697717	2.3443050203	2.6121703952	2.993272223	3.2152441734	3.388712408	3.540894413	3.7614026013	3.9787295031	4.2939421275	4.4551395615	4.6879240365	4.894483846	5.128983874	5.3136900462	5.6694388047	5.7760427064	5.929221178	6.1922530577	6.3332948787	6.4725410284	6.785003428	7.1243689364	7.2567943945	7.52832618	7.8050932118	8.1189584652	8.257538977	8.440988223	8.6969290497	8.752982632	8.9682377931	9.2498520023	9.3718302929	9.6423910051	9.7335941151	10.1256185953	10.2675037032	10.6996250085	10.9547955112	11.1485996973	11.3250891047	11.6702982452	11.9477597553	12.2416508616	12.2645706894	12.7581401637	13.1875942776	13.4722046728	13.8001650554	14.0637493955	14.4975503879	14.7845491186	14.8956197776	14.9669783864	15.362861925	15.703354391	15.9559400408	16.3066623999	16.625647098	17.1853425976	17.6048976916	17.8527766575	18.2651923	19.502284864	19.7160032433	20.3525179345	20.9978254667	21.4546128067	22.319240137	22.6872364292	23.2451410753	24.0010576127	24.6031043116	25.3782899673	25.5401361963	25.6189692937	25.844468192	26.5759458027	27.0587478446	27.7424834574	28.0957022714	29.1837981524	30.4811316365	30.9841923519	31.3401877794	34.5171718375
0.1475345	-0.5973141731	1.4303112227	1.7011668984	1.7424359716	2.3519924224	2.59964283	2.960859555	3.2157757435	3.4080859859	3.5255355076	3.725451705	3.9609675902	4.2926772308	4.4526019644	4.6778920594	4.8922316757	5.1267380614	5.2971418201	5.6782114014	5.7427683184	5.9326281832	6.1938198299	6.3113454459	6.4793582502	6.789332149	7.1276165311	7.2823386109	7.5278442687	7.7947285023	8.1069918674	8.2424671628	8.4260791101	8.6717129182	8.7421466419	8.9633656323	9.2474521148	9.360280526	9.6277312248	9.7398224959	10.1179435206	10.2478394131	10.7110770982	10.9570152835	11.1450124257	11.3454873374	11.6778223687	11.9608417804	12.2385382815	12.268890534	12.7619910387	13.1859370339	13.4719933799	13.762794509	14.0437854688	14.5070636075	14.7842027686	14.8970836341	14.9751068026	15.3482641648	15.7079935828	15.9526251975	16.3183153384	16.6246150647	17.1782263453	17.6024811777	17.8552360735	18.2672127094	19.4896048324	19.7187402411	20.325298757	21.0159863751	21.4476997325	22.3222425672	22.6933673521	23.2436776478	23.9950258818	24.6256756129	25.369054557	25.5098195336	25.6103150101	25.8463417652	26.5891679521	27.0630768996	27.736258409	28.097949729	29.1748439346	30.4804139166	30.9723370357	31.2912716367	34.5186961267
0.1504232	-0.5864520552	1.4355919376	1.6524553381	1.7326045559	2.3616693559	2.5872548722	2.9303412306	3.2141024004	3.426047018	3.5142950685	3.6908070498	3.9395903969	4.291789413	4.4488189612	4.6712718723	4.8874621467	5.1262875092	5.2798390183	5.6719565677	5.7230716148	5.9366701137	6.1895187069	6.29235157	6.4891829685	6.7931049498	7.1301893185	7.306525069	7.5316496488	7.7863644671	8.0925025023	8.2295655927	8.4087821072	8.6469040271	8.7328220123	8.9587347963	9.2455511639	9.3479314145	9.611770499	9.7444791946	10.1117435617	10.2287633907	10.7228451201	10.9619864572	11.1416398239	11.3661729619	11.6839011778	11.9748437008	12.2335586831	12.2754465628	12.7651737824	13.1851108889	13.4726220048	13.7267913336	14.0237182732	14.5180737898	14.778246513	14.9018110824	14.9838022379	15.3358196514	15.7140779647	15.9497883918	16.3303386227	16.6227916668	17.1725135326	17.6006980076	17.8563643185	18.268831313	19.4762850895	19.7210976371	20.3016621927	21.0350619767	21.4400563219	22.325886786	22.7013442931	23.2428252121	23.9914627177	24.6489665053	25.3590107871	25.479189359	25.6033113782	25.850357222	26.6024448882	27.0654447487	27.7306460577	28.100965802	29.1664784647	30.4793635767	30.9587644395	31.2438700035	34.5230205329
0.1533118	-0.5637109448	1.4333627797	1.5990499116	1.743709391	2.3711949991	2.5748186956	2.903809777	3.2102669521	3.4373141377	3.5103243356	3.6598426198	3.9151152721	4.2905070306	4.4429684394	4.6675198341	4.8807275698	5.1272641788	5.2624893636	5.6407764104	5.7271981011	5.9412123633	6.1795679928	6.2774831239	6.5011967218	6.7966540033	7.1324773028	7.3273279244	7.5409874932	7.7796239256	8.075453306	8.2192316627	8.3891885033	8.6237270589	8.7244127581	8.9541868003	9.2438640897	9.3350428394	9.5950745061	9.7468520486	10.1071789799	10.2107438043	10.7347697124	10.9691058896	11.1393555828	11.3866353185	11.6885476206	11.9890348636	12.2277771343	12.2835770402	12.7674464024	13.1849660686	13.4739334678	13.693867163	14.0040018184	14.5297886688	14.7681741105	14.9097373865	14.9919231985	15.3259811209	15.7211885535	15.9472574776	16.3426296695	16.6203066956	17.1684559232	17.5995283554	17.8560688597	18.2698804001	19.4626740294	19.7221402843	20.2826212134	21.0550042383	21.4317753328	22.3302718931	22.7113205634	23.2427037748	23.9907736782	24.6726587832	25.3481538161	25.4498852286	25.5977858087	25.8559028183	26.6156735898	27.065804076	27.7257818443	28.1044457505	29.1591008635	30.4777630535	30.9429730006	31.1991531243	34.5304717774
0.1562005	-0.5287623079	1.4181706452	1.5586547759	1.7647726949	2.3783650213	2.5621090136	2.8831277533	3.2047507423	3.4369633215	3.5151944118	3.6357487212	3.8883511705	4.2880204589	4.4349597674	4.6649862415	4.8731070152	5.128293054	5.2465571065	5.60206694	5.7378320961	5.9461979681	6.1653276376	6.2670587065	6.5146292782	6.8002922919	7.1344057154	7.3438144547	7.5563207306	7.7740871041	8.0564353396	8.211057346	8.3679632596	8.6026310225	8.7167239907	8.9496100763	9.2419618892	9.3219501944	9.5779627673	9.746603224	10.1043752311	10.1941989387	10.7466684092	10.97767812	11.1389633918	11.4063542133	11.6919766434	12.0026345137	12.2215297704	12.2934082181	12.7685820619	13.1849797104	13.4757876568	13.665871927	13.9852061419	14.541192617	14.7560837374	14.9195750708	14.9991145654	15.319129488	15.7289664254	15.9448578076	16.3549620481	16.6173772114	17.1662393875	17.5989830353	17.8542776594	18.2701855307	19.449113078	19.7209397484	20.2690986442	21.0757806815	21.4229732452	22.3355198945	22.7234202071	23.2434333428	23.9932949602	24.6963843046	25.3365972261	25.4229869356	25.593766492	25.862660355	26.6287606116	27.0641410724	27.7217824409	28.1079913873	29.1531214841	30.4753550357	30.9244348698	31.1583560216	34.541342783
0.1590892	-0.4805612011	1.3889984428	1.5353496805	1.7935862595	2.3812479213	2.5488514495	2.8697942673	3.1982623783	3.4269994888	3.5215082151	3.6234779192	3.8601611806	4.283545365	4.4252862834	4.6614216744	4.8658902984	5.126332001	5.2349428297	5.5633366965	5.7472646974	5.951750275	6.1488576508	6.2607872972	6.5288623615	6.8042931368	7.1357204716	7.3562666537	7.5768481328	7.7693803948	8.0365134501	8.2038534688	8.3464910913	8.5835323948	8.7096991947	8.9449491084	9.2392247969	9.3091121845	9.5606519419	9.7436865388	10.1033981194	10.1794529011	10.7583110076	10.9870432181	11.1411414014	11.424713074	11.6946773333	12.0148763664	12.2148539128	12.3053842173	12.7684157673	13.1841894304	13.4782431768	13.6446300821	13.9679080469	14.551014763	14.7439400805	14.9299800991	15.005447563	15.3156033702	15.7371000332	15.9424332574	16.3669606846	16.6143230523	17.165974606	17.5991123866	17.8509350403	18.2695811529	19.4359104613	19.7167232112	20.2617929537	21.0973670637	21.4137907791	22.341761979	22.7377440605	23.2451390843	23.9992760786	24.7197257734	25.3246615798	25.3991117221	25.5913873512	25.8705003217	26.6416260453	27.0604746204	27.718745751	28.1111290786	29.1489320323	30.4718499326	30.90280645	31.1225614991	34.5558847448
0.1619779	-0.4166573454	1.3540691855	1.5231689516	1.8282978458	2.3786947449	2.5347868422	2.864519884	3.1915786958	3.4117699803	3.5201097131	3.6272172759	3.8313814563	4.2763822457	4.4145666849	4.6549938835	4.8600137532	5.1172086167	5.2314026573	5.5274301737	5.7524300098	5.9579942413	6.1322983985	6.258290894	6.5434589028	6.8088952418	7.1361476389	7.3658029658	7.6005391091	7.7653760349	8.0169432068	8.1957878035	8.3269132716	8.5660333274	8.7033079019	8.9402063022	9.2347773042	9.2971793812	9.5433062981	9.7383396016	10.1042365406	10.1666960664	10.7694130317	10.9967304004	11.1463371744	11.4409308974	11.6974600395	12.0250967288	12.2076769627	12.3200088648	12.7668909595	13.1813144644	13.4818209813	13.6314962815	13.9526272274	14.5577264333	14.7335104448	14.9398308017	15.0112404758	15.3157127691	15.7453113252	15.9398674951	16.3780892286	16.6115755876	17.1676908343	17.6000100998	17.8459995981	18.267927836	19.4233157736	19.7090256945	20.2610399676	21.1197354441	21.4043948698	22.3491161688	22.7543824406	23.2479565437	24.0088658193	24.7422308598	25.3129326534	25.3784506301	25.5908331992	25.8794140537	26.6542047609	27.054854559	27.7167521922	28.1133410559	29.1468676766	30.4669425172	30.8782386688	31.0923736316	34.574299407
0.1648665	-0.3310272514	1.3224142016	1.5149861055	1.8668695017	2.3707658072	2.5198115906	2.8668155716	3.1854124793	3.3938045121	3.5111191316	3.6435353729	3.8028776238	4.2660186513	4.4030780519	4.6452152972	4.8555820613	5.0990876082	5.2368867386	5.4965997251	5.7514674318	5.964491625	6.1177572084	6.2592649852	6.5581342126	6.8143155213	7.1354858586	7.3736976616	7.6243255839	7.7626269301	7.9989351911	8.1847636723	8.3118058542	8.5496234726	8.6975048807	8.935436613	9.2275346016	9.286955739	9.5260587558	9.7310651693	10.1068022802	10.1559638238	10.7796521074	11.0065832399	11.154660175	11.4540634806	11.7014245306	12.0328259415	12.1999155352	12.3376668776	12.7640886468	13.1751668321	13.4875512463	13.6268500971	13.9398057833	14.559728099	14.7263455303	14.9482385861	15.0169196485	15.3197283462	15.7533399526	15.9371046846	16.3876654047	16.609665642	17.1713321134	17.6018118131	17.8394446413	18.2651288258	19.4114935969	19.6977869057	20.266733254	21.1428356211	21.3949841445	22.3576580269	22.7734329396	23.2520344949	24.0221036244	24.7634463076	25.3021816515	25.360873453	25.5923075666	25.8894725478	26.6664449185	27.0473597277	27.7158660222	28.1141089056	29.1471638938	30.4603431929	30.8515664245	31.0676961703	34.5967316732
0.1677552	-0.2026960546	1.299207269	1.5070148327	1.907104928	2.3587989764	2.5040687366	2.8750166822	3.1802999435	3.3746399564	3.4990535327	3.6651711908	3.7758999262	4.2522148571	4.3905177671	4.6331407433	4.8519188802	5.0738149145	5.2478491518	5.4733498829	5.7436517516	5.9696736142	6.1074668563	6.2633833843	6.5727098564	6.8207527224	7.1336572735	7.3809239053	7.6438869215	7.7630615469	7.9834761242	8.1694912376	8.3030965732	8.5338289677	8.6922287801	8.9307351804	9.2165956265	9.279020516	9.509027376	9.7225671934	10.1109493725	10.1471399478	10.7887072224	11.0167736311	11.1658545068	11.4631478802	11.7077763379	12.0378443025	12.191538667	12.3585073532	12.7602297943	13.1652235599	13.4964512136	13.6300247829	13.9298245641	14.5558799187	14.723394411	14.9546233008	15.0228507692	15.3278429741	15.7609255478	15.9341687688	16.3949272122	16.6091683215	17.1767558265	17.6046880802	17.831261223	18.2611434654	19.4004965552	19.6833505838	20.2783477078	21.1665661862	21.3858023235	22.3673877318	22.7950199729	23.257533274	24.038918073	24.7829751687	25.2931064226	25.3461653598	25.5960085896	25.9008015477	26.6783039057	27.0380969718	27.7161355018	28.1129645856	29.1499138379	30.4518282732	30.8241461154	31.047841737	34.6232627088
0.1706439	0.1715051583	1.2868975594	1.4975329384	1.9466513225	2.345128118	2.4879003106	2.8868168312	3.1764957074	3.3553626489	3.4864368996	3.6851726523	3.7538620795	4.2349744308	4.3761322012	4.6207817321	4.8480732276	5.0440858506	5.25885469	5.4607430058	5.729370601	5.9712275172	6.1034183841	6.2702276637	6.5870780074	6.8283736445	7.130725192	7.3880399637	7.6540418167	7.7697702535	7.9711780303	8.1506045153	8.3009431333	8.5183014301	8.6874261817	8.9262188939	9.2017377795	9.2732577477	9.4923360249	9.7136428302	10.1165041756	10.1399827232	10.7963135249	11.0276748934	11.1793894909	11.4675119225	11.7174743785	12.0401744153	12.1826016526	12.3824089713	12.7556553828	13.1519482527	13.5087838085	13.6397309462	13.9230472392	14.5460715373	14.7245211029	14.9588388217	15.0291860849	15.3401146871	15.767789724	15.9311800321	16.3991652988	16.6105884055	17.1837344876	17.6088308664	17.8214635824	18.2559953163	19.3902398884	19.6663796459	20.295053619	21.1907267479	21.3771694415	22.3781985448	22.8193106528	23.2646174713	24.0591331292	24.8005507737	25.2859989292	25.334312276	25.602104685	25.9135651276	26.6897417735	27.0272025929	27.7175909986	28.1095412384	29.155034664	30.4413066807	30.7974314185	31.0318832633	34.6539037382
0.1735326	0.3150001494	1.2862036905	1.4858513609	1.9829901211	2.3326365451	2.4717539548	2.8999661393	3.1738722866	3.3366691479	3.4742626626	3.6901762076	3.7485729502	4.2144114621	4.3591871921	4.6102284934	4.843237016	5.0120627367	5.264845798	5.4616429078	5.7097359836	5.9678123676	6.1060617431	6.2792846454	6.6011844624	6.8372845615	7.1268834439	7.3952584139	7.6522609896	7.7834529406	7.962193148	8.1303071277	8.3041054214	8.5028708119	8.6830900074	8.922004092	9.1832880091	9.2690186626	9.4761378842	9.7050553301	10.1232733592	10.134184784	10.802315729	11.0396675423	11.1946124045	11.4670961547	11.7308685428	12.0400190371	12.1732538581	12.4090124788	12.7507989889	13.1365994094	13.52388046	13.6544464642	13.919878666	14.5311579212	14.7286145893	14.9611823627	15.035855446	15.3564139824	15.773622235	15.9283657582	16.399894539	16.6142107088	17.1919627177	17.6144321501	17.8100969291	18.2497736492	19.3804811258	19.6477422275	20.315864293	21.2149305789	21.369553796	22.3898535198	22.8465193765	23.2734434617	24.0824817085	24.8161070508	25.2804981195	25.3257056053	25.6107060822	25.9279518809	26.7007118307	27.0148479788	27.7202405535	28.1036150007	29.162251989	30.428886016	30.7725886775	31.0189623336	34.6885907882
0.1754320	0.3402962417	1.3276608873	1.5107050485	1.9863886749	2.3349594057	2.4671927198	2.9026006528	3.1832898317	3.3421664302	3.4906440224	3.6947637221	3.7429578644	4.2319378227	4.3666162562	4.6155754163	4.8546856109	5.0274155425	5.272558026	5.4631525981	5.725636055	5.9767285735	6.1024460357	6.2761361751	6.6048089544	6.8472308401	7.1291241956	7.3871941841	7.6647473201	7.7775737124	7.9747758336	8.1456624524	8.3109021641	8.5067678891	8.6930757928	8.9265281189	9.200347548	9.2729900104	9.4896236818	9.7108278492	10.1220078456	10.1350838494	10.8067194454	11.035228032	11.1833096867	11.4683725871	11.7181966287	12.0336422266	12.1737396028	12.4087398156	12.7515511189	13.1382134155	13.5117081516	13.6525929816	13.9157509938	14.5429224857	14.7301377389	14.9667200221	15.0501304505	15.3543477535	15.7765176925	15.9282873468	16.4040768169	16.621213948	17.2066119631	17.6239789533	17.8288599441	18.2450532536	19.379260849	19.6701922617	20.3102258817	21.2087367739	21.3698658016	22.3900211109	22.8559435038	23.2730907241	24.0688188252	24.8009420761	25.2782882756	25.3344849389	25.6069210923	25.9216405998	26.7117075346	27.0238531442	27.7200891006	28.1115070508	29.1767030456	30.4564736199	30.7964050264	31.0358819181	34.6829853206
0.1773314	0.3675881942	1.3663714115	1.5364512515	1.9874496005	2.3369104391	2.4624106068	2.9030735538	3.1866935242	3.349419265	3.5075630684	3.6953741466	3.7444316739	4.2459250947	4.3765826289	4.6231371232	4.8648621875	5.0421613522	5.2796470592	5.4653701438	5.7434997156	5.9851917598	6.1000064561	6.2729260709	6.6084713684	6.8582016752	7.1317213201	7.3777470406	7.673083328	7.7748491698	7.9872612368	8.1602670426	8.3173356339	8.5105312094	8.7037883207	8.9308217326	9.2153693919	9.2766540032	9.5038482127	9.717286766	10.1209093478	10.1367981191	10.8105775997	11.0305740533	11.1717950105	11.4686885125	11.70634822	12.0262889349	12.1752157151	12.4095223569	12.752976822	13.1396270098	13.4983831581	13.6510131684	13.912115334	14.5543833627	14.7319326846	14.9717140538	15.0653130175	15.3523607529	15.7793056055	15.9282565113	16.4072313145	16.6288899597	17.2212450725	17.6344854513	17.8468691022	18.2401846678	19.3774005852	19.6923475707	20.3056287083	21.2022753117	21.3709234115	22.3894644386	22.8649771745	23.2725685034	24.0540441371	24.7857748797	25.2760132639	25.3435896145	25.6031319762	25.9152523566	26.7227694037	27.0320394382	27.7198265849	28.1185624381	29.1914062598	30.4836869586	30.820824774	31.0530786583	34.6773119629
0.1792308	0.3967366175	1.4019688214	1.5628268056	1.9864094424	2.3385762917	2.4574099345	2.902243328	3.1852724163	3.3566088424	3.5253049052	3.6908870312	3.7541652222	4.2555340025	4.3892896207	4.6331457578	4.8738803404	5.0559807791	5.2862484995	5.468543319	5.7628987421	5.9925183275	6.0993557348	6.2698553322	6.61218719	6.8700115172	7.1345765728	7.367020296	7.6759777902	7.7767625791	7.9994302787	8.1736145709	8.323756358	8.5144802751	8.7151393834	8.9348889809	9.226896326	9.2814378098	9.5184684533	9.7244384815	10.1202641011	10.1391241284	10.8139446277	11.025433333	11.1602609783	11.468036026	11.6953511423	12.0183787061	12.177352204	12.4113900203	12.7550600342	13.1407843733	13.484063853	13.6496956779	13.908861842	14.5653766841	14.734124779	14.9764363469	15.0809624983	15.3505101545	15.7819692707	15.9283439818	16.4093972609	16.6371483988	17.2358131214	17.6458742175	17.8639631302	18.2352517162	19.3753126284	19.7135492845	20.3023243192	21.1956992864	21.3726224687	22.3881638541	22.8736145743	23.27187518	24.0382232708	24.7707060462	25.2737197028	25.3528928585	25.5993700111	25.908852784	26.7338302519	27.0393293259	27.7195649667	28.1247536835	29.2062732155	30.5104465068	30.8456827489	31.0705213767	34.6716033614
0.1811303	0.4274886984	1.4342623896	1.5894335024	1.9835367305	2.3400166994	2.4521433891	2.9008537659	3.1806199988	3.3620638974	3.5440141788	3.683784348	3.7694625974	4.2606346169	4.4044408879	4.6455580063	4.8819129319	5.0686171256	5.292521334	5.4728452397	5.7834349985	5.9980327093	6.1009975986	6.2672285725	6.6159733975	6.8824456082	7.1375576763	7.3551509154	7.673361416	7.7835535911	8.011098932	8.1852202466	8.3305342954	8.5188954793	8.7269598751	8.9387630969	9.2338223988	9.2885383128	9.53306851	9.7323136842	10.1202317405	10.1419739375	10.8168769658	11.0195213758	11.1489312616	11.4664430221	11.6851942812	12.0103057262	12.1798370927	12.4143620326	12.7577789175	13.1416304939	13.4689170246	13.648637713	13.9058753122	14.5757236688	14.7368446977	14.9810722322	15.0967173463	15.3488599163	15.7844961955	15.9286181142	16.4106292108	16.6458843883	17.250270866	17.6580588538	17.8799865011	18.2303377655	19.3732913888	19.7332620428	20.3005490459	21.1891549037	21.3748656773	22.3861054174	22.8818530158	23.2710107287	24.0214420912	24.7558252205	25.2714252667	25.3623070796	25.5956601439	25.9025031147	26.7448290092	27.0456600407	27.7193968312	28.1300824419	29.2212092045	30.5366832832	30.8707863027	31.0881827444	34.6658920098
0.1830297	0.4595251468	1.4632473833	1.6157388509	1.9791181971	2.3412589066	2.4465550511	2.8995369532	3.1741056879	3.3649272482	3.5633596531	3.6764092687	3.7877651095	4.2617241693	4.4213279683	4.6600517088	4.8891806814	5.0799027134	5.2986328425	5.4783394459	5.8047530734	6.0013522532	6.105037422	6.2654670268	6.6198410115	6.8952734823	7.1404894247	7.3423183299	7.6665280694	7.7940817251	8.0221145045	8.1947092232	8.3379533515	8.524030316	8.7390076769	8.9424942831	9.2365011443	9.2978140206	9.5471649456	9.740972917	10.1209096743	10.1453053959	10.8194224923	11.0125749478	11.1380397302	11.463974365	11.6758279312	12.0024142719	12.1824018082	12.41844123	12.7611063627	13.1421131245	13.4531127893	13.6478443434	13.9030418498	14.5852383112	14.7402244145	14.9857390676	15.1122723361	15.3474833652	15.7868795637	15.9291404953	16.4109914428	16.6549858254	17.2645759468	17.6709449838	17.8947939101	18.2255232643	19.3715466693	19.7510573051	20.3005058101	21.1827772222	21.3775656492	22.3832818644	22.8896924588	23.2699769388	24.0038065293	24.7412119025	25.2691379331	25.3717637295	25.5920207024	25.8962599042	26.7557118511	27.0509849152	27.7193947371	28.1345749605	29.2361156976	30.5623367543	30.895920315	31.1060383061	34.6602100388
0.1849291	0.492493761	1.4890650797	1.6411308796	1.9734467332	2.3422584602	2.4406525038	2.8988114614	3.1667249932	3.3651326323	3.58221753	3.6705464692	3.8075253141	4.2595795728	4.4391413735	4.6760705542	4.8959492612	5.0897626258	5.3047478444	5.48497137	5.8265229002	6.0025972997	6.1109940058	6.26510508	6.6237895069	6.9082614251	7.1431403588	7.3287580042	7.6570519653	7.806911139	8.0323557375	8.2019076837	8.3461046369	8.5301176076	8.7509838856	8.9461415994	9.2364281422	9.3080884251	9.5602329565	9.7504957698	10.1223631006	10.1490864928	10.8216109651	11.0043953399	11.1277984704	11.4607289604	11.6671689827	11.9949911726	12.1848297089	12.423608323	12.7650100862	13.1421850441	13.4368209437	13.6473270306	13.9002542493	14.5937418745	14.7443860618	14.9905054535	15.1273559554	15.3464655013	15.7891196485	15.9299616789	16.4105534704	16.6643394744	17.2786880577	17.6844304092	17.9082569967	18.2208819853	19.3702271777	19.7666101092	20.3023424566	21.176688136	21.3806454461	22.3796937393	22.8971350032	23.2687776469	23.9854418173	24.7269364224	25.2668636873	25.3812046211	25.5884635243	25.8901747751	26.7664327534	27.0552745103	27.7196111496	28.1382771851	29.2508928612	30.5873520878	30.9208541282	31.1240644234	34.6545890132
0.1868285	0.5260316868	1.5119332824	1.6650051085	1.9668123549	2.3428273236	2.4346051288	2.8990732914	3.1591604058	3.363078355	3.5981333898	3.6686556399	3.8277464093	4.2549773374	4.4571886188	4.6929046132	4.9025260929	5.0982035721	5.3110127805	5.4925864491	5.8483998775	6.0023086996	6.1179568486	6.2667437325	6.6278036388	6.9211829334	7.145203885	7.3147810976	7.6461033455	7.82099559	8.0417343834	8.2068836697	8.3548383355	8.5373660897	8.7625538631	8.9497680722	9.2350312429	9.3183306739	9.5717600146	9.7609496476	10.1246357023	10.1532792159	10.8234461873	10.9948924434	11.1183629263	11.4568326377	11.6591108428	11.9882657758	12.1869562474	12.4298173601	12.7694523301	13.1418066288	13.4202083351	13.6471017843	13.8974160127	14.601083711	14.749423937	14.9954053174	15.1417147786	15.3459041537	15.7912247443	15.9311175466	16.4093870709	16.6738353879	17.2925680977	17.698404557	17.920273144	18.2164759503	19.3694360247	19.7797041666	20.3061300663	21.1709955331	21.3840376536	22.3753506947	22.9041843663	23.2674189757	23.9664911319	24.7130610366	25.2646095537	25.3905779001	25.5849944513	25.884294158	26.7769535515	27.0585173624	27.7200789618	28.141249865	29.2654419469	30.6116771935	30.9453501925	31.1422348901	34.6490597405
0.1887279	0.5597792627	1.5320822267	1.6868464976	1.9594959802	2.3425471328	2.4288472903	2.9005854131	3.1518706465	3.359330835	3.6073327164	3.6742843857	3.8477405898	4.248583813	4.4749394332	4.7097877247	4.9092472855	5.1052967072	5.3175323853	5.5009661704	5.8699706989	6.0011875551	6.1250009786	6.2709331905	6.6318526648	6.9338265184	7.1462750895	7.3007994351	7.6344286082	7.8356984204	8.0501963966	8.2099061154	8.3638105354	8.5459451615	8.7733714465	8.9534375555	9.2332839901	9.3280023217	9.5813175336	9.7723445818	10.1277516015	10.1578327407	10.8249002354	10.9841135004	11.1098098931	11.4524280082	11.6515365932	11.9824121111	12.1886654094	12.4369934235	12.7743892027	13.1409487437	13.4034368584	13.6471871595	13.8944441596	14.6071641217	14.7553837964	15.000447405	15.1551058616	15.3459084996	15.7932112183	15.9326267478	16.4075647825	16.6833696674	17.3061773141	17.7127472599	17.9307758822	18.2123493978	19.3692405656	19.7902379455	20.3118463402	21.1657928404	21.387682752	22.3702729515	22.9108453583	23.2659095779	23.9471136801	24.6996410809	25.2623845473	25.3998361264	25.5816141051	25.8786590254	26.7872435735	27.0607202247	27.7208126091	28.1435639131	29.2796674174	30.6352599574	30.9691740558	31.1605161471	34.6436520929
0.1906274	0.5933881781	1.5497168074	1.7062822341	1.9517649765	2.3407330575	2.4241192338	2.9034737557	3.1451572218	3.3544576283	3.6085389475	3.6884286005	3.8670299209	4.2409440549	4.4919876184	4.7259974592	4.9164468164	5.1111604213	5.3243448822	5.5098682363	5.8906936679	5.9999077349	6.1315893464	6.2780004898	6.6358916342	6.9460001245	7.1458331315	7.287346825	7.6224994322	7.8506434349	8.0577212275	8.2113492287	8.3725977292	8.5559596734	8.7831056988	8.9572119068	9.2318139233	9.3369049995	9.5886258752	9.7845935234	10.1317131365	10.1626817107	10.8259099352	10.9722433551	11.1021412126	11.4476632919	11.6443329675	11.9775513204	12.1898843394	12.4450330638	12.7797697181	13.1395959382	13.3866617661	13.647602171	13.8912710874	14.6119515399	14.7622470737	15.0056217344	15.1672976993	15.3465928472	15.7951024246	15.9344895296	16.4051595623	16.692845846	17.3194764439	17.7273268702	17.9397459136	18.2085226887	19.3696785033	19.798224863	20.3193691384	21.1611584643	21.3915272608	22.36449289	22.9171233684	23.2642608776	23.9274822828	24.6867261131	25.2601996544	25.4089354015	25.5783188508	25.8733046354	26.7972789041	27.0619077513	27.7218097483	28.145296206	29.2934787133	30.6580459776	30.9921050711	31.1788613848	34.6383948438
0.1925268	0.6265260932	1.5650055278	1.723101668	1.9438692868	2.3365885408	2.4213067459	2.9077350478	3.1392063062	3.3489617286	3.6047391388	3.7078267923	3.8852923762	4.2325014518	4.5080045249	4.7409489762	4.9244063467	5.1159450527	5.3314051505	5.5190584498	5.9098499267	5.999062196	6.1377901133	6.2879201322	6.6398643318	6.9575309484	7.1432596501	7.2750678639	7.6106275744	7.8656001393	8.0643180986	8.2115986661	8.380815397	8.5674228654	8.791469159	8.9611474896	9.2310220766	9.3450188383	9.5935857889	9.7975007337	10.1364966702	10.1677477006	10.8263759861	10.9595777151	11.095311077	11.4426821607	11.6374026617	11.9737541683	12.1905770031	12.4538073028	12.7855346262	13.137749865	13.3700300772	13.648364137	13.8878457658	14.6154868292	14.7699272318	15.010904228	15.1780805488	15.3480635806	15.796926459	15.9366880349	16.4022452128	16.7021752743	17.3324248588	17.7419977097	17.9472212381	18.2049875744	19.3707616136	19.8037835727	20.3284829378	21.1571548764	21.39552192	22.3580567233	22.9230238747	23.2624873013	23.9077805359	24.6743609806	25.2580673769	25.4178350356	25.5751018545	25.8682603156	26.8070413208	27.0621216609	27.7230534278	28.1465259365	29.3067916105	30.6799769825	31.0139468116	31.1972043268	34.6333155211
0.1944262	0.6588792521	1.5780866794	1.7372505733	1.9360373409	2.3296118055	2.4210229393	2.9132572039	3.1341133033	3.3432681112	3.5986999199	3.7294561195	3.9023236201	4.2236203078	4.5227107438	4.754270498	4.9332970263	5.1198189024	5.3385830664	5.5283279714	5.9265508506	5.9991608939	6.1442395319	6.3003344877	6.6437074811	6.9682583427	7.1379482804	7.2646218143	7.5990311109	7.8804176159	8.0700186871	8.2109939854	8.3881941939	8.5802398255	8.7982448353	8.9652908415	9.2311413863	9.3524089052	9.5962661637	9.8107863646	10.1420479532	10.1729426965	10.8261658641	10.9464840433	11.0892610272	11.4376160422	11.6306731882	11.9710440396	12.190737552	12.4631664834	12.7916151559	13.1354327291	13.353679016	13.6494864463	13.8841345266	14.6178730254	14.7782799851	15.0162602491	15.1872857044	15.3503987938	15.7987129878	15.939187897	16.3988972122	16.7112768675	17.3449797201	17.7565969342	17.9533045214	18.201705501	19.3724780282	19.8071185611	20.3388971558	21.1538272755	21.399620029	22.3510261705	22.9285519901	23.2606064844	23.8881996403	24.6625867611	25.2560011192	25.4264974794	25.5719541519	25.8635493243	26.8165169279	27.0614194906	27.7245146234	28.1473315768	29.319529157	30.7009899889	31.0345358183	31.2154539777	34.6284402777
0.1963256	0.6901540949	1.5890823414	1.7488086334	1.9284716476	2.3199251304	2.4232664748	2.9198486448	3.1298968991	3.3377299775	3.5917269896	3.7517698832	3.9180070863	4.214604229	4.535868284	4.7658386787	4.9431385938	5.1229547179	5.3456788213	5.537496286	5.9399040966	6.0005634023	6.1518817523	6.3147057493	6.6473558553	6.9780151133	7.1295342642	7.2564775255	7.5878703156	7.894988882	8.074866417	8.2098088572	8.3946026034	8.5942108865	8.8033072092	8.9696742906	9.2322610379	9.3591766385	9.5968611776	9.8241339738	10.1482784555	10.1781736754	10.8251230267	10.933363979	11.0839461003	11.4325794676	11.6241015336	11.9694007996	12.1903840666	12.472945993	12.7979318545	13.1326904018	13.3377345783	13.6509762415	13.880121661	14.6192555514	14.7871224859	15.0216474067	15.1948096632	15.3536240969	15.8004895743	15.9419407793	16.3951936497	16.7200765063	17.3570951583	17.7709411176	17.9581659408	18.1986103012	19.3747937172	19.8084948897	20.3502719071	21.1512018945	21.4037759944	22.3434800164	22.9337120586	23.2586394342	23.8689350019	24.6514415366	25.2540145764	25.4348883485	25.5688656725	25.8591888253	26.8256944943	27.0598731167	27.7261549789	28.1477884684	29.3316222114	30.7210171644	31.0537472188	31.2334917963	34.6237937816
0.1982250	0.7200784843	1.5981140845	1.7579576474	1.9213446291	2.3081553411	2.4275317387	2.9272708007	3.1265080332	3.3326385739	3.5843841405	3.7739737092	3.9322902692	4.2057095813	4.5472882681	4.7757544064	4.9538003432	5.1255168984	5.3524517361	5.5464048628	5.9494207759	6.0032715536	6.1615944044	6.3304806337	6.6507479485	6.9865870669	7.1181434479	7.250710426	7.5772670265	7.9092319741	8.078903544	8.2082555898	8.4000288693	8.6090546496	8.8066320016	8.974312743	9.2343408861	9.3654351366	9.5956401332	9.837238458	10.1550639952	10.1833475089	10.8230869231	10.9206200799	11.0793447969	11.4276683021	11.6176748515	11.9687655967	12.1895532428	12.4829719527	12.8043937722	13.1295946179	13.3223105178	13.652832014	13.8758099876	14.6198007177	14.7962538288	15.0270177645	15.2006345179	15.3576928775	15.8022780126	15.9448874299	16.3912160456	16.728506305	17.3687215044	17.784823353	17.9620401741	18.1956156985	19.3776536177	19.8082123402	20.3622454666	21.14928414	21.4079440953	22.3355154007	22.9385073142	23.2566106243	23.8501827165	24.6409609819	25.2521212026	25.4429764128	25.5658261959	25.8551900116	26.8345634802	27.0575672583	27.7279295806	28.1479670157	29.343009627	30.7399862963	31.071496181	31.2511723896	34.619399124
0.2001245	0.7484028769	1.605316874	1.7649466203	1.9147955344	2.2950853907	2.4331524381	2.93526817	3.1238384643	3.3282296239	3.5769376469	3.7955790529	3.9451661917	4.1971545862	4.5568474489	4.7842638435	4.9650453112	5.1276505746	5.3586558297	5.5549083517	5.9553818207	6.006806513	6.1738359466	6.3471872078	6.6538318045	6.9936281043	7.1044899665	7.2469951751	7.5673153072	7.923080057	8.0821582353	8.2065004399	8.404543318	8.6244413728	8.8082916371	8.979202237	9.2372291319	9.3712962211	9.592906847	9.8498386637	10.1622466787	10.1883755877	10.8199293086	10.9086198133	11.0754544742	11.422960246	11.6114080565	11.9690463751	12.1882963446	12.4930662384	12.8108983244	13.1262434556	13.3075082082	13.6550411148	13.8712215038	14.6196782953	14.8054712761	15.0323194686	15.2048346685	15.3624806537	15.8040911415	15.9479608623	16.3870498949	16.736503892	17.3798046177	17.7980126085	17.9652164703	18.1926268449	19.3809827298	19.8065832961	20.3744586705	21.1480568559	21.4120774708	22.327248645	22.9429396158	23.2545479892	23.8321360556	24.6311787614	25.2503337991	25.450733437	25.5628262598	25.851558397	26.8431117172	27.0545981956	27.7297896037	28.1479314415	29.3536381389	30.757821742	31.087735082	31.26832794	34.6152777471
0.2020239	0.7749015574	1.6108489704	1.7700590349	1.9089289219	2.2814329316	2.4395218565	2.9435917248	3.1217330211	3.3246837534	3.569534782	3.8162264414	3.9566591365	4.1891246144	4.5645059393	4.791657898	4.9765921129	5.129473788	5.3640746362	5.5628694806	5.9586201479	6.0105554672	6.1884736517	6.3644619272	6.6565705065	6.9984856871	7.0898604645	7.2448016627	7.5580876537	7.936476296	8.084634683	8.2046802771	8.4082591881	8.6400257671	8.808437583	8.9843195012	9.2406885371	9.3768623448	9.5889737456	9.8617308635	10.1696405425	10.1931777616	10.8156075703	10.8976504182	11.0722779307	11.4185168324	11.6053394295	11.9701236843	12.186676465	12.5030505199	12.8173322358	13.1227591504	13.2934179243	13.6575771924	13.8663981827	14.6190501521	14.8145804095	15.0374977617	15.2075654299	15.3677977327	15.8059305064	15.951089379	16.3827848173	16.7440117936	17.390285381	17.8102584986	17.9680202444	18.1895541842	19.3846874239	19.8039165491	20.3865736141	21.1474790892	21.4161273405	22.3188153839	22.9470092717	23.2524827799	23.8149820791	24.6221267477	25.2486642275	25.4581337502	25.5598580965	25.8482942864	26.8513226822	27.0510729357	27.7316847015	28.1477390408	29.36346202	30.7744457282	31.1024473064	31.2847755489	34.6114493891
0.2039233	0.7993738959	1.6148962972	1.7735866864	1.9038143888	2.2677889341	2.4461549838	2.9520132398	3.1200083634	3.3221207101	3.5622771269	3.8356179177	3.966813751	4.181774049	4.5703183693	4.7981892497	4.9881637273	5.1310734709	5.3685491575	5.5701610977	5.9599618343	6.0142364322	6.2048729468	6.3820346059	6.6589467083	6.9999114631	7.0761999069	7.2436052461	7.5496391032	7.9493708463	8.0863096531	8.2029146113	8.4113019427	8.6554726948	8.8072746108	8.9896208184	9.244431154	9.3822190775	9.5841483336	9.8727670912	10.1770404638	10.197685398	10.8102197051	10.8878738119	11.0698074965	11.4143861882	11.5995252688	11.9718563711	12.1847668989	12.5127492915	12.8235739945	13.1192823263	13.2801220192	13.6603975888	13.8614029278	14.6180642123	14.823400135	15.042495371	15.2090383202	15.3734151915	15.8077850988	15.954199283	16.3785142265	16.7509769755	17.400099459	17.8213060477	17.9707834843	18.1863276905	19.388657155	19.8005071421	20.3982860432	21.1474857845	21.420042488	22.3103697468	22.9507149646	23.2504492429	23.7988984965	24.6138350819	25.247123238	25.4651533862	25.5569167434	25.8453934176	26.8591722906	27.0471090345	27.7335650472	28.1474398633	29.3724425678	30.7897798778	31.1156392662	31.3003259987	34.6079320476
0.2058227	0.8216454585	1.6176705475	1.7758128547	1.8994866296	2.2546243723	2.4526830204	2.9603298819	3.1184786193	3.3205892984	3.5552541585	3.8534929408	3.9756867032	4.175225049	4.574432697	4.8040283941	4.9995086365	5.1325052747	5.3719955791	5.5766749611	5.9599846605	6.0179121351	6.2221399295	6.3996918102	6.6609654703	6.9960491177	7.0660273281	7.2429919858	7.5420105089	7.9617179687	8.0871384608	8.2013095212	8.4137895721	8.6704745369	8.805033421	8.9950388736	9.248158322	9.3874257407	9.5787277012	9.8828446578	10.1842331306	10.201843569	10.8040268275	10.8793106004	11.0680118691	11.4106059671	11.5940343719	11.9740868944	12.1826502624	12.5219920718	12.8294981472	13.1159620385	13.2677002193	13.6634407845	13.8563206078	14.6168520283	14.8317644221	15.0472523182	15.2094932618	15.3790937335	15.8096312744	15.9572172291	16.3743344535	16.7573505633	17.4091774445	17.8309245838	17.9738012899	18.1829099435	19.3927667618	19.7966310537	20.409332115	21.1479888336	21.423769068	22.3020823303	22.9540537888	23.2484840823	23.7840508925	24.6063321047	25.2457203901	25.4717685616	25.5540015764	25.842847754	26.8666251408	27.0428352377	27.7353829875	28.1470767449	29.3805474837	30.8037468566	31.1273322987	31.314792359	34.6047419581
0.2077221	0.8415687206	1.6194014834	1.7770049836	1.8959452671	2.2423113727	2.4588330549	2.9683600625	3.1169849669	3.320057073	3.5485605293	3.8696235968	3.9833401748	4.169563808	4.577075349	4.809258021	5.0103977261	5.1337967755	5.3744123039	5.5823334237	5.9590888855	6.0217262599	6.2393432504	6.4172270002	6.6626545335	6.9859167959	7.0609484002	7.2426761216	7.5352315425	7.9734714512	8.087071799	8.199952682	8.4158223036	8.6847616574	8.8019469437	9.0004777068	9.2516009881	9.3925036962	9.57299759	9.8918924518	10.191008347	10.205612535	10.7974170056	10.8718762099	11.0668291276	11.4072060392	11.5889428234	11.9766462511	12.1804178768	12.5306150833	12.8349814786	13.1129417022	13.2562368143	13.6666241037	13.8512589619	14.6155283832	14.8395224859	15.0517053253	15.209176176	15.3846066648	15.8114338484	15.9600722357	16.3703432872	16.7630877451	17.417445533	17.8389495546	17.9772765418	18.1793071909	19.3968795213	19.7925430328	20.4194907084	21.1488798222	21.4272508215	22.2941367336	22.9570214026	23.2466256794	23.7705904109	24.5996441899	25.2444640415	25.4779531174	25.5511186778	25.8406463942	26.873630207	27.0383930007	27.7370943038	28.1466856105	29.3877501957	30.8162720526	31.1375556504	31.3279972948	34.6018935859
0.2096216	0.859023087	1.6203251627	1.7774140399	1.893155197	2.23114303	2.4644084148	2.9759330054	3.1154234922	3.3204051661	3.5423054977	3.8838189859	3.9898366316	4.164835572	4.578526222	4.8138921449	5.0206086759	5.1349532592	5.3758777755	5.5870986619	5.9576043096	6.0257099456	6.2556429976	6.434381019	6.6640609648	6.9710569189	7.0600421479	7.2424808113	7.5293235189	7.9845763049	8.0860821936	8.1989021446	8.417478955	8.6981071959	8.7982336695	9.0058075169	9.254554492	9.3974240317	9.5672339168	9.8998579775	10.1971689173	10.2089687149	10.7908260814	10.8654526204	11.0661671647	11.4042106859	11.5843293022	11.9793587678	12.1781688526	12.5384627996	12.8399105719	13.110342069	13.2458289201	13.6698421226	13.8463489178	14.6141918457	14.8465385696	15.0557871527	15.2083249109	15.3897536895	15.8131482766	15.9626974149	16.3666379233	16.7681478417	17.4248268661	17.8453249528	17.9812653867	18.1755779914	19.4008511248	19.7884759444	20.4285824868	21.1500346561	21.4304298014	22.2867245083	22.9596122982	23.2449130554	23.758651964	24.5937955113	25.2433613812	25.4836743111	25.5482846989	25.838776557	26.8801161756	27.0339387138	27.738659111	28.1462959707	29.3940291693	30.8272852184	31.1463411272	31.3397785548	34.5993996301
0.2115210	0.8739139626	1.6206706074	1.7772758385	1.8910493786	2.2213494725	2.4692719971	2.9828755563	3.113765039	3.3214331346	3.5366172599	3.8959328478	3.9952345315	4.1610406861	4.5790896469	4.8179041271	5.0299096042	5.1359651114	5.3765408732	5.590975147	5.9558304365	6.0297392741	6.2703460188	6.4507798961	6.6652428041	6.9540996097	7.0613453913	7.2423117757	7.5243018933	7.9949538371	8.0841965638	8.1981749967	8.4188174314	8.7103252163	8.7940905393	9.0108621847	9.2569017024	9.4020983493	9.5617054437	9.9066974573	10.2025382722	10.2119046607	10.7846603059	10.8599522476	11.0659106818	11.4016401837	11.580270945	11.9820472275	12.1760082599	12.5453897585	12.8441895278	13.1082438404	13.2365942468	13.6729666068	13.8417434911	14.612925657	14.8526919592	15.0594264023	15.2071619156	15.3943666383	15.8147237643	15.9650314759	16.363312361	16.7724945161	17.4312436493	17.8501247078	17.985645826	18.1718388218	19.4045347066	19.7846403052	20.4364667444	21.1513200124	21.4332477022	22.2800385077	22.9618201787	23.2433845973	23.7483529875	24.5888077731	25.2424184845	25.4888859743	25.5455332549	25.837224594	26.8859870834	27.0296459816	27.7400424464	28.1459315384	29.399367242	30.8367220208	31.1537194466	31.3499926441	34.5972710355
0.2134204	0.8861707284	1.6206473728	1.7768100516	1.8895358931	2.2131104422	2.473332169	2.9890005654	3.1120624266	3.3228762755	3.531642398	3.9058693993	3.9995849189	4.1581348368	4.5790668117	4.8212519034	5.0380504784	5.1368157201	5.3766047677	5.5940038751	5.9540313154	6.0335795542	6.2829215523	6.4658853843	6.6662542493	6.937197498	7.0634622122	7.242133555	7.5201782175	8.004474958	8.0815326002	8.1977432354	8.419877505	8.7212570596	8.7896999984	9.0154427352	9.2586194488	9.4063771979	9.5566760468	9.9123699988	10.206968446	10.2144245829	10.7792509705	10.8553466369	11.0659325085	11.3995117647	11.5768397218	11.9845389018	12.1740437876	12.551262983	12.8477459741	13.1066740941	13.2286758975	13.6758492981	13.8376139362	14.6117986451	14.8578774717	15.0625484822	15.2058903133	15.3983099421	15.8161070668	15.9670200524	16.3604543497	16.7760960869	17.4366200711	17.853536901	17.9901274157	18.1682648905	19.4077869727	19.7812231087	20.4430368911	21.1526012903	21.4356478354	22.2742648191	22.9636384222	23.2420765912	23.7397927189	24.584699928	25.2416403755	25.4935176879	25.5429252532	25.8359769805	26.8911197883	27.0257064067	27.7412146108	28.1456109002	29.4037510084	30.8445254559	31.1597180174	31.3585169972	34.5955170107
0.2153198	0.8957436771	1.6204356939	1.7762150236	1.8885095737	2.2065646748	2.4765308035	2.994102017	3.1104426622	3.3244346992	3.5275394874	3.9135829077	4.002929123	4.156036636	4.578732709	4.8238948665	5.0447672153	5.1374886446	5.3763041462	5.5962498451	5.9524223889	6.0369504927	6.292994375	6.4789825131	6.6671244477	6.9219928225	7.0656215646	7.2419494661	7.5169614318	8.0129121555	8.0783440873	8.1975412841	8.420684592	8.730732151	8.7852636498	9.019329386	9.2597660566	9.4100601538	9.5524037784	9.9168358146	10.2103580968	10.2165255071	10.7748418543	10.8516623198	11.0661066273	11.3978400192	11.5740992699	11.9866729484	12.17238047	12.5559651865	12.8505333942	13.1056019057	13.2222407423	13.6783292957	13.8341414132	14.6108660343	14.8620064072	15.0650784378	15.204690299	15.4014784638	15.8172466821	15.9686168741	16.3581420565	16.7789259013	17.4408859203	17.8558154103	17.9943014453	18.1650824297	19.4104752979	19.7783854926	20.4482152926	21.1537514741	21.4375776989	22.2695737051	22.9650606012	23.2410216509	23.7330519227	24.5814879071	25.2410310856	25.4974591086	25.5405640678	25.8350212392	26.895366122	27.0223260134	27.7421513267	28.145348182	29.4071702756	30.8506470965	31.1643597538	31.3652510687	34.5941450498
0.2172192	0.9026002017	1.6201798232	1.7756592107	1.8878666559	2.2018162361	2.4788333199	2.9979628209	3.1090828529	3.3258109722	3.5244659111	3.9190684114	4.0052978248	4.1546439657	4.5783183354	4.8258019233	5.0498000231	5.1379726035	5.3758758605	5.5977860953	5.9511650861	6.0395822173	6.3003222902	6.4892318295	6.6678360883	6.9098730869	7.0673984028	7.241784233	7.5146585092	8.0198579261	8.0750886153	8.1974839323	8.4212536581	8.7384706674	8.7810940938	9.0223030643	9.2604519937	9.412920123	9.5491324159	9.9200577403	10.2126858919	10.2181592915	10.7715967878	10.8489589949	11.0663206944	11.3966368649	11.5721021704	11.9883092447	12.1711134759	12.5593986856	12.8525286078	13.1049483835	13.2174674948	13.6802465815	13.8315026326	14.6101701067	14.8650078044	15.0669460478	15.203714003	15.4037944632	15.8180970758	15.9697847868	16.356440699	16.7809627226	17.4439806317	17.8572205768	17.997715869	18.1625469979	19.4124854003	19.7762592745	20.4519480933	21.154660118	21.4389919458	22.2661102321	22.9660810145	23.2402471537	23.7281929521	24.5791843762	25.2405937023	25.5005430774	25.5386119709	25.8343467539	26.8985637158	27.0197132935	27.742833778	28.1451536616	29.4096176053	30.8550481462	31.1676625575	31.3701167387	34.5931609535
0.2191187	0.9067207628	1.6199842607	1.7752715538	1.8875198229	2.1989381434	2.4802207783	3.0003798758	3.1081695911	3.3267514935	3.5225584713	3.9223445607	4.0067114627	4.1538571846	4.5779976445	4.8269531004	5.0529237777	5.1382629619	5.3755249811	5.5986778934	5.9503689597	6.0412558093	6.304764859	6.495803143	6.6683214073	6.9020261087	7.0685502106	7.2416686953	7.5132746064	8.0246316898	8.0725013873	8.1974889412	8.4215926865	8.7438797937	8.7778130353	9.0241742557	9.2607999748	9.4147417734	9.5470716287	9.9220047905	10.2140189566	10.219217172	10.7696154653	10.8473031561	11.0664866028	11.3959112453	11.5708877014	11.9893380451	12.1703196401	12.5614896239	12.8537249113	13.1046131946	13.2145223736	13.6814616842	13.8298495073	14.6097407097	14.8668297705	15.0680928475	15.2030784967	15.4052046995	15.8186225409	15.9704965999	16.3553994452	16.7821910878	17.4458573254	17.8579693034	17.9999592164	18.1609037076	19.413728897	19.7749428298	20.4542005657	21.1552415709	21.4398554165	22.2639854744	22.9666951785	23.2397738208	23.7252600055	24.5777985346	25.2403304067	25.5025462245	25.5372891388	25.83394544	26.9005586362	27.0180557182	27.7432485815	28.1450342848	29.4110879482	30.8577002796	31.1696391714	31.3730583472	34.5925688495
0.2210181	0.9080953023	1.6199120566	1.7751331153	1.8874109949	2.1979739448	2.4806841391	3.0012040295	3.1078469922	3.3270851639	3.5219114107	3.9234334689	4.0071814619	4.1536037682	4.577878559	4.8273378916	5.0539835215	5.1383595601	5.3753914346	5.598969887	5.9500967919	6.0418299197	6.306252565	6.4980716072	6.6684962017	6.8993049147	7.0689478226	7.2416271417	7.5128129395	8.026372907	8.0714839772	8.1974976647	8.4217053508	8.7459126642	8.7764871676	9.0248133729	9.2609042354	9.4153682445	9.5463671364	9.9226562413	10.2144499041	10.2195853306	10.7689497414	10.846745029	11.0665483098	11.395668739	11.5704801406	11.9896890583	12.1700491944	12.5621918426	12.8541232571	13.1045123847	13.2135258829	13.6818782408	13.8292860781	14.6095956109	14.8674406417	15.0684797146	15.2028581399	15.40567817	15.818800304	15.9707357289	16.3550488968	16.7826015947	17.446486285	17.8582026591	18.0007418906	18.1603335422	19.4141497922	19.7744971237	20.4549534413	21.1554415809	21.4401457921	22.2632692759	22.9669002283	23.2396145785	23.7242794384	24.5773359637	25.2402424976	25.5032467364	25.5368155911	25.833812242	26.9012376201	27.0174869079	27.7433877365	28.1449940566	29.4115783814	30.8585862538	31.1702972007	31.3740425796	34.5923712074
0.2229175	0.9067207628	1.6199842607	1.7752715538	1.8875198229	2.1989381434	2.4802207783	3.0003798758	3.1081695911	3.3267514935	3.5225584713	3.9223445607	4.0067114627	4.1538571846	4.5779976445	4.8269531004	5.0529237777	5.1382629619	5.3755249811	5.5986778934	5.9503689597	6.0412558093	6.304764859	6.495803143	6.6683214073	6.9020261087	7.0685502106	7.2416686953	7.5132746064	8.0246316898	8.0725013873	8.1974889412	8.4215926865	8.7438797937	8.7778130353	9.0241742557	9.2607999748	9.4147417734	9.5470716287	9.9220047905	10.2140189566	10.219217172	10.7696154653	10.8473031561	11.0664866028	11.3959112453	11.5708877014	11.9893380451	12.1703196401	12.5614896239	12.8537249113	13.1046131946	13.2145223736	13.6814616842	13.8298495073	14.6097407097	14.8668297705	15.0680928475	15.2030784967	15.4052046995	15.8186225409	15.9704965999	16.3553994452	16.7821910878	17.4458573254	17.8579693034	17.9999592164	18.1609037076	19.413728897	19.7749428298	20.4542005657	21.1552415709	21.4398554165	22.2639854744	22.9666951785	23.2397738208	23.7252600055	24.5777985346	25.2403304067	25.5025462245	25.5372891388	25.83394544	26.9005586362	27.0180557182	27.7432485815	28.1450342848	29.4110879482	30.8577002796	31.1696391714	31.3730583472	34.5925688495
0.2248169	0.9026002017	1.6201798232	1.7756592107	1.8878666559	2.2018162361	2.4788333199	2.9979628209	3.1090828529	3.3258109722	3.5244659111	3.9190684114	4.0052978248	4.1546439657	4.5783183354	4.8258019233	5.0498000231	5.1379726035	5.3758758605	5.5977860953	5.9511650861	6.0395822173	6.3003222902	6.4892318295	6.6678360883	6.9098730869	7.0673984028	7.241784233	7.5146585092	8.0198579261	8.0750886153	8.1974839323	8.4212536581	8.7384706674	8.7810940938	9.0223030643	9.2604519937	9.412920123	9.5491324159	9.9200577403	10.2126858919	10.2181592915	10.7715967878	10.8489589949	11.0663206944	11.3966368649	11.5721021704	11.9883092447	12.1711134759	12.5593986856	12.8525286078	13.1049483835	13.2174674948	13.6802465815	13.8315026326	14.6101701067	14.8650078044	15.0669460478	15.203714003	15.4037944632	15.8180970758	15.9697847868	16.356440699	16.7809627226	17.4439806317	17.8572205768	17.997715869	18.1625469979	19.4124854003	19.7762592745	20.4519480933	21.154660118	21.4389919458	22.2661102321	22.9660810145	23.2402471537	23.7281929521	24.5791843762	25.2405937023	25.5005430774	25.5386119709	25.8343467539	26.8985637158	27.0197132935	27.742833778	28.1451536616	29.4096176053	30.8550481462	31.1676625575	31.3701167387	34.5931609535
0.2267163	0.8957436771	1.6204356939	1.7762150236	1.8885095737	2.2065646748	2.4765308035	2.994102017	3.1104426622	3.3244346992	3.5275394874	3.9135829077	4.002929123	4.156036636	4.578732709	4.8238948665	5.0447672153	5.1374886446	5.3763041462	5.5962498451	5.9524223889	6.0369504927	6.292994375	6.4789825131	6.6671244477	6.9219928225	7.0656215646	7.2419494661	7.5169614318	8.0129121555	8.0783440873	8.1975412841	8.420684592	8.730732151	8.7852636498	9.019329386	9.2597660566	9.4100601538	9.5524037784	9.9168358146	10.2103580968	10.2165255071	10.7748418543	10.8516623198	11.0661066273	11.3978400192	11.5740992699	11.9866729484	12.17238047	12.5559651865	12.8505333942	13.1056019057	13.2222407423	13.6783292957	13.8341414132	14.6108660343	14.8620064072	15.0650784378	15.204690299	15.4014784638	15.8172466821	15.9686168741	16.3581420565	16.7789259013	17.4408859203	17.8558154103	17.9943014453	18.1650824297	19.4104752979	19.7783854926	20.4482152926	21.1537514741	21.4375776989	22.2695737051	22.9650606012	23.2410216509	23.7330519227	24.5814879071	25.2410310856	25.4974591086	25.5405640678	25.8350212392	26.895366122	27.0223260134	27.7421513267	28.145348182	29.4071702756	30.8506470965	31.1643597538	31.3652510687	34.5941450498
0.2286157	0.8861707284	1.6206473728	1.7768100516	1.8895358931	2.2131104422	2.473332169	2.9890005654	3.1120624266	3.3228762755	3.531642398	3.9058693993	3.9995849189	4.1581348368	4.5790668117	4.8212519034	5.0380504784	5.1368157201	5.3766047677	5.5940038751	5.9540313154	6.0335795542	6.2829215523	6.4658853843	6.6662542493	6.937197498	7.0634622122	7.242133555	7.5201782175	8.004474958	8.0815326002	8.1977432354	8.419877505	8.7212570596	8.7896999984	9.0154427352	9.2586194488	9.4063771979	9.5566760468	9.9123699988	10.206968446	10.2144245829	10.7792509705	10.8553466369	11.0659325085	11.3995117647	11.5768397218	11.9845389018	12.1740437876	12.551262983	12.8477459741	13.1066740941	13.2286758975	13.6758492981	13.8376139362	14.6117986451	14.8578774717	15.0625484822	15.2058903133	15.3983099421	15.8161070668	15.9670200524	16.3604543497	16.7760960869	17.4366200711	17.853536901	17.9901274157	18.1682648905	19.4077869727	19.7812231087	20.4430368911	21.1526012903	21.4356478354	22.2742648191	22.9636384222	23.2420765912	23.7397927189	24.584699928	25.2416403755	25.4935176879	25.5429252532	25.8359769805	26.8911197883	27.0257064067	27.7412146108	28.1456109002	29.4037510084	30.8445254559	31.1597180174	31.3585169972	34.5955170107
0.2305152	0.8739139626	1.6206706074	1.7772758385	1.8910493786	2.2213494725	2.4692719971	2.9828755563	3.113765039	3.3214331346	3.5366172599	3.8959328478	3.9952345315	4.1610406861	4.5790896469	4.8179041271	5.0299096042	5.1359651114	5.3765408732	5.590975147	5.9558304365	6.0297392741	6.2703460188	6.4507798961	6.6652428041	6.9540996097	7.0613453913	7.2423117757	7.5243018933	7.9949538371	8.0841965638	8.1981749967	8.4188174314	8.7103252163	8.7940905393	9.0108621847	9.2569017024	9.4020983493	9.5617054437	9.9066974573	10.2025382722	10.2119046607	10.7846603059	10.8599522476	11.0659106818	11.4016401837	11.580270945	11.9820472275	12.1760082599	12.5453897585	12.8441895278	13.1082438404	13.2365942468	13.6729666068	13.8417434911	14.612925657	14.8526919592	15.0594264023	15.2071619156	15.3943666383	15.8147237643	15.9650314759	16.363312361	16.7724945161	17.4312436493	17.8501247078	17.985645826	18.1718388218	19.4045347066	19.7846403052	20.4364667444	21.1513200124	21.4332477022	22.2800385077	22.9618201787	23.2433845973	23.7483529875	24.5888077731	25.2424184845	25.4888859743	25.5455332549	25.837224594	26.8859870834	27.0296459816	27.7400424464	28.1459315384	29.399367242	30.8367220208	31.1537194466	31.3499926441	34.5972710355
0.2324146	0.859023087	1.6203251627	1.7774140399	1.893155197	2.23114303	2.4644084148	2.9759330054	3.1154234922	3.3204051661	3.5423054977	3.8838189859	3.9898366316	4.164835572	4.578526222	4.8138921449	5.0206086759	5.1349532592	5.3758777755	5.5870986619	5.9576043096	6.0257099456	6.2556429976	6.434381019	6.6640609648	6.9710569189	7.0600421479	7.2424808113	7.5293235189	7.9845763049	8.0860821936	8.1989021446	8.417478955	8.6981071959	8.7982336695	9.0058075169	9.254554492	9.3974240317	9.5672339168	9.8998579775	10.1971689173	10.2089687149	10.7908260814	10.8654526204	11.0661671647	11.4042106859	11.5843293022	11.9793587678	12.1781688526	12.5384627996	12.8399105719	13.110342069	13.2458289201	13.6698421226	13.8463489178	14.6141918457	14.8465385696	15.0557871527	15.2083249109	15.3897536895	15.8131482766	15.9626974149	16.3666379233	16.7681478417	17.4248268661	17.8453249528	17.9812653867	18.1755779914	19.4008511248	19.7884759444	20.4285824868	21.1500346561	21.4304298014	22.2867245083	22.9596122982	23.2449130554	23.758651964	24.5937955113	25.2433613812	25.4836743111	25.5482846989	25.838776557	26.8801161756	27.0339387138	27.738659111	28.1462959707	29.3940291693	30.8272852184	31.1463411271	31.3397785548	34.5993996301
0.2343140	0.8415687206	1.6194014834	1.7770049836	1.8959452671	2.2423113727	2.4588330549	2.9683600625	3.1169849669	3.320057073	3.5485605293	3.8696235968	3.9833401748	4.169563808	4.577075349	4.809258021	5.0103977261	5.1337967755	5.3744123039	5.5823334237	5.9590888855	6.0217262599	6.2393432504	6.4172270002	6.6626545335	6.9859167959	7.0609484002	7.2426761216	7.5352315425	7.9734714512	8.087071799	8.199952682	8.4158223036	8.6847616574	8.8019469437	9.0004777068	9.2516009881	9.3925036962	9.57299759	9.8918924518	10.191008347	10.205612535	10.7974170056	10.8718762099	11.0668291276	11.4072060392	11.5889428234	11.9766462511	12.1804178768	12.5306150833	12.8349814786	13.1129417022	13.2562368143	13.6666241037	13.8512589619	14.6155283832	14.8395224859	15.0517053253	15.209176176	15.3846066648	15.8114338484	15.9600722357	16.3703432872	16.7630877451	17.417445533	17.8389495546	17.9772765418	18.1793071909	19.3968795213	19.7925430328	20.4194907084	21.1488798222	21.4272508215	22.2941367336	22.9570214026	23.2466256794	23.7705904109	24.5996441899	25.2444640415	25.4779531174	25.5511186778	25.8406463942	26.873630207	27.0383930007	27.7370943038	28.1466856105	29.3877501957	30.8162720526	31.1375556504	31.3279972948	34.6018935859
0.2362134	0.8216454585	1.6176705475	1.7758128547	1.8994866296	2.2546243723	2.4526830204	2.9603298819	3.1184786193	3.3205892984	3.5552541585	3.8534929408	3.9756867032	4.175225049	4.574432697	4.8040283941	4.9995086365	5.1325052747	5.3719955791	5.5766749611	5.9599846605	6.0179121351	6.2221399295	6.3996918102	6.6609654703	6.9960491177	7.0660273281	7.2429919858	7.5420105089	7.9617179687	8.0871384608	8.2013095212	8.4137895721	8.6704745369	8.805033421	8.9950388736	9.248158322	9.3874257407	9.5787277012	9.8828446578	10.1842331306	10.201843569	10.8040268275	10.8793106004	11.0680118691	11.4106059671	11.5940343719	11.9740868944	12.1826502624	12.5219920718	12.8294981472	13.1159620385	13.2677002193	13.6634407845	13.8563206078	14.6168520283	14.8317644221	15.0472523182	15.2094932618	15.3790937335	15.8096312744	15.9572172291	16.3743344535	16.7573505633	17.4091774445	17.8309245838	17.9738012899	18.1829099435	19.3927667618	19.7966310537	20.409332115	21.1479888336	21.423769068	22.3020823303	22.9540537888	23.2484840823	23.7840508925	24.6063321047	25.2457203901	25.4717685616	25.5540015764	25.842847754	26.8666251408	27.0428352377	27.7353829875	28.1470767449	29.3805474837	30.8037468566	31.1273322987	31.314792359	34.6047419581
0.2381128	0.7993738959	1.6148962972	1.7735866864	1.9038143888	2.2677889341	2.4461549838	2.9520132398	3.1200083634	3.3221207101	3.5622771269	3.8356179177	3.966813751	4.181774049	4.5703183693	4.7981892497	4.9881637273	5.1310734709	5.3685491575	5.5701610977	5.9599618343	6.0142364322	6.2048729468	6.3820346059	6.6589467083	6.9999114631	7.0761999069	7.2436052461	7.5496391032	7.9493708463	8.0863096531	8.2029146113	8.4113019427	8.6554726948	8.8072746108	8.9896208184	9.244431154	9.3822190775	9.5841483336	9.8727670912	10.1770404638	10.197685398	10.8102197051	10.8878738119	11.0698074965	11.4143861882	11.5995252688	11.9718563711	12.1847668989	12.5127492915	12.8235739945	13.1192823263	13.2801220192	13.6603975888	13.8614029278	14.6180642123	14.823400135	15.042495371	15.2090383202	15.3734151915	15.8077850988	15.954199283	16.3785142265	16.7509769755	17.400099459	17.8213060477	17.9707834843	18.1863276905	19.388657155	19.8005071421	20.3982860432	21.1474857845	21.420042488	22.3103697468	22.9507149646	23.2504492429	23.7988984965	24.6138350819	25.247123238	25.4651533862	25.5569167434	25.8453934176	26.8591722906	27.0471090345	27.7335650472	28.1474398633	29.3724425678	30.7897798778	31.1156392662	31.3003259987	34.6079320476
0.2400123	0.7749015574	1.6108489704	1.7700590349	1.9089289219	2.2814329316	2.4395218565	2.9435917248	3.1217330211	3.3246837534	3.569534782	3.8162264414	3.9566591365	4.1891246144	4.5645059393	4.791657898	4.9765921129	5.129473788	5.3640746362	5.5628694806	5.9586201479	6.0105554672	6.1884736517	6.3644619272	6.6565705065	6.9984856871	7.0898604645	7.2448016627	7.5580876537	7.936476296	8.084634683	8.2046802771	8.4082591881	8.6400257671	8.808437583	8.9843195012	9.2406885371	9.3768623448	9.5889737456	9.8617308635	10.1696405425	10.1931777616	10.8156075703	10.8976504182	11.0722779307	11.4185168324	11.6053394295	11.9701236843	12.186676465	12.5030505199	12.8173322358	13.1227591504	13.2934179243	13.6575771924	13.8663981827	14.6190501521	14.8145804095	15.0374977617	15.2075654299	15.3677977327	15.8059305064	15.951089379	16.3827848173	16.7440117936	17.390285381	17.8102584986	17.9680202444	18.1895541842	19.3846874239	19.8039165491	20.3865736141	21.1474790892	21.4161273405	22.3188153839	22.9470092717	23.2524827799	23.8149820791	24.6221267477	25.2486642275	25.4581337502	25.5598580965	25.8482942864	26.8513226822	27.0510729357	27.7316847015	28.1477390408	29.36346202	30.7744457282	31.1024473064	31.2847755489	34.6114493891
0.2419117	0.7484028769	1.605316874	1.7649466203	1.9147955344	2.2950853907	2.4331524381	2.93526817	3.1238384643	3.3282296239	3.5769376469	3.7955790529	3.9451661917	4.1971545862	4.5568474489	4.7842638435	4.9650453112	5.1276505746	5.3586558297	5.5549083517	5.9553818207	6.006806513	6.1738359466	6.3471872078	6.6538318045	6.9936281043	7.1044899665	7.2469951751	7.5673153072	7.923080057	8.0821582353	8.2065004399	8.404543318	8.6244413728	8.8082916371	8.979202237	9.2372291319	9.3712962211	9.592906847	9.8498386637	10.1622466787	10.1883755877	10.8199293086	10.9086198133	11.0754544742	11.422960246	11.6114080565	11.9690463751	12.1882963446	12.4930662384	12.8108983244	13.1262434556	13.3075082082	13.6550411148	13.8712215038	14.6196782953	14.8054712761	15.0323194686	15.2048346685	15.3624806537	15.8040911415	15.9479608623	16.3870498949	16.736503892	17.3798046177	17.7980126085	17.9652164703	18.1926268449	19.3809827298	19.8065832961	20.3744586705	21.1480568559	21.4120774708	22.327248645	22.9429396158	23.2545479892	23.8321360556	24.6311787614	25.2503337991	25.450733437	25.5628262598	25.851558397	26.8431117172	27.0545981956	27.7297896037	28.1479314415	29.3536381389	30.757821742	31.087735082	31.26832794	34.6152777471
0.2438111	0.7200784843	1.5981140845	1.7579576474	1.9213446291	2.3081553411	2.4275317387	2.9272708007	3.1265080332	3.3326385739	3.5843841405	3.7739737092	3.9322902692	4.2057095813	4.5472882681	4.7757544064	4.9538003432	5.1255168984	5.3524517361	5.5464048628	5.9494207759	6.0032715536	6.1615944044	6.3304806337	6.6507479485	6.9865870669	7.1181434479	7.250710426	7.5772670265	7.9092319741	8.078903544	8.2082555898	8.4000288693	8.6090546496	8.8066320016	8.974312743	9.2343408861	9.3654351366	9.5956401332	9.837238458	10.1550639952	10.1833475089	10.8230869231	10.9206200799	11.0793447969	11.4276683021	11.6176748515	11.9687655967	12.1895532428	12.4829719527	12.8043937722	13.1295946179	13.3223105178	13.652832014	13.8758099876	14.6198007177	14.7962538288	15.0270177645	15.2006345179	15.3576928775	15.8022780126	15.9448874299	16.3912160456	16.728506305	17.3687215044	17.784823353	17.9620401741	18.1956156985	19.3776536177	19.8082123402	20.3622454666	21.14928414	21.4079440953	22.3355154007	22.9385073142	23.2566106243	23.8501827165	24.6409609819	25.2521212026	25.4429764128	25.5658261959	25.8551900116	26.8345634802	27.0575672583	27.7279295806	28.1479670157	29.343009627	30.7399862963	31.071496181	31.2511723896	34.619399124
0.2457105	0.6901540949	1.5890823414	1.7488086334	1.9284716476	2.3199251304	2.4232664748	2.9198486448	3.1298968991	3.3377299775	3.5917269896	3.7517698832	3.9180070863	4.214604229	4.535868284	4.7658386787	4.9431385938	5.1229547179	5.3456788213	5.537496286	5.9399040966	6.0005634023	6.1518817523	6.3147057493	6.6473558553	6.9780151133	7.1295342642	7.2564775255	7.5878703156	7.894988882	8.074866417	8.2098088572	8.3946026034	8.5942108865	8.8033072092	8.9696742906	9.2322610379	9.3591766385	9.5968611776	9.8241339738	10.1482784555	10.1781736754	10.8251230267	10.933363979	11.0839461003	11.4325794676	11.6241015336	11.9694007996	12.1903840666	12.472945993	12.7979318545	13.1326904018	13.3377345783	13.6509762415	13.880121661	14.6192555514	14.7871224859	15.0216474067	15.1948096632	15.3536240969	15.8004895743	15.9419407793	16.3951936497	16.7200765063	17.3570951583	17.7709411176	17.9581659408	18.1986103012	19.3747937172	19.8084948897	20.3502719071	21.1512018945	21.4037759944	22.3434800164	22.9337120586	23.2586394342	23.8689350019	24.6514415366	25.2540145764	25.4348883485	25.5688656725	25.8591888253	26.8256944943	27.0598731167	27.7261549789	28.1477884684	29.3316222114	30.7210171644	31.0537472188	31.2334917963	34.6237937816
0.2476099	0.6588792521	1.5780866794	1.7372505733	1.9360373409	2.3296118055	2.4210229393	2.9132572039	3.1341133033	3.3432681112	3.5986999199	3.7294561195	3.9023236201	4.2236203078	4.5227107438	4.754270498	4.9332970263	5.1198189024	5.3385830664	5.5283279714	5.9265508506	5.9991608939	6.1442395319	6.3003344877	6.6437074811	6.9682583427	7.1379482804	7.2646218143	7.5990311109	7.8804176159	8.0700186871	8.2109939854	8.3881941939	8.5802398255	8.7982448353	8.9652908415	9.2311413863	9.3524089052	9.5962661637	9.8107863646	10.1420479532	10.1729426965	10.8261658641	10.9464840433	11.0892610272	11.4376160422	11.6306731882	11.9710440396	12.190737552	12.4631664834	12.7916151559	13.1354327291	13.353679016	13.6494864463	13.8841345266	14.6178730254	14.7782799851	15.0162602491	15.1872857044	15.3503987938	15.7987129878	15.939187897	16.3988972122	16.7112768675	17.3449797201	17.7565969342	17.9533045214	18.201705501	19.3724780282	19.8071185611	20.3388971558	21.1538272755	21.399620029	22.3510261705	22.9285519901	23.2606064844	23.8881996403	24.6625867611	25.2560011192	25.4264974794	25.5719541519	25.8635493243	26.8165169279	27.0614194906	27.7245146234	28.1473315768	29.319529157	30.7009899889	31.0345358183	31.2154539777	34.6284402777
0.2495094	0.6265260932	1.5650055278	1.723101668	1.9438692868	2.3365885408	2.4213067459	2.9077350478	3.1392063062	3.3489617286	3.6047391388	3.7078267923	3.8852923762	4.2325014518	4.5080045249	4.7409489762	4.9244063467	5.1159450527	5.3314051505	5.5190584498	5.9098499267	5.999062196	6.1377901133	6.2879201322	6.6398643318	6.9575309484	7.1432596501	7.2750678639	7.6106275744	7.8656001393	8.0643180986	8.2115986661	8.380815397	8.5674228654	8.791469159	8.9611474896	9.2310220766	9.3450188383	9.5935857889	9.7975007337	10.1364966702	10.1677477006	10.8263759861	10.9595777151	11.095311077	11.4426821607	11.6374026617	11.9737541683	12.1905770031	12.4538073028	12.7855346262	13.137749865	13.3700300772	13.648364137	13.8878457658	14.6154868292	14.7699272318	15.010904228	15.1780805488	15.3480635806	15.796926459	15.9366880349	16.4022452128	16.7021752743	17.3324248588	17.7419977097	17.9472212381	18.2049875744	19.3707616136	19.8037835727	20.3284829378	21.1571548764	21.39552192	22.3580567233	22.9230238747	23.2624873013	23.9077805359	24.6743609806	25.2580673769	25.4178350356	25.5751018545	25.8682603156	26.8070413208	27.0621216609	27.7230534278	28.1465259365	29.3067916105	30.6799769825	31.0139468116	31.1972043268	34.6333155211
0.2514088	0.5933881781	1.5497168074	1.7062822341	1.9517649765	2.3407330575	2.4241192338	2.9034737557	3.1451572218	3.3544576283	3.6085389475	3.6884286005	3.8670299209	4.2409440549	4.4919876184	4.7259974592	4.9164468164	5.1111604213	5.3243448822	5.5098682363	5.8906936679	5.9999077349	6.1315893464	6.2780004898	6.6358916342	6.9460001245	7.1458331315	7.287346825	7.6224994322	7.8506434349	8.0577212275	8.2113492287	8.3725977292	8.5559596734	8.7831056988	8.9572119068	9.2318139233	9.3369049995	9.5886258752	9.7845935234	10.1317131365	10.1626817107	10.8259099352	10.9722433551	11.1021412126	11.4476632919	11.6443329675	11.9775513204	12.1898843394	12.4450330638	12.7797697181	13.1395959382	13.3866617661	13.647602171	13.8912710874	14.6119515399	14.7622470737	15.0056217344	15.1672976993	15.3465928472	15.7951024246	15.9344895296	16.4051595623	16.692845846	17.3194764439	17.7273268702	17.9397459136	18.2085226887	19.3696785033	19.798224863	20.3193691384	21.1611584643	21.3915272608	22.36449289	22.9171233684	23.2642608776	23.9274822828	24.6867261131	25.2601996544	25.4089354015	25.5783188508	25.8733046354	26.7972789041	27.0619077513	27.7218097483	28.145296206	29.2934787133	30.6580459776	30.9921050711	31.1788613848	34.6383948438
0.2533082	0.5597792627	1.5320822267	1.6868464976	1.9594959802	2.3425471328	2.4288472903	2.9005854131	3.1518706465	3.359330835	3.6073327164	3.6742843857	3.8477405898	4.248583813	4.4749394332	4.7097877247	4.9092472855	5.1052967072	5.3175323853	5.5009661704	5.8699706989	6.0011875551	6.1250009786	6.2709331905	6.6318526648	6.9338265184	7.1462750895	7.3007994351	7.6344286082	7.8356984204	8.0501963966	8.2099061154	8.3638105354	8.5459451615	8.7733714465	8.9534375555	9.2332839901	9.3280023217	9.5813175336	9.7723445818	10.1277516015	10.1578327407	10.8249002354	10.9841135004	11.1098098931	11.4524280082	11.6515365932	11.9824121111	12.1886654094	12.4369934235	12.7743892027	13.1409487437	13.4034368584	13.6471871595	13.8944441596	14.6071641217	14.7553837964	15.000447405	15.1551058616	15.3459084996	15.7932112183	15.9326267478	16.4075647825	16.6833696674	17.3061773141	17.7127472599	17.9307758822	18.2123493978	19.3692405656	19.7902379455	20.3118463402	21.1657928404	21.387682752	22.3702729515	22.9108453583	23.2659095779	23.9471136801	24.6996410809	25.2623845473	25.3998361264	25.5816141051	25.8786590254	26.7872435735	27.0607202247	27.7208126091	28.1435639131	29.2796674174	30.6352599574	30.9691740558	31.1605161471	34.6436520929
0.2552076	0.5260316868	1.5119332824	1.6650051085	1.9668123549	2.3428273236	2.4346051288	2.8990732914	3.1591604058	3.363078355	3.5981333898	3.6686556399	3.8277464093	4.2549773374	4.4571886188	4.6929046132	4.9025260929	5.0982035721	5.3110127805	5.4925864491	5.8483998775	6.0023086996	6.1179568486	6.2667437325	6.6278036388	6.9211829334	7.145203885	7.3147810976	7.6461033455	7.82099559	8.0417343834	8.2068836697	8.3548383355	8.5373660897	8.7625538631	8.9497680722	9.2350312429	9.3183306739	9.5717600146	9.7609496476	10.1246357023	10.1532792159	10.8234461873	10.9948924434	11.1183629263	11.4568326377	11.6591108428	11.9882657758	12.1869562474	12.4298173601	12.7694523301	13.1418066288	13.4202083351	13.6471017843	13.8974160127	14.601083711	14.749423937	14.9954053174	15.1417147786	15.3459041537	15.7912247443	15.9311175466	16.4093870709	16.6738353879	17.2925680977	17.698404557	17.920273144	18.2164759503	19.3694360247	19.7797041666	20.3061300663	21.1709955331	21.3840376536	22.3753506947	22.9041843663	23.2674189757	23.9664911319	24.7130610366	25.2646095537	25.3905779001	25.5849944513	25.884294158	26.7769535515	27.0585173624	27.7200789618	28.141249865	29.2654419469	30.6116771935	30.9453501925	31.1422348901	34.6490597405
0.2571070	0.492493761	1.4890650797	1.6411308796	1.9734467332	2.3422584602	2.4406525038	2.8988114614	3.1667249932	3.3651326323	3.58221753	3.6705464692	3.8075253141	4.2595795728	4.4391413735	4.6760705542	4.8959492612	5.0897626258	5.3047478444	5.48497137	5.8265229002	6.0025972997	6.1109940058	6.26510508	6.6237895069	6.9082614251	7.1431403588	7.3287580042	7.6570519653	7.806911139	8.0323557375	8.2019076837	8.3461046369	8.5301176076	8.7509838856	8.9461415994	9.2364281422	9.3080884251	9.5602329565	9.7504957698	10.1223631006	10.1490864928	10.8216109651	11.0043953399	11.1277984704	11.4607289604	11.6671689827	11.9949911726	12.1848297089	12.423608323	12.7650100862	13.1421850441	13.4368209437	13.6473270306	13.9002542493	14.5937418745	14.7443860618	14.9905054535	15.1273559554	15.3464655013	15.7891196485	15.9299616789	16.4105534704	16.6643394744	17.2786880577	17.6844304092	17.9082569967	18.2208819853	19.3702271777	19.7666101092	20.3023424566	21.176688136	21.3806454461	22.3796937393	22.8971350032	23.2687776469	23.9854418173	24.7269364224	25.2668636873	25.3812046211	25.5884635243	25.8901747751	26.7664327534	27.0552745103	27.7196111496	28.1382771851	29.2508928612	30.5873520878	30.9208541282	31.1240644234	34.6545890132
0.2590065	0.4595251468	1.4632473833	1.6157388509	1.9791181971	2.3412589066	2.4465550511	2.8995369532	3.1741056879	3.3649272482	3.5633596531	3.6764092687	3.7877651095	4.2617241693	4.4213279683	4.6600517088	4.8891806814	5.0799027134	5.2986328425	5.4783394459	5.8047530734	6.0013522532	6.105037422	6.2654670268	6.6198410115	6.8952734823	7.1404894247	7.3423183299	7.6665280694	7.7940817251	8.0221145045	8.1947092232	8.3379533515	8.524030316	8.7390076769	8.9424942831	9.2365011443	9.2978140206	9.5471649456	9.740972917	10.1209096743	10.1453053959	10.8194224923	11.0125749478	11.1380397302	11.463974365	11.6758279312	12.0024142719	12.1824018082	12.41844123	12.7611063627	13.1421131245	13.4531127893	13.6478443434	13.9030418498	14.5852383112	14.7402244145	14.9857390676	15.1122723361	15.3474833652	15.7868795637	15.9291404953	16.4109914428	16.6549858254	17.2645759468	17.6709449838	17.8947939101	18.2255232643	19.3715466693	19.7510573051	20.3005058101	21.1827772222	21.3775656492	22.3832818644	22.8896924588	23.2699769388	24.0038065293	24.7412119025	25.2691379331	25.3717637295	25.5920207024	25.8962599042	26.7557118511	27.0509849152	27.7193947371	28.1345749605	29.2361156976	30.5623367543	30.895920315	31.1060383061	34.6602100388
0.2609059	0.4274886984	1.4342623896	1.5894335024	1.9835367305	2.3400166994	2.4521433891	2.9008537659	3.1806199988	3.3620638974	3.5440141788	3.683784348	3.7694625974	4.2606346169	4.4044408879	4.6455580063	4.8819129319	5.0686171256	5.292521334	5.4728452397	5.7834349985	5.9980327093	6.1009975986	6.2672285725	6.6159733975	6.8824456082	7.1375576763	7.3551509154	7.673361416	7.7835535911	8.011098932	8.1852202466	8.3305342954	8.5188954793	8.7269598751	8.9387630969	9.2338223988	9.2885383128	9.53306851	9.7323136842	10.1202317405	10.1419739375	10.8168769658	11.0195213758	11.1489312616	11.4664430221	11.6851942812	12.0103057262	12.1798370927	12.4143620326	12.7577789175	13.1416304939	13.4689170246	13.648637713	13.9058753122	14.5757236688	14.7368446977	14.9810722322	15.0967173463	15.3488599163	15.7844961955	15.9286181142	16.4106292108	16.6458843883	17.250270866	17.6580588538	17.8799865011	18.2303377655	19.3732913888	19.7332620428	20.3005490459	21.1891549037	21.3748656773	22.3861054174	22.8818530158	23.2710107287	24.0214420912	24.7558252205	25.2714252667	25.3623070796	25.5956601439	25.9025031147	26.7448290092	27.0456600407	27.7193968312	28.1300824419	29.2212092045	30.5366832832	30.8707863027	31.0881827444	34.6658920098
0.2628053	0.3967366175	1.4019688214	1.5628268056	1.9864094424	2.3385762917	2.4574099345	2.902243328	3.1852724163	3.3566088424	3.5253049052	3.6908870312	3.7541652222	4.2555340025	4.3892896207	4.6331457578	4.8738803404	5.0559807791	5.2862484995	5.468543319	5.7628987421	5.9925183275	6.0993557348	6.2698553322	6.61218719	6.8700115172	7.1345765728	7.367020296	7.6759777902	7.7767625791	7.9994302787	8.1736145709	8.323756358	8.5144802751	8.7151393834	8.9348889809	9.226896326	9.2814378098	9.5184684533	9.7244384815	10.1202641011	10.1391241284	10.8139446277	11.025433333	11.1602609783	11.468036026	11.6953511423	12.0183787061	12.177352204	12.4113900203	12.7550600342	13.1407843733	13.484063853	13.6496956779	13.908861842	14.5653766841	14.734124779	14.9764363469	15.0809624983	15.3505101545	15.7819692707	15.9283439818	16.4093972609	16.6371483988	17.2358131214	17.6458742175	17.8639631302	18.2352517162	19.3753126284	19.7135492845	20.3023243192	21.1956992864	21.3726224687	22.3881638541	22.8736145743	23.27187518	24.0382232708	24.7707060462	25.2737197028	25.3528928585	25.5993700111	25.908852784	26.7338302519	27.0393293259	27.7195649667	28.1247536835	29.2062732155	30.5104465068	30.8456827489	31.0705213767	34.6716033614
0.2647047	0.3675881942	1.3663714115	1.5364512515	1.9874496005	2.3369104391	2.4624106068	2.9030735538	3.1866935242	3.349419265	3.5075630684	3.6953741466	3.7444316739	4.2459250947	4.3765826289	4.6231371232	4.8648621875	5.0421613522	5.2796470592	5.4653701438	5.7434997156	5.9851917598	6.1000064561	6.2729260709	6.6084713684	6.8582016752	7.1317213201	7.3777470406	7.673083328	7.7748491698	7.9872612368	8.1602670426	8.3173356339	8.5105312094	8.7037883207	8.9308217326	9.2153693919	9.2766540032	9.5038482127	9.717286766	10.1209093478	10.1367981191	10.8105775997	11.0305740533	11.1717950105	11.4686885125	11.70634822	12.0262889349	12.1752157151	12.4095223569	12.752976822	13.1396270098	13.4983831581	13.6510131684	13.912115334	14.5543833627	14.7319326846	14.9717140538	15.0653130175	15.3523607529	15.7793056055	15.9282565113	16.4072313145	16.6288899597	17.2212450725	17.6344854513	17.8468691022	18.2401846678	19.3774005852	19.6923475707	20.3056287083	21.2022753117	21.3709234115	22.3894644386	22.8649771745	23.2725685034	24.0540441371	24.7857748797	25.2760132639	25.3435896145	25.6031319762	25.9152523566	26.7227694037	27.0320394382	27.7198265849	28.1185624381	29.1914062598	30.4836869586	30.820824774	31.0530786583	34.6773119629
0.2666041	0.3402962417	1.3276608873	1.5107050485	1.9863886749	2.3349594057	2.4671927198	2.9026006528	3.1832898317	3.3421664302	3.4906440224	3.6947637221	3.7429578644	4.2319378227	4.3666162562	4.6155754163	4.8546856109	5.0274155425	5.272558026	5.4631525981	5.725636055	5.9767285735	6.1024460357	6.2761361751	6.6048089544	6.8472308401	7.1291241956	7.3871941841	7.6647473201	7.7775737124	7.9747758336	8.1456624524	8.3109021641	8.5067678891	8.6930757928	8.9265281189	9.200347548	9.2729900104	9.4896236818	9.7108278492	10.1220078456	10.1350838494	10.8067194454	11.035228032	11.1833096867	11.4683725871	11.7181966287	12.0336422266	12.1737396028	12.4087398156	12.7515511189	13.1382134155	13.5117081516	13.6525929816	13.9157509938	14.5429224857	14.7301377389	14.9667200221	15.0501304505	15.3543477535	15.7765176925	15.9282873468	16.4040768169	16.621213948	17.2066119631	17.6239789533	17.8288599441	18.2450532536	19.379260849	19.6701922617	20.3102258817	21.2087367739	21.3698658016	22.3900211109	22.8559435038	23.2730907241	24.0688188252	24.8009420761	25.2782882756	25.3344849389	25.6069210923	25.9216405998	26.7117075346	27.0238531442	27.7200891006	28.1115070508	29.1767030456	30.4564736199	30.7964050264	31.0358819181	34.6829853206
0.2685036	0.3150001494	1.2862036905	1.4858513609	1.9829901211	2.3326365451	2.4717539548	2.8999661393	3.1738722866	3.3366691479	3.4742626626	3.6901762076	3.7485729502	4.2144114621	4.3591871921	4.6102284934	4.843237016	5.0120627367	5.264845798	5.4616429078	5.7097359836	5.9678123676	6.1060617431	6.2792846454	6.6011844624	6.8372845615	7.1268834439	7.3952584139	7.6522609896	7.7834529406	7.962193148	8.1303071277	8.3041054214	8.5028708119	8.6830900074	8.922004092	9.1832880091	9.2690186626	9.4761378842	9.7050553301	10.1232733592	10.134184784	10.802315729	11.0396675423	11.1946124045	11.4670961547	11.7308685428	12.0400190371	12.1732538581	12.4090124788	12.7507989889	13.1365994094	13.52388046	13.6544464642	13.919878666	14.5311579212	14.7286145893	14.9611823627	15.035855446	15.3564139824	15.773622235	15.9283657582	16.399894539	16.6142107088	17.1919627177	17.6144321501	17.8100969291	18.2497736492	19.3804811258	19.6477422275	20.315864293	21.2149305789	21.369553796	22.3898535198	22.8465193765	23.2734434617	24.0824817085	24.8161070508	25.2804981195	25.3257056053	25.6107060822	25.9279518809	26.7007118307	27.0148479788	27.7202405535	28.1036150007	29.162251989	30.428886016	30.7725886775	31.0189623336	34.6885907882
0.2711777	0.3895400866	1.2834615418	1.4682425253	2.0081766623	2.3246889287	2.4594776768	2.9093835869	3.169149696	3.3201527952	3.4605141991	3.6762393077	3.7641804878	4.1889969514	4.3411528137	4.603359057	4.8343440657	4.9805180821	5.2618538594	5.473416076	5.6863451352	5.9591193315	6.1132197157	6.2891764862	6.6120518743	6.843542364	7.122719872	7.4032951491	7.6387079155	7.7993373618	7.9538015536	8.1100360504	8.3078588219	8.4889055458	8.6774564415	8.9176796589	9.1606120294	9.2644374541	9.4599138477	9.6973194213	10.1284198118	10.1317069029	10.8046821618	11.0519153772	11.2111390359	11.4626503485	11.7487162988	12.0394565334	12.1652847165	12.4336429326	12.7468281495	13.1229230172	13.5408673699	13.6700641091	13.9214443097	14.5122879828	14.7331169967	14.9604037581	15.03850703	15.3736737701	15.7766732748	15.926330506	16.3962296609	16.6175905616	17.1958215113	17.6182224726	17.7942859267	18.2449278952	19.3721154741	19.6257233014	20.3379303914	21.236179274	21.3647117215	22.3998370257	22.8694769031	23.2823890484	24.1076816258	24.8317336017	25.2766575426	25.3197249128	25.6209228184	25.9431163685	26.7065975224	27.0009263383	27.7234660485	28.0942040224	29.1659986534	30.4101124828	30.7474123029	31.0058293243	34.7224508345
0.2738518	0.4476098843	1.2880672314	1.4504137762	2.02817867	2.3215475821	2.4473473979	2.9167962521	3.1651568706	3.3033623371	3.4480110779	3.6577884885	3.7855702405	4.1603768809	4.3213899683	4.6003699636	4.8226929572	4.9500575804	5.2541240906	5.4936473403	5.6616059666	5.9485092006	6.1219162753	6.3001523885	6.623027761	6.8509781353	7.1185316529	7.4112063648	7.6198466905	7.8132112688	7.9473127932	8.0926997167	8.3130744319	8.4751120459	8.6726647384	8.9139618502	9.1356442245	9.2592652911	9.4449874928	9.6909229082	10.1252307714	10.1387067123	10.8056349159	11.0651077671	11.2278358516	11.4553920679	11.7692781976	12.0371196741	12.1574333152	12.4599507149	12.7435568373	13.1101520757	13.5581734573	13.6870345218	13.9260658789	14.491149506	14.7381955222	14.958893368	15.0421001876	15.3934012768	15.7784617379	15.9247244654	16.3896803463	16.6230485128	17.2001651378	17.6235407109	17.7773894812	18.2393602053	19.362310973	19.6044594077	20.3624574115	21.2555025211	21.3625682777	22.4096745491	22.8950909671	23.2926916479	24.1344816323	24.8462774518	25.2717627276	25.3181588791	25.6329309361	25.9596736743	26.7118763633	26.9861221296	27.7276140986	28.0825107699	29.1706840953	30.3909322779	30.7240886545	30.9945912204	34.7592665162
0.2765259	0.4930472603	1.2973235669	1.4345206574	2.0421899563	2.3238339727	2.4356500944	2.9215094618	3.1616754392	3.2860748448	3.4373345778	3.6395508059	3.8077099284	4.1292857899	4.3003782423	4.6008651696	4.8071315533	4.9227732374	5.2434577497	5.5186454633	5.6371924864	5.9372103511	6.1306335373	6.3117307384	6.6341666729	6.8593745726	7.1145559494	7.4187818391	7.5980863701	7.8216366824	7.9421872231	8.0801779963	8.3186121892	8.4617693355	8.6691134103	8.9108950981	9.1083666788	9.2536126311	9.4316158432	9.6859793795	10.121221511	10.1473232203	10.8054196086	11.0791876216	11.2442174296	11.446426218	11.7915425597	12.0332572796	12.1499360064	12.4872807572	12.7414830914	13.0991114753	13.5751714025	13.7042114401	13.9340059661	14.4683962591	14.7431623262	14.9572766278	15.0465590885	15.4151279281	15.7788311396	15.9237226706	16.3805970838	16.6302251342	17.2047841759	17.6302501353	17.759753551	18.2331827621	19.3501851222	19.5852573701	20.3886666218	21.2711408493	21.3648713383	22.4189898851	22.9235710478	23.3043631669	24.1626007114	24.859962266	25.2657454264	25.3208828336	25.6465986522	25.9776379334	26.716493909	26.9707003929	27.7325858809	28.0687479571	29.1757910338	30.371824278	30.7027426313	30.985058664	34.7988587207
0.2792001	0.5277207	1.3061389581	1.4249780686	2.0503914299	2.3306609018	2.424951401	2.9232404606	3.158275268	3.2683483655	3.4287097738	3.6227021346	3.8291154701	4.096689173	4.2787260374	4.604082684	4.786698802	4.9005047491	5.2312643974	5.5436171519	5.6162963623	5.9260267298	6.1385064795	6.3234167081	6.6455307897	6.8684588344	7.1110043956	7.4257373024	7.5750152367	7.8228020495	7.9378363159	8.0734747771	8.3232271858	8.4494885587	8.6672523127	8.9084584741	9.0788741441	9.2477255827	9.4199569629	9.6824327069	10.1169003558	10.1567582107	10.8043020683	11.0939920757	11.2599093379	11.4367845955	11.8144960405	12.028121456	12.14305512	12.514804665	12.7412471588	13.0904075497	13.5914054254	13.7205579061	13.9454105567	14.4445081312	14.7475852399	14.9560867604	15.0518355225	15.4383320955	15.777698723	15.9234750265	16.3694329849	16.6386899339	17.2094944734	17.637898757	17.7419756082	18.2265199091	19.3349568854	19.569226038	20.4158781275	21.2812546613	21.3734271781	22.4273951019	22.9550444497	23.3173896544	24.1917755812	24.8730376553	25.2594284591	25.3268834979	25.6617233342	25.9969575856	26.7203503544	26.9550164395	27.7382173073	28.0532632686	29.1807782215	30.35320535	30.6833937381	30.9771315239	34.8409994641
0.2818742	0.5528827726	1.3077808594	1.4278182699	2.0537929215	2.3395313252	2.41639747	2.9219594381	3.1542920168	3.2507640302	3.4219128787	3.6075933536	3.8489856292	4.063878499	4.2569900956	4.6090918726	4.7616290853	4.8837873163	5.218482195	5.5567656346	5.6096250731	5.9154885768	6.1451528223	6.3347651394	6.6571673778	6.8779414683	7.1080303446	7.4316229776	7.5519490086	7.8166347438	7.9337069262	8.0722469201	8.3254152305	8.4392636281	8.6674933496	8.9065313546	9.0474992374	9.24190551	9.4100363526	9.6801083403	10.1120938936	10.1669527972	10.8025423943	11.1092895484	11.2746332392	11.427359835	11.8371948801	12.0219494598	12.1370730786	12.5414787663	12.743689059	13.0844286731	13.6065370633	13.7353544441	13.9601700309	14.4198522959	14.7512592194	14.9556907552	15.0579177363	15.4624601893	15.7750743159	15.9240904115	16.3566548567	16.6480309404	17.2141497787	17.6453030567	17.725306776	18.2195045761	19.3161949218	19.5570496949	20.4435068021	21.2856333451	21.3883934564	22.4345278747	22.9895056144	23.3317329219	24.2217755902	24.8857153573	25.2537073823	25.3351333441	25.6780456804	26.0174941318	26.7232614059	26.9395564405	27.7442648822	28.0365319704	29.1851352476	30.3353673228	30.6660225168	30.9707707342	34.8854125098
0.2845483	0.5696004476	1.3002160709	1.4444589	2.0536644833	2.3465476927	2.4121420324	2.9177179156	3.1486202666	3.234742337	3.41628201	3.5943220818	3.8663816598	4.0326274666	4.2356467385	4.6148722123	4.7335349347	4.8716819569	5.2058109365	5.5475861297	5.6268534291	5.9059996184	6.1504972621	6.3454519678	6.6690829702	6.8875576055	7.1057016555	7.4355841248	7.5303865809	7.8044518388	7.9293075896	8.0750464853	8.3235985165	8.432246814	8.6700828803	8.9047890503	9.0149588694	9.2364490832	9.4017559729	9.6787669726	10.1066565336	10.1778750851	10.8003790787	11.1248072402	11.2881901703	11.4188972459	11.8587901182	12.0149534316	12.1322783068	12.5660562395	12.7498454934	13.0813582886	13.6202882119	13.7483421503	13.9778337942	14.3947344226	14.7541744491	14.9562611951	15.0648148049	15.4869425007	15.771063126	15.9256357994	16.3426936649	16.6579017889	17.2186489657	17.6494685009	17.7127254217	18.2122758419	19.293975156	19.5488530781	20.4710543177	21.285955325	21.4080223347	22.4400861692	23.0267716252	23.3473355096	24.252415607	24.8981097296	25.2492789746	25.3449010568	25.6952748264	26.0390037184	26.7249046061	26.9249905729	27.750390062	28.0191504197	29.1884338565	30.3184376248	30.6506128204	30.9659746556	34.9317751493
0.2872224	0.5789188982	1.2879616431	1.4699148873	2.05104303	2.3478375439	2.4144860241	2.9105688891	3.1394856359	3.2226795518	3.4108168647	3.5829235176	3.8795743339	4.0055520342	4.2151629063	4.6202739526	4.7045019161	4.8627721773	5.1939099145	5.5312462539	5.6519940547	5.8979452743	6.1546517213	6.3553248494	6.6812243307	6.8971003104	7.1039860334	7.4359195841	7.5125399349	7.7880920284	7.924200339	8.0801768089	8.3168601209	8.4290411499	8.6749576262	8.9023219071	8.9827440125	9.2316112656	9.3949351312	9.6781479761	10.1004969115	10.1894881942	10.798021143	11.1402503126	11.3004428466	11.412009394	11.8785451061	12.0073178781	12.1289367447	12.5872898768	12.7607493823	13.0811947637	13.6324138584	13.7597045589	13.9976499969	14.369436697	14.756472919	14.9577867376	15.0725357935	15.5112054535	15.7658515877	15.9281499571	16.3279271138	16.668034249	17.2229369711	17.6452970905	17.709232761	18.2049774758	19.2688245828	19.5442765223	20.4981010148	21.2840794149	21.4303725359	22.4438528934	23.0664539638	23.3641284921	24.2835652077	24.9101949146	25.2466949101	25.3557099652	25.7131195194	26.0611266182	26.7247652514	26.9122230055	27.7561449678	28.0018303007	29.1903678812	30.3023716099	30.637167002	30.962759549	34.9797212085
0.2898966	0.5819446612	1.2757682608	1.4991134264	2.0465636929	2.3429436827	2.4227148931	2.900608606	3.1252389705	3.2168737657	3.4043616838	3.5734850692	3.8854284426	3.9864898312	4.1961114179	4.6237050288	4.676722543	4.8558893944	5.1834949798	5.5153603436	5.6764602014	5.8917596009	6.1578526114	6.364416685	6.6934724818	6.9064379747	7.1027565717	7.4301703571	7.5012742435	7.7692058773	7.9180313325	8.08632841	8.3055854196	8.4291288219	8.6816215231	8.8962711623	8.9544852965	9.2275874216	9.3893640266	9.6779980787	10.0935787525	10.2017420872	10.7956450385	11.1553185426	11.3112949338	11.4071967229	11.8958619038	11.9992063747	12.1272453627	12.604406379	12.7769508689	13.0837775877	13.6427125508	13.7699037416	14.0187080057	14.3442459661	14.7583899756	14.9601128495	15.0810722689	15.5346831599	15.759683377	15.9316628386	16.312679697	16.6782316881	17.2270001215	17.6318984191	17.7155530251	18.1977570209	19.2415114296	19.5426995709	20.5242987795	21.2812033977	21.4541536101	22.445706651	23.1079531553	23.3820409994	24.3151520877	24.9217892597	25.2464225214	25.3672577509	25.7313183194	26.0833898158	26.7221323658	26.9023862183	27.7609688604	27.9853855733	29.1907760338	30.2869780768	30.6256974577	30.9611429774	35.0288452854
0.2925707	0.5798829937	1.2664536025	1.5290153501	2.0405270108	2.3341021256	2.4337972149	2.8880615661	3.1060222292	3.2175108105	3.3958993196	3.5661827729	3.8811998973	3.9784617067	4.1793057971	4.6214898072	4.6541249451	4.8501887579	5.1753389812	5.5015396358	5.6974782593	5.8879185399	6.1604410934	6.3729217598	6.7056487528	6.9155135077	7.1018218759	7.4176589785	7.4975684753	7.7490084253	7.9105924927	8.0926665559	8.2911121953	8.4312949931	8.6890743439	8.8804318198	8.9373739425	9.2245051592	9.3848559634	9.6780864698	10.0859163176	10.2145697211	10.793393744	11.1697267721	11.3206677924	11.4048645401	11.9103108188	11.9907820703	12.1272735269	12.6175471084	12.798065266	13.0888204239	13.6510651395	13.7794701403	14.0400916391	14.3194758633	14.7601898128	14.962997756	15.0903866895	15.5568313637	15.7528351691	15.9362090942	16.2972293491	16.6883551887	17.2308576715	17.6135316739	17.7272086132	18.1907647544	19.2128405118	19.5434543041	20.5493649266	21.277986287	21.4786053471	22.4456193599	23.15047829	23.4010094247	24.3471577055	24.9325756128	25.2488510618	25.3793573824	25.7496624579	26.1052265508	26.716232967	26.8966891786	27.7642174616	27.9706903729	29.1896452263	30.2719726955	30.616202231	30.9611291316	35.0787081635
0.2952448	0.5740059478	1.2614824148	1.5579883362	2.0330490665	2.322932851	2.4455885274	2.8732849608	3.0834646489	3.2226751579	3.3849868116	3.5612032869	3.869408648	3.9785776508	4.1659193841	4.6072881177	4.6431745473	4.8450183984	5.1701899332	5.4901005796	5.713539068	5.8867819175	6.162868292	6.3811447146	6.7175252304	6.9243307845	7.1009780133	7.4008630671	7.4991300469	7.7283100612	7.9018679542	8.0985974958	8.275008218	8.4344036576	8.6957764271	8.8547699564	8.9327296864	9.222416983	9.3812919502	9.6782101607	10.0775677534	10.2278847176	10.7913767152	11.1832326145	11.3284868132	11.4053208503	11.9216285348	11.9822558234	12.1289138428	12.6276617991	12.8228627608	13.0959510559	13.6574772492	13.7888364917	14.060973772	14.2954867381	14.7621093647	14.9661664331	15.1004069248	15.5771461535	15.7455983625	15.9418278011	16.2818150694	16.698308664	17.2345517419	17.5931090478	17.7410373558	18.1841517063	19.1835383781	19.5459446308	20.573076707	21.2747846482	21.5032616668	22.4436448605	23.1930903241	23.4209827075	24.3796039662	24.9421603805	25.2542502398	25.3918956426	25.768007892	26.1260139269	26.706529656	26.8960926578	27.7652599172	27.9585727534	29.1870959077	30.2570473028	30.6086355111	30.9626956382	35.1288432735
0.2979189	0.5655339379	1.2614978397	1.5852556926	2.0242060036	2.3099956735	2.4571980716	2.8566337784	3.0592627102	3.2295242028	3.3723070528	3.5586099693	3.8555111372	3.9803299193	4.1574435576	4.5863237765	4.6388370421	4.8398369187	5.1686351906	5.4809475172	5.7238985304	5.8882504437	6.1657042866	6.3894361602	6.7288302721	6.9329390987	7.1000713132	7.3823720142	7.5034269941	7.7076181684	7.8920389015	8.1034569467	8.2588304054	8.4376810311	8.6995800964	8.82727812	8.9343372176	9.2212892434	9.3786548458	9.6781938083	10.0686275994	10.2415799128	10.7896703312	11.1956684768	11.3347017376	11.4087337488	11.9296121233	11.9740027538	12.1318739339	12.635962645	12.8497945203	13.1047575365	13.6620941749	13.7982549574	14.0806394011	14.2727084252	14.7643208791	14.9693513928	15.1110261651	15.5951880825	15.7382679396	15.9485469637	16.2666433506	16.7080256591	17.238137516	17.571877424	17.7555331342	18.1780658588	19.1542177614	19.5496831235	20.5952660486	21.2717944841	21.5278075207	22.4399036081	23.2347680298	23.4419175781	24.4125312855	24.9501608068	25.2627011646	25.4048033647	25.786276415	26.1451260081	26.6929896735	26.901003744	27.7636611482	27.9496259936	29.1833539856	30.2419384942	30.6028850292	30.9657821327	35.1787640169
0.3005931	0.5554582718	1.2666246034	1.610594378	2.0141378905	2.2953536643	2.468415021	2.8382447894	3.0347767069	3.2343880217	3.3602263488	3.5582831858	3.8429078812	3.979045952	4.1552055306	4.5654083397	4.6346426735	4.8342215394	5.1709625582	5.4738107986	5.7287226934	5.8914598385	6.1696246962	6.3981277593	6.7392441852	6.9414254287	7.099055287	7.3635098342	7.5090649564	7.6872258857	7.8814433554	8.1062494152	8.2442546792	8.4406203601	8.697741304	8.8037851279	8.9387737784	9.2209887455	9.3770490386	9.6778874288	10.059219238	10.2555267646	10.7883190151	11.206967149	11.3393423186	11.415057523	11.9338113791	11.9668263858	12.1357262727	12.6434870659	12.8774098867	13.1148385924	13.6651709828	13.8077936733	14.098450528	14.2516743093	14.7669155613	14.9723177696	15.1221067691	15.6106097363	15.7311358451	15.9563575287	16.2518929891	16.7174585846	17.241674863	17.5504240737	17.7698629736	18.1726457821	19.1253827077	19.5542851186	20.6158142629	21.2691229841	21.5520048017	22.4345675704	23.2744971413	23.4637552976	24.4459703286	24.9562924016	25.2740322135	25.4180340836	25.8044478191	26.1619957633	26.6760701587	26.911248384	27.7593839689	27.944002689	29.1787153998	30.2264796134	30.5987657663	30.9702815431	35.2279717089
0.3032672	0.5443729513	1.2766644927	1.6341331649	2.0031035457	2.2789827708	2.4793357281	2.8178800182	3.0111639081	3.2327440491	3.3527208724	3.5599729952	3.8328952238	3.9728348437	4.1595160744	4.5463763144	4.6292364183	4.8279193151	5.1770801862	5.468351069	5.7289802298	5.89490322	6.1753470096	6.4074767504	6.7483891163	6.9499168089	7.0980237674	7.3447769212	7.515362315	7.6672778137	7.8705044241	8.1056116589	8.2331388325	8.4428105461	8.6880834141	8.787696659	8.9446400575	9.2212753659	9.3766977079	9.6771642721	10.0494879093	10.2695757965	10.7873373336	11.2171672926	11.3425515109	11.4239985349	11.9332825327	11.962123294	12.1399982151	12.6509547234	12.9044840039	13.1258534126	13.6670093217	13.8173820382	14.1137611546	14.2330802059	14.7699048383	14.974876173	15.1334861997	15.6231828267	15.7244836474	15.9651862288	16.2377185726	16.7265702421	17.2452218795	17.5290890934	17.7834772387	18.1680113864	19.0974468579	19.5594485602	20.6346465848	21.2668243831	21.5756534623	22.4278476921	23.3113812098	23.4863737966	24.479911533	24.9604216314	25.2877964176	25.4315484951	25.8225455592	26.1761756755	26.6564697213	26.9262794333	27.7528576417	27.9413448816	29.1735092147	30.2106268563	30.5960327572	30.9760354	35.2759638639
0.3059413	0.5323897279	1.2912233675	1.6561868443	1.9914908681	2.2610028051	2.4901621347	2.7949824027	2.989418068	3.2214787035	3.3528794627	3.5633736047	3.8256998973	3.9619649701	4.1693573139	4.5297452388	4.6226400878	4.8208738698	5.1865326934	5.4642172896	5.7260035754	5.8969690176	6.183505164	6.4176266805	6.7558273073	6.9585841232	7.0972063068	7.3262996494	7.5219302558	7.6478304175	7.8596481559	8.1003367749	8.2270564128	8.4438091578	8.6717297253	8.7788553797	8.9510642028	9.2218159612	9.3779061141	9.6759201116	10.0395947346	10.2835582459	10.7867132742	11.226392575	11.3445484553	11.4350746418	11.9278863521	11.9605039879	12.1442613441	12.658787725	12.9299954992	13.1375605287	13.6678905133	13.8268676771	14.1257913517	14.2178716048	14.7732334612	14.9768884181	15.1449833748	15.632822096	15.7185667655	15.9748780153	16.2242531596	16.7353271667	17.2488303391	17.5081100403	17.7959867066	18.1642522996	19.0707522999	19.5649329189	20.6517265236	21.2649185236	21.5985697368	22.4199847031	23.3447587403	23.5095238817	24.5142775563	24.9625652462	25.303309877	25.445301708	25.8406176623	26.1873853565	26.6348992421	26.9453774653	27.7448324176	27.9409309802	29.1680637587	30.1944596221	30.5944080322	30.9828343227	35.3222425307
0.3086154	0.5191795416	1.3097790924	1.677112551	1.9797914379	2.241776873	2.5010728979	2.7690065882	2.9701855655	3.20176022	3.3598635995	3.568140115	3.8210626276	3.9477450788	4.1830402654	4.5156816276	4.6151943428	4.8131974951	5.1985995098	5.4610795953	5.7210979886	5.8964545758	6.1944943347	6.4285877745	6.7610882051	6.9676295931	7.0969202552	7.3080889011	7.5284308818	7.6289418891	7.8492302194	8.0903451316	8.2263762437	8.4430959639	8.6527291812	8.7743078911	8.9573393963	9.2222351632	9.3809826641	9.6740745861	10.0297119143	10.2972889474	10.7864127056	11.2348117441	11.3455618157	11.4477203745	11.9193365843	11.9606938305	12.148188551	12.6671716936	12.9530895235	13.1498289322	13.6680302847	13.8360616857	14.1335864609	14.2072383588	14.7767987044	14.9782700329	15.1564044433	15.6396072982	15.7135820623	15.9851955939	16.2116106423	16.7436942657	17.2525427539	17.4876784633	17.8071253321	18.161415541	19.0455849788	19.5705417319	20.6670500615	21.2634010532	21.6205730175	22.4112429876	23.3742866165	23.5327841306	24.548903535	24.9628468796	25.3197413425	25.4592297836	25.8587136681	26.1955367037	26.6119868745	26.967738476	27.7361307664	27.9419293397	29.1626786517	30.178162499	30.5936120751	30.9904241001	35.366322391
0.3112896	0.5041362679	1.3317015728	1.697191923	1.968545461	2.2219131474	2.5121092861	2.7398885379	2.9535037241	3.1771283892	3.3707385301	3.5738556669	3.8185278218	3.9315961208	4.1989555691	4.504197251	4.6072899983	4.8051081511	5.2124248967	5.4586456833	5.7153881438	5.8927831808	6.2083591035	6.4402368059	6.7637398224	6.9772413754	7.0974835189	7.2902069253	7.5343380427	7.6108669092	7.8394852342	8.0769107728	8.2300665698	8.4401437324	8.6347729698	8.771524305	8.9629042494	9.222202021	9.3861278669	9.671575064	10.0200189126	10.3105703095	10.7863848372	11.2425950526	11.3457905735	11.4613657633	11.9092301571	11.9614878741	12.1515725816	12.6761122371	12.9730846159	13.1626031194	13.667565664	13.8447675543	14.1365653087	14.2020148654	14.7804709635	14.9789913009	15.1675478283	15.6438018089	15.7096206681	15.9958365223	16.1998881456	16.7516303634	17.2563905586	17.4679656783	17.8167389736	18.1594953255	19.0221861877	19.5761095812	20.6806397704	21.2622495771	21.64147752	22.401906688	23.399942289	23.5555787896	24.5835283625	24.9614393	25.3362245601	25.4732326405	25.8768578481	26.2007329929	26.5882800762	26.9924897123	27.7274565974	27.9435977888	29.1576041463	30.1619985221	30.5933905932	30.9985167191	35.4077383648
0.3139637	0.4866191442	1.3562417748	1.716548433	1.9582581216	2.2022167819	2.5230050063	2.7084170369	2.9387257503	3.1506967496	3.3832341416	3.5800023545	3.8175948671	3.9147118288	4.2158422074	4.4951974842	4.599280109	4.7968671884	5.2271327244	5.456667193	5.7098109911	5.8859581154	6.2247804862	6.4523329536	6.7634972717	6.9875187561	7.0990960012	7.2728922041	7.5384283629	7.5945737124	7.8305084466	8.0618226482	8.2365404427	8.434634068	8.6200262147	8.7692910354	8.9673842875	9.2215203092	9.3933299286	9.6684036354	10.0106991166	10.3231971266	10.7865683312	11.2498795997	11.3453975995	11.4754715829	11.8983921622	11.962415714	12.1543169262	12.6854789342	12.9895299295	13.1758185808	13.6665718626	13.8527999004	14.1357046229	14.2014408829	14.7841123942	14.9790767851	15.1782089521	15.6458473538	15.7066340466	16.006461451	16.1891686141	16.7590845072	17.2603927051	17.4491367628	17.8247784414	18.1584283073	19.0007607545	19.5814930792	20.6925389213	21.261427944	21.6610870391	22.3922769842	23.4219367622	23.5772662883	24.617797355	24.9585171567	25.3519655494	25.4871534027	25.8950190732	26.2032454285	26.5642858814	27.0186898158	27.7193163101	27.9453754903	29.1530282673	30.1462813724	30.5935313747	31.0068047149	35.4460525108
0.3166378	0.4662138688	1.3825081427	1.7351121699	1.9492876813	2.1836376692	2.5327889194	2.676553057	2.9247346133	3.124726649	3.3961153589	3.5859782718	3.8177958592	3.8980558157	4.2327513828	4.4884956902	4.5914584154	4.7887390815	5.2419055814	5.4549424803	5.7051355042	5.8763918268	6.2431446519	6.4645437828	6.7603313921	6.9984054684	7.1016906893	7.2566632949	7.5376868741	7.5828751336	7.8222759073	8.0466543434	8.2443691095	8.4267365817	8.6093166267	8.7671963788	8.9706107415	9.2201744189	9.4023154771	9.6645879978	10.0019363023	10.3349619381	10.7868975867	11.2567477985	11.34451764	11.4895361085	11.8872960623	11.9633423632	12.1564132248	12.6950389618	13.0022778297	13.1892984892	13.6650990921	13.8599999912	14.133255048	14.2033931476	14.7875915763	14.9786023248	15.1881851862	15.6463035599	15.7044548548	16.0167243895	16.179523538	16.7659932005	17.2645535222	17.4313600883	17.8312880318	18.1580967614	18.9814827188	19.5865651376	20.7028056652	21.2608898017	21.6791922126	22.3826693939	23.4405881003	23.5972512449	24.6512732899	24.9542317087	25.3663254905	25.5007597666	25.9130783073	26.203475749	26.5405178644	27.0453373929	27.7120196218	27.9468986136	29.1490716799	30.1313506379	30.5938705562	31.0149767134	35.4808600712
0.3193119	0.4429608221	1.4094465465	1.7526441364	1.9417184467	2.1672252721	2.5387487159	2.6482561591	2.9103226554	3.1009231392	3.4087522412	3.5911713811	3.8187304431	3.8824232618	4.2489445177	4.4838229407	4.5840678965	4.7809754994	5.2560292023	5.4533218702	5.701956205	5.864732646	6.2626287102	6.4764747952	6.7545322377	7.0096857656	7.104751789	7.2424078472	7.528609993	7.5791786472	7.8147027171	8.0325672118	8.2524455967	8.417219865	8.6024486168	8.7651826466	8.972604263	9.2183086901	9.4125722247	9.660216827	9.9939103472	10.3456607063	10.7873086162	11.26321675	11.3432686228	11.5030880765	11.8763228528	11.9642316681	12.1579154003	12.7044837097	13.0115125984	13.202689423	13.6632149884	13.866250173	14.1310557531	14.2060307289	14.7907933842	14.9776884157	15.1972813139	15.6457410682	15.7028720055	16.0262978346	16.1710155904	16.7722790388	17.2688578757	17.414816361	17.8363868593	18.1583400792	18.964499214	19.5912118096	20.71150737	21.2605819995	21.6955703942	22.3734098894	23.4562174466	23.615062754	24.6834492552	24.9487097222	25.3788667065	25.5137375152	25.9307955276	26.2019148613	26.5175381204	27.0713908943	27.7057174839	27.9479807503	29.1457898232	30.1175512894	30.5942906118	31.0227321449	35.5117945761
0.3219861	0.4175213183	1.4358363701	1.7688180314	1.9352724718	2.1540438956	2.5351626993	2.6305802349	2.8946154797	3.0805422224	3.4207620823	3.5950759966	3.8200765657	3.8684658643	4.2638121873	4.4808426333	4.5773203784	4.7738160202	5.2689102512	5.4517188308	5.7006511978	5.8517553168	6.2822566966	6.4876969158	6.7467109922	7.021065824	7.1071634872	7.2313950717	7.5133034971	7.5814529205	7.8077269657	8.0203336337	8.2599315043	8.4072490611	8.5986162081	8.7633200478	8.9735349957	9.2161624507	9.4234148155	9.6554592235	9.9867919991	10.3550986823	10.787743906	11.2692341778	11.3417642525	11.5156744565	11.8658605353	11.9650650135	12.1589157901	12.7134516114	13.017699282	13.215474298	13.6610378067	13.8714837702	14.1299397605	14.2083740139	14.7936241813	14.9764894495	15.2053153741	15.6446472319	15.7017046871	16.0348896209	16.1637008603	16.7778514297	17.2732602347	17.399710999	17.8402443097	18.1589724234	18.9499331395	19.5953310743	20.7187152034	21.2604480848	21.7099886724	22.3648286124	23.4690938844	23.6303782466	24.7137525766	24.9420782278	25.3893564683	25.5257043321	25.9477790166	26.1991058816	26.495989272	27.0957969188	27.7004516112	27.9485803655	29.1431814372	30.1052168853	30.594713388	31.0297936859	35.5385319895
0.3246602	0.3912715248	1.4603136821	1.7833158412	1.9293800355	2.1449514474	2.5186564172	2.6282150457	2.8774789033	3.0642979363	3.4317911239	3.5974242684	3.8215899798	3.8566701523	4.2768260365	4.479172734	4.5714148161	4.7674951891	5.2800744237	5.4501243954	5.7013118422	5.8383306313	6.3009228715	6.4977682469	6.7377600426	7.0322944382	7.1073743166	7.2249529203	7.4959529037	7.5858351918	7.8013921935	8.0103839215	8.266217814	8.3980181965	8.5968420495	8.7617029344	8.9736720296	9.2140005196	9.434052034	9.6505851269	9.9807370013	10.3630963995	10.7881557379	11.2746773918	11.340128872	11.5268493407	11.8563365692	11.9658181925	12.1595250731	12.7215506026	13.0214727309	13.2270461071	13.6587494069	13.8756852345	14.1300031629	14.2100522473	14.796013065	14.9751791605	15.2121244032	15.6433868441	15.7008328194	16.0422517511	16.1576303457	16.7826100654	17.2776622001	17.3862952	17.8430531885	18.1598027341	18.93788509	19.5988330083	20.7244990729	21.2604319238	21.7222107434	22.3572501126	23.4794194508	23.643006701	24.7415221179	24.9345245793	25.397734235	25.5362428793	25.9634626175	26.1956169108	26.4766104459	27.11752545	27.696203196	27.9487632297	29.1412021431	30.0946555362	30.5950911422	31.0359167432	35.5607939394
0.3273343	0.3663089775	1.4814337545	1.7958394432	1.9235319984	2.1401904258	2.4957260463	2.6358667071	2.8597969069	3.0523061154	3.4413930801	3.5982915921	3.8230997415	3.8473188196	4.2875187164	4.4784158983	4.5665461886	4.762246117	5.2891511044	5.4486146175	5.7036536266	5.8254674114	6.3174107611	6.5062493089	6.7287941559	7.0432303389	7.1042345476	7.2235151225	7.4791593138	7.5903866266	7.7958926997	8.0028579095	8.2709482041	8.3904452657	8.5962664133	8.7604055297	8.9733303323	9.2120640825	9.4436372246	9.6459777526	9.9758802821	10.3694957266	10.7885076882	11.2793544741	11.3385140629	11.5361710944	11.8482157202	11.9664587206	12.1598559945	12.728383767	13.0235158511	13.2367962475	13.6565840011	13.8788788598	14.130920441	14.2110355025	14.7979101883	14.973933499	15.2175694742	15.6422094902	15.7001900402	16.0481832551	16.152850406	16.7864514728	17.2818718017	17.3749023345	17.8450044615	18.1606532465	18.9284348803	19.6016408515	20.7289230427	21.2604813317	21.7320081086	22.3509794851	23.4873352002	23.6528539671	24.7659279217	24.9264170996	25.4040574407	25.5449432474	25.9771031212	26.192024055	26.4602262811	27.1356129501	27.6929334071	27.9486622136	29.1397812756	30.0861378416	30.5953976345	31.0408959781	35.5783501223
0.3300084	0.3453142186	1.4977848609	1.8059493995	1.9178286439	2.1389802785	2.4743046836	2.6464944521	2.8435387554	3.0442442605	3.4489884356	3.5981172339	3.824494181	3.8404894906	4.2954862584	4.4781967839	4.5629009339	4.7582931006	5.2958537406	5.4473374774	5.7069219004	5.8144085345	6.330451334	6.512716482	6.7210631954	7.0537687083	7.0979443819	7.2257043219	7.4649252236	7.5941809837	7.791554486	7.9976842667	8.2740594383	8.3850229666	8.5962543509	8.7594692481	8.9728196036	9.2105457326	9.4513166626	9.6421193899	9.9723310129	10.3741658022	10.7887743766	11.283012812	11.3371103942	11.5432162877	11.8419699366	11.9669505257	12.1600103082	12.7335808882	13.0244592967	13.2441861987	13.6547959364	13.8811100492	14.1321668603	14.2114776518	14.799283271	14.9729127625	15.2215395683	15.6412754587	15.699744128	16.0525296402	16.1494019194	16.7892782974	17.2855455059	17.3659991021	17.8462663458	18.1613740072	18.9216428692	19.6036925341	20.732041355	21.2605515144	21.7391752872	22.3462847259	23.4929340297	23.6598865097	24.7857876589	24.918528103	25.4084425213	25.5514435951	25.987822001	26.1888956233	26.447693649	27.1492145411	27.6906100499	27.9484363344	29.1388398374	30.0798864387	30.5956204162	31.0445693216	35.5910200045
0.3326826	0.3311509292	1.5081529056	1.8128141891	1.9133102074	2.139567617	2.4594165535	2.6553118638	2.8316156611	3.0396486659	3.4539224757	3.5975793473	3.8256447478	3.8361757447	4.3004074791	4.4782040131	4.5606395747	4.7558306291	5.2999680323	5.4464715614	5.7098685795	5.8066921781	6.33886242	6.516788059	6.7157917024	7.063423099	7.0901101989	7.2287834256	7.4552245532	7.5966732275	7.7887503039	7.9946896801	8.2757412501	8.3818476783	8.596395184	8.7589079782	8.9723985397	9.2095815247	9.4563102584	9.63952405	9.970169077	10.3770085037	10.7889399371	11.2853703397	11.3361367811	11.547616616	11.8380215456	11.9672608893	12.1600684652	12.7368358046	13.0248075925	13.2487973631	13.653615214	13.8824259285	14.1331941821	14.211607241	14.800113386	14.9722450537	15.2239541192	15.6406812518	15.6994805927	16.0551813019	16.1473180243	16.791010089	17.28815587	17.3602095632	17.8469688755	18.1618526364	18.9175511437	19.6049422873	20.733895181	21.2606080815	21.7435474227	22.3433770196	23.4962730548	23.664101429	24.7993028543	24.9123333877	25.4110127352	25.5554626522	25.9947255433	26.1867539774	26.4397953735	27.1576633786	27.6892175937	27.9482321883	29.1383073511	30.0760672267	30.595754801	31.0468201399	35.5986739574
0.3353567	0.3261288332	1.5117076041	1.8153010104	1.9115367801	2.1400437957	2.4540910607	2.6587620218	2.8271494474	3.038160343	3.4556412505	3.5973126115	3.8261640793	3.8346220278	4.3020723611	4.4782306421	4.5598725972	4.7549936138	5.3013556726	5.4461638975	5.7110774388	5.8038792021	6.3417741595	6.518181028	6.7139157001	7.0687850806	7.0852188435	7.2301613952	7.4517556203	7.5975407898	7.7877776658	7.9937128755	8.2762609325	8.3808129381	8.5964655019	8.758721477	8.9722382565	9.2092513726	9.4580460201	9.6386052098	9.9694430116	10.3779629521	10.7889959842	11.2861883094	11.3357857454	11.5491145113	11.8366692136	11.9673670574	12.1600819478	12.7379446863	13.0248861968	13.2503646746	13.6532024196	13.8828604772	14.1335882111	14.2116239575	14.8003910356	14.9720129767	15.2247644004	15.6404778824	15.6993933174	16.0560725077	16.1466207904	16.7915935743	17.2891181379	17.3581804426	17.8471937753	18.1620199508	18.9161845058	19.6053620282	20.7345102128	21.2606293981	21.7450172306	22.3423921483	23.4973828663	23.6655052294	24.8042095954	24.9098904809	25.4118584976	25.556822599	25.9971160837	26.1859904843	26.4370938634	27.160529314	27.688753239	27.9481519592	29.138135561	30.0747826135	30.5957996334	31.0475782227	35.6012339572
0.3380876	0.3199169645	1.5049326512	1.8090530579	1.9126060818	2.1409049375	2.4543662968	2.6591193035	2.8256475546	3.0336921364	3.4565432581	3.5956082981	3.8258681961	3.8397883614	4.3000219958	4.4769037992	4.5604458627	4.7577155361	5.2995663113	5.4465822649	5.7110316683	5.8050925252	6.3394697125	6.5177333835	6.7168144024	7.0638830554	7.0852830282	7.229650067	7.454940532	7.5972220705	7.7883289886	7.9936594654	8.2748282996	8.3799623004	8.5970366411	8.7581300747	8.9729534852	9.2094551409	9.4571548286	9.6389199117	9.9701406638	10.3770424571	10.788431908	11.2858765658	11.3358653869	11.5471448626	11.8373676197	11.9679569992	12.1610750347	12.7370057031	13.0245920295	13.2488525905	13.653383754	13.882500904	14.1330246995	14.2111420049	14.8002323414	14.9724696068	15.2242763898	15.6400887153	15.6992219289	16.0507964651	16.1504069601	16.7911667203	17.2879589527	17.3584957779	17.8466367182	18.1621324667	18.9162150966	19.605772327	20.7342744694	21.2604930556	21.7442835903	22.3424455769	23.4952045148	23.6624583532	24.799675281	24.9105384332	25.4109793858	25.5567400241	25.9951760033	26.1836779971	26.4370055433	27.1579214632	27.6881472159	27.9482975852	29.1373697436	30.0734078739	30.5955133305	31.0474525419	35.5978332315
0.3408186	0.3007740478	1.4849673199	1.7921052022	1.913924142	2.1434776461	2.4549092485	2.6600328639	2.8212557174	3.0209995952	3.4585867941	3.5913567358	3.8283447327	3.8512019201	4.2938801418	4.4733140171	4.562098899	4.7656865148	5.2943815129	5.4477068035	5.7109299164	5.8087015058	6.3327909538	6.5163761058	6.725117106	7.0499558274	7.0854261308	7.2283477658	7.4633917865	7.5966055221	7.7898580866	7.993530777	8.2705959586	8.3774549458	8.5987187313	8.7563619266	8.975004133	9.2100301714	9.4545933766	9.6398119651	9.9722060114	10.3743342305	10.7867298897	11.284935971	11.3361144023	11.5413979919	11.8392852051	11.969784391	12.1640028289	12.7342231594	13.0236499285	13.2444310405	13.6538403365	13.88143468	14.1312697896	14.209860291	14.7997460512	14.973774906	15.2227991511	15.6389231826	15.6987186647	16.0370361468	16.1597153177	16.7898743593	17.2845215756	17.3593838604	17.8449934565	18.16245917	18.916307034	19.607002769	20.7335314313	21.2600827178	21.7420834016	22.3425880294	23.4885979162	23.6533434454	24.7864319724	24.9121784332	25.4083315852	25.5565174775	25.9894301755	26.1767221371	26.4368600938	27.1503336861	27.6863247716	27.9487016587	29.1350925701	30.0693786912	30.5946422924	31.0469904674	35.5876638447
0.3435495	0.266817704	1.4528080813	1.7674878769	1.912354615	2.1475419854	2.4549867927	2.6610113278	2.8143083244	3.0019894585	3.4601754656	3.586600733	3.834934384	3.8657416424	4.2837355652	4.4684068634	4.564708419	4.7783889739	5.2862842115	5.4492179034	5.7108792415	5.814603297	6.3223540629	6.5140577292	6.7377265816	7.0289927744	7.0855499097	7.2267518988	7.4743282405	7.5966576878	7.7920365597	7.9934116463	8.263759137	8.3734165726	8.6014176334	8.7534373668	8.978119217	9.2108667368	9.450678217	9.6411415931	9.9755584118	10.369995064	10.7838617413	11.2833544385	11.3365573481	11.5323155366	11.8419656597	11.9729829819	12.1687204145	12.7296975053	13.021885014	13.2374301013	13.6543295847	13.8796878959	14.1281656732	14.208235594	14.7988976491	14.975743967	15.2202952363	15.6369736778	15.6979220243	16.0181265693	16.171270046	16.7876812001	17.2789028316	17.3606973459	17.8423468346	18.1629684209	18.9164608405	19.6090519723	20.7321729371	21.2593945766	21.7384190291	22.3427667447	23.4773218481	23.6382740377	24.765276438	24.9141996397	25.4038933833	25.5562216424	25.9800857137	26.1651461907	26.4369533893	27.1384278002	27.6832734511	27.9492761924	29.1313628742	30.0629630257	30.5931540062	31.0459514132	35.570825781
0.3462805	0.2129182612	1.4098779856	1.7371287365	1.9061657204	2.1523364079	2.4536949191	2.6612246903	2.8053000953	2.9792932509	3.459751822	3.5833619112	3.8451929201	3.8817268706	4.2699044455	4.4632112312	4.5682158848	4.795123695	5.2759183295	5.450758361	5.7110508311	5.822606696	6.3089605547	6.5106824113	6.7529891733	7.0035874884	7.0855215612	7.2253471114	7.4844138264	7.5987063623	7.7944462948	7.9934112818	8.2546385402	8.368032732	8.6049764926	8.7493960434	8.9818920055	9.2117812589	9.4458771515	9.642722428	9.9800703993	10.3642763513	10.7797844193	11.2811228182	11.3372182877	11.5205159126	11.8448597103	11.9776635126	12.1750132198	12.7235874383	13.019019903	13.2283573456	13.6545058972	13.8772693254	14.123572386	14.2069035388	14.7976189061	14.978095334	15.2167092294	15.6341840107	15.6969141241	15.9962231661	16.1830353259	16.7845288138	17.2712092556	17.3622545339	17.8388318698	18.1636103645	18.9166774767	19.6119175657	20.7300163416	21.2584227743	21.7332951608	22.3428962201	23.460883487	23.6175657622	24.7370630771	24.9161140953	25.3976582493	25.5559367032	25.9674427341	26.1491948143	26.4376087373	27.1231692075	27.6789748672	27.9499046029	29.1262724447	30.0545560943	30.5910053077	31.0439790959	35.5474907715
0.3490114	0.1184914923	1.3577791577	1.7018666616	1.8951123623	2.1564595622	2.4502653372	2.6596125591	2.7947027965	2.9558929156	3.456760465	3.5826102037	3.8581448244	3.8981137441	4.2530735103	4.4584615249	4.5726640341	4.8151200602	5.2639831939	5.4520535917	5.7116529865	5.8324317766	6.2934148557	6.5061265244	6.7687064737	6.9765832171	7.0851891771	7.2245435017	7.4909870101	7.603702309	7.7967091596	7.9936178879	8.2436735164	8.3615212585	8.6091769125	8.7443018377	8.9858401216	9.2125231411	9.4407346736	9.6443704888	9.9855770229	10.3575091785	10.7744460024	11.2782444136	11.3381018674	11.5066940223	11.8475194551	11.9838044064	12.1826246388	12.7160983359	13.0146999288	13.2178445691	13.6539880825	13.8741305563	14.1175369805	14.2064998317	14.7957981814	14.9804828262	15.2119773855	15.6303900657	15.6958427766	15.9725624081	16.1939863262	16.7803363536	17.2615261853	17.3638837029	17.8346307935	18.1643209215	18.9169584721	19.6155960739	20.7268012956	21.2571604162	21.7267205459	22.342861769	23.4384096873	23.5919280995	24.7026530436	24.9176727801	25.3896701842	25.5557325423	25.9518502925	26.1294862822	26.439032189	27.1056637973	27.6734086072	27.9504734694	29.119937926	30.0446204658	30.588153589	31.0406572642	35.5179089737
0.3517424	-0.1456090799	1.2980980048	1.6619601947	1.879756856	2.1580616593	2.444295046	2.6551512083	2.7827515757	2.9348331163	3.4518244647	3.5841297981	3.872175917	3.9147074324	4.2343518912	4.4544577525	4.5781590955	4.8375654526	5.2512033404	5.4529543187	5.7128877038	5.8437325175	6.2764220158	6.5002743725	6.7818774908	6.951193821	7.08443835	7.2247183052	7.4931017696	7.611257864	7.798588805	7.9940446465	8.2314120627	8.3541070275	8.6137411018	8.738245461	8.9894767962	9.2127982256	9.4357830207	9.6459477749	9.991887189	10.3500831584	10.7677944304	11.2747384064	11.3391755283	11.4915624447	11.849710111	11.9911937455	12.1912781331	12.7074683256	13.0085372679	13.2065839891	13.652422214	13.870136009	14.1104309867	14.2074969581	14.7932752814	14.9825280301	15.2060394686	15.625252404	15.6949410959	15.9480210744	16.2035923387	16.7750018643	17.2499163449	17.3654429402	17.8299654351	18.1650267964	18.9173060948	19.6200827375	20.7221861552	21.255601531	21.7187115535	22.3425244044	23.4085515168	23.5626628842	24.6630364091	24.9187948242	25.3800562691	25.5556355406	25.9336744482	26.1070287657	26.4412477253	27.0869980572	27.6665580487	27.950898654	29.1124917023	30.0336278328	30.5845652942	31.0355697563	35.482416558
0.3544733	-0.2420430182	1.2322976568	1.6174051492	1.8609349816	2.1551246882	2.435853263	2.6471189476	2.7696589927	2.9186408662	3.4460843679	3.5872179874	3.8848342811	3.9322970833	4.2152227322	4.4511242331	4.58481097	4.8615663636	5.2383556468	5.4534210029	5.7149063336	5.8561301414	6.2585609791	6.4930549737	6.7884050307	6.9312925683	7.0832814227	7.2262188988	7.4914839068	7.619621548	7.8000358328	7.9945815313	8.2184959514	8.3460054744	8.6183343952	8.7313442882	8.9923838092	9.2123153515	9.4314410516	9.6473960583	9.9987959995	10.3424183698	10.7597897182	11.2706343799	11.3403546482	11.4758378947	11.8514097542	11.9994518595	12.2006899891	12.6979530239	13.0001802841	13.1952531817	13.6495243285	13.865067624	14.1029483013	14.2101511415	14.7898431532	14.983848098	15.1988512868	15.6182080116	15.6945278577	15.923420009	16.2115581693	16.7684045693	17.2364393861	17.366823217	17.8250865079	18.165651063	18.9177235363	19.6253712581	20.7157454877	21.2537444659	21.7092984045	22.3417271144	23.3696640032	23.531630484	24.6194184777	24.9194839022	25.3690447991	25.5556113924	25.9132843498	26.0830863478	26.444121589	27.0681175276	27.6584179077	27.951139814	29.1040732477	30.0220139216	30.5802196437	31.0283550448	35.4414427576
0.3572043	-0.3098916699	1.1616804856	1.5680926589	1.8394903085	2.145726298	2.4254255565	2.6351773313	2.7564338091	2.9083705034	3.4405220373	3.59136343	3.8934068877	3.9519798776	4.1974455656	4.4481581823	4.5926780566	4.8860747587	5.2263193498	5.453488326	5.7177773692	5.8692382973	6.2403040008	6.4844685972	6.7843405903	6.9202166641	7.0819492712	7.2293071882	7.4874822711	7.6266910491	7.8011541813	7.9949712668	8.2056370221	8.3374169007	8.6225690333	8.7237397863	8.994277364	9.2108502544	9.4279105022	9.6487616371	10.0060973969	10.3349295886	10.7504206817	11.2659593121	11.3414890243	11.4602580564	11.8527348178	12.0081093174	12.210574304	12.6878094359	12.9894050348	13.1844312562	13.6450962933	13.8586843702	14.0959543715	14.2145575248	14.7852561294	14.9840760535	15.190396314	15.6084867045	15.6949662069	15.8996605839	16.2177150162	16.7604087484	17.2211803746	17.3679451162	17.8202596341	18.1661188877	18.9182150669	19.6314534703	20.7069713866	21.2515971718	21.6985347066	22.3403027969	23.3205122625	23.5007176977	24.5731974489	24.9197783286	25.3569625845	25.5555640319	25.8910518876	26.0589663786	26.4474324016	27.0497596856	27.6490029788	27.9512028011	29.0948221165	30.0101511651	30.5751078388	31.0187492651	35.3955149144
0.3599352	-0.3623435603	1.0873885309	1.5138974614	1.8161799602	2.1283228369	2.4136639827	2.6195404835	2.7450730577	2.9032213855	3.4357352503	3.5964506429	3.8962167077	3.973804777	4.1829333023	4.4451768645	4.6017276114	4.9098166152	5.2161120065	5.453240622	5.7214700328	5.8826634991	6.2220615958	6.4746017434	6.7696306594	6.917136978	7.0809070689	7.2340797476	7.4822895775	7.6308538786	7.8020819873	7.9948252243	8.1935773352	8.3285296438	8.626013642	8.7155919668	8.9950588342	9.2083036179	9.4250968394	9.6502107236	10.0135967083	10.3279824773	10.7397271392	11.260721386	11.3423506512	11.4456089004	11.8538519683	12.0166904984	12.2206445257	12.6772792066	12.9762062657	13.174524492	13.6390191932	13.8508323572	14.0902731613	14.220732327	14.7792432434	14.9828726671	15.1806949657	15.5952353144	15.6965760037	15.877743277	16.2219749994	16.750870127	17.2042787874	17.3687548354	17.8157485429	18.1663629883	18.9187860957	19.6383189553	20.6952830949	21.2491845339	21.6865102293	22.3380843689	23.2611523577	23.4711179842	24.5258418353	24.9197285138	25.3442126416	25.5553481907	25.8673552761	26.0358212702	26.4509407694	27.0324378203	27.6383571959	27.9511328697	29.0848732676	29.9983380124	30.5692293706	31.0066156768	35.345260213
0.3626661	-0.4025717985	1.0104183096	1.4547397834	1.7916408297	2.102046928	2.4010449461	2.6014516761	2.7372764708	2.9013491816	3.432016319	3.6026465981	3.8928452105	3.9965995387	4.1735655185	4.4418191679	4.6118188685	4.9312811594	5.2088517639	5.4528163557	5.7258507673	5.895967637	6.2042491889	6.4636349572	6.7482589703	6.9171768399	7.0806852002	7.2403961545	7.476788304	7.6312767433	7.8028270606	7.9936863921	8.1830243496	8.3195281434	8.628217411	8.7070680853	8.9948416866	9.2047236078	9.4225922153	9.6520297369	10.0211227142	10.3218429999	10.7278276936	11.2548966684	11.3426360739	11.4327336627	11.8549140653	12.0247706125	12.2306158786	12.6665716972	12.9608507184	13.1657324764	13.6312378403	13.8415612602	14.0865055821	14.228664382	14.7715252866	14.9799301524	15.1698106062	15.5777477659	15.699537959	15.8586694501	16.2243123281	16.7396460163	17.1859521174	17.3692211818	17.811796666	18.1663284702	18.9194430427	19.6459546151	20.6800514684	21.2465571637	21.6733655062	22.3349177799	23.1931647252	23.4431838847	24.4787196273	24.9193893488	25.3312394078	25.5547889036	25.8425791539	26.0145254055	26.4544365277	27.0164604689	27.626561917	27.9510026707	29.0743549389	29.986800616	30.5625874125	30.9919612496	35.2914031166
0.3653971	-0.4314695291	0.9316386599	1.3906270786	1.7663536844	2.0669100965	2.3876962906	2.5831783171	2.7333379478	2.900931454	3.4295061361	3.6101963378	3.8835563454	4.0187506506	4.1708951064	4.4377934807	4.6227105461	4.9488760454	5.2055394723	5.4524482408	5.7306877422	5.9085837701	6.1873834107	6.4518495253	6.7241367299	6.9159460009	7.0815063842	7.2478263986	7.4716647154	7.6279108889	7.8031508435	7.9911314452	8.1745603984	8.3106013804	8.6287603942	8.6983214689	8.993944454	9.200280785	9.4197440397	9.6545993395	10.0285385823	10.3166243009	10.7149511828	11.2484262499	11.3420267298	11.4224689574	11.8560267805	12.0320020812	12.2402112402	12.6558484557	12.9438678881	13.158072801	13.6217528529	13.8311783363	14.0849408371	14.2383305898	14.7618350422	14.9749691738	15.1578520793	15.5557304832	15.7038431286	15.8432561308	16.2247557701	16.7266106176	17.1665089278	17.3693335175	17.8086090896	18.1659767417	18.9201929199	19.6543442192	20.6606460678	21.2437997986	21.6593048749	22.3306786815	23.1191925911	23.4168406484	24.4329486573	24.9188191217	25.3184905479	25.5537005964	25.8171119815	25.9956387918	26.4577622725	27.0019686765	27.6137422448	27.950898549	29.0633889189	29.9757019357	30.555185087	30.9749422158	35.2347579395
0.3681280	-0.4491499492	0.8518079999	1.3216666821	1.7405849785	2.0238384334	2.3735534551	2.567093031	2.7323936207	2.9006932648	3.4283084569	3.6192427742	3.8690690099	4.0387772163	4.1757570427	4.4328834242	4.6340858704	4.9613411073	5.2065717486	5.4525332815	5.7356578947	5.9196931206	6.1722114941	6.4396379624	6.6995912463	6.9114185634	7.0829430216	7.2556244512	7.4675476204	7.6213672776	7.80257789	7.9868795361	8.168549819	8.3019471512	8.6273337854	8.6894615489	8.9928410832	9.1952127577	9.4157995054	9.6583324999	10.0357505461	10.3122394593	10.7014664229	11.2412320286	11.3403626761	11.4154449228	11.8572371557	12.0381208781	12.249170661	12.6452126423	12.9259863644	13.1514487439	13.610630697	13.820198695	14.0855775283	14.2496909538	14.7499407923	14.9677326102	15.1449732573	15.5294834147	15.7092999379	15.831971763	16.2233856262	16.7116765907	17.1463468389	17.3691001133	17.8063371648	18.1652882814	18.9210425222	19.6634678882	20.6365110823	21.2410359392	21.6446025153	22.3252930672	23.0423572223	23.3919684634	24.3893209464	24.9180802634	25.3063828857	25.5519000117	25.7913482328	25.9794334699	26.4608196373	26.9889776101	27.6000703069	27.95090761	29.0520928297	29.9651540663	30.5470241435	30.9558602865	35.1762164708
0.3708590	-0.4554576776	0.7715908644	1.248043359	1.71430896	1.9746045539	2.3586719662	2.5547429857	2.7331258463	2.900003029	3.4285310969	3.6297134409	3.8504614464	4.0558243221	4.1878643072	4.4269319914	4.6455835745	4.9682698943	5.2111592966	5.453704178	5.7403497159	5.92812891	6.1598285321	6.4275199232	6.6758659692	6.9034186791	7.0839331548	7.2627696343	7.4650695207	7.6127341951	7.8005138602	7.9808537211	8.165092064	8.2937679364	8.6238274286	8.6805341913	8.9920693174	9.1897698371	9.4100844741	9.6635818425	10.0427130105	10.3083732633	10.6878999456	11.2332545041	11.3378616353	11.4118166611	11.8585341097	12.0429450504	12.2572627512	12.6347093075	12.9080436482	13.1457239586	13.5980289219	13.8092160205	14.0882189022	14.2626771639	14.7356733469	14.9579823784	15.1313704784	15.4998987295	15.7155726854	15.8249098004	16.2203318891	16.6948227614	17.125932982	17.3685463819	17.8050678115	18.1642641171	18.9219971621	19.6733013754	20.6072693006	21.238424446	21.6295953724	22.3187609225	22.9657979741	23.3685410245	24.3483130055	24.9172394167	25.2952768144	25.5492098959	25.7657010098	25.9659493021	26.4635649346	26.9774152096	27.5857647273	27.9511069187	29.0405839296	29.9552309145	30.538107463	30.9351503499	35.116731046
0.3735899	-0.4502189335	0.6915750357	1.1699672636	1.6871303088	1.9217426596	2.3433785559	2.5465913113	2.7341727003	2.8988014316	3.4302678015	3.6412726463	3.8289898878	4.0699559403	4.2057216783	4.4198275091	4.6568254962	4.9702751983	5.2171856022	5.4568261914	5.7442557488	5.9325009143	6.1516096839	6.4161604494	6.6536613668	6.8927148952	7.0831229465	7.2681571525	7.4647637906	7.6034137714	7.7963959934	7.9731567838	8.1640560142	8.2862556199	8.6183701953	8.6715486312	8.9921154216	9.1841825421	9.4021589231	9.6705454821	10.0494292111	10.304490281	10.6749258271	11.2245020064	11.3351190007	11.4112049363	11.8598547342	12.0463737094	12.2642953886	12.6243432931	12.8908895815	13.1407767081	13.5842202874	13.7987621628	14.0925813209	14.2771820825	14.718956432	14.9455086334	15.1172785369	15.4682892426	15.7222335776	15.8218945776	16.2157718395	16.6761254898	17.1057684535	17.3677126393	17.8048187344	18.1629259708	18.9230589454	19.6838148172	20.5728401782	21.2361448314	21.6146593744	22.3111794822	22.8923142931	23.346624017	24.3101570057	24.9163656221	25.2854603657	25.5454539644	25.7406223797	25.9550555988	26.4659988075	26.9671554462	27.5710859689	27.9515553059	29.0289838986	29.9459796077	30.5284467511	30.9133594487	35.0572938988
0.3763209	-0.4334174519	0.612291961	1.0876080782	1.6582782273	1.8684248205	2.3281691963	2.542299811	2.7342976095	2.8974575548	3.4335576887	3.6532961653	3.8059580025	4.0818215537	4.2271474734	4.4115181547	4.6674375275	4.9685853956	5.2218467142	5.4627899502	5.7467610671	5.9318098476	6.1486892702	6.4063815123	6.633425079	6.8803526791	7.0792147451	7.2709689237	7.4667512578	7.5950156034	7.7898252628	7.9639828203	8.1651732532	8.2795661893	8.6112833952	8.6625608607	8.9933098885	9.1786528075	9.3918994204	9.6792112076	10.0559476149	10.299897354	10.6633086164	11.2150859475	11.332810832	11.4129517053	11.8610940744	12.0483897321	12.2701240198	12.6141176647	12.8752886315	13.1365261778	13.5695955039	13.7892153188	14.0983723425	14.2930522048	14.6998395068	14.9301615747	15.102965116	15.4361494923	15.7288331668	15.8226005554	16.2099262222	16.6557882669	17.086343388	17.3666512671	17.8055396983	18.1613151214	18.9242246797	19.694970305	20.5335431254	21.23437162	21.6001717047	22.3027593521	22.8241016494	23.3263349628	24.2749341383	24.9155263319	25.2771417821	25.5404491167	25.7166209608	25.9465080283	26.468152845	26.9580463867	27.5563277228	27.9522876732	29.0174240321	29.9374299614	30.5180764784	30.8911162929	34.9989139757
0.3790518	-0.4053721075	0.534246153	1.0010355734	1.626873706	1.8181038608	2.3135267926	2.5411469936	2.7325177663	2.8965547298	3.4383565351	3.6647696043	3.7827987066	4.0920586214	4.2499109821	4.4020963123	4.6770669219	4.9644598676	5.2227482948	5.47203651	5.7471732067	5.9263945699	6.1510921026	6.3991476735	6.6154944371	6.8673126172	7.0711791359	7.2710498398	7.4703770821	7.5892699065	7.7806683599	7.9535308017	8.1681269325	8.273791492	8.6029798366	8.6537550117	8.9957686784	9.1733593125	9.3794942673	9.6893586522	10.0623552115	10.2938700062	10.653787353	11.205220652	11.3314055674	11.4164067792	11.8621186958	12.0490647347	12.2746579458	12.6040845604	12.8618255475	13.1329359337	13.5546350548	13.7807767703	14.1053269272	14.3100816157	14.6785312264	14.9119110736	15.0887228319	15.4049355649	15.734990359	15.8265945229	16.2030538181	16.6341620987	17.0680932193	17.3654233538	17.8071190714	18.1594901198	18.925483621	19.706717141	20.4901508154	21.23324315	21.5864694677	22.2938241067	22.7626136662	23.3078045747	24.2426593445	24.9147817333	25.2704480753	25.5340090984	25.6942607182	25.9399974352	26.4700751416	26.9499340099	27.5418049915	27.9533114432	29.0060502013	29.9296019149	30.5070740801	30.8690911262	34.9425926117
0.3817828	-0.3669692792	0.4579663754	0.9101870939	1.5927481822	1.7736286562	2.2998209762	2.5423201366	2.7282613024	2.8966256259	3.4445347524	3.6738851712	3.7615467722	4.1010103778	4.271845118	4.3920414789	4.6854031488	4.9588322632	5.2188140263	5.484053858	5.7449073667	5.9182578526	6.1573468816	6.3954837195	6.6001726792	6.8543838365	7.0584078852	7.2689630259	7.4742248708	7.5878034153	7.7691249583	7.9419708973	8.172592453	8.2689397274	8.5938838675	8.6454456924	8.9993934405	9.1684660542	9.3653780556	9.7006044573	10.0687688195	10.2858263741	10.6469147434	11.1951916852	11.3310866799	11.4210385089	11.862785681	12.0485612753	12.2778670665	12.5943860878	12.8508314824	13.1300021765	13.5398583995	13.7735003234	14.1132099347	14.3280036239	14.6554311262	14.8909257958	15.0748585141	15.3758927596	15.7404686546	15.8333185502	16.1954448836	16.6117500068	17.051366957	17.3640950467	17.8093943053	18.1575235554	18.9268153843	19.71898294	20.4438691125	21.2328334793	21.5738187194	22.2847851029	22.7085701557	23.2911493013	24.2133422538	24.9141784631	25.2654264404	25.5259824356	25.6741203451	25.9351893941	26.4718163348	26.9426823609	27.5278399177	27.9546048499	28.9950268263	29.9225111184	30.4955841966	30.8479478971	34.8892995306
0.3845137	-0.3200095433	0.3841083508	0.8148813017	1.5575175607	1.736081068	2.2873042075	2.5450471698	2.7214925393	2.8979287346	3.4518976042	3.6770966984	3.745875228	4.1087455769	4.2903107126	4.3828186521	4.6922095524	4.9522267262	5.210526563	5.4972838984	5.7399413362	5.9101565632	6.1650839443	6.3962485436	6.587783072	6.8421365319	7.0408625406	7.2656422733	7.4768227151	7.5915661753	7.7557532384	7.929467297	8.1782333858	8.2649349788	8.5844085248	8.6379919461	9.0039170152	9.1641266727	9.3501490689	9.7124593066	10.0753241464	10.2754944519	10.642905504	11.1853163118	11.3318112641	11.4264183017	11.8629687178	12.0471256587	12.2797915345	12.5852583554	12.8423559497	13.1277328968	13.5257693996	13.7673444042	14.1217969626	14.3464746087	14.6311569425	14.8676465808	15.0616812902	15.3499399362	15.7451891232	15.8420871648	16.1874145423	16.5891929286	17.0364140584	17.3627339157	17.8121649207	18.1554981075	18.9281884455	19.7316578241	20.3962481624	21.23313519	21.562404002	22.2760905616	22.6620916123	23.2764553895	24.1870219166	24.9137441338	25.2620453554	25.5163435534	25.6566984929	25.9317540518	26.4734174641	26.936189805	27.514746754	27.9561170052	28.9845389787	29.9161729208	30.4838414876	30.8282942098	34.8399505203
0.3872447	-0.2677598583	0.3136779118	0.7148943201	1.5246370786	1.7045394225	2.2761491865	2.5486357536	2.7127059468	2.9003753329	3.4602132965	3.6702105583	3.7400812664	4.1151655398	4.3012801594	4.3778125144	4.6973661072	4.9448491253	5.1995204565	5.5095465202	5.7333382553	5.9041957654	6.172049774	6.4017134167	6.5787184337	6.8309325475	7.0191648544	7.261951646	7.4775740353	7.6001665725	7.7414582727	7.9162317047	8.1846815457	8.2616381668	8.5749677751	8.6316834211	9.0089672949	9.1604801825	9.3345011766	9.724375366	10.0821597271	10.2630021085	10.6415673338	11.1759152258	11.33339069	11.4321729352	11.8625910131	12.0450662458	12.2805532294	12.5769881661	12.8361987266	13.1261229459	13.5128142563	13.7622221526	14.1308420439	14.3650433365	14.6065654634	14.8428242387	15.0494925527	15.3276241485	15.7491768872	15.852128117	16.1792976208	16.5672393865	17.0233897373	17.361405617	17.8152067791	18.1535021262	18.9295597197	19.7445680505	20.3490576456	21.2340565892	21.5523392329	22.2681595217	22.6229063188	23.2637726876	24.1637795981	24.9134840551	25.2601927602	25.505318192	25.6422873127	25.9293866214	26.4749008808	26.9304003315	27.5028175996	27.9577699736	28.974791648	29.9106049412	30.4721836338	30.8106379768	34.7953878753
0.3899756	-0.2158346927	0.2484997872	0.6101063715	1.498008007	1.6771518874	2.2664855155	2.5524822799	2.7027803397	2.9036124717	3.4692315475	3.6549728678	3.7425558658	4.1201065841	4.3010543758	4.3806653359	4.7009097838	4.9367981004	5.1878975697	5.5187475201	5.7271393383	5.9010801454	6.1768685771	6.4110935903	6.5734623546	6.8209511091	6.9945754843	7.2584613119	7.4768874632	7.6118987095	7.7274681856	7.9025847438	8.1915244787	8.2588832649	8.5659861061	8.6266650656	9.0141277312	9.1576353413	9.3191813269	9.7357801785	10.0893889904	10.2488586835	10.6423522023	11.1672985988	11.3355499012	11.4379463672	11.8616602983	12.042717256	12.2803623801	12.5698412943	12.8319900749	13.1251306768	13.5013586976	13.7580377051	14.1400370583	14.3830991942	14.5827646427	14.817511772	15.0385795364	15.3091515018	15.7524911462	15.8626339768	16.1714461417	16.5467043224	17.0123730002	17.3601710735	17.81828674	18.1516249765	18.9308756711	19.7574353446	20.3041708941	21.2354322452	21.5436920764	22.2613200233	22.5905648992	23.2531160452	24.1437358939	24.9133811557	25.259670216	25.4934662952	25.6308923781	25.9278197494	26.4762652785	26.9253083849	27.4923105601	27.9594632744	28.966005269	29.9058283013	30.4610459491	30.7953605372	34.756364311
0.3927065	-0.1729147248	0.1917813877	0.500717537	1.4803883155	1.6523263878	2.2584209102	2.556084258	2.6927795489	2.9071632438	3.4786711557	3.6367533031	3.7481539293	4.12343848	4.2920191962	4.3895529896	4.7030472967	4.9283427109	5.1775414415	5.5236979659	5.7232643861	5.900370396	6.1792641319	6.4224466802	6.5724722991	6.8122285162	6.96890971	7.2554619583	7.4755339012	7.6243639483	7.7153239816	7.8890225907	8.19830506	8.2565204684	8.5578894449	8.6229247968	9.0189857497	9.1556426402	9.3049692544	9.7461034999	10.0970470674	10.2338710096	10.6444971918	11.159759508	11.3379669067	11.4433802659	11.8602949682	12.0403953442	12.2795095756	12.5639992821	12.8292885751	13.1246631391	13.4916828147	13.7547071074	14.1489681541	14.3998019956	14.5611065257	14.7930327911	15.029210889	15.2944757906	15.7551810936	15.8727937359	16.164229001	16.5284218711	17.0033897475	17.3590842813	17.8211770748	18.1499523595	18.9320752662	19.7698214333	20.2634913591	21.2370435136	21.5365103322	22.255770551	22.5646109451	23.2444720736	24.1270380636	24.9133994665	25.26018513	25.4816489429	25.6222699083	25.9268295158	26.4774856002	26.9209558579	27.4834416989	27.9610811862	28.9584069283	29.9018675154	30.4509332129	30.782712379	34.723530622
0.3954375	-0.1465856928	0.1462350001	0.387540258	1.4724755718	1.629377963	2.252047765	2.5590670261	2.6837707996	2.9105381715	3.4881419029	3.6189042232	3.7539248243	4.125183695	4.2799704275	4.3997495752	4.7041194299	4.9201264347	5.1696074488	5.5247071567	5.7222859079	5.9011436249	6.1797714485	6.4332646565	6.5757178431	6.8047369548	6.9444734306	7.2530751984	7.4741301452	7.6349400972	7.7067836736	7.8762985222	8.2045242819	8.2544629223	8.5510834707	8.6203294378	9.0231695824	9.1544587206	9.2926675218	9.7548050095	10.1049851292	10.2190869152	10.6471868852	11.1535671046	11.3403049956	11.4481137362	11.8587260805	12.0383618593	12.2783369393	12.5595339271	12.8276664335	13.124576694	13.4839880055	13.7521670525	14.157082124	14.4140415307	14.543109848	14.770957785	15.0216307903	15.2834084369	15.757272599	15.8818104346	16.1580295565	16.5131939859	16.9964347045	17.3581907504	17.8236691439	18.148561811	18.9330947892	19.7810694079	20.228924473	21.2386457157	21.5308407119	22.2515751054	22.5446833894	23.2378090364	24.1138423687	24.9134907935	25.26134903	25.470896946	25.6160552749	25.9262369661	26.4785180031	26.9174208095	27.4763814806	27.9625028623	28.9522173251	29.8987490607	30.442371681	30.7728305524	34.6974269293
0.3981684	-0.1307205215	0.1065867866	0.2724122307	1.4725883922	1.6089564128	2.2474413359	2.5612148489	2.6766762407	2.9133007423	3.496942184	3.6034617807	3.7586010402	4.1256485274	4.2690913907	4.408324624	4.7045204058	4.9131324584	5.1643827882	5.5233640517	5.7232783943	5.902461397	6.1792617012	6.4415409559	6.5818746344	6.7985644895	6.9239797469	7.2513484363	7.4730186298	7.6415056333	7.7030412689	7.8655078382	8.2096383431	8.2527369492	8.5459279672	8.61868342	9.0263755476	9.1539217887	9.283080895	9.7614071009	10.1126593135	10.2058692138	10.6496854765	11.1489555965	11.3422462826	11.4518017412	11.8572630208	12.0368029137	12.2771912244	12.5564247051	12.8267662947	13.1246965769	13.4784100182	13.7503755887	14.1636914941	14.4246013657	14.5301565705	14.7530790677	15.01604946	15.2757166545	15.7587721285	15.8889305113	16.1532317242	16.5017349221	16.9914888258	17.3575265059	17.8255858471	18.1475185737	18.9338741279	19.7902824587	20.2023522206	21.2399993095	21.5267351852	22.2486913924	22.5305515199	23.233087792	24.1042950892	24.9136035332	25.2626983017	25.4622558689	25.6118916356	25.9259069248	26.4793091945	26.9147991077	27.4712554579	27.9636146131	28.9476345045	29.8964988008	30.4358508004	30.7657701897	34.6784770233
0.4008994	-0.1068176273	0.0597417262	0.1580964992	1.4766621022	1.5935887063	2.2446560942	2.5624723744	2.6721665646	2.9151067722	3.5037069606	3.5924723793	3.7615932495	4.1254523614	4.261786108	4.413888698	4.7046026647	4.9084098269	5.1615554368	5.5216030036	5.7247009059	5.9035734789	6.1785687345	6.4464560673	6.5879647579	6.7942051054	6.9102226782	7.2503038736	7.4723345746	7.644065837	7.7029627658	7.858072985	8.2130662899	8.2515165048	8.5427096913	8.6177911721	9.0283848762	9.1537739804	9.2769535598	9.7655315837	10.1187779695	10.1961524144	10.6514228722	11.1461092787	11.3435277891	11.4541497277	11.8562236059	12.0358310979	12.2763697742	12.5546036773	12.8263288496	13.1248524218	13.4750332479	13.7493084314	14.1680608592	14.4307434035	14.5228270948	14.7412806083	15.0126306728	15.2711939018	15.759675857	15.8935055794	16.1501834436	16.4946131034	16.9885313767	17.3571175224	17.8267922862	18.1468720499	18.9343636809	19.7964207043	20.1855183673	21.2409022009	21.524245471	22.2470228608	22.5220994844	23.2302720284	24.0985149982	24.9136921088	25.2637586613	25.4566410917	25.6095043926	25.9257455562	26.4798083871	26.9131821337	27.4681479741	27.9643229323	28.9448164346	29.8951387081	30.4317664534	30.7615397723	34.6669850969
0.4036303	-0.0141396458	-0.010369913	-0.0095651531	1.4790682954	1.5875879798	2.2437241831	2.5628808882	2.670623575	2.9157344122	3.5063677441	3.5883645151	3.7626193914	4.1252839221	4.25923789	4.4158062083	4.7046026755	4.9067403257	5.1606785557	5.5208471413	5.725324642	5.9039994646	6.1782694712	6.4480511317	6.5905251187	6.7925746337	6.9053667337	7.249954185	7.4721066211	7.6445564248	7.703472093	7.8553890269	8.2142847589	8.2510638991	8.5416152686	8.6175109379	9.0290686839	9.153760901	9.2748410429	9.7669345399	10.1212424662	10.1924421831	10.6520423483	11.1451468215	11.3439753039	11.4549563535	11.855847399	12.0355018275	12.276072503	12.5540054114	12.8261999665	13.1249196199	13.4739029413	13.7489538396	14.1695949519	14.4326735828	14.5205642769	14.7371355965	15.0114790631	15.2697023265	15.7599779477	15.895084928	16.14913636	16.4921966121	16.9875473583	17.3569794526	17.8272040156	18.1466530515	18.9345306849	19.7985878741	20.1797394778	21.2412190515	21.5234106835	22.2464788284	22.5192850233	23.2293364511	24.0965793712	24.9137253265	25.2641595273	25.4546921515	25.6087270443	25.9256978086	26.4799791885	26.9126352448	27.4671069839	27.9645662116	28.9438652861	29.8946835983	30.4303753919	30.7601312732	34.6631341069
0.4091732	-0.277099014	-0.0945219067	0.2968504535	1.4714518365	1.5953139135	2.2482531185	2.5638796559	2.6724056321	2.920461133	3.4916434058	3.6088353307	3.7611657809	4.1293090832	4.2676646063	4.4032427862	4.7084170683	4.9205410566	5.1656346205	5.5262621683	5.7240237286	5.9027819229	6.1796807707	6.4414834993	6.5912194922	6.7948075235	6.9115299876	7.2512203253	7.4757217719	7.6430736449	7.7021351813	7.8650767531	8.2107369103	8.2491539269	8.555269246	8.6252641615	9.0263258897	9.1557791272	9.2769625371	9.7660449038	10.11124684	10.20727535	10.6500117667	11.1480663032	11.3393602694	11.4573529604	11.8524083665	12.0340215475	12.2739163286	12.5546028624	12.8282329756	13.1230271142	13.4742030065	13.7524170382	14.1699375034	14.4313793675	14.5198793208	14.7469553094	15.0137971684	15.2717965069	15.7568857193	15.8911258898	16.1529830507	16.4966440402	16.9869912009	17.3627900948	17.8144386496	18.1610456335	18.938661848	19.7967450381	20.1850199688	21.2391841817	21.5267727652	22.2464201864	22.5253698738	23.2315460237	24.100973083	24.9126852788	25.2584568408	25.4649290032	25.611216634	25.9265282535	26.4781711659	26.9187840032	27.4685511035	27.965281327	28.945933	29.8964134271	30.4385140238	30.7658214566	34.6710905246
0.4147160	-0.441193142	-0.119775173	0.4495225082	1.4721727637	1.6040193337	2.2641393663	2.5652257466	2.6761631903	2.9369619627	3.4659607604	3.6491165945	3.7585079441	4.1379512888	4.2865287504	4.3770888993	4.717605123	4.9585166405	5.1795544874	5.5386824643	5.7231675748	5.9003884977	6.1827676205	6.4225535535	6.5973624002	6.7996465134	6.9274795226	7.2549563867	7.4843368588	7.633966116	7.7097295254	7.8885240346	8.2039957826	8.2462216563	8.5882707039	8.6490110795	9.018777043	9.1615964784	9.2836292527	9.7631685403	10.0938302029	10.2386658025	10.6447941325	11.1564423828	11.3269584476	11.4631153132	11.8427402153	12.0292473429	12.2674813056	12.5574043914	12.8332329262	13.1185636118	13.4746463432	13.7625196721	14.1709259522	14.4231488692	14.5243498729	14.7729146188	15.0204399417	15.2785599247	15.7481083605	15.8804624035	16.163791574	16.5087732978	16.9864887468	17.3793049482	17.7830408586	18.1969660796	18.9515232298	19.7915350416	20.2000958546	21.2335530254	21.5363565721	22.246288629	22.5436057037	23.2380751323	24.1138588563	24.9097383549	25.2439331297	25.4911360319	25.6191611372	25.9302872615	26.4723990995	26.9359881043	27.4737556885	27.9673161031	28.9529174065	29.9017151847	30.4609644346	30.7832822089	34.6943583161
0.4202589	-0.6263566403	0.0920111954	0.5821984864	1.4843433673	1.621652605	2.2959562185	2.5640915171	2.6789738078	2.969396225	3.4418309863	3.68267477	3.7666342917	4.1447269864	4.2896459599	4.36935474	4.7312181052	5.0119958384	5.1998911193	5.5467840506	5.7308578191	5.9004061447	6.1847662318	6.3963416288	6.6135877837	6.8056000964	6.9464389541	7.2606685686	7.4894186749	7.6248120943	7.7332119534	7.917871525	8.2025071893	8.2458644825	8.6269321709	8.6872320289	9.0085180511	9.1708632608	9.2954201007	9.7577544298	10.079283033	10.2745182278	10.638994657	11.1692459125	11.3095571046	11.4695204726	11.8284470594	12.0206604888	12.2571222843	12.5642400045	12.8387227568	13.1143811983	13.4743466904	13.7785242232	14.1721226723	14.4047384169	14.5406360621	14.8076379705	15.0309315773	15.2912653227	15.7348817452	15.8663069416	16.1797108469	16.525445939	16.9889888417	17.4042185684	17.7447145479	18.2417642813	18.9743230877	19.7836979658	20.2229093773	21.2255847663	21.5507906055	22.2463031719	22.5738078629	23.2486323802	24.1343924412	24.9051544334	25.225075269	25.522877816	25.6343130474	25.9406955879	26.4619222128	26.9608904732	27.4847700868	27.970571844	28.9666425649	29.9109237705	30.4927854747	30.8132609319	34.731173739
0.4258017	-0.7995504073	0.249762253	0.7012420633	1.4545016924	1.6965207267	2.3459064912	2.5603078329	2.6797124864	3.0188081754	3.4217862454	3.6830943084	3.8073669647	4.1440515997	4.2717263366	4.3875470791	4.7503691898	5.0713411299	5.2233958724	5.5395360715	5.7505060403	5.9079458352	6.1837582704	6.3716156949	6.6394879403	6.8137638181	6.9612292052	7.266193618	7.48143298	7.6312578379	7.7692681758	7.9497817942	8.2115562974	8.2506268116	8.6650576147	8.731209579	8.9991310211	9.1835919162	9.3125974928	9.7491605753	10.0703727857	10.3086074123	10.636804673	11.1849494783	11.2896584422	11.4743406231	11.8113893261	12.0085392914	12.2437326819	12.5757187697	12.8423482997	13.1134438402	13.4727938994	13.799497229	14.1720636328	14.3819298032	14.5647920555	14.8430574518	15.0455007035	15.3114366144	15.7188050969	15.8528730143	16.1984141896	16.5428007817	16.9980038097	17.4347025756	17.7074481663	18.286295312	19.0084599551	19.7739665572	20.2506217596	21.2169547841	21.5681390211	22.2469711925	22.615377978	23.2627560757	24.1612864905	24.8987319779	25.2053771354	25.5484518467	25.6586330193	25.9633401024	26.4462705452	26.9891613687	27.5032840855	27.9754630242	28.9888415097	29.9245608158	30.5285224391	30.855667776	34.778735716
0.4313445	-0.9368512809	0.3834717626	0.8058823118	1.3861476192	1.814676749	2.409349307	2.5591001938	2.6800296646	3.0818992984	3.406867031	3.6613246384	3.8663945722	4.1340800165	4.2617950015	4.406832733	4.7727753844	5.1282622319	5.2473723132	5.5186395701	5.7700661101	5.9249148518	6.1835538992	6.3552456188	6.6718644548	6.825851089	6.9677256254	7.2658989311	7.4688619734	7.6483102289	7.8174555364	7.9839230646	8.2299428849	8.264095356	8.6981024878	8.7731019714	8.994867429	9.1997044642	9.334956406	9.7370667538	10.0675126954	10.3356196443	10.6431937394	11.2010021712	11.2700519146	11.4760922382	11.7931709996	11.9945099794	12.2283792252	12.5904065238	12.8428653362	13.1177796735	13.4701361726	13.8244517466	14.1680743123	14.3620949767	14.5902005958	14.8718268252	15.0646667447	15.3399570919	15.702018218	15.8441576673	16.2175129039	16.5576149642	17.0163624687	17.4680216359	17.6755763727	18.3253635892	19.0547909232	19.7627649069	20.2800919833	21.2093570597	21.5862230614	22.2490180185	22.6671344963	23.2798492862	24.192931204	24.8892921325	25.1878175254	25.5619404755	25.6891075087	26.0033538001	26.4258842564	27.0170952811	27.528820768	27.9832508605	29.0202211545	29.9432230814	30.5647669403	30.9083574214	34.8334193877
0.4368874	-1.0298632363	0.5135881184	0.8877343247	1.31300853	1.9446441237	2.4666948596	2.5743350999	2.6871552956	3.1527853051	3.398069066	3.6315664559	3.9236551105	4.1230258641	4.2664545843	4.4239224654	4.7930967617	5.1757334033	5.2707620644	5.4935579111	5.7769775431	5.9411518656	6.1948190214	6.3498945417	6.7055451453	6.8438447786	6.9652083469	7.2530929356	7.4684142287	7.664942587	7.8735205061	8.0213866797	8.2521564612	8.2916685057	8.7162534725	8.815660877	8.9978774292	9.2176201293	9.3621472357	9.7218149767	10.0700639773	10.3518911078	10.6615724049	11.2103817415	11.257557684	11.4739102515	11.7750608343	11.9810366877	12.2119079071	12.605093791	12.8407353732	13.1280548077	13.466913731	13.8522877774	14.1574494022	14.3502168402	14.6115962605	14.8908232334	15.0865331841	15.3760133123	15.6878244529	15.8427781794	16.2346787086	16.5683322228	17.045299556	17.5017763139	17.6513359381	18.3565224967	19.1130744391	19.7501402664	20.3082655775	21.2041518576	21.6029190729	22.253130628	22.7272270274	23.2992304043	24.22747351	24.8746740501	25.1755394878	25.5649081058	25.7192868708	26.060993885	26.4026949693	27.0426727187	27.5580011458	27.9958062314	29.0601752254	29.9673952179	30.601021885	30.9672147153	34.891072965
0.4424302	-1.0784581077	0.6420176788	0.9261666799	1.2762727429	2.0694595612	2.4932011607	2.6066402019	2.7257383373	3.2237172712	3.3962120787	3.601029964	3.9606078544	4.1273698143	4.2832178554	4.4436680923	4.8067937465	5.2082562788	5.2944061019	5.4733391939	5.7678625089	5.9464050616	6.2189724625	6.3579905857	6.7331297526	6.8704728028	6.9557701319	7.2287534746	7.4845884389	7.6796839534	7.9257229027	8.0637144624	8.2766246514	8.3350078584	8.7161447584	8.8623957933	9.006710536	9.2336461785	9.3936173809	9.7044405694	10.076979789	10.3575886279	10.691157881	11.2022596522	11.2623076814	11.4676899498	11.7582367575	11.9700455171	12.1951327277	12.6151901449	12.8386449168	13.1434382275	13.4635808038	13.8816822798	14.1398083022	14.3476370972	14.6250462185	14.9030749887	15.1060351204	15.4162971759	15.6809066934	15.8493602153	16.2476879348	16.5752883607	17.0841974606	17.5339332061	17.6358540994	18.3790704657	19.1818936741	19.7358617861	20.3325472555	21.2020843838	21.6164378416	22.2596808684	22.7930436537	23.3202000125	24.2628106497	24.8526720924	25.1713990328	25.5602914564	25.7466739945	26.128678141	26.3813205409	27.0653637169	27.5858735687	28.0146233364	29.1070429792	29.9972219649	30.63874167	31.0275604695	34.9473739499
0.4479731	-1.0875146369	0.7559679443	0.9264122348	1.3031727206	2.1785709203	2.5040749142	2.6264865928	2.8107335792	3.2837279077	3.4023261977	3.5773652292	3.9657853313	4.1550470378	4.310943883	4.4699964811	4.8119226078	5.2251514688	5.3173088211	5.4650790408	5.74292955	5.9462425761	6.2392329744	6.3824118364	6.7485801869	6.9033433739	6.9476314641	7.2003769562	7.5104852828	7.6960352855	7.9650315596	8.1082435413	8.3062104462	8.3911141498	8.7057989441	8.9087772278	9.0198217163	9.2438774095	9.427699417	9.6864836555	10.0873641965	10.3560526924	10.7275248692	11.1846878011	11.2748468821	11.458421722	11.7439327082	11.9616153618	12.1793793947	12.6156181144	12.8409604828	13.1618112236	13.460059224	13.9110533573	14.1178086972	14.3524479857	14.6282676728	14.9141250731	15.1186841595	15.4552591039	15.6866733383	15.8625811598	16.2545806227	16.5800623527	17.1310108006	17.5627431544	17.6298032858	18.3931520101	19.2589720798	19.7196258455	20.3511345869	21.2031453852	21.6255411053	22.268588342	22.8611272535	23.3421127759	24.296477848	24.8226484424	25.1766819473	25.5503174643	25.7718181566	26.1895469715	26.3731599684	27.0851759259	27.6085310219	28.0394752003	29.1585758872	30.03230354	30.6799803486	31.0855179788	34.9982021154
0.4535159	-1.0665829209	0.8023057927	0.9865945237	1.3693095079	2.2638619149	2.5154407735	2.6477684896	2.9128938707	3.3189272541	3.4177389532	3.5700683297	3.9516283064	4.190689118	4.3490451871	4.5033389042	4.809238052	5.2321229842	5.3314392512	5.475577868	5.7074753639	5.946604936	6.2468958183	6.414089293	6.7527146055	6.914384498	6.9719177919	7.1730247923	7.5372038071	7.7180810759	7.992825948	8.1472783969	8.3418337889	8.4543984403	8.6951200617	8.9476702991	9.0387128464	9.2468860485	9.4609213694	9.6699649426	10.1007283839	10.3509915558	10.765478048	11.1662448863	11.2845735955	11.4482366482	11.7331737052	11.9536753625	12.166795596	12.6033698372	12.8508760388	13.1803652059	13.4554758077	13.9384893291	14.0955729296	14.3618758474	14.6215339865	14.9277625427	15.1233100158	15.4872782731	15.7093629698	15.8796087934	16.2539762605	16.5844854991	17.1829334979	17.586823959	17.6337008839	18.3990948764	19.3414456642	19.7014027367	20.3631721689	21.206657783	21.6296275311	22.2793771322	22.9272561408	23.3644174701	24.325452334	24.7864296094	25.1904388036	25.5368588694	25.7950108558	26.2179282951	26.3987704257	27.1019154912	27.6248533945	28.0678763653	29.2123542035	30.0716162126	30.7264641663	31.1386187373	35.0399780531
0.4590588	-1.0289468671	0.8165315356	1.1135488404	1.4485822738	2.3205780308	2.5335716811	2.682080616	3.010656164	3.3287027844	3.4358564389	3.5846678473	3.9334769329	4.2205069234	4.3946786486	4.5410547204	4.8019525327	5.2312416042	5.3328011238	5.5067572667	5.672621378	5.9460729727	6.2472957297	6.435164653	6.7518344865	6.912806421	7.0194974581	7.1479355214	7.5582414629	7.7481562189	8.0148389384	8.1768767346	8.3808536486	8.514316543	8.6938081865	8.9738517385	9.0651649998	9.2447581483	9.4883369903	9.6577906487	10.1168356486	10.3449335834	10.8008139139	11.1492483805	11.2874156189	11.4394210567	11.7263502244	11.9431557661	12.1598105156	12.5796142188	12.867813409	13.1962542868	13.4482229941	13.9613670377	14.0777428204	14.3738940978	14.607822922	14.9448514292	15.1216486448	15.5102597429	15.7488989498	15.8969283756	16.245390207	16.5899111718	17.2369110694	17.6066828915	17.646629588	18.3971240063	19.4255006032	19.6822329773	20.3686301004	21.2115759605	21.6286804038	22.2913538285	22.9868554445	23.3865989049	24.3460040291	24.7477726587	25.21014869	25.5217055826	25.8152760104	26.2124316069	26.4556529172	27.1150244352	27.6361289036	28.0960911797	29.2660564458	30.1136701049	30.778963091	31.1858573982	35.0699224634
0.4646016	-0.9865658572	0.8587426302	1.2531005539	1.5331068219	2.3519511436	2.5602023013	2.7258422712	3.0880725072	3.3329993362	3.4483409854	3.6137800227	3.9205168504	4.2409679744	4.4412587498	4.5809294514	4.7947057972	5.2132490781	5.3346285296	5.5432130652	5.6571023508	5.9415905023	6.2454870792	6.4357874962	6.7516334895	6.9195770437	7.0625883315	7.1289155254	7.5718283083	7.7846610596	8.0356252077	8.1987190095	8.4173853018	8.5591586423	8.7105672196	8.9878052122	9.0954213738	9.243128083	9.5047408445	9.6536431399	10.1353150067	10.3391856094	10.830765052	11.1340161126	11.282994624	11.4324838615	11.7230084247	11.928335797	12.1595494662	12.5482524263	12.8886044738	13.2069901185	13.4364547703	13.9759592461	14.0694275524	14.3873423392	14.5917422876	14.964350491	15.1167777004	15.5263652261	15.8000690359	15.9116889229	16.2293199754	16.5969945354	17.2899446494	17.6259731869	17.6650554804	18.3873909897	19.5035301067	19.6672734633	20.367988957	21.2168499755	21.6231456257	22.3037732713	23.0357515202	23.4079652682	24.3539770417	24.7110832714	25.2328267636	25.5066409889	25.8306665954	26.1941175815	26.5199802977	27.1238305688	27.6444922904	28.1207836286	29.3175835751	30.1569274404	30.8367705626	31.2275282428	35.0862100736
0.4701444	-0.9433269327	0.9220715489	1.3872608484	1.6246286904	2.3673446791	2.5899339045	2.7714164774	3.1267008782	3.3510118066	3.460877835	3.6453705386	3.9174031117	4.2523225257	4.4804613941	4.6235077114	4.7918734813	5.1744672119	5.3437693586	5.5586200823	5.6866518309	5.9326469148	6.243146513	6.4183026156	6.7527305403	6.9357654733	7.0687467097	7.1414528513	7.5803501849	7.8232435228	8.0571607763	8.2162845403	8.4437277552	8.5900557085	8.7426048753	8.9910159347	9.1232313266	9.2507515964	9.5084542442	9.6586963926	10.1553102938	10.3342523811	10.8541621401	11.1197005821	11.2737627453	11.4254396934	11.7217926023	11.9107212967	12.1645614046	12.513649444	12.9098758881	13.2105438788	13.4189623334	13.9801402489	14.073110046	14.4014348879	14.5783400776	14.9844879547	15.1118735522	15.5388597057	15.8530118506	15.9252354558	16.2070620083	16.6058702867	17.3393032615	17.6478054556	17.6863747674	18.3701585867	19.5519533433	19.6780068956	20.3619429496	21.2216794381	21.6138093764	22.3159074436	23.0710243822	23.4273513526	24.3460920926	24.6796905296	25.2558362574	25.4933152899	25.8390389161	26.1729082576	26.5797483954	27.1279342193	27.651662885	28.1400397144	29.3650748735	30.2003247726	30.8974090657	31.2649684456	35.0880156922
0.4756873	-0.8944098965	0.9872952196	1.5040200279	1.7268567523	2.3734353532	2.6127534669	2.8165625921	3.1237367041	3.3704445651	3.4950808001	3.6726572349	3.9231675725	4.2551382696	4.5079500887	4.6675920877	4.7972416598	5.1272902981	5.3475525849	5.5681612585	5.7450230812	5.9231414112	6.2400941005	6.3908723078	6.7535732068	6.9551750577	7.0462000432	7.1763847731	7.5874501684	7.8604591739	8.0779095652	8.2330069386	8.4550634666	8.6179775027	8.776407782	8.9834498726	9.1442432596	9.2759842947	9.5044515186	9.668499972	10.1752709671	10.3302795049	10.8715163711	11.1045140614	11.2627377585	11.4153929123	11.7203877674	11.8947774073	12.1712718581	12.4801259458	12.9290100968	13.2053039961	13.3960532724	13.9773056657	14.0842574918	14.4153862217	14.5722885432	15.0032596963	15.1096936197	15.5500569536	15.8829917959	15.9557154647	16.1804834924	16.616435711	17.3827680327	17.6723294221	17.7109409584	18.3460102337	19.5494367484	19.7339131868	20.3513158373	21.2255821961	21.6016800123	22.3270290956	23.0915176367	23.4430149291	24.3218983354	24.6540841778	25.2773571222	25.4828908821	25.8390553023	26.1503237784	26.6314596281	27.1274721316	27.6584872634	28.1534939364	29.4068693878	30.243632841	30.956872839	31.3001351626	35.075470385
0.4812301	-0.8304429996	1.0441004896	1.5990779454	1.8358840009	2.3705554215	2.6220287664	2.8596720593	3.0995008537	3.3721707754	3.5588354996	3.6925667538	3.9315065972	4.2501743364	4.5247723741	4.7078721963	4.8146330383	5.085642667	5.3356468279	5.5951975079	5.7952477016	5.9264684344	6.2357782118	6.3608329738	6.7534516656	6.9619457948	7.0317046299	7.2075192948	7.5962293751	7.8953251248	8.0930031413	8.2514800332	8.4540070141	8.6437281226	8.8034346448	8.9693572085	9.1568720979	9.3195790456	9.5006635657	9.6768405104	10.1928537576	10.3274636766	10.8846551664	11.0863405927	11.25142396	11.4004395388	11.7159466831	11.8858992469	12.1752370559	12.4523602264	12.9442395695	13.190147581	13.3698272598	13.9711491889	14.0963514961	14.4288453117	14.5767603715	15.0187093409	15.1124052784	15.5610926483	15.8784588951	16.0098534731	16.1522430073	16.628533178	17.4189198604	17.6973608692	17.7408837193	18.3160214198	19.5244083848	19.8047026509	20.3372934132	21.2283187271	21.5878330822	22.3363737861	23.0977313785	23.4529678628	24.2840502716	24.6321350156	25.2964973023	25.4756706351	25.83088927	26.1241481522	26.6752456243	27.1230749884	27.6651096219	28.1619077698	29.441483208	30.2874864189	31.0106440221	31.3348221393	35.0495574086
0.4867730	-0.7392064181	1.0915340968	1.6768633079	1.9389654596	2.3550847991	2.6200750734	2.8863535756	3.080482932	3.3691681323	3.6310123294	3.7029011805	3.9344559113	4.2393366526	4.5328310213	4.7439836446	4.8436145817	5.0583732827	5.3115482414	5.6395029855	5.8069679595	5.9626844993	6.2296939567	6.333763594	6.7513526775	6.943489901	7.0419807494	7.2298175009	7.6087646556	7.9280702964	8.0972346318	8.2712263341	8.4473526638	8.6597897613	8.8208843083	8.9591697735	9.1625352206	9.3718918985	9.5057685695	9.6796861679	10.2051356623	10.3262254092	10.8957657083	11.0637121282	11.238842992	11.3810614629	11.7067246189	11.8873738716	12.1725015344	12.4351004533	12.9545963689	13.1649533167	13.3433894153	13.9619679214	14.1049102417	14.4429472484	14.5920169698	15.0297238611	15.1210402372	15.5718066155	15.8579578993	16.0615515108	16.130148253	16.6420153362	17.4472679634	17.7209725115	17.7770932339	18.281877097	19.4937585891	19.8711705457	20.3220011982	21.2297576248	21.5732002399	22.3431328945	23.0913421768	23.455576966	24.2361599404	24.6116729599	25.3129187807	25.4711233081	25.8160193578	26.0910791946	26.7128989098	27.1155523649	27.6714332922	28.1665557037	29.4676718286	30.3331170424	31.0553010949	31.3695119048	35.0119782093
0.4923158	-0.6017703103	1.1330362966	1.7427158223	2.0218716977	2.3260706395	2.610449944	2.8802805528	3.0880571894	3.3740374064	3.6902725706	3.7070593061	3.9280286343	4.2259964504	4.5346537486	4.7816660439	4.8776119941	5.0478060804	5.2845627076	5.6935920678	5.7888495099	6.0167649429	6.2211942927	6.3147600561	6.7453088177	6.9190970297	7.0620143933	7.2422551957	7.6257876749	7.9579962228	8.0888419083	8.2864425684	8.4431197789	8.6595603979	8.8294485806	8.9621796104	9.1643912701	9.4144883296	9.5321544838	9.6759450093	10.2097537662	10.3265820853	10.9060414791	11.0368282508	11.2210848283	11.3613287743	11.693257452	11.898454151	12.1617968473	12.4311457981	12.9598479469	13.1314833927	13.3193061185	13.9485355749	14.10642876	14.4600118334	14.6155935481	15.0368293292	15.1349394496	15.5800451522	15.830894938	16.0684425853	16.1502518275	16.656759128	17.4680207338	17.7432109711	17.8174655269	18.245935191	19.4626815814	19.924765131	20.3092990703	21.2297497317	21.5583499214	22.3464976154	23.0748317264	23.4500227232	24.1809051582	24.5924407107	25.3261091144	25.4684728381	25.796241143	26.0492968779	26.7465306922	27.1055764152	27.6775337019	28.1686644051	29.4846051945	30.3819289454	31.0897787297	31.4025703842	34.9650102166
0.4978587	-0.3682430156	1.1734333418	1.7995861104	2.0684089052	2.2937353536	2.5881671265	2.8621949752	3.1093749896	3.3924986904	3.6779613548	3.7530366686	3.9170145985	4.2135377843	4.5339021005	4.8192036187	4.9127334683	5.0525094802	5.2623492666	5.7478467603	5.762266682	6.0655650469	6.2115088467	6.3070557276	6.7347954204	6.9014940437	7.0827307409	7.2452987284	7.6458219477	7.9810849731	8.0718409189	8.2896250192	8.4478689246	8.6446107127	8.8335480184	8.9769064749	9.1663220753	9.4357724414	9.5812221782	9.6696456052	10.2066596482	10.3270209075	10.9134454317	11.0093524216	11.1926461968	11.3478897484	11.6770554007	11.9157550251	12.1460841917	12.4394780017	12.9602791604	13.0937270667	13.2986417069	13.9300535187	14.0975793536	14.481582499	14.6443002745	15.0414521229	15.1525313912	15.580657658	15.8058943804	16.0432348222	16.1978908935	16.6726638206	17.4816553845	17.7646007403	17.8586284842	18.2112218822	19.4338984982	19.9584088166	20.3049013478	21.2280452545	21.543366218	22.3457596818	23.0513881635	23.4364108138	24.1199062187	24.5758887031	25.3348104006	25.4674529213	25.7725404926	26.0003748871	26.7775715234	27.0936249419	27.6837959283	28.1690704319	29.4921047656	30.4350556688	31.1152141291	31.4307271616	34.9113652714
0.5034015	0.3492871495	1.2188704185	1.8481257127	2.0617420472	2.2753707322	2.5493605381	2.8600542263	3.1250317597	3.4214989931	3.6419955515	3.791063681	3.9114469344	4.2034253286	4.5331260847	4.8447386895	4.9502353301	5.0723113998	5.2488418115	5.7221595844	5.809531095	6.0972524057	6.2076736222	6.3091725188	6.7232281918	6.8922975663	7.1021842102	7.2404661673	7.6639561206	7.9863390757	8.0602761299	8.2809199926	8.4584533423	8.6262085663	8.8359361895	8.9951396192	9.1719672236	9.4448068073	9.6125204417	9.6875704104	10.1983395864	10.3248583275	10.9084085291	10.9924617714	11.1515461609	11.3444648712	11.6592316977	11.935405767	12.1308817645	12.4564176345	12.9559808721	13.0575141852	13.2812952656	13.9067647003	14.075779212	14.5070343749	14.6758376397	15.0446548632	15.1723424293	15.5668783158	15.7923128102	16.0154882491	16.242861589	16.6896147195	17.4886366384	17.7851584852	17.8971561813	18.181283467	19.4095178591	19.9674197722	20.3136079886	21.2242684039	21.5279374035	22.3404814968	23.0248568786	23.4156160918	24.0545933337	24.5638399689	25.3371480565	25.4685499395	25.7442915229	25.9497974213	26.8063950392	27.0801771677	27.6907605235	28.1681585292	29.4908263737	30.4930014522	31.1336961419	31.4505268915	34.8540466423
0.5089444	0.6171342876	1.2780702627	1.8848984679	2.012738432	2.2632107865	2.507976845	2.8768351068	3.1301119279	3.4503344691	3.5966754634	3.8193207382	3.9153107718	4.1951685876	4.5335439871	4.8511454821	4.9879981277	5.1063851687	5.244618934	5.6863909617	5.8605165075	6.1055278335	6.2186113857	6.317752932	6.7149503008	6.8892181478	7.1194398966	7.2297522285	7.6711988268	7.9724486906	8.0635867818	8.2674518252	8.46275682	8.6188291924	8.8364102655	9.0104252179	9.1834062829	9.4482571828	9.6019842606	9.7438795488	10.1884103644	10.3179619509	10.8830744903	10.995539435	11.1013206371	11.3493115804	11.6406284408	11.9538501603	12.1214360113	12.4778941415	12.945493019	13.0304952377	13.2667415418	13.8795617394	14.0403009518	14.5337350368	14.7092050377	15.0468940264	15.1928193795	15.5373364249	15.7933713229	15.9906083098	16.2802984886	16.7073827459	17.4894520297	17.8043886041	17.9298949875	18.159657231	19.3914020712	19.9535700927	20.3346671466	21.2179656045	21.5116946833	22.3307397685	22.9994220941	23.3890436764	23.9870097461	24.5573386488	25.3316676815	25.472322969	25.7096742065	25.9054475983	26.8325343989	27.0659442042	27.6988333812	28.1660196345	29.4822814135	30.5554196884	31.1471618283	31.4595650768	34.7961985489
0.5144872	0.7715888336	1.3599904219	1.8870238429	1.9657480538	2.2386660661	2.4823372462	2.9040941177	3.1251310009	3.4684323386	3.5525065633	3.8466561771	3.925122807	4.1874301342	4.5363033124	4.8445052399	5.0199063185	5.1429579891	5.2521050856	5.6538002064	5.9017300436	6.096056997	6.2414260723	6.3328829648	6.7104013421	6.890382487	7.1324710444	7.215920332	7.6581581735	7.9642131312	8.0681668551	8.2549404769	8.4546529961	8.6290987094	8.8342801233	9.0202862885	9.2000586485	9.4466960326	9.583248714	9.8022162306	10.180551734	10.3057172396	10.8484572771	11.0081120002	11.0482002846	11.3588112911	11.622265138	11.9683212949	12.1209199751	12.5004421203	12.9271854284	13.0197640812	13.2544285545	13.849185418	13.9931981075	14.55834499	14.7441186047	15.0484567894	15.211593708	15.4990545868	15.8031589042	15.97159881	16.309094316	16.7254769582	17.484892943	17.821464586	17.9547568581	18.1485331903	19.3811017189	19.9239805277	20.362494278	21.2087676429	21.4946960598	22.3173724776	22.9788901644	23.3584611169	23.9200730313	24.5562406844	25.3185329661	25.4784624925	25.6687372253	25.8732519318	26.8551350286	27.0519466456	27.7080414847	28.1626984411	29.4686713835	30.6209981004	31.1569617166	31.4570505822	34.7409459659
0.5200300	0.856282401	1.4632085759	1.8255367437	1.9590281122	2.2102568022	2.4733636183	2.9349068148	3.1127713163	3.4668834557	3.5197055202	3.8762249929	3.9386100583	4.1791168203	4.5426428173	4.8339317157	5.0432733089	5.1609254482	5.2784101697	5.6279859606	5.9302448003	6.0791955732	6.2656429254	6.3589726076	6.7062658307	6.8944378429	7.1350433034	7.2060332642	7.6255736386	7.9736777257	8.0665661376	8.2444075473	8.4408816242	8.651144856	8.8289505587	9.0251834987	9.2190852167	9.4397213307	9.5677632878	9.850609326	10.1778473252	10.2889824071	10.8152953254	10.9870998564	11.0308559286	11.3698414455	11.6053383264	11.9778836305	12.1291325909	12.521373558	12.9048396822	13.0254838826	13.2438418662	13.8152582545	13.9402016464	14.5783812727	14.7797593897	15.0499882672	15.2250207011	15.4613388188	15.8134135422	15.961023702	16.3294959302	16.7430348428	17.4763597889	17.8355166049	17.9720346289	18.1469233337	19.3794634932	19.8862110038	20.3913487082	21.1967279029	21.477777783	22.3020457737	22.9657763934	23.3259755922	23.857390889	24.5593916214	25.2997178717	25.4858003847	25.6260904023	25.8534188538	26.8733639137	27.039389554	27.7179278601	28.1584129003	29.4525944983	30.687342917	31.1638635124	31.4439861498	34.6912309513
0.5255729	0.8947173955	1.5719616072	1.7492082846	1.9501460173	2.1947715341	2.4728244559	2.9644250619	3.0995268418	3.4341847599	3.5117728873	3.9011670882	3.9578207536	4.1702015168	4.5527734148	4.8258468342	5.057070235	5.1582142318	5.315895148	5.6109420401	5.9457469251	6.0623307734	6.2842140028	6.3980012078	6.6991445338	6.8990252029	7.1198867325	7.2097774885	7.5851077022	7.9951569746	8.0605685485	8.2330807491	8.4295828823	8.6776856546	8.8197479211	9.0266367871	9.2369132311	9.4296648511	9.5577047933	9.8856127926	10.181729322	10.2696718481	10.7894715199	10.9368326302	11.0447256636	11.3801890863	11.5909387214	11.9836205328	12.1425384754	12.5388223289	12.8840448922	13.0436074428	13.2344091052	13.7759651171	13.8911228505	14.5929917439	14.8137380558	15.0527375004	15.2288337497	15.4318738091	15.8191014333	15.9594304748	16.3426600614	16.7588441474	17.465926407	17.8460214119	17.9840962916	18.1507509772	19.3859220495	19.8464383145	20.4172389218	21.1828154223	21.4624581211	22.2869788088	22.9605910743	23.2941717924	23.8029096402	24.5650097609	25.2785080561	25.4929553247	25.5881848362	25.8424890264	26.8867279785	27.0293658924	27.7275885951	28.1536755484	29.4367100781	30.7507245955	31.1682191345	31.4233117004	34.6496591757
0.5311157	0.9073337007	1.6636195112	1.6880658153	1.9290247109	2.1930823801	2.4756799834	2.9871804766	3.0944993034	3.3871213193	3.5155387729	3.9153501413	3.9814183895	4.1618510808	4.5646352518	4.8233703677	5.0607273562	5.1483891582	5.3484291777	5.6023119749	5.9508461676	6.050199568	6.2965416356	6.4431106663	6.6879561062	6.901225112	7.0956862368	7.2230176036	7.5481715087	8.0168889117	8.0571891418	8.2188022833	8.4237106949	8.7049894075	8.8061590944	9.0262027292	9.2505131538	9.4210680772	9.5515198207	9.9075883524	10.1910714097	10.2501759542	10.7741167463	10.8923088236	11.0565017707	11.3884646413	11.5799005844	11.9870663325	12.1563361942	12.5517135587	12.8678328597	13.0691063017	13.2255187936	13.7325720785	13.8555348675	14.6025655303	14.8421640407	15.0579732122	15.2215806323	15.4145523254	15.8201782278	15.963642654	16.3502519094	16.7715150008	17.456045631	17.8530244407	17.9929028642	18.1556639934	19.3976579031	19.8103323823	20.4375521352	21.1692558608	21.4503808923	22.2744159533	22.9615843635	23.2663772105	23.7605120834	24.5710634722	25.2589761233	25.498711967	25.5596034587	25.8369664234	26.8953233139	27.0224829236	27.7358268262	28.1492801582	29.423426043	30.8056118616	31.1702416705	31.4000986404	34.6183718568
0.5366586	0.9087291298	1.6354798604	1.744207608	1.9028120382	2.1962841343	2.479134747	2.9985374837	3.1014937185	3.3450486575	3.5200729642	3.9216559606	4.0002101741	4.1558157535	4.5742252477	4.8255150863	5.0569836549	5.140840461	5.3686965586	5.5994308956	5.9507083992	6.0437661171	6.3038050744	6.4818279631	6.6750645941	6.9003521663	7.0761458081	7.2361435331	7.5222647698	8.0257690644	8.0648292067	8.2042623025	8.421926111	8.7306687024	8.7889212079	9.0252562176	9.2584221734	9.4165419349	9.5477368646	9.91911729	10.2032127429	10.2325458307	10.7690106516	10.8595903441	11.0639942267	11.3938121502	11.5728952658	11.9890312169	12.1663928463	12.5595616644	12.8576136252	13.0936451135	13.2174168771	13.6962341818	13.8356031153	14.6078936879	14.8609369401	15.0648694836	15.2091509068	15.407369534	15.8193330002	15.9686465369	16.3539646521	16.7797450147	17.4490226331	17.8569476278	17.9986828179	18.1591365069	19.4092346301	19.784211135	20.4505022839	21.1591834969	21.4427446581	22.2661467939	22.9650817659	23.2467856587	23.7335408249	24.5756383593	25.2452067739	25.5021900275	25.5424121183	25.834500283	26.8998609146	27.0186736745	27.7414083015	28.1461380403	29.4146443771	30.8443428724	31.1705026718	31.381337146	34.5989528238
0.5422014	0.9080953023	1.6199120566	1.7751331153	1.8874109949	2.1979739448	2.4806841391	3.0012040295	3.1078469922	3.3270851639	3.5219114107	3.9234334689	4.0071814619	4.1536037682	4.577878559	4.8273378916	5.0539835215	5.1383595601	5.3753914346	5.598969887	5.9500967919	6.0418299197	6.306252565	6.4980716072	6.6684962017	6.8993049147	7.0689478226	7.2416271417	7.5128129395	8.026372907	8.0714839772	8.1974976647	8.4217053508	8.7459126642	8.7764871676	9.0248133729	9.2609042354	9.4153682445	9.5463671364	9.9226562413	10.2144499041	10.2195853306	10.7689497414	10.846745029	11.0665483098	11.395668739	11.5704801406	11.9896890583	12.1700491944	12.5621918426	12.8541232571	13.1045123847	13.2135258829	13.6818782408	13.8292860781	14.6095956109	14.8674406417	15.0684797146	15.2028581399	15.40567817	15.818800304	15.9707357289	16.3550488968	16.7826015947	17.446486285	17.8582026591	18.0007418906	18.1603335422	19.4141497922	19.7744971237	20.4549534413	21.1554415809	21.4401457921	22.2632692759	22.9669002283	23.2396145785	23.7242794384	24.5773359637	25.2402424976	25.5032467364	25.5368155911	25.833812242	26.9012376201	27.0174869079	27.7433877365	28.1449940566	29.4115783814	30.8585862538	31.1702972007	31.3740425796	34.5923712074
