Wave Vector	Branch 1	Branch 2	Branch 3	Branch 4	Branch 5	Branch 6	Branch 7	Branch 8	Branch 9	Branch 10	Branch 11	Branch 12	Branch 13	Branch 14	Branch 15	Branch 16	Branch 17	Branch 18	Branch 19	Branch 20	Branch 21	Branch 22	Branch 23	Branch 24	Branch 25	Branch 26	Branch 27	Branch 28	Branch 29	Branch 30	Branch 31	Branch 32	Branch 33	Branch 34	Branch 35	Branch 36	Branch 37	Branch 38	Branch 39	Branch 40	Branch 41	Branch 42	Branch 43	Branch 44	Branch 45
0.0000000	-0.0279532504	-0.0257843374	-0.0249650773	2.3613092064	2.69380666	2.9028011358	5.173484026	5.3119978166	5.7021277315	7.5505255274	7.672947544	8.1878794384	9.2455352611	9.4567770018	9.5118524751	9.8418881503	10.4533374798	10.9959245091	11.1708346123	11.2280707456	11.3730413016	11.6485548636	12.4449929395	12.8154857812	13.9538397003	14.0883015329	18.4265936712	19.0031458028	19.2208052175	19.484839661	23.0932703805	23.3603485805	23.5781799694	23.9395048344	24.0097145339	29.6146358367	29.9941998813	30.0885780562	30.5090839769	30.9745323993	31.9333604694	32.8179185574	34.7233642239	34.7486789	35.4988405576
0.0035962	-0.1379162163	0.1769627695	0.2889717347	2.3625353431	2.6942365693	2.9142900034	5.1426395897	5.3402468324	5.6969906087	7.5377038454	7.6822103494	8.1932053795	9.2272923138	9.4374157769	9.5413192406	9.8465303175	10.4505905376	10.9895274975	11.1520939432	11.2360163385	11.3846439771	11.6517449188	12.445922842	12.8254753156	13.9490322969	14.0930956598	18.4066837116	18.977064495	19.2357475586	19.5162315117	23.0925104141	23.3568641969	23.5793001407	23.938362219	24.0099272882	29.6154735407	29.9957485909	30.089063701	30.5096290682	30.9740133932	31.9342660674	32.8217265605	34.7139612003	34.7578704295	35.5012669437
0.0071925	-0.0955781729	0.3418332977	0.5290890485	2.3658732317	2.6962770426	2.9481213502	5.0806654185	5.3943700288	5.681904865	7.5061133423	7.7035198294	8.2080312206	9.1818543363	9.4079394776	9.5924112448	9.8600647384	10.4427551639	10.9716174401	11.1119288509	11.2484119619	11.4142567005	11.6607283047	12.4495552511	12.8542674234	13.9360581428	14.1061155443	18.3520651827	18.9089676379	19.2818752797	19.5938132371	23.0901278438	23.3468771688	23.5823573104	23.9349308406	24.0105597163	29.6179024281	30.0002554958	30.0906215073	30.5112794601	30.972458456	31.9370463371	32.8330955591	34.6976936516	34.7734764593	35.5085096021
0.0107887	0.1370045301	0.5009945811	0.7735172076	2.3703762974	2.7017589555	3.002788192	5.009297841	5.4521704197	5.658091894	7.4642004359	7.7293659943	8.2291051825	9.1251466537	9.3751177365	9.6440236205	9.8815437828	10.431026393	10.9449991664	11.0637445141	11.2593048635	11.4535201976	11.6740316244	12.4577589227	12.8989554572	13.9175697055	14.1249734292	18.2732316774	18.8179987447	19.3524157722	19.6946173908	23.0857964862	23.3316268369	23.5866117105	23.9292060585	24.0115934318	29.6216858841	30.0072704535	30.0935752423	30.5140797175	30.969874668	31.9418822274	32.8518657283	34.6803009652	34.789685529	35.5204523341
0.0143850	0.2506032639	0.6571669074	1.0164196705	2.3747431328	2.712933525	3.0764633694	4.9337422056	5.5056114316	5.6295860618	7.4158322289	7.7568219998	8.2515154635	9.0690161057	9.3373154271	9.6884490599	9.9096617734	10.4173355134	10.9123850224	11.0132131342	11.2681436508	11.4972074401	11.6899721298	12.4722121716	12.9560381389	13.8955351553	14.1481685968	18.1794198818	18.7165115472	19.4374761839	19.8067787408	23.0789189647	23.3128233529	23.5912172537	23.9211974044	24.0129967675	29.6264787938	30.0159594223	30.0985153929	30.518101094	30.9662764566	31.9490456492	32.8777861283	34.6625910916	34.8055967757	35.5368820221
0.0179812	0.3509050025	0.8096750101	1.2546395209	2.3777886459	2.7320561665	3.1671477948	4.8559199723	5.5331000913	5.6176345349	7.3627088126	7.7846749307	8.2692136041	9.0221352653	9.2941224491	9.7212979503	9.9423041724	10.4042630568	10.87586214	10.9639732575	11.2748878921	11.5424199863	11.7073537924	12.4936627613	13.0221034338	13.8710883594	14.1752744733	18.0767967419	18.6101328333	19.5303400409	19.9249933836	23.0685821099	23.292438741	23.5954443065	23.9109482311	24.0147273177	29.631887474	30.0250989132	30.1062709743	30.5234356578	30.9616889981	31.9588609196	32.9105319899	34.6446591784	34.8210331079	35.5574683181
0.0215775	0.4474143554	0.9572803387	1.4857251626	2.3790865515	2.7610534096	3.2726109423	4.7771803226	5.5044532392	5.6529693714	7.3056840568	7.8118715656	8.2760427119	8.9916140961	9.2456970393	9.740471139	9.9760943576	10.3948179321	10.8373627137	10.9185883944	11.279702029	11.5870055646	11.7259486273	12.5218187139	13.0939713373	13.844905574	14.2066071804	17.9691764156	18.5013933059	19.6270631755	20.0465827584	23.053602561	23.2725675376	23.598735193	23.8985565914	24.0167382796	29.6375297951	30.0333497387	30.1176153858	30.530185488	30.9561520068	31.971660375	32.9497197063	34.6263800454	34.8360790618	35.581749093
0.0251737	0.5421317336	1.0985753274	1.7069951102	2.3796322753	2.8013217025	3.3902901853	4.6989791835	5.4521194521	5.703918571	7.2452106065	7.836971758	8.2679328878	8.9820368619	9.1923742086	9.7453770421	10.0071744794	10.391838578	10.7993289975	10.8784108365	11.2828753902	11.6286798946	11.7467536211	12.5555807533	13.1686009296	13.817493898	14.2429791008	17.8589375368	18.3915262192	19.7253338361	20.1699271188	23.0327896337	23.2551611326	23.6006651517	23.8841965227	24.0189863923	29.643081127	30.0398247216	30.1327079043	30.5384448911	30.9497231682	31.9877398223	32.9949147439	34.6075156172	34.8509951593	35.6091283215
0.0287700	0.635271018	1.2319756613	1.9143945068	2.3827424906	2.8538476246	3.5171017973	4.6232541089	5.3911153189	5.756239046	7.1815314905	7.8578339215	8.2454701027	8.9928969774	9.1352119221	9.7362082894	10.0328260148	10.3968907716	10.7646418204	10.8438140886	11.2847374749	11.6647839087	11.7718411047	12.5933622391	13.2429806472	13.7893702231	14.2855394464	17.7476232708	18.2811966762	19.8237462735	20.2938734167	23.0054140542	23.2415824452	23.6008781224	23.8681388912	24.0214387435	29.6482984588	30.0444016797	30.1508273585	30.5482744078	30.9424805538	32.0073180693	33.045630019	34.5877702666	34.8661729994	35.6388886108
0.0323662	0.7263883997	1.3556533753	2.0988972481	2.3972424184	2.9195574566	3.6489887878	4.5529422481	5.3249472568	5.8071078277	7.1148039527	7.871297411	8.2144060314	9.0114462349	9.0831051143	9.713953947	10.052462937	10.409265993	10.7358195667	10.8149561756	11.2856125436	11.6933939666	11.8029620336	12.6333574044	13.3140934048	13.7611966722	14.3356133347	17.6362844684	18.1708104472	19.9213955305	20.4175002196	22.9715462467	23.2322885673	23.5990322845	23.8507684411	24.0240766636	29.6530234925	30.0474478917	30.170727242	30.5596680503	30.9345235759	32.0305033731	33.1013149284	34.5668390835	34.8820873628	35.6702161977
0.0359624	0.8147900546	1.4675050538	2.2349197666	2.4487066885	2.9995545311	3.7798148406	4.4930761262	5.2554929818	5.8552446034	7.0452093796	7.8731996561	8.1834932457	8.9778052087	9.0899219436	9.6806822675	10.0672857287	10.4261835234	10.7142453087	10.7923815298	11.2858042753	11.7151181725	11.8395537706	12.6737068128	13.3789708361	13.7339269553	14.3944800009	17.5256726086	18.0606577466	20.0176509277	20.5400194433	22.9319426167	23.2269557812	23.5947723213	23.8325890196	24.0268960385	29.6571714134	30.0494181956	30.19113359	30.5725198781	30.9259723417	32.0572687047	33.1613375532	34.5444539279	34.8992438474	35.7022338159
0.0395587	0.8997326365	1.5652555766	2.2993838189	2.5603892683	3.0948566519	3.8988566664	4.4531685666	5.1845302872	5.8995148407	6.9730717279	7.8599858601	8.1607813961	8.9044734889	9.1371563852	9.6394187329	10.0792192779	10.4442460786	10.6996425267	10.7772324886	11.2855940444	11.7323506953	11.8793690641	12.7125663333	13.4347782396	13.7090099558	14.463091474	17.4163496238	17.9509890803	20.1120248784	20.6607333592	22.8876504567	23.2248767631	23.5877429061	23.8142030109	24.0299041427	29.6607134809	30.0506759973	30.211012382	30.5866008816	30.9169655634	32.0874371134	33.2249643521	34.5204236191	34.9181287325	35.7340367712
0.0431549	0.9805427024	1.6468341126	2.3309038856	2.6944571972	3.2053975875	3.9878414649	4.4497681133	5.1144862858	5.9386161245	6.898998666	7.8321002778	8.1493669181	8.8198547698	9.1913113456	9.5936408592	10.0902061885	10.4609812717	10.6900231186	10.7709185514	11.2852429607	11.7472714073	11.9204156827	12.7481152942	13.4788325481	13.6886507783	14.5418100618	17.3087499367	17.8420630079	20.2040933471	20.7790145666	22.8396923337	23.2252709664	23.5776580239	23.7962488982	24.0331135808	29.6636596669	30.0514744136	30.2296458143	30.6015582133	30.9076573904	32.1206777864	33.291342833	34.4946638154	34.9391667097	35.7647290035
0.0467512	1.0566957715	1.7110670325	2.3584258866	2.8236664924	3.3287730351	4.0303993948	4.4957231291	5.0498878215	5.9709714915	6.8240540802	7.7947315908	8.1465303451	8.7272643475	9.2450158975	9.5468015963	10.1020738306	10.4755151026	10.6829119782	10.7737887118	11.2849926641	11.7612639532	11.9615090818	12.77855129	13.5087592854	13.6757787087	14.6302818369	17.2032120453	17.7341841543	20.2934450025	20.8942952974	22.7889407951	23.2273988727	23.564427134	23.779294315	24.0365342839	29.6660445757	30.0519828897	30.2466186449	30.6169426965	30.8982135952	32.1565123484	33.3594931349	34.4672144384	34.962687672	35.7934577353
0.0503474	1.1278673089	1.758373356	2.3886346154	2.9432079478	3.4599649355	4.0362485378	4.5719364589	5.0015818948	5.9947136439	6.7499580477	7.7542710314	8.147259233	8.62811426	9.2937116895	9.5022326324	10.1165663959	10.4882271275	10.6770436849	10.7839353539	11.2850618624	11.775121259	12.0020504607	12.8021243613	13.5239593371	13.6724519715	14.7275079791	17.0999874781	17.6277412256	20.3796466831	21.0060598385	22.7361112514	23.2305538031	23.5483030621	23.7637175899	24.0401648123	29.6679174495	30.0523139779	30.2617623778	30.6322590836	30.8888074653	32.1943296074	33.4283139384	34.4382455121	34.9888991914	35.8194467553
0.0539437	1.1939552279	1.7908426384	2.4208858923	3.0543414038	3.5921488582	4.0305072992	4.6298165827	4.9952784788	6.0077974475	6.6792760738	7.7154484821	8.1468092916	8.52452035	9.3325505146	9.4639509991	10.1352330069	10.4999490155	10.6723211262	10.7980655635	11.2856364303	11.7892675015	12.041789384	12.817259619	13.5281065562	13.6769895035	14.8320631027	16.9992301317	17.5232510054	20.4622184228	21.113836748	22.6817966543	23.2340115174	23.5299821274	23.7496425934	24.0439844145	29.6693356977	30.0525419365	30.2750816336	30.6470240318	30.8796155453	32.2334057925	33.4966063969	34.4080543324	35.0178588418	35.8420292731
0.0575399	1.2550681853	1.8114966253	2.452084065	3.1590119359	3.7167421975	4.0331054127	4.6289440936	5.0553183668	6.0083915773	6.6154846468	7.6806461139	8.1403481627	8.4206569771	9.353160652	9.4397676725	10.1591283241	10.5113841199	10.6688608422	10.8130676664	11.2868521708	11.8038745933	12.0806861692	12.8227846842	13.5275819421	13.6850286237	14.9423449612	16.9009674012	17.4214117567	20.5406145586	21.2171883054	22.6265094351	23.2369838845	23.5105998347	23.736971047	24.0479472791	29.6703609093	30.052714611	30.2866814499	30.6608155727	30.8708131128	32.2729269177	33.5631166634	34.3770573489	35.0494409588	35.86068169
0.0611362	1.3114745085	1.8233158469	2.4788725148	3.2584625633	3.8217255948	4.0604497557	4.5823253624	5.1590574243	5.9958044977	6.5627280985	7.6497430075	8.1203981643	8.3254589503	9.3472640905	9.4379078555	10.1884653387	10.5229245689	10.6665958571	10.8266491501	11.2887721831	11.8189109038	12.1188325498	12.8182022376	13.5272472268	13.6932602523	15.0567641138	16.8050565382	17.3231656569	20.6142096607	21.3156939915	22.5707229636	23.2386146208	23.4916148121	23.7254894275	24.0519801119	29.6710563383	30.052861103	30.2967082352	30.6733044394	30.8625690178	32.3120105974	33.6265931528	34.3457795005	35.0832954248	35.8750596905
0.0647324	1.3635117872	1.8286543342	2.4988399184	3.3532626323	3.8966822898	4.1235750876	4.5160891764	5.2724546881	5.9720571003	6.5252530467	7.6194942914	8.0756372728	8.254382107	9.3276772081	9.4461740237	10.2224310098	10.5346897319	10.6653015975	10.8373437461	11.2913650526	11.8341599238	12.1563900562	12.8038738371	13.529273736	13.7002931792	15.1738428539	16.7111374156	17.2297621546	20.6822898509	21.408922453	22.5149169178	23.2380708231	23.4745887871	23.7149868309	24.055983587	29.6714850972	30.0529970218	30.3053093006	30.6842662689	30.8550394202	32.3497263111	33.6858494356	34.314842951	35.1188006091	35.885037692
0.0683286	1.4114635961	1.8291400544	2.5110344546	3.4437600793	3.9500319183	4.2116635817	4.4425919417	5.3741338793	5.9435179408	6.5070601298	7.5823549427	8.0088650538	8.2126239577	9.3074205428	9.4527457074	10.2592825918	10.5466138735	10.6646993788	10.8443854646	11.2944935568	11.8492338659	12.1935163742	12.7810085853	13.5339200867	13.705854295	15.2922324267	16.6186091415	17.1428003397	20.7440518293	21.4963810782	22.4596386787	23.2347800324	23.4608535353	23.7053381854	24.0598375184	29.6717085734	30.0531283703	30.3126098254	30.6935792969	30.8483601998	32.3851152551	33.7398186164	34.2849571634	35.1550175184	35.8907514323
0.0719249	1.4554123772	1.8258615233	2.5159776552	3.5304819354	3.9970477181	4.2997256921	4.37183568	5.4473809737	5.9208117575	6.5122608217	7.5267732681	7.9459182804	8.1860479539	9.2902357027	9.4553745866	10.2966529866	10.5585042594	10.6645344825	10.8476106112	11.2979226985	11.8635988776	12.2302509885	12.7514942538	13.5404155505	13.7101201548	15.4106615204	16.5266828953	17.0642116222	20.79861358	21.577421191	22.4056039102	23.2287583444	23.4511226249	23.6965439753	24.0634089659	29.6717848308	30.0532546189	30.3187032802	30.7012132598	30.8426386267	32.4172127905	33.7875816402	34.2569137019	35.1906569129	35.8926401402
0.0755211	1.4950722422	1.8196703226	2.5153316699	3.6142397638	4.04214142	4.2792405526	4.403409492	5.4807201222	5.9132362995	6.5450235985	7.4440651976	7.905988894	8.1642526864	9.2768575017	9.4548034611	10.3319030562	10.5700392583	10.6646185407	10.8474051953	11.3013491615	11.8766210618	12.2663206144	12.7177376667	13.5476028183	13.7133714658	15.5277994603	16.434592452	16.996140327	20.8450417811	21.6510553485	22.3538803334	23.2207961167	23.4452667011	23.6887359476	24.0665621035	29.6717669342	30.0533712287	30.3236509444	30.7072130917	30.8379462504	32.4450773709	33.8283521279	34.2315915569	35.2240765513	35.8914772166
0.0791174	1.5295955484	1.8115349755	2.5113811561	3.6959178846	4.0794213578	4.2088024901	4.4773727216	5.4780712413	5.9189082732	6.607334832	7.3368342512	7.8898934685	8.1442800848	9.2671538416	9.4524213614	10.3624314549	10.5806946488	10.6648375351	10.8446797081	11.304445302	11.8876332983	12.30079556	12.6827038258	13.5543467941	13.7158315181	15.6419200266	16.3420985766	16.9407152901	20.8824003727	21.7156100833	22.3062313037	23.2122897279	23.442451403	23.6821574265	24.0691685846	29.6717012458	30.0534717305	30.3274868624	30.7116780108	30.8343162868	32.4678290738	33.8614086038	34.2099776156	35.2533344743	35.8883643664
0.0827136	1.5573618993	1.8029195116	2.5064944069	3.7760670549	4.0792710403	4.1667559564	4.5364304458	5.4574149513	5.9278220742	6.6959239501	7.2151303115	7.8885093514	8.1267428267	9.2607098501	9.4495962193	10.3859524339	10.5896362504	10.6651213136	10.8408202245	11.3069057576	11.8960134078	12.3314885223	12.650307436	13.5597468903	13.7176074111	15.7498540116	16.2507427147	16.8997790767	20.9098211856	21.7681367883	22.2656964851	23.2048184471	23.4415365419	23.6771202453	24.0711172825	29.6716258016	30.0535493977	30.3302254542	30.7147351788	30.8317486781	32.4846981371	33.8859940222	34.1931876276	35.2763361045	35.8846459089
0.0863099	1.575904196	1.7960237757	2.5026755099	3.853889134	4.0205358602	4.1725353138	4.57455676	5.4370537736	5.9337765377	6.8004922006	7.0913459708	7.8923018789	8.1141152923	9.2570720701	9.4474276606	10.4007432971	10.5957370034	10.665382463	10.8374972349	11.3084864292	11.9012588238	12.3541491429	12.626093502	13.563202217	13.7187026531	15.8425918332	16.1683844979	16.8746868906	20.926590382	21.8038051859	22.2371860954	23.1997406118	23.4414678445	23.6739385879	24.0723225527	29.6715688918	30.0535985278	30.3318696746	30.7165087502	30.8302233799	32.4950795018	33.9012694791	34.1824155843	35.29111254	35.881695616
0.0899061	1.5825121503	1.7933277762	2.5012487626	3.9094772591	3.9677220719	4.178457546	4.5877959299	5.4288902796	5.9356974259	6.8750788473	7.0105718454	7.8944358959	8.1094217892	9.2559012117	9.4466233747	10.4057830101	10.5979222074	10.6654933203	10.836186926	11.3090311736	11.9030446684	12.3628088611	12.6168266643	13.5643874673	13.7190754333	15.8871761474	16.1273289808	16.8662364476	20.9322353565	21.8166984887	22.2266721936	23.1979456966	23.4415288344	23.6728486448	24.0727304475	29.6715479575	30.0536153438	30.332418094	30.7170889484	30.8297180861	32.4985846685	33.9064702444	34.1786845304	35.2962171884	35.8805770854
0.0939492	1.5690498271	1.8019286888	2.5014773672	3.8700380202	4.0093672989	4.1749857931	4.5740040492	5.4309561337	5.9332000101	6.7768065027	7.1222076659	7.8849474735	8.1158009649	9.2521241893	9.4512705435	10.3919864609	10.5968358652	10.6689318488	10.8392638801	11.3131368414	11.9026605526	12.3575328022	12.6218278471	13.5646149627	13.7188135371	15.8296019884	16.1788004509	16.8723487325	20.9225990514	21.7999926264	22.2419782522	23.2028703932	23.4429299925	23.6754890078	24.0721395458	29.671298426	30.0536210636	30.3306669163	30.7192367576	30.8317078829	32.4975814734	33.9010913851	34.1775569885	35.2895801287	35.8851620992
0.0979923	1.5343882484	1.8234583667	2.5015890066	3.8120714386	4.0667717872	4.169340672	4.5372335671	5.4300506794	5.9278817496	6.6566045862	7.2819008572	7.863281247	8.1309806434	9.242623432	9.463246377	10.3550605908	10.5917872891	10.6771113408	10.8488480854	11.3247223664	11.9018394436	12.3430966981	12.6352184307	13.5654026915	13.7180126813	15.7155248355	16.2745952572	16.8906836425	20.8942352554	21.7556160762	22.2820770558	23.217101955	23.4471885361	23.6834037002	24.0703934756	29.6705567136	30.0536408771	30.3256638447	30.7250715648	30.838018967	32.4946047967	33.8845399339	34.1746596073	35.2709421638	35.8977857626
0.1020354	1.4889641364	1.8513429452	2.5002533007	3.7511452976	4.0834568912	4.1931088986	4.4916650623	5.4079506766	5.9281071425	6.5674090318	7.4280260151	7.8481711118	8.1485818884	9.2311810313	9.4782935354	10.3031733777	10.5806552055	10.6865847205	10.8647636647	11.3418863886	11.9015247582	12.3224453668	12.6534337078	13.5670446931	13.7166312237	15.585200371	16.3746032664	16.9211680824	20.8486574551	21.693722911	22.336621031	23.2390794032	23.454502238	23.6965598511	24.0675712979	29.6693431809	30.0536829164	30.3180636384	30.7330022503	30.8495360113	32.4897539574	33.8558452962	34.1712039738	35.2434681103	35.9156738008
0.1060785	1.4420505722	1.8813901124	2.496264764	3.6872992076	4.0350449303	4.2487410694	4.4635453977	5.3478492797	5.9459301559	6.5142867912	7.5219456253	7.8741958939	8.1661798715	9.2211359335	9.492074971	10.2429694808	10.5631182237	10.6966014909	10.8848636657	11.3622238538	11.9031119552	12.2982536728	12.6729052461	13.5699512013	13.7146183473	15.4481354392	16.4697875113	16.9634560142	20.7880459936	21.6215828858	22.3981325587	23.2663906779	23.4652997171	23.7148580029	24.0638026023	29.667690883	30.0537610354	30.3087074491	30.74115101	30.8672021097	32.483196408	33.8141493928	34.1685349039	35.2109043025	35.9356289414
0.1101216	1.4017359281	1.9104362004	2.4893721069	3.6207551386	3.9400464687	4.2866424765	4.485359524	5.2511686708	5.9849769873	6.4906931455	7.5381579019	7.9585865907	8.190124366	9.2145723586	9.5007751116	10.179530983	10.5401057975	10.7085337802	10.9057493311	11.3834998708	11.9081608904	12.2722955337	12.6908892198	13.5745030396	13.7119644151	15.3078508865	16.5577111755	17.0166409956	20.7149061768	21.5433953034	22.462300503	23.2960012291	23.480328852	23.7380684792	24.0592668288	29.6656444866	30.0538944509	30.2984167835	30.7482172151	30.8913505431	32.47517042	33.7593513735	34.1675688867	35.1765930117	35.9549088776
0.1141647	1.3751724617	1.9348464904	2.4806941008	3.5522595033	3.8054886761	4.3012586072	4.5515333594	5.1375141639	6.038138316	6.4859984626	7.5089518536	8.0410295541	8.24862621	9.2123758786	9.5009884903	10.1173699013	10.5131674748	10.7238881373	10.9241325645	11.40414824	11.9179893206	12.2455894749	12.7055695982	13.5807938592	13.7088284927	15.1665484736	16.6380690279	17.0790568963	20.6318018008	21.4617482936	22.5266032406	23.3246288306	23.5005721817	23.7657489013	24.0541990795	29.663259114	30.0541059779	30.2878726224	30.7538312674	30.9214583657	32.4659884464	33.6923514046	34.1685992885	35.1430726092	35.9715442198
0.1182078	1.3680073612	1.9502107838	2.4723681052	3.4801967096	3.6439512916	4.3090866837	4.6197109344	5.0388443623	6.0954621454	6.4912093518	7.4659481023	8.0682906133	8.3648227438	9.2144611787	9.4898953584	10.0607278172	10.4839714747	10.7435944291	10.9374234823	11.4235403285	11.9332299694	12.2186867716	12.7160396482	13.5881915043	13.7058332145	15.0261128309	16.7115782207	17.148377012	20.5412067592	21.3785361039	22.5894354516	23.3494643958	23.5267410867	23.7971466087	24.0489142352	29.660599276	30.0544183311	30.2775763054	30.7582310913	30.9564931538	32.4560407194	33.6148974873	34.1714389885	35.1120569451	35.9843296605
0.1222509	1.3833772136	1.9524239917	2.4656607871	3.3812139249	3.4910780616	4.3084199068	4.643552204	5.0047011246	6.1474358742	6.5013422603	7.4229564783	8.0608613712	8.5064558336	9.2199832964	9.4662039026	10.0129882662	10.4540792592	10.7679013179	10.9439391605	11.4419536455	11.9534961002	12.1919155951	12.7223192956	13.5946562152	13.7046286617	14.8884057784	16.7792795122	17.2219979353	20.4454596407	21.2953914815	22.6496889466	23.3690405971	23.5585342893	23.8310785112	24.0438766222	29.6577379242	30.0548485784	30.2678593262	30.7618132543	30.9953339617	32.445798348	33.5292845722	34.175654978	35.0845740355	35.9927062432
0.1262940	1.4207923374	1.9401388011	2.4564849253	3.2111688592	3.4057887438	4.2803628622	4.6211343981	5.0547352533	6.1844730464	6.5161929335	7.3865312654	8.0379715207	8.6490628465	9.2273623	9.4318224638	9.975608247	10.4249461963	10.7960240878	10.9433804251	11.4602242555	11.9772234488	12.1656288164	12.7253719164	13.5962568482	13.7083288046	14.7553636544	16.8419971884	17.2974412286	20.3467855706	21.2138776929	22.7065527488	23.3834029477	23.5945128698	23.8657433906	24.0398782186	29.654755504	30.0554015786	30.258913811	30.7649018102	31.0369514083	32.4358145802	33.4380880594	34.1807399398	35.0611411175	35.9966329172
0.1303371	1.4747602353	1.9173957944	2.4274511386	3.0295811218	3.3529967172	4.2050107855	4.6129656578	5.1453431852	6.1980175108	6.538893979	7.3597663432	8.0061937466	8.781836995	9.2336009918	9.3938998867	9.9476680138	10.398002479	10.8245775308	10.9384733209	11.4792583161	12.0014655319	12.140690441	12.7270534376	13.5886868983	13.7200500391	14.6290056009	16.9000582681	17.3725510629	20.2473535275	21.1355705048	22.7594069326	23.3934103922	23.6327825674	23.8983566363	24.0384424132	29.6517387988	30.0560638127	30.2508276467	30.7676879347	31.0804096443	32.4267216717	33.343982075	34.186203361	35.0419192622	35.9964745317
0.1343801	1.5320312608	1.8950816916	2.3428261856	2.8973377168	3.3132924023	4.0905986923	4.6385025218	5.2443123928	6.185574922	6.5708272643	7.343164903	7.9684151626	8.8956265036	9.2324737806	9.3674177105	9.9266733131	10.3747249408	10.8425010161	10.9399921869	11.4996800221	12.0208413271	12.1199325433	12.7299285978	13.5702584159	13.7400848938	14.5113657877	16.9532493472	17.4454765669	20.1493483937	21.0620849478	22.8077552871	23.4000306822	23.6716441853	23.9246717671	24.04237981	29.6487793287	30.0567991658	30.2436169853	30.7702342755	31.1248042566	32.4192184205	33.249635969	34.1916129632	35.0268273809	35.992907009
0.1384232	1.5687495915	1.8843367764	2.191882206	2.8431258688	3.2837926714	3.9571462459	4.6868818721	5.3363002256	6.1536292257	6.608592813	7.3352949546	7.9264503028	8.9775225318	9.2201735257	9.3705510191	9.9098244062	10.3566565553	10.8344140384	10.9632185682	11.5217554377	12.025552914	12.1106498248	12.7368859322	13.5416113411	13.7664716495	14.4043369003	17.0009082872	17.5145359393	20.0550449828	20.9950669492	22.8511745784	23.4040786692	23.709791886	23.9400247944	24.054839967	29.6459711222	30.0575478821	30.2372534193	30.772495236	31.1691905846	32.414039052	33.1576755911	34.1966120258	35.0156169333	35.9868336831
0.1424663	1.5645113687	1.8233390487	2.08510297	2.8419014327	3.2638078534	3.8167178091	4.749153185	5.4098453054	6.1145419071	6.6468243873	7.3337323937	7.8818784936	9.0129020229	9.2110200817	9.4051054356	9.8948002711	10.345335553	10.805939103	11.0023995776	11.5455160568	12.0103508671	12.1162907557	12.7505171853	13.5039011328	13.7971750179	14.3094342952	17.0420704209	17.5780500355	19.9668725831	20.9361559972	22.8892732818	23.4062220652	23.7462542609	23.9436029639	24.0751382818	29.6434077784	30.0582292271	30.2316852407	30.7743408099	31.2125223608	32.4118866775	33.0707031377	34.2009245597	35.0079198027	35.9793063981
0.1465094	1.5131826447	1.6421840287	2.1322746665	2.8643167705	3.2528527737	3.6756820797	4.820244437	5.4535370954	6.0826741368	6.6809227175	7.3358806044	7.8365611645	9.006147909	9.2139821986	9.4585876369	9.8799611561	10.342073477	10.7682344152	11.046106337	11.5709107522	11.9839748289	12.127746555	12.772365252	13.4585652406	13.8306880802	14.2275814705	17.0756323054	17.6342006425	19.8874523451	20.8869213232	22.9216604242	23.4070471919	23.7802903536	23.938742442	24.0985430479	29.6411788624	30.058747618	30.2268531354	30.7755832671	31.253613327	32.4133036421	32.9913796286	34.2043522285	35.0032848268	35.9714462534
0.1505525	1.3441370652	1.5355845501	2.2292958789	2.8982475072	3.2499646359	3.5387669507	4.8960207792	5.4595910937	6.0691341602	6.7074960567	7.3392370605	7.7931513194	8.9817132692	9.2201178354	9.5155480836	9.8642796996	10.3474894303	10.7277012398	11.0876740901	11.5978183351	11.9543272138	12.1387222113	12.8023030379	13.4077998905	13.8657061838	14.1591807035	17.1005185404	17.6809572711	19.8195774452	20.8487760485	22.9479297	23.4071037788	23.8113131686	23.928493637	24.1207824098	29.6393658013	30.0590013544	30.2227010729	30.7760075237	31.2911376625	32.4184416063	32.9225824169	34.2067644378	35.0012158232	35.9643608591
0.1545956	1.1322683044	1.4935926997	2.3264484957	2.9428582233	3.2527907875	3.4119101605	4.9705114086	5.4327103498	6.0742850026	6.7241588868	7.3410403253	7.7555675825	8.9566143105	9.2238459416	9.5639453004	9.8472567999	10.3607203936	10.6897997569	11.1219711874	11.6257394819	11.9264381557	12.1479063031	12.8382071814	13.3549686945	13.9001925313	14.1050238051	17.1158403253	17.7161200075	19.7660941585	20.8228788696	22.9676659176	23.4069110572	23.838843535	23.9143747525	24.1393535722	29.6380375676	30.058892713	30.2191832568	30.7754044797	31.3236870857	32.4267132498	32.8676335678	34.2080836094	35.0012179238	35.9590577968
0.1586387	0.9685377905	1.469127723	2.3992225496	3.0025599062	3.2500688304	3.3121345083	5.031010002	5.394230423	6.0883613472	6.7295246401	7.3377596654	7.7290325366	8.9379058806	9.2244264947	9.5963560474	9.8290344761	10.378460129	10.6610448695	11.1445102663	11.6530122649	11.9054468718	12.1557601503	12.8756882251	13.3050233277	13.9283997794	14.0695659486	17.1210303416	17.7375180103	19.729648061	20.8100385601	22.9804781838	23.4069265338	23.8624789829	23.8970120114	24.1529406114	29.6372465316	30.0583380738	30.2162679644	30.7736045219	31.3498940295	32.4364456183	32.8304694503	34.2082692082	35.0028515748	35.9563578992
0.1626818	0.9005939567	1.46010789	2.4302658171	3.0692367003	3.2051586654	3.2951464955	5.0517458651	5.3796347483	6.1006182378	6.7233521211	7.3255932551	7.7187640132	8.9281220445	9.2222576318	9.6081070005	9.8108662098	10.3949161105	10.649088013	11.1520859925	11.6759769407	11.8973411725	12.1630598684	12.9074956853	13.2652252597	13.9362733624	14.0659206495	17.1159366825	17.7433538005	19.7123071701	20.8106396975	22.9860545134	23.4074892761	23.8765791995	23.8819397787	24.1609552672	29.6370249244	30.0572768498	30.2139389801	30.7705068538	31.3686061886	32.4450389623	32.8152649423	34.2073051688	35.0057865321	35.9568163623
0.1667249	0.9533304353	1.4670751076	2.4148036553	3.0698982328	3.230161898	3.3236383287	5.0157484119	5.4112746268	6.1052510596	6.7065380552	7.302576192	7.7271549306	8.927665517	9.2178463535	9.5959355734	9.7953448207	10.405187361	10.6592572174	11.1436996491	11.6902241003	11.9068865171	12.1703276482	12.9237805939	13.2449725823	13.9202264285	14.0973650557	17.1008632058	17.7325908443	19.715163226	20.8246058147	22.984218035	23.4087617181	23.8533553781	23.8967262973	24.1633400361	29.637382343	30.0556782394	30.2121951914	30.766099986	31.3790655762	32.4503282595	32.8248653766	34.205195315	35.0098437677	35.9606629203
0.1707680	1.1059748903	1.4904069366	2.3618224876	3.0282300704	3.2757363772	3.4137647489	4.9445113128	5.467561162	6.1029767507	6.680772742	7.2699748772	7.752163494	8.9354392357	9.21177809	9.5590769128	9.7848561219	10.4102553023	10.6894949713	11.1208510974	11.6947557876	11.9332123387	12.1776385922	12.9178716914	13.2501255435	13.8954129891	14.1491297668	17.0765539648	17.7052089794	19.7380820141	20.8514082101	22.9749570226	23.4106997944	23.8272791586	23.9066399696	24.1604986397	29.6383046473	30.053545137	30.2110487875	30.7604698778	31.3810279143	32.4523597214	32.8588805543	34.2019701153	35.0150134482	35.9677721553
0.1748111	1.30991949	1.5340484201	2.2880500964	2.9922314205	3.2944109818	3.5507765908	4.8623322749	5.5182635625	6.1015030666	6.6480295636	7.2310357123	7.7889487117	8.9484895778	9.2050813599	9.5009354443	9.7798509131	10.4150417477	10.7323020902	11.0869560182	11.6925004226	11.9699752695	12.1846194355	12.8938112968	13.2756290677	13.8699854645	14.2139840119	17.0441308699	17.6621916505	19.7797327018	20.8901176566	22.9584118426	23.4130689403	23.7985191128	23.9112296432	24.1532710248	29.6397544376	30.0509148906	30.2105223805	30.75379459	31.3747763168	32.4532264102	32.9138427683	34.1977060312	35.0214426215	35.9776704698
0.1788542	1.4834458635	1.6364360799	2.2149516808	2.9622161234	3.3073014427	3.7009002159	4.7819009956	5.5406969091	6.1133382454	6.6102890218	7.1893275988	7.8323192335	8.9605635006	9.200022856	9.4283572474	9.7798469996	10.4230482134	10.7802290612	11.0465186702	11.686452211	12.0102516147	12.1906313123	12.8612609151	13.3108161476	13.8463676279	14.2906273389	17.0050014344	17.6052596841	19.8378761933	20.9394867783	22.9348269282	23.4154976692	23.7672718425	23.9100122668	24.1428933819	29.6416731063	30.0478569427	30.2106452736	30.7463270851	31.3610299882	32.4552463765	32.985141871	34.1925563476	35.0293948835	35.9895788135
0.1828973	1.5559857942	1.8129773636	2.1832446377	2.9346872273	3.3213582624	3.8529675397	4.7105916128	5.5222872181	6.146033399	6.5698167195	7.1485023387	7.8778984673	8.9597084361	9.2008018124	9.3514882365	9.7847148111	10.4350616228	10.8269039482	11.0051367104	11.6781472849	12.0486320518	12.1952951536	12.8275842925	13.3475086949	13.8253688948	14.37914679	16.9607545173	17.5364993603	19.9097619592	20.9980464081	22.9044940414	23.4175419669	23.7338151986	23.9025104798	24.1308757872	29.6439842493	30.0444676982	30.2114490335	30.7383700077	31.3407918408	32.4597858986	33.0683858823	34.1867903617	35.0391920428	36.0024833533
0.1869404	1.5883381435	1.9039530878	2.2785033082	2.9105678951	3.3406279873	3.9998974329	4.6545895565	5.4655954577	6.1919520748	6.5301915048	7.1129974718	7.9222895352	8.9290795456	9.2085943217	9.2874198296	9.794758105	10.4501154039	10.8628404772	10.97282984	11.6682198566	12.08024915	12.1996586877	12.7966847	13.3812287021	13.807295235	14.4795166307	16.9130566632	17.4580440577	19.9924747604	21.0642003217	22.8677114514	23.4187355197	23.6985145697	23.8884668291	24.1187435323	29.646598064	30.040863203	30.212962504	30.7302471684	31.3151920278	32.4671711681	33.1596812027	34.1808366981	35.0511510001	36.0152229474
0.1909835	1.5905936473	1.9172470905	2.4588662964	2.9053038307	3.3683190943	4.1324402777	4.6218780423	5.3821153879	6.231211827	6.498038183	7.0888240695	7.9628735697	8.8580736081	9.1980607067	9.2727088439	9.8104480165	10.4663854869	10.8679173349	10.9708497441	11.6569954429	12.0992127614	12.2075956938	12.7700299024	13.4100557886	13.7921866467	14.5911426823	16.8635519018	17.3718924681	20.0831536294	21.136307298	22.8247698189	23.4186156214	23.6618232468	23.8681460619	24.1076932472	29.6494162674	30.0371703833	30.2152064478	30.7222759191	31.2853680555	32.4770002223	33.2554760116	34.1753262838	35.0655266182	36.0265831855
0.1929896	1.5986009908	1.9214421926	2.4363560828	2.9137965329	3.3762768501	4.1074363214	4.6353797502	5.4190806395	6.2407118518	6.4953284767	7.0704978878	7.9493791986	8.8663544521	9.15176175	9.2640195931	9.8017024328	10.4731901662	10.8833815081	10.9759247401	11.6794577816	12.1137024626	12.2162740766	12.7905018284	13.4093561358	13.8037387618	14.5572646035	16.8417935923	17.3681712983	20.0619074817	21.1342715911	22.8408017251	23.4282188836	23.6680407386	23.870647256	24.1195304794	29.6519146209	30.0379047634	30.2010622984	30.7226665673	31.3292644961	32.4931079657	33.2359796707	34.1637945313	35.073943456	36.0312281174
0.1949958	1.5929582238	1.9366991103	2.4114332687	2.9268731523	3.3851717501	4.0821329541	4.6485087829	5.455583685	6.248304009	6.4918306675	7.0568575669	7.934905778	8.8696318817	9.1018830027	9.2626147487	9.7918361652	10.4814743313	10.8978010433	10.980920033	11.7015122023	12.1279661061	12.2250054318	12.8135870147	13.4084821387	13.8152472914	14.5228038483	16.819057606	17.3647374595	20.0407284952	21.1320485998	22.8574530576	23.4375128658	23.6748564027	23.871192555	24.1321924175	29.6546837207	30.0385962284	30.1870314304	30.7219793344	31.3748447821	32.509053983	33.2162598364	34.1528715007	35.0825493643	36.0355481995
0.1970019	1.5752716678	1.9600734441	2.3872812629	2.9422530548	3.3951634267	4.0568895656	4.6612222395	5.4911448049	6.2540059923	6.4871626984	7.0484783721	7.9193823894	8.8680285391	9.0507109659	9.2666419296	9.7808129457	10.4910810053	10.9101417882	10.9869075581	11.7227862245	12.1422437021	12.2337748134	12.8390652446	13.4074033998	13.8266317857	14.4878478038	16.7955004041	17.3616498207	20.0196383938	21.1295994478	22.8746920737	23.4465074111	23.6821307661	23.8700812964	24.1454100153	29.6577213854	30.0392254418	30.1731591563	30.7204414179	31.4217663346	32.5247630205	33.1963170174	34.1425622695	35.0912687542	36.0395594963
0.1990081	1.5486965167	1.9862880072	2.3674636584	2.9581205885	3.4063787966	4.0319702682	4.6735802398	5.5252416395	6.2579609046	6.4811186103	7.0456669742	7.9027503137	8.8619894356	8.9993352863	9.2750561087	9.7686923365	10.5018030932	10.9192261832	10.9951316556	11.7429041664	12.1567749653	12.2426056294	12.8666716812	13.4060972784	13.8378139812	14.4524902739	16.7712819666	17.3589549922	19.9986710731	21.1268968213	22.892477035	23.4552153653	23.6896975876	23.8676240473	24.1589277228	29.6610245363	30.0397673237	30.1594927254	30.7182465521	31.4697162486	32.5401636837	33.1761546793	34.1328661012	35.1000286883	36.0432786415
0.2010142	1.5161499727	2.0094088927	2.3560444789	2.9731555905	3.4188690364	4.0075785326	4.6857090962	5.5572903432	6.2604389935	6.4737615882	7.0483836454	7.8849692186	8.8521177504	8.9485020495	9.286946159	9.7555988073	10.5134038255	10.924341111	11.0063888615	11.7615098277	12.1717688505	12.2515570322	12.8961118056	13.404549946	13.8487175589	14.4168319353	16.7465650913	17.3566872554	19.9778719042	21.1239253046	22.9107564357	23.4636487565	23.6973634433	23.8641319933	24.1725191968	29.664588792	30.040187762	30.1460861855	30.7155578195	31.5184076883	32.5551882954	33.1557795577	34.1237772498	35.1087593255	36.0467225065
0.2030204	1.4797505612	2.0240999637	2.356973617	2.9864908349	3.4325680848	3.9838818266	4.6977756733	5.5866279097	6.2618490496	6.4654376282	7.0562307061	7.8660256645	8.8388431034	8.8990398832	9.3014500955	9.7416980681	10.5256337632	10.9257309209	11.0205256222	11.7782918139	12.1873666514	12.260724836	12.9270747108	13.4027575436	13.8592675423	14.3809812057	16.7215148255	17.3548686624	19.9572968169	21.1206814034	22.9294693028	23.4718151246	23.7049055104	23.8599181415	24.1859929865	29.6684080314	30.040437955	30.1330073083	30.7125116019	31.567575435	32.5697726359	33.1352021231	34.1152857676	35.1173943615	36.0499078816
0.2050266	1.4409354475	2.0274798532	2.3721868996	2.9976603815	3.4472638295	3.9610298268	4.7099690133	5.6125037152	6.2627605806	6.4566993406	7.0685083852	7.8459444696	8.8211679039	8.8530816622	9.3177918304	9.7271801217	10.5382438122	10.9242431326	11.0367858799	11.7930083372	12.2035966116	12.2702528129	12.9592432885	13.4007275976	13.8693891186	14.3450557295	16.6962980242	17.3535092795	19.9370112219	21.117173257	22.9485455174	23.4797143287	23.7120676387	23.8553060988	24.1991920246	29.6724739209	30.0404445092	30.1203485612	30.7092216362	31.6169714625	32.5838555623	33.1144372723	34.1073783	35.1258714539	36.0528511753
0.2070327	1.4006870392	2.0203755915	2.4001751475	3.0065505541	3.4625909725	3.9391686181	4.7224864294	5.6340934854	6.2639196107	6.4481742689	7.0843074072	7.8248034418	8.7912366284	8.8194686758	9.33530875	9.7122480595	10.5509944335	10.9207346787	11.0544000843	11.8055067211	12.2203188677	12.2803610881	12.9923006813	13.3984809208	13.8790055549	14.3091848144	16.671083011	17.3526075655	19.9170888208	21.1134200541	22.967906096	23.4873360269	23.7185566034	23.850641173	24.2119901092	29.6767753985	30.0400921008	30.10824539	30.7057827183	31.6663608621	32.5973785019	33.0935053429	34.1000388518	35.1341326149	36.0555681347
0.2090389	1.3597031028	2.0059593423	2.437201239	3.0133528827	3.4780472089	3.9184522262	4.7355221723	5.6505522298	6.266223803	6.4404344429	7.1025990749	7.8027518143	8.7494867644	8.7985977259	9.3534517742	9.6971115114	10.5636616764	10.9158552226	11.0727985324	11.8157329372	12.2371652693	12.2913918538	13.0259328672	13.3960543571	13.8880346648	14.273513395	16.6460392993	17.3521508872	19.8976103422	21.1094511843	22.9874633645	23.494657905	23.7240442624	23.8462960064	24.2242873839	29.6812981025	30.0391947111	30.0969058647	30.7022738998	31.7155181335	32.6102848012	33.0724335697	34.0932495119	35.1421245562	36.0580735932
0.2110450	1.3185047942	1.9875187421	2.4794245848	3.0185221748	3.4930264369	3.8990517028	4.7492574468	5.6611170414	6.2706229487	6.4339152981	7.1222977226	7.7800322519	8.7067706244	8.7803124085	9.3717682374	9.6819837759	10.5760408332	10.9100707727	11.0915853138	11.8237288928	12.2535106135	12.3038378774	13.059827285	13.3935049745	13.8963828772	14.2382085262	16.6213373197	17.3521161789	19.878662232	21.1053051632	23.0071209497	23.5016446734	23.7281872074	23.8426581201	24.2360058633	29.6860237284	30.0374576395	30.0866495349	30.698761169	31.7642237029	32.622518911	33.0512581342	34.0869911257	35.1497989699	36.0603812509
0.2130512	1.2775042492	1.9674912932	2.5237859446	3.0227461952	3.5068596863	3.8811605093	4.7638510276	5.6652483847	6.2779415169	6.4289046789	7.1422903637	7.7570051813	8.6656643143	8.7626120291	9.3898786042	9.6670819153	10.5879485235	10.9037277321	11.1104722681	11.8296188499	12.2685914686	12.318235846	13.0936669739	13.3909167715	13.9039351934	14.2034702189	16.5971480962	17.3524707579	19.8603353169	21.1010283748	23.0267735125	23.5082478526	23.7306783564	23.8400844934	24.2470854391	29.6909292958	30.0344680372	30.0779177957	30.6952996682	31.812260448	32.6340253719	33.0300269942	34.0812439064	35.1571127283	36.0625034955
0.2150573	1.2370488507	1.9474765786	2.5679294702	3.0269289779	3.5188577773	3.8649929549	4.7794300465	5.6627648896	6.288667946	6.4255964606	7.1614425034	7.7341717442	8.626806988	8.7453297761	9.4074529401	9.6526294109	10.5992239394	10.8970992223	11.1292307047	11.8335893127	12.2818614681	12.3348309496	13.1271186845	13.3884118373	13.9105378676	14.1695499341	16.5736428088	17.3531733019	19.8427234556	21.0966736772	23.0463061505	23.514406448	23.7313311822	23.8388222999	24.2574804893	29.6959863035	30.0298275825	30.0711421856	30.6919355154	31.8594099545	32.6447475681	33.0088037244	34.0759879773	35.1640279892	36.0644512667
0.2170635	1.1974521709	1.9284809414	2.6099146448	3.0321754112	3.5283562282	3.8507704368	4.7960807024	5.6539100776	6.3027759561	6.42419604	7.1785973208	7.7121868014	8.590487459	8.7285616535	9.4241891043	9.6388612256	10.6097298702	10.890411655	11.1476625569	11.8358675746	12.293278546	12.3533117527	13.1598115729	13.3861695169	13.9159680525	14.1367827307	16.5509921833	17.3541749951	19.8259221836	21.0922989175	23.0655934059	23.5200487587	23.7301604965	23.8389316976	24.2671570589	29.7011597515	30.0234674497	30.066430494	30.6887072996	31.9054481838	32.6546262278	32.9876726301	34.0712038426	35.1705121975	36.0662339711
0.2190696	1.1590167265	1.9111179533	2.6480270241	3.0397400779	3.534767284	3.838690182	4.8138386681	5.63931774	6.3196000628	6.4250811273	7.1925923589	7.6918454478	8.5568768698	8.7124477945	9.4397928479	9.6260310598	10.6193539775	10.8838582005	11.1655840591	11.8367029394	12.3031492031	12.3729860569	13.1913000552	13.3844598829	13.9198808879	14.1056429395	16.5293656575	17.3554208373	19.8100273571	21.0879653954	23.0844978363	23.5250957683	23.7274007268	23.8402693822	24.2760905344	29.7064070183	30.0157859338	30.0634303441	30.6856473078	31.9501401844	32.6635977092	32.9667453957	34.0668727811	35.1765379746	36.0678594497
0.2210758	1.1220508489	1.8957350636	2.6807742902	3.0508786865	3.5376409228	3.8288767368	4.8326788109	5.6198997352	6.3377202916	6.4290339944	7.2023241982	7.6740181527	8.5260837601	8.697130504	9.4539603934	9.614419548	10.6280105864	10.8776042858	11.1828167312	11.8363525754	12.3118120698	12.3931134267	13.2210009529	13.3837009369	13.9217241368	14.0768337887	16.508930282	17.356851108	19.7951338005	21.0837363172	23.1028681544	23.5294667776	23.7234431622	23.842550839	24.284263721	29.7116765988	30.0073753703	30.0616036081	30.6827825347	31.9932334331	32.6715922777	32.9461694093	34.0629771661	35.1820828963	36.0693339988
0.2230820	1.0868804451	1.882490086	2.7070812528	3.0665603616	3.5367247922	3.8213293442	4.8525034855	5.5967154319	6.354911863	6.4374273061	7.2068871408	7.6595126579	8.4981747328	8.6827461978	9.4663676256	9.6043384963	10.635642955	10.8717883327	11.1991826802	11.8350721218	12.3195002336	12.4130547426	13.2480996053	13.3845440565	13.9206402362	14.0513918699	16.4898493306	17.3584029625	19.7813339599	21.0796752709	23.120537025	23.5330880359	23.7187385025	23.8454441756	24.2916652461	29.7169067515	29.9987430119	30.0605069517	30.680135514	32.0344493848	32.6785329825	32.9261375294	34.0595007092	35.187129163	36.0706624427
0.2250881	1.0538556585	1.8713998772	2.7265760575	3.0871219841	3.5320005696	3.8158911584	4.8731281347	5.5708729399	6.3687585945	6.4517132702	7.2057773456	7.6488746837	8.4731866109	8.6694251874	9.4766789491	9.5961174481	10.642225581	10.8665199432	11.2145026664	11.8331100542	12.3263427982	12.4322792825	13.2714713723	13.3879400668	13.9155159839	14.0306472717	16.4722806127	17.3600121348	19.7687165727	21.0758447527	23.1373187563	23.5359048672	23.7137188801	23.8486406978	24.2982882234	29.7220241732	29.9902521737	30.0598520788	30.677725003	32.0734728938	32.6843365977	32.9068981067	34.056428636	35.1916631731	36.071848255
0.2270943	1.0233521415	1.8623751975	2.7397212684	3.1120922737	3.5236782835	3.8122628712	4.8942623562	5.5434814656	6.378279899	6.4718464993	7.1990897597	7.6422032761	8.4511359554	8.6572928484	9.4846017271	9.5900461614	10.6477656558	10.8618774126	11.228596192	11.8307044005	12.332399323	12.4503370514	13.2898425432	13.3949604042	13.9055576145	14.0156629329	16.456374507	17.361614708	19.7573653606	21.0723047703	23.1530073637	23.5378968407	23.7087553848	23.8518862113	24.3041291313	29.7269429443	29.9821639007	30.059465183	30.6755665471	32.1099395134	32.6889197031	32.8887621397	34.0537477956	35.1956750156	36.0728937204
0.2291004	0.995766621	1.8552494692	2.7476272553	3.1403338732	3.5121566563	3.8100587676	4.9154843591	5.5156504295	6.3843472138	6.4958695603	7.1876005327	7.639090599	8.4320271129	8.6464701929	9.4900071835	9.5862517454	10.6523024691	10.8579063547	11.2412833154	11.8280804362	12.3376884954	12.4668363066	13.3025115625	13.4060509829	13.8912658206	14.0062799153	16.4422717578	17.3631489083	19.7473577636	21.069111543	23.167375842	23.5390937079	23.7041405916	23.8549850405	24.3091868684	29.731564163	29.9746823278	30.0592420148	30.6736729416	32.1434215419	32.6922153175	32.8721012316	34.0514467152	35.1991579037	36.073800128
0.2311066	0.9715066275	1.8498052898	2.7516744079	3.1703614835	3.4979875041	3.8088781961	4.936207822	5.4885217005	6.3882480008	6.5213182263	7.1726890702	7.6387320664	8.4158587065	8.6370731655	9.4930719066	9.5845560446	10.6559036186	10.8546209555	11.2523880984	11.8254482469	12.3422066892	12.4814315871	13.3100993097	13.420249713	13.8744865743	14.0010929003	16.4301011065	17.3645568733	19.7387637321	21.0663163169	23.1801779258	23.5395874965	23.7000840491	23.8577921596	24.3134619618	29.735776909	29.967982894	30.0591187639	30.6720546098	32.1734155108	32.6942070304	32.8573266672	34.0495156074	35.2021075756	36.0745679858
0.2331127	0.9509746575	1.8458002443	2.7531882982	3.200567166	3.4818963913	3.8083628603	4.9556449268	5.4633181777	6.3908470921	6.5460165097	7.1561614441	7.6401384295	8.402628254	8.6292104968	9.4943043883	9.5844486236	10.6586574473	10.8520087112	11.2617436197	11.8229994222	12.3459393474	12.493819836	13.3141363002	13.4355634499	13.8574061452	13.9984838569	16.4199768537	17.3657863385	19.731644602	21.0639643101	23.1911540324	23.5395346236	23.6967159975	23.8602026463	24.3169559081	29.7394613707	29.962225923	30.0590554075	30.670719908	32.1993370448	32.6949830429	32.8448412242	34.047946342	35.2045216911	36.0751972422
0.2351189	0.9345476859	1.8429921408	2.7532725886	3.2291994254	3.4649204777	3.808226816	4.9727820653	5.4413837107	6.3926069569	6.5680296073	7.1400644715	7.6423390304	8.3923347431	8.6229802649	9.4943890363	9.585242732	10.6606620998	10.8500384845	11.2691983533	11.8209025709	12.3488680129	12.5037418433	13.3160814164	13.4499229044	13.841908818	13.9972824715	16.41199647	17.3667921875	19.726052077	21.0620937991	23.2000431273	23.5391428093	23.6940990373	23.8621422295	24.3196706352	29.7424949766	29.9575598493	30.0590264052	30.6696753682	32.2205334519	32.6947939253	32.8349695112	34.0467323941	35.2063992539	36.0756875033
0.2371250	0.9225538	1.8411628734	2.7527627512	3.2540477329	3.4487454615	3.808262691	4.9864089819	5.4241689763	6.3937593938	6.5855315688	7.1265062157	7.6445149982	8.384979296	8.618465579	9.4939723773	9.58628937	10.6620125974	10.8486706948	11.2746234465	11.8192978172	12.3509747709	12.5109868182	13.3169223633	13.4615948146	13.8295329784	13.9967887111	16.4062383882	17.3675378101	19.7220273481	21.0607353592	23.2066014389	23.5386416203	23.6922470133	23.8635599387	24.3216080737	29.744761938	29.9541169637	30.0590154553	30.6689258865	32.2363275798	32.6940680451	32.8278993062	34.0458687808	35.2077400903	36.0760382306
0.2391312	0.9152486367	1.840139539	2.7522339262	3.271892159	3.4362390289	3.8083344796	4.9952663315	5.413096226	6.394417371	6.5968625434	7.1174190617	7.6460635351	8.3805643994	8.6157300221	9.4935347771	9.5871059749	10.662787946	10.847867824	11.2779201127	11.8182908918	12.3522450922	12.5153982776	13.3172339906	13.4692181765	13.8215232639	13.9966177089	16.4027601092	17.3679962184	19.719600374	21.0599112638	23.2106268245	23.5382413465	23.6911476528	23.8644228191	24.3227698305	29.746165547	29.9520041361	30.0590125113	30.6684748638	32.2461021089	32.693330744	32.8236786102	34.0453519979	35.2085444113	36.0762489102
0.2411374	0.912794947	1.839811172	2.7520210298	3.2785966123	3.4313357468	3.8083664641	4.9983491728	5.4092646401	6.3946318454	6.6007936039	7.1142148195	7.6466202228	8.3790924434	8.6148136129	9.4933583214	9.5874089458	10.6630403224	10.8476033753	11.2790260952	11.8179477683	12.3526696085	12.5168796537	13.3173081985	13.4718707905	13.818747073	13.996579721	16.4015967466	17.3681508777	19.7187893488	21.0596350513	23.211984449	23.5380901135	23.6907836999	23.8647124237	24.3231569606	29.7466410342	29.9512916588	30.0590121081	30.6683243024	32.2494143458	32.6930265789	32.8222790085	34.0451799665	35.2088124811	36.07631918
0.2431435	0.9152486367	1.840139539	2.7522339262	3.271892159	3.4362390289	3.8083344796	4.9952663315	5.413096226	6.394417371	6.5968625434	7.1174190617	7.6460635351	8.3805643994	8.6157300221	9.4935347771	9.5871059749	10.662787946	10.847867824	11.2779201127	11.8182908918	12.3522450922	12.5153982776	13.3172339906	13.4692181765	13.8215232639	13.9966177089	16.4027601092	17.3679962184	19.719600374	21.0599112638	23.2106268245	23.5382413465	23.6911476528	23.8644228191	24.3227698305	29.746165547	29.9520041361	30.0590125113	30.6684748638	32.2461021089	32.693330744	32.8236786102	34.0453519979	35.2085444113	36.0762489102
0.2451497	0.9225538	1.8411628734	2.7527627512	3.2540477329	3.4487454615	3.808262691	4.9864089819	5.4241689763	6.3937593938	6.5855315688	7.1265062157	7.6445149982	8.384979296	8.618465579	9.4939723773	9.58628937	10.6620125974	10.8486706948	11.2746234465	11.8192978172	12.3509747709	12.5109868182	13.3169223633	13.4615948146	13.8295329784	13.9967887111	16.4062383882	17.3675378101	19.7220273481	21.0607353592	23.2066014389	23.5386416203	23.6922470133	23.8635599387	24.3216080737	29.744761938	29.9541169637	30.0590154553	30.6689258865	32.2363275798	32.6940680451	32.8278993062	34.0458687808	35.2077400903	36.0760382306
0.2471558	0.9345476859	1.8429921408	2.7532725886	3.2291994254	3.4649204777	3.808226816	4.9727820653	5.4413837107	6.3926069569	6.5680296073	7.1400644715	7.6423390304	8.3923347431	8.6229802649	9.4943890363	9.585242732	10.6606620998	10.8500384845	11.2691983533	11.8209025709	12.3488680129	12.5037418433	13.3160814164	13.4499229044	13.841908818	13.9972824715	16.41199647	17.3667921875	19.726052077	21.0620937991	23.2000431273	23.5391428093	23.6940990373	23.8621422295	24.3196706352	29.7424949766	29.9575598493	30.0590264052	30.6696753682	32.2205334519	32.6947939253	32.8349695112	34.0467323941	35.2063992539	36.0756875033
0.2491620	0.9509746575	1.8458002443	2.7531882982	3.200567166	3.4818963913	3.8083628603	4.9556449268	5.4633181777	6.3908470921	6.5460165097	7.1561614441	7.6401384295	8.402628254	8.6292104968	9.4943043883	9.5844486236	10.6586574473	10.8520087112	11.2617436197	11.8229994222	12.3459393474	12.493819836	13.3141363002	13.4355634499	13.8574061452	13.9984838569	16.4199768537	17.3657863385	19.731644602	21.0639643101	23.1911540324	23.5395346236	23.6967159975	23.8602026463	24.3169559081	29.7394613707	29.962225923	30.0590554075	30.670719908	32.1993370448	32.6949830429	32.8448412242	34.047946342	35.2045216911	36.0751972422
0.2511681	0.9715066275	1.8498052898	2.7516744079	3.1703614835	3.4979875041	3.8088781961	4.936207822	5.4885217005	6.3882480008	6.5213182263	7.1726890702	7.6387320664	8.4158587065	8.6370731655	9.4930719066	9.5845560446	10.6559036186	10.8546209555	11.2523880984	11.8254482469	12.3422066892	12.4814315871	13.3100993097	13.420249713	13.8744865743	14.0010929003	16.4301011065	17.3645568733	19.7387637321	21.0663163169	23.1801779258	23.5395874965	23.7000840491	23.8577921596	24.3134619618	29.735776909	29.967982894	30.0591187639	30.6720546098	32.1734155108	32.6942070304	32.8573266672	34.0495156074	35.2021075756	36.0745679858
0.2531743	0.995766621	1.8552494692	2.7476272553	3.1403338732	3.5121566563	3.8100587676	4.9154843591	5.5156504295	6.3843472138	6.4958695603	7.1876005327	7.639090599	8.4320271129	8.6464701929	9.4900071835	9.5862517454	10.6523024691	10.8579063547	11.2412833154	11.8280804362	12.3376884954	12.4668363066	13.3025115625	13.4060509829	13.8912658206	14.0062799153	16.4422717578	17.3631489083	19.7473577636	21.069111543	23.167375842	23.5390937079	23.7041405916	23.8549850405	24.3091868684	29.731564163	29.9746823278	30.0592420148	30.6736729416	32.1434215419	32.6922153175	32.8721012316	34.0514467152	35.1991579037	36.073800128
0.2551804	1.0233521415	1.8623751975	2.7397212684	3.1120922737	3.5236782835	3.8122628712	4.8942623562	5.5434814656	6.378279899	6.4718464993	7.1990897597	7.6422032761	8.4511359554	8.6572928484	9.4846017271	9.5900461614	10.6477656558	10.8618774126	11.228596192	11.8307044005	12.332399323	12.4503370514	13.2898425432	13.3949604042	13.9055576145	14.0156629329	16.456374507	17.361614708	19.7573653606	21.0723047703	23.1530073637	23.5378968407	23.7087553848	23.8518862113	24.3041291313	29.7269429443	29.9821639007	30.059465183	30.6755665471	32.1099395134	32.6889197031	32.8887621397	34.0537477956	35.1956750156	36.0728937204
0.2571866	1.0538556585	1.8713998772	2.7265760575	3.0871219841	3.5320005696	3.8158911584	4.8731281347	5.5708729399	6.3687585945	6.4517132702	7.2057773456	7.6488746837	8.4731866109	8.6694251874	9.4766789491	9.5961174481	10.642225581	10.8665199432	11.2145026664	11.8331100542	12.3263427982	12.4322792825	13.2714713723	13.3879400668	13.9155159839	14.0306472717	16.4722806127	17.3600121348	19.7687165727	21.0758447527	23.1373187563	23.5359048672	23.7137188801	23.8486406978	24.2982882234	29.7220241732	29.9902521737	30.0598520788	30.677725003	32.0734728938	32.6843365977	32.9068981067	34.056428636	35.1916631731	36.071848255
0.2591928	1.0868804451	1.882490086	2.7070812528	3.0665603616	3.5367247922	3.8213293442	4.8525034855	5.5967154319	6.354911863	6.4374273061	7.2068871408	7.6595126579	8.4981747328	8.6827461978	9.4663676256	9.6043384963	10.635642955	10.8717883327	11.1991826802	11.8350721218	12.3195002336	12.4130547426	13.2480996053	13.3845440565	13.9206402362	14.0513918699	16.4898493306	17.3584029625	19.7813339599	21.0796752709	23.120537025	23.5330880359	23.7187385025	23.8454441756	24.2916652461	29.7169067515	29.9987430119	30.0605069517	30.680135514	32.0344493848	32.6785329825	32.9261375294	34.0595007092	35.187129163	36.0706624427
0.2611989	1.1220508489	1.8957350636	2.6807742902	3.0508786865	3.5376409228	3.8288767368	4.8326788109	5.6198997352	6.3377202916	6.4290339944	7.2023241982	7.6740181527	8.5260837601	8.697130504	9.4539603934	9.614419548	10.6280105864	10.8776042858	11.1828167312	11.8363525754	12.3118120698	12.3931134267	13.2210009529	13.3837009369	13.9217241368	14.0768337887	16.508930282	17.356851108	19.7951338005	21.0837363172	23.1028681544	23.5294667776	23.7234431622	23.842550839	24.284263721	29.7116765988	30.0073753703	30.0616036081	30.6827825347	31.9932334331	32.6715922777	32.9461694093	34.0629771661	35.1820828963	36.0693339988
0.2632051	1.1590167265	1.9111179533	2.6480270241	3.0397400779	3.534767284	3.838690182	4.8138386681	5.63931774	6.3196000628	6.4250811273	7.1925923589	7.6918454478	8.5568768698	8.7124477945	9.4397928479	9.6260310598	10.6193539775	10.8838582005	11.1655840591	11.8367029394	12.3031492031	12.3729860569	13.1913000552	13.3844598829	13.9198808879	14.1056429395	16.5293656575	17.3554208373	19.8100273571	21.0879653954	23.0844978363	23.5250957683	23.7274007268	23.8402693822	24.2760905344	29.7064070183	30.0157859338	30.0634303441	30.6856473078	31.9501401844	32.6635977092	32.9667453957	34.0668727811	35.1765379746	36.0678594497
0.2652112	1.1974521709	1.9284809414	2.6099146448	3.0321754112	3.5283562282	3.8507704368	4.7960807024	5.6539100776	6.3027759561	6.42419604	7.1785973208	7.7121868014	8.590487459	8.7285616535	9.4241891043	9.6388612256	10.6097298702	10.890411655	11.1476625569	11.8358675746	12.293278546	12.3533117527	13.1598115729	13.3861695169	13.9159680525	14.1367827307	16.5509921833	17.3541749951	19.8259221836	21.0922989175	23.0655934059	23.5200487587	23.7301604965	23.8389316976	24.2671570589	29.7011597515	30.0234674497	30.066430494	30.6887072996	31.9054481838	32.6546262278	32.9876726301	34.0712038426	35.1705121975	36.0662339711
0.2672174	1.2370488507	1.9474765786	2.5679294702	3.0269289779	3.5188577773	3.8649929549	4.7794300465	5.6627648896	6.288667946	6.4255964606	7.1614425034	7.7341717442	8.626806988	8.7453297761	9.4074529401	9.6526294109	10.5992239394	10.8970992223	11.1292307047	11.8335893127	12.2818614681	12.3348309496	13.1271186845	13.3884118373	13.9105378676	14.1695499341	16.5736428088	17.3531733019	19.8427234556	21.0966736772	23.0463061505	23.514406448	23.7313311822	23.8388222999	24.2574804893	29.6959863035	30.0298275825	30.0711421856	30.6919355154	31.8594099545	32.6447475681	33.0088037244	34.0759879773	35.1640279892	36.0644512667
0.2692235	1.2775042492	1.9674912932	2.5237859446	3.0227461952	3.5068596863	3.8811605093	4.7638510276	5.6652483847	6.2779415169	6.4289046789	7.1422903637	7.7570051813	8.6656643143	8.7626120291	9.3898786042	9.6670819153	10.5879485235	10.9037277321	11.1104722681	11.8296188499	12.2685914686	12.318235846	13.0936669739	13.3909167715	13.9039351934	14.2034702189	16.5971480962	17.3524707579	19.8603353169	21.1010283748	23.0267735125	23.5082478526	23.7306783564	23.8400844934	24.2470854391	29.6909292958	30.0344680372	30.0779177957	30.6952996682	31.812260448	32.6340253719	33.0300269942	34.0812439064	35.1571127283	36.0625034955
0.2712297	1.3185047942	1.9875187421	2.4794245848	3.0185221748	3.4930264369	3.8990517028	4.7492574468	5.6611170414	6.2706229487	6.4339152981	7.1222977226	7.7800322519	8.7067706244	8.7803124085	9.3717682374	9.6819837759	10.5760408332	10.9100707727	11.0915853138	11.8237288928	12.2535106135	12.3038378774	13.059827285	13.3935049745	13.8963828772	14.2382085262	16.6213373197	17.3521161789	19.878662232	21.1053051632	23.0071209497	23.5016446734	23.7281872074	23.8426581201	24.2360058633	29.6860237284	30.0374576395	30.0866495349	30.698761169	31.7642237029	32.622518911	33.0512581342	34.0869911257	35.1497989699	36.0603812509
0.2732358	1.3597031028	2.0059593423	2.437201239	3.0133528827	3.4780472089	3.9184522262	4.7355221723	5.6505522298	6.266223803	6.4404344429	7.1025990749	7.8027518143	8.7494867644	8.7985977259	9.3534517742	9.6971115114	10.5636616764	10.9158552226	11.0727985324	11.8157329372	12.2371652693	12.2913918538	13.0259328672	13.3960543571	13.8880346648	14.273513395	16.6460392993	17.3521508872	19.8976103422	21.1094511843	22.9874633645	23.494657905	23.7240442624	23.8462960064	24.2242873839	29.6812981025	30.0391947111	30.0969058647	30.7022738998	31.7155181335	32.6102848012	33.0724335697	34.0932495119	35.1421245562	36.0580735932
0.2752420	1.4006870392	2.0203755915	2.4001751475	3.0065505541	3.4625909725	3.9391686181	4.7224864294	5.6340934854	6.2639196107	6.4481742689	7.0843074072	7.8248034418	8.7912366284	8.8194686758	9.33530875	9.7122480595	10.5509944335	10.9207346787	11.0544000843	11.8055067211	12.2203188677	12.2803610881	12.9923006813	13.3984809208	13.8790055549	14.3091848144	16.671083011	17.3526075655	19.9170888208	21.1134200541	22.967906096	23.4873360269	23.7185566034	23.850641173	24.2119901092	29.6767753985	30.0400921008	30.10824539	30.7057827183	31.6663608621	32.5973785019	33.0935053429	34.1000388518	35.1341326149	36.0555681347
0.2772482	1.4409354475	2.0274798532	2.3721868996	2.9976603815	3.4472638295	3.9610298268	4.7099690133	5.6125037152	6.2627605806	6.4566993406	7.0685083852	7.8459444696	8.8211679039	8.8530816622	9.3177918304	9.7271801217	10.5382438122	10.9242431326	11.0367858799	11.7930083372	12.2035966116	12.2702528129	12.9592432885	13.4007275976	13.8693891186	14.3450557295	16.6962980242	17.3535092795	19.9370112219	21.117173257	22.9485455174	23.4797143287	23.7120676387	23.8553060988	24.1991920246	29.6724739209	30.0404445092	30.1203485612	30.7092216362	31.6169714625	32.5838555623	33.1144372723	34.1073783	35.1258714539	36.0528511753
0.2792543	1.4797505612	2.0240999637	2.356973617	2.9864908349	3.4325680848	3.9838818266	4.6977756733	5.5866279097	6.2618490496	6.4654376282	7.0562307061	7.8660256645	8.8388431034	8.8990398832	9.3014500955	9.7416980681	10.5256337632	10.9257309209	11.0205256222	11.7782918139	12.1873666514	12.260724836	12.9270747108	13.4027575436	13.8592675423	14.3809812057	16.7215148255	17.3548686624	19.9572968169	21.1206814034	22.9294693028	23.4718151246	23.7049055104	23.8599181415	24.1859929865	29.6684080314	30.040437955	30.1330073083	30.7125116019	31.567575435	32.5697726359	33.1352021231	34.1152857676	35.1173943615	36.0499078816
0.2812605	1.5161499727	2.0094088927	2.3560444789	2.9731555905	3.4188690364	4.0075785326	4.6857090962	5.5572903432	6.2604389935	6.4737615882	7.0483836454	7.8849692186	8.8521177504	8.9485020495	9.286946159	9.7555988073	10.5134038255	10.924341111	11.0063888615	11.7615098277	12.1717688505	12.2515570322	12.8961118056	13.404549946	13.8487175589	14.4168319353	16.7465650913	17.3566872554	19.9778719042	21.1239253046	22.9107564357	23.4636487565	23.6973634433	23.8641319933	24.1725191968	29.664588792	30.040187762	30.1460861855	30.7155578195	31.5184076883	32.5551882954	33.1557795577	34.1237772498	35.1087593255	36.0467225065
0.2832666	1.5486965167	1.9862880072	2.3674636584	2.9581205885	3.4063787966	4.0319702682	4.6735802398	5.5252416395	6.2579609046	6.4811186103	7.0456669742	7.9027503137	8.8619894356	8.9993352863	9.2750561087	9.7686923365	10.5018030932	10.9192261832	10.9951316556	11.7429041664	12.1567749653	12.2426056294	12.8666716812	13.4060972784	13.8378139812	14.4524902739	16.7712819666	17.3589549922	19.9986710731	21.1268968213	22.892477035	23.4552153653	23.6896975876	23.8676240473	24.1589277228	29.6610245363	30.0397673237	30.1594927254	30.7182465521	31.4697162486	32.5401636837	33.1761546793	34.1328661012	35.1000286883	36.0432786415
0.2852728	1.5752716678	1.9600734441	2.3872812629	2.9422530548	3.3951634267	4.0568895656	4.6612222395	5.4911448049	6.2540059923	6.4871626984	7.0484783721	7.9193823894	8.8680285391	9.0507109659	9.2666419296	9.7808129457	10.4910810053	10.9101417882	10.9869075581	11.7227862245	12.1422437021	12.2337748134	12.8390652446	13.4074033998	13.8266317857	14.4878478038	16.7955004041	17.3616498207	20.0196383938	21.1295994478	22.8746920737	23.4465074111	23.6821307661	23.8700812964	24.1454100153	29.6577213854	30.0392254418	30.1731591563	30.7204414179	31.4217663346	32.5247630205	33.1963170174	34.1425622695	35.0912687542	36.0395594963
0.2872789	1.5929582238	1.9366991103	2.4114332687	2.9268731523	3.3851717501	4.0821329541	4.6485087829	5.455583685	6.248304009	6.4918306675	7.0568575669	7.934905778	8.8696318817	9.1018830027	9.2626147487	9.7918361652	10.4814743313	10.8978010433	10.980920033	11.7015122023	12.1279661061	12.2250054318	12.8135870147	13.4084821387	13.8152472914	14.5228038483	16.819057606	17.3647374595	20.0407284952	21.1320485998	22.8574530576	23.4375128658	23.6748564027	23.871192555	24.1321924175	29.6546837207	30.0385962284	30.1870314304	30.7219793344	31.3748447821	32.509053983	33.2162598364	34.1528715007	35.0825493643	36.0355481995
0.2892851	1.5986009908	1.9214421926	2.4363560828	2.9137965329	3.3762768501	4.1074363214	4.6353797502	5.4190806395	6.2407118518	6.4953284767	7.0704978878	7.9493791986	8.8663544521	9.15176175	9.2640195931	9.8017024328	10.4731901662	10.8833815081	10.9759247401	11.6794577816	12.1137024626	12.2162740766	12.7905018284	13.4093561358	13.8037387618	14.5572646035	16.8417935923	17.3681712983	20.0619074817	21.1342715911	22.8408017251	23.4282188836	23.6680407386	23.870647256	24.1195304794	29.6519146209	30.0379047634	30.2010622984	30.7226665673	31.3292644961	32.4931079657	33.2359796707	34.1637945313	35.073943456	36.0312281174
0.2912913	1.5905936473	1.9172470905	2.4588662964	2.9053038307	3.3683190943	4.1324402777	4.6218780423	5.3821153879	6.231211827	6.498038183	7.0888240695	7.9628735697	8.8580736081	9.1980607067	9.2727088439	9.8104480165	10.4663854869	10.8679173349	10.9708497441	11.6569954429	12.0992127614	12.2075956938	12.7700299024	13.4100557886	13.7921866467	14.5911426823	16.8635519018	17.3718924681	20.0831536294	21.136307298	22.8247698189	23.4186156214	23.6618232468	23.8681460619	24.1076932472	29.6494162674	30.0371703833	30.2152064478	30.7222759191	31.2853680555	32.4770002223	33.2554760116	34.1753262838	35.0655266182	36.0265831855
0.2931475	1.5769375773	1.9237885573	2.5187392252	2.9190647347	3.3786777806	4.1809029632	4.6143283302	5.3355476181	6.2347201011	6.4908270069	7.0922305197	7.9799960189	8.8185512246	9.201126468	9.2879150302	9.8202230782	10.4703184091	10.8561838358	10.9765114444	11.6451077812	12.0964251386	12.2095059358	12.7558188776	13.4192080399	13.783507597	14.6447475813	16.8526568569	17.3409917246	20.1241240154	21.1638875746	22.8026478074	23.4149045676	23.6466385737	23.8579293709	24.1005801336	29.6496612436	30.0356071278	30.2210302278	30.7190369503	31.2598763711	32.4755406533	33.29636199	34.1777262522	35.06853193	36.0283875257
0.2950037	1.5571597096	1.9351716188	2.5569264197	2.9552950432	3.3916158063	4.2226167523	4.6140948981	5.2876059968	6.2319378284	6.4855447764	7.1000364273	7.9955668767	8.7724585989	9.2024836224	9.3090486272	9.8308262184	10.4746864399	10.8427698018	10.9837711959	11.6332115211	12.0905405479	12.2130051229	12.7434477902	13.427695232	13.7750391789	14.6997872445	16.8409310226	17.3091069273	20.1659729075	21.1923778243	22.77955422	23.411053636	23.6315159722	23.8462040147	24.0942511291	29.6499535747	30.0340528432	30.2269943472	30.715542771	31.2350413597	32.4744837981	33.3369809031	34.1804715191	35.0721287298	36.0297414247
0.2968599	1.5342297666	1.9496369554	2.571942998	3.0142247513	3.4070796955	4.2558254772	4.6221701394	5.2396522461	6.2227599743	6.4818970073	7.1122614153	8.009517237	8.7211712535	9.2039894897	9.3326950552	9.842437693	10.4793805164	10.8292606296	10.9910691894	11.6213958197	12.0818473026	12.2179419797	12.7327450361	13.4355312363	13.766814859	14.7561245854	16.8284338787	17.2763669813	20.2084858605	21.2216426575	22.7555367504	23.4070378355	23.616540135	23.8330901452	24.0887222372	29.6502864372	30.0325175312	30.2330954497	30.7118047485	31.210928117	32.4737926466	33.3770803535	34.1836233709	35.0763477325	36.0305680102
0.2987161	1.510686932	1.9651853719	2.5699274742	3.0890844925	3.4250624255	4.2795856993	4.6383255589	5.1933210957	6.2078043284	6.479226254	7.1287282972	8.0217550477	8.6658699124	9.2061647239	9.3569844218	9.8552577294	10.4842984087	10.8165048387	10.9975772407	11.6097219723	12.0708405705	12.2240273861	12.7234985516	13.4427399257	13.7588661165	14.8136167049	16.8152142822	17.2429003701	20.251452289	21.2515491499	22.7306458508	23.4028347804	23.6017948737	23.8187483885	24.0839725548	29.6506530943	30.0310106054	30.2393288488	30.7078344098	31.1875935396	32.473429356	33.4164086327	34.1872432165	35.0812161818	36.0307985459
0.3005723	1.4884342353	1.9800595121	2.5582245431	3.1721651489	3.4456625552	4.2943788394	4.6602106316	5.1508346839	6.1880657814	6.4768294113	7.1490634523	8.0321517488	8.6075358863	9.2090424143	9.3807796577	9.8694931248	10.4893480467	10.8049565146	11.0028572944	11.5982198391	12.0580827098	12.2309561527	12.715473565	13.4493524072	13.7512217137	14.8721159538	16.8013064061	17.208840039	20.2946642881	21.2819673922	22.7049355566	23.3984259989	23.5873614434	23.80336941	24.0799541511	29.6510469638	30.0295407859	30.2456881692	30.7036433841	31.1650879612	32.4733559645	33.4547160891	34.1913904589	35.0867566863	36.0303739439
0.3024285	1.4688182975	1.9928066435	2.542068946	3.257832088	3.4692208105	4.3019050987	4.6831458014	5.1154320824	6.1646041698	6.47421979	7.172726258	8.0405209931	8.5470206703	9.2125407728	9.4032841892	9.8853358536	10.494450763	10.7948527772	11.0066852417	11.5868847788	12.0441235417	12.2384686931	12.7084297519	13.4554046821	13.7439070877	14.9314707943	16.7867248092	17.1743294369	20.3379153225	21.3127708505	22.6784644754	23.3937985761	23.5733164155	23.7871630165	24.0766025147	29.6514616765	30.0281160134	30.2521649373	30.6992434915	31.1434565335	32.4735349475	33.4917578899	34.1961195157	35.0929858257	36.0292462723
0.3042847	1.4527590032	2.0022504656	2.5247475886	3.3418600541	3.4966990448	4.3042670518	4.7006970209	5.0916196157	6.1383839883	6.4712269062	7.199054706	8.0465813852	8.4851446567	9.2165759811	9.4239050427	9.9029351247	10.4995442172	10.7862945382	11.0089715182	11.5756762981	12.029471039	12.246363467	12.7021360145	13.4609356236	13.7369438981	14.9915263905	16.7714584571	17.139529876	20.3809988449	21.3438365138	22.6512969536	23.3889471195	23.5597291702	23.7703487742	24.0738455377	29.6518911233	30.0267433856	30.2587481133	30.6946470085	31.1227403426	32.4739296552	33.5272982394	34.2014758978	35.0999124733	36.0273802713
0.3061409	1.4408508891	2.0074937307	2.5083156994	3.4195272918	3.530744569	4.303314106	4.7063395316	5.0841646572	6.1102385684	6.4679764114	7.2273095205	8.0498872051	8.4228238733	9.2210870438	9.442213394	9.9223675211	10.5045845958	10.7792829501	11.0097258553	11.5645197409	12.0145849906	12.2544880599	12.6963819244	13.4659852085	13.7303497586	15.052124856	16.755463621	17.1046292878	20.4237068954	21.37504479	22.6235044459	23.3838759395	23.5466591934	23.7531490104	24.071610098	29.6523294923	30.025429117	30.2654235606	30.6898671453	31.1029772527	32.4745046585	33.5611160033	34.2074913675	35.1075357985	36.0247548882
0.3079971	1.4334296436	2.00796845	2.4940171387	3.4837772569	3.5769722907	4.3004239482	4.6967199888	5.0950494145	6.0808935384	6.4648265346	7.2567018647	8.0496969906	8.3612544243	9.2260345487	9.4579363469	9.9436123888	10.5095476201	10.7737364501	11.0090411663	11.553312177	11.9998764653	12.2627257647	12.6909856508	13.4705929717	13.7241381608	15.1131050712	16.7386559032	17.0698521727	20.4658287383	21.4062790896	22.5951671314	23.3786012132	23.5341535083	23.7357841302	24.0698262103	29.6527712947	30.0241785222	30.2721734473	30.684918757	31.0842024742	32.4752260242	33.5930114901	34.2141783943	35.115842931	36.0213648372
0.3098533	1.4306146629	2.0034998637	2.4824668687	3.5312364173	3.6376421285	4.2965370424	4.6735954203	5.1214920861	6.0510068211	6.4623074412	7.2863952596	8.0447387232	8.3022018389	9.2313929924	9.4709514205	9.9665394944	10.5144279981	10.7694997124	11.0070852299	11.5419331255	11.9857062287	12.2709839156	12.6857987246	13.4747966753	13.718318588	15.1743019587	16.7209023563	17.035469864	20.5071495982	21.4374250041	22.5663758446	23.3731527716	23.5222447193	23.7184696533	24.0684292097	29.6532113813	30.0229960235	30.2789755777	30.6798193041	31.0664488597	32.4760615293	33.6228138663	34.2215243823	35.124806301	36.017222183
0.3117095	1.4323385027	1.9943295453	2.4737536169	3.5688261621	3.7048806796	4.2922457863	4.6415490951	5.1581360222	6.0212069443	6.4610783901	7.3154755961	8.0329110177	8.2483652255	9.2371425325	9.4812720733	9.9909123324	10.5192372262	10.7663499935	11.0040947103	11.5302598773	11.9723805232	12.2791852059	12.6807082445	13.4786312041	13.7128968008	15.2355450456	16.702016035	17.0018089192	20.5474495695	21.4683689369	22.5372344216	23.3675750775	23.5109502497	23.7014142061	24.0673605733	29.6536449505	30.0218851805	30.2858026526	30.6745900577	31.049746945	32.4769808255	33.6503883756	34.2294864241	35.13438072	36.0123579303
0.3135657	1.438370441	1.9810606425	2.4675610616	3.6028284578	3.7715211121	4.2878464005	4.6050254564	5.1999595307	5.992123366	6.4619004708	7.3428820646	8.0114689614	8.2032803916	9.2432616831	9.4890229182	10.0164050263	10.5240000043	10.7640040703	11.0003683021	11.5181861226	11.9601449269	12.2872615729	12.675637169	13.4821277018	13.7078752602	15.296656063	16.681757449	16.9692534193	20.586502793	21.4989959881	22.5078626082	23.3619269933	23.5002733271	23.6848177496	24.0665679198	29.6540675493	30.0208487397	30.2926214687	30.6692575184	31.034124769	32.4779555591	33.6756422984	34.2379875371	35.1445003203	36.006823586
0.3154219	1.4483380232	1.9645361905	2.4633265803	3.6356814296	3.8342561337	4.2833184269	4.5674802726	5.2431484837	5.9644051085	6.4656157284	7.3672882911	7.979019959	8.1694527768	9.2497211569	9.4944093644	10.0426266462	10.5287497866	10.7621285069	10.9962562081	11.5056416243	11.9491781034	12.2951499305	12.6705432547	13.4853129663	13.7032536497	15.3574451892	16.6598497105	16.9382347739	20.6240770125	21.5291868098	22.4783997347	23.3562801066	23.4902060834	23.6688694843	24.0660045886	29.6544750682	30.0198887013	30.2993920729	30.6638549883	31.0196075266	32.4789594534	33.6985285416	34.2469153498	35.1550755456	36.000692621
0.3172781	1.4617480991	1.9456986722	2.4604036213	3.6681761715	3.8914274499	4.2782156688	4.5317366609	5.2848597317	5.938721515	6.473121114	7.3869266013	7.9382608605	8.1458002775	9.2564786957	9.4976881179	10.069145955	10.5335240328	10.7603564848	10.9921426843	11.4926101822	11.9395876838	12.3027891414	12.6654170692	13.4882091105	13.6990294489	15.417705321	16.636014612	16.9092024178	20.6599336444	21.5588130554	22.4490094398	23.3507156525	23.4807347768	23.65374509	24.0656290612	29.6548637337	30.0190064002	30.3060669109	30.6584241906	31.0062171277	32.4799683582	33.7190459846	34.2561239406	35.1659904612	35.9940617208
0.3191343	1.4780074928	1.9254766744	2.4581886831	3.7005237427	3.9419933693	4.2715002439	4.5004924203	5.3228985419	5.9157345003	6.485325792	7.3993915367	7.8950811841	8.1287479771	9.2634746577	9.4991433659	10.0955116441	10.5383594519	10.7583148437	10.9884181347	11.4791433776	11.93141028	12.3101178114	12.6602793619	13.4908334875	13.6951985176	15.4772033842	16.6100319758	16.8825740537	20.6938285125	21.5877309361	22.4198858131	23.3453203647	23.4718466804	23.6396032426	24.0654043796	29.6552300976	30.0182025961	30.3125900343	30.6530167906	30.993971754	32.4809602693	33.737236221	34.2654390042	35.1771007327	35.9870516448
0.3209905	1.4964428652	1.9047168671	2.4561979771	3.7327151145	3.9852661893	4.2615328876	4.4764905744	5.3555844552	5.8960301907	6.5030838431	7.4016136176	7.8557016968	8.1151164637	9.2706281412	9.4990706979	10.1212661797	10.5432870163	10.7556636837	10.985438852	11.4653685517	11.9246167164	12.3170726738	12.6551779453	13.4931988604	13.6917556508	15.5356670821	16.5818131074	16.8586762216	20.7255133996	21.6157723082	22.391261407	23.3401817922	23.4635377142	23.6265816925	24.0652976395	29.6555710273	30.0174775701	30.318896474	30.6476956179	30.9828855096	32.4819153256	33.753176994	34.2746658644	35.1882327002	35.9798074364
0.3228467	1.516319299	1.8841557054	2.4541009123	3.7646548361	4.0209270047	4.2466761159	4.4619173816	5.3817926178	5.8800089155	6.5271034036	7.3904545062	7.8251956307	8.1030066513	9.277833482	9.4977685076	10.1459539157	10.5483258589	10.7521463601	10.9834774714	11.4514907551	11.9191222843	12.3235874796	12.650184123	13.4953137852	13.6886950767	15.5927644622	16.5514680645	16.8376981121	20.7547385585	21.6427327021	22.3634175852	23.3353836848	23.455819533	23.6147935437	24.0652795891	29.6558836963	30.0168312234	30.3249119411	30.6425353439	30.9729682555	32.4828157847	33.766973222	34.283599288	35.1991840392	35.9724976322
0.3247030	1.5368573307	1.8644168788	2.4517250466	3.7962196105	4.049089756	4.2264794508	4.4571791277	5.4010787064	5.8677644706	6.5578472884	7.3641741233	7.8063532457	8.0914710236	9.2849570984	9.4955353178	10.1691255933	10.5534745135	10.7476408297	10.9826746131	11.4377893867	11.9148006644	12.32959245	12.6453886006	13.4971831627	13.6860108786	15.6480720243	16.5193493301	16.819680326	20.7812562794	21.6683559226	22.3366974776	23.3310019815	23.448724641	23.6043246251	24.0653243381	29.6561655765	30.016263174	30.3305530837	30.6376223232	30.9642256965	32.483645985	33.7787468486	34.292033773	35.2097265333	35.9653120244
0.3265592	1.5572482362	1.8460229607	2.4490445006	3.827286623	4.070229523	4.2021810801	4.4604949385	5.4137580471	5.8590213529	6.5954522448	7.3236695207	7.7988262395	8.0801365414	9.2918349701	9.4926708928	10.1903419108	10.5586975684	10.7421988245	10.9830072184	11.4246103978	11.9114995584	12.3350144458	12.6408967408	13.4988089103	13.6836973347	15.701024562	16.4860753407	16.8045419473	20.8048255375	21.6923156168	22.3115211079	23.3271017943	23.4423082742	23.595232854	24.0654091629	29.6564144336	30.0157728494	30.3357285904	30.6330532773	30.9566597528	32.484392296	33.7886267561	34.2997730523	35.2196114727	35.9584574747
0.3284154	1.5766670409	1.8294155849	2.4461583403	3.8577428424	4.0848002494	4.1760820519	4.4689322318	5.4208281756	5.8531928234	6.6396925036	7.2719420874	7.7998792675	8.0689983359	9.2982716213	9.489478631	10.2091787674	10.5639061908	10.7360624363	10.9842861509	11.4123541558	11.9090561198	12.3397780775	12.6368229929	13.5001906982	13.6817491735	15.750836786	16.4525606129	16.7921291521	20.8252176368	21.7141960838	22.2884004568	23.3237356272	23.4366463095	23.5875501522	24.0655143934	29.6566283247	30.0153595724	30.3403414678	30.6289325085	30.9502692049	32.4850430623	33.7967397112	34.3066379117	35.2285780793	35.9521513017
0.3302716	1.5942821976	1.8149833957	2.4432611563	3.8874696732	4.0921496715	4.1514981806	4.4795889157	5.4237247638	5.8495473361	6.6899911925	7.212511393	7.8060887292	8.0583333632	9.3040424392	9.4862661408	10.2252361646	10.5689332781	10.7296566896	10.9861854308	11.4014576893	11.9073107854	12.343807965	12.6332843669	13.5013266985	13.6801617565	15.7963857524	16.4200853882	16.7822634184	20.8422226298	21.7334783974	22.2679485489	23.3209429283	23.4318292255	23.5812868798	24.0656233593	29.6568055984	30.0150226367	30.3442927761	30.625367415	30.9450505577	32.4855885459	33.8032029053	34.3124719035	35.2363651012	35.9466119475
0.3321278	1.6092620982	1.8030977689	2.4406062016	3.916270764	4.088183826	4.1346845248	4.4901137718	5.424008781	5.8473929397	6.7454402583	7.1484533674	7.8143982825	8.0486724576	9.3089023139	9.4833401102	10.2381515292	10.573510153	10.7235616109	10.9882956698	11.392368928	11.9061187631	12.3470322336	12.630392978	13.5022143008	13.6789311967	15.8360558169	16.3904160958	16.7747763314	20.8556561502	21.7495439708	22.2508707036	23.3187509373	23.427952937	23.5764381089	24.065722378	29.6569448965	30.0147613736	30.3474869358	30.622462283	30.9409990375	32.4860208699	33.8081182581	34.3171449896	35.2427252676	35.9420470247
0.3339840	1.6207870001	1.7941473927	2.4384620169	3.9436092841	4.0709893589	4.1294442115	4.4987809779	5.4230981372	5.8461935695	6.8046813198	7.0824299898	7.8223401531	8.0407728984	9.3126041091	9.4809913302	10.2476165401	10.5772634609	10.7184594346	10.9901908711	11.3855109341	11.9053589774	12.3493870772	12.6282479625	13.5028507511	13.6780544303	15.8676077895	16.365916826	16.769529121	20.8653661675	21.7617138263	22.2379200777	23.3171766167	23.4251079244	23.572990651	24.065800768	29.6570451575	30.0145752059	30.349838379	30.6203106924	30.9381096122	32.4863339669	33.8115683624	34.3205554733	35.2474416423	35.9386394599
0.3358402	1.6280954883	1.7885398128	2.4370659551	3.9674584009	4.0501506591	4.1290703144	4.5044271401	5.4220925303	5.8455985562	6.8647236443	7.018115468	7.8279888757	8.0355159332	9.3149286388	9.4794677822	10.2533949302	10.5797635274	10.7150369881	10.9914987628	11.3812371912	11.9049406067	12.3508218602	12.6269274367	13.5032336824	13.6775292543	15.8882888885	16.3494311126	16.7664210478	20.8712390938	21.7693398397	22.2298016847	23.3162292478	23.4233683529	23.5709296861	24.065850873	29.6571056197	30.0144636909	30.3512788375	30.6189873547	30.9363779251	32.4865235359	33.8136137948	34.3226307358	35.250344175	35.9365331929
0.3376964	1.6306064384	1.7866229926	2.4365812135	3.9792188536	4.0390558355	4.1292350759	4.5063821615	5.4216796014	5.8454196143	6.9044482273	6.9769379628	7.8300319391	8.0336609176	9.3157220515	9.478939609	10.2553379866	10.5806456244	10.7138278662	10.9919648881	11.3797847089	11.9048074818	12.3513038924	12.6264815033	13.5033615113	13.6773543431	15.8955455382	16.3435669086	16.7653917107	20.8732046644	21.7719415542	22.2270317718	23.3159130687	23.4227828519	23.570244065	24.0658680872	29.6571258248	30.0144265508	30.3517640984	30.6185406531	30.9358010407	32.48658701	33.8142914738	34.3233273105	35.2513241589	35.9358205001
0.3412579	1.6213617651	1.7928477247	2.440105126	3.9309208609	4.0434471463	4.1606408215	4.495438365	5.4299233336	5.8461905924	6.8105380082	7.0733228503	7.8272778048	8.0399701855	9.31752666	9.4793515253	10.2526050758	10.5760864973	10.7151450131	10.9909006364	11.3794593359	11.9034359739	12.3455751838	12.6327803961	13.5016240588	13.6775585371	15.8672099515	16.3670401476	16.77520991	20.8675070819	21.7601710941	22.2372037698	23.3144295342	23.4244195718	23.5723634729	24.0655175446	29.6570781539	30.0146050969	30.3512534645	30.6179607763	30.9363013694	32.4829419731	33.8119100591	34.3243411354	35.2467305294	35.9362174655
0.3448194	1.5973271738	1.8077936744	2.450238702	3.8496720135	4.0219038871	4.2257642128	4.4651858218	5.4515316821	5.8478176155	6.6970808663	7.1942024103	7.8230997351	8.0565360408	9.3229962832	9.4803957488	10.2444349978	10.5635920115	10.7182648288	10.9876266732	11.3785159471	11.8994342488	12.3298717423	12.6499075347	13.4965562675	13.6781427148	15.7955688408	16.4241054219	16.804598485	20.8505689314	21.7273123806	22.2652076663	23.3100052713	23.4293851553	23.578552252	24.0644780328	29.656933559	30.0151384143	30.34970953	30.6162336675	30.9377765496	32.4721577798	33.8045018075	34.3275184335	35.233382617	35.9371279697
0.3483810	1.5644114747	1.8254581467	2.4656671204	3.7611539117	3.9809760595	4.2856403436	4.4286552844	5.4771707792	5.8494147339	6.5987612941	7.3042539405	7.8276428915	8.0787710034	9.3322692199	9.4815103801	10.2309689352	10.5458035929	10.7215216305	10.9819309371	11.3770462651	11.8931201214	12.3072592732	12.6739587737	13.4885848999	13.6790245725	15.7006664794	16.4950881928	16.8530337964	20.8228338028	21.6784240228	22.3058164941	23.3028126875	23.4376735347	23.5883915424	24.0627849449	29.6566873493	30.016019469	30.3470957027	30.6133962516	30.9401513428	32.4546700593	33.7913617736	34.333209526	35.2124750237	35.9377994468
0.3519425	1.526249171	1.842020096	2.4842121348	3.6690877637	3.9286867318	4.2859039816	4.4366833798	5.4912047651	5.8533684279	6.5247671298	7.391927372	7.8535695864	8.1031327224	9.345475573	9.4818104579	10.2126170117	10.5254621774	10.7235544586	10.9735556497	11.3751826956	11.8849601439	12.2803928831	12.7009534858	13.4783937526	13.6800785407	15.5940428669	16.5698778746	16.9188634775	20.7849795745	21.6179312661	22.354354175	23.2932799349	23.4489491393	23.6014003695	24.0604941759	29.6563318842	30.0172363006	30.3433495043	30.6095083404	30.9433071647	32.431152914	33.771578575	34.3418270596	35.1857046044	35.9372215935
0.3555040	1.4845491764	1.8554355614	2.5028998061	3.5744836941	3.8700978933	4.220881723	4.4973267927	5.4749489977	5.8670936422	6.480865681	7.4498758666	7.909072681	8.1283199687	9.3625520442	9.480222928	10.1902684301	10.5048119941	10.7235939079	10.9623130841	11.3730716432	11.8754921523	12.250892146	12.7275635978	13.4668670698	13.6811585911	15.4813282779	16.6455793138	16.9991055717	20.7378440314	21.5486883198	22.4076678572	23.2820347792	23.4624993171	23.6171800731	24.0576777894	29.6558568176	30.0187716776	30.3383809235	30.6046512182	30.9470909273	32.4024563318	33.7443387323	34.3536565437	35.1549690119	35.9343604387
0.3590656	1.4399907658	1.8644585612	2.5181516591	3.477743947	3.80796949	4.1376966163	4.5679030605	5.4193772835	5.8945471115	6.467391656	7.4828296715	7.9872562982	8.156859946	9.3827627538	9.4759488875	10.1654423936	10.4854816329	10.7212829942	10.9482078778	11.3708443038	11.8652450647	12.2195514667	12.7510498405	13.454979038	13.682138237	15.3655737738	16.7225294976	17.0901554345	20.6823480005	21.4723463627	22.4637934658	23.2697623698	23.4773844768	23.6354507325	24.0544185714	29.655249398	30.020602624	30.3320714163	30.5989272956	30.951325242	32.3695416529	33.7091947469	34.3687095927	35.1221132394	35.9283331659
0.3626271	1.3926957729	1.8680683471	2.5261943326	3.3790929126	3.7412196833	4.054920491	4.6363271087	5.332534187	5.9290992413	6.4802983845	7.503602839	8.0635313838	8.2012442577	9.4027488499	9.4704912682	10.1402335261	10.4685235196	10.7164564242	10.9315495451	11.368591889	11.854671642	12.1866707516	12.7691317555	13.4436011251	13.6829725111	15.2487685381	16.8018844907	17.1887375373	20.6194294023	21.3898547962	22.5214800311	23.2571040447	23.4926358246	23.6559956951	24.0508040875	29.654494795	30.0226998113	30.3242751152	30.5924611426	30.9558188236	32.3334257017	33.6662132783	34.3866782678	35.0887589451	35.9185028957
0.3661886	1.3424631983	1.8651279571	2.5237522143	3.2786173042	3.6639523928	3.987007522	4.6952224276	5.2314496161	5.9606096802	6.5144110873	7.5230627327	8.1086722192	8.2805105204	9.40962714	9.4747850286	10.1169735123	10.4545328124	10.7089924209	10.9130448086	11.3663507886	11.8441022459	12.1522983488	12.7800065811	13.4332130396	13.6837845723	15.1324791096	16.884566431	17.2923697727	20.5499950178	21.3017978303	22.5798675404	23.2446215903	23.5074210259	23.6785654487	24.0469210021	29.6535764285	30.0250267762	30.3148244677	30.5854011404	30.9603764261	32.2951380733	33.6159846465	34.4069910069	35.0562130995	35.9045100238
0.3697502	1.2889118585	1.8541430919	2.5089054687	3.1760789649	3.5700776707	3.9454869669	4.7304184642	5.1395564845	5.9819227421	6.5650223327	7.5473974814	8.1274388275	8.3839942695	9.3913507884	9.4992042073	10.097685632	10.4437782075	10.6987648761	10.8938494185	11.3640994694	11.8337187919	12.1163836138	12.7824899903	13.4235602743	13.6849686077	15.01813329	16.971030796	17.3993487709	20.4748907877	21.2085865121	22.6382978642	23.2328003919	23.5211456405	23.7027987598	24.0428504904	29.6524762933	30.0275388695	30.3035430251	30.5779199067	30.964808124	32.2556906449	33.5595324182	34.4289240606	35.0254383904	35.8862654536
0.3733117	1.2315897485	1.833104926	2.4816905778	3.0706058704	3.461164954	3.9316874622	4.715340761	5.0907781478	5.9899351456	6.6278000849	7.5791558451	8.1346328983	8.4939757118	9.3564184454	9.5342162228	10.0835593701	10.4362541789	10.6857619751	10.8755247895	11.3617649661	11.8235411629	12.0788713492	12.7761603655	13.4133986932	13.6872687185	14.9071443853	17.0613464333	17.5085574462	20.394887863	21.1105631412	22.696202453	23.2220690211	23.5334753869	23.7282004913	24.0386655423	29.6511753086	30.0301817407	30.2902679857	30.5702110924	30.9689380562	32.2160551894	33.4981783772	34.4517175754	34.997065441	35.8639253633
0.3768732	1.170067874	1.7995054705	2.4438521242	2.960605574	3.3453573662	3.9374755324	4.6419036569	5.1004013889	5.9845869382	6.6987005565	7.6182923598	8.1365918964	8.6030432011	9.3109891397	9.5734234712	10.0746934512	10.4315820038	10.6704867939	10.8598194598	11.3592347341	11.8134137599	12.0397676986	12.7613803877	13.400537083	13.6917414847	14.8009424339	17.1553282893	17.6192748425	20.3106804522	21.0080572765	22.7530274393	23.2128269923	23.5442918754	23.754176071	24.0344308058	29.6496537712	30.0328889825	30.2748838468	30.5624806642	30.972612781	32.1771441311	33.4334042789	34.4746681478	34.9714280225	35.8378589798
0.3804347	1.1040186737	1.7506856909	2.3972731084	2.8447406424	3.2317738369	3.9489089188	4.5445113799	5.144229201	5.9674589498	6.7742542473	7.6627291852	8.1367691005	8.707992728	9.2583922122	9.6139500442	10.0701747595	10.4287280602	10.6546683192	10.8482844308	11.3563698925	11.8029750905	11.9992042907	12.7391568628	13.3823187477	13.699501628	14.700931499	17.2526418612	17.7310362607	20.222891957	20.9014155776	22.808171664	23.2054817971	23.5536177971	23.7800920234	24.0302053481	29.6478920654	30.0355782345	30.2573659145	30.554932606	30.9757091852	32.1397904869	33.366732391	34.4971921561	34.948605755	35.8086147552
0.3839963	1.0332727903	1.684567087	2.3407615421	2.7251205154	3.1274997749	3.9447531351	4.4620899838	5.2009449443	5.9407045571	6.8517899238	7.7086146857	8.1383683116	8.8069826552	9.2018672267	9.6535509889	10.0683192646	10.4256752737	10.6419501806	10.8419423102	11.3530175015	11.7915831489	11.9575340218	12.7109132149	13.3564155777	13.7113017998	14.6083808896	17.3528689166	17.8435393352	20.1320871424	20.7910175097	22.8609210208	23.2005010538	23.5615453418	23.805331282	24.0260483599	29.6458718761	30.0381444196	30.2378292214	30.547751578	30.9781415317	32.1047252171	33.2996337432	34.5188643974	34.9284646294	35.7768867508
0.3875578	0.957848292	1.6004348332	2.2655585416	2.6122361916	3.0361635203	3.9000559358	4.4258246466	5.2613729423	5.9064720017	6.9294206487	7.750592352	8.1449838397	8.8983264349	9.1454548204	9.6900117215	10.0668366671	10.4197588686	10.6376210648	10.841250346	11.3490212037	11.7781486718	11.9155121213	12.6782834194	13.321523853	13.7272285899	14.5242708374	17.4555414958	17.9565813757	20.038789653	20.6772834813	22.9103690273	23.1984848504	23.5681837007	23.8293291176	24.0220273955	29.6435782559	30.0404475863	30.2165765401	30.5410870637	30.979866852	32.0725528556	33.2334660365	34.5394369836	34.9106929085	35.743481135
0.3911193	0.8779503122	1.4991896566	2.1561938837	2.5238042318	2.9581961167	3.8094786263	4.4428937821	5.3214322484	5.8666811925	7.0058887644	7.782796645	8.1598701096	8.9773399477	9.097034935	9.7211403661	10.0628455986	10.4097168852	10.6463526782	10.8462990522	11.3442305736	11.7608297553	11.8746167469	12.6429847072	13.2776224936	13.7467460371	14.4491397379	17.5601517367	18.0700149876	19.9435059948	20.5606793094	22.9553345513	23.2002447797	23.573626962	23.8515902229	24.0182281381	29.6410029837	30.0422906168	30.1941409465	30.535043501	30.9808876848	32.0437286257	33.1694393275	34.5588403198	34.8948362	35.70928179
0.3946809	0.793943088	1.3828945608	2.0070231659	2.467297206	2.8924702566	3.690927253	4.4960796736	5.3787616248	5.8230205486	7.080380291	7.801177858	8.1836022068	9.0096423764	9.0951097783	9.7449305295	10.0530007062	10.3979299372	10.6694804601	10.8570177787	11.3385097031	11.7368511209	11.8372577625	12.6067607099	13.2258317694	13.7689839578	14.3829979182	17.6661416058	18.1837116875	19.8467594894	20.4417199203	22.9943603859	23.206804286	23.5779385544	23.8716936314	24.0147635875	29.6381496565	30.0433787475	30.1713244815	30.5296786453	30.9812512649	32.0185415286	33.1086052182	34.5771659137	34.8803383513	35.6752137608
0.3982424	0.7062974606	1.2540492522	1.8278374669	2.433917687	2.8376868834	3.5618680605	4.5684860595	5.4314051039	5.7771424062	7.1523586934	7.8055565162	8.2119782365	8.9867945213	9.153236121	9.7596894876	10.0343269508	10.389206006	10.7051390574	10.8732918837	11.3317449587	11.7037623672	11.8055772125	12.5713520825	13.1681064443	13.7930193848	14.3253556564	17.7728721936	18.2975237686	19.7491416095	20.3209755288	23.0260148073	23.2190966665	23.5811490309	23.8892938287	24.0117782987	29.6350407627	30.043252931	30.1492392358	30.5250093518	30.9810447434	31.9971076747	33.0518637876	34.5946317092	34.8665931736	35.642203676
0.4018039	0.6155128186	1.115053407	1.629331685	2.4133750279	2.7928884445	3.432682787	4.6504856682	5.4768543861	5.7312595389	7.2214276413	7.7988382592	8.2372246792	8.9701418669	9.2157420054	9.7639337768	10.0059397677	10.387243158	10.7500964658	10.8950496334	11.32385044	11.6620645479	11.7789352696	12.5384462712	13.1069217323	13.8180286676	14.2753619048	17.879566309	18.4112311439	19.6513956667	20.1990855792	23.0496465557	23.2372085822	23.5832661981	23.9041284595	24.0094392033	29.6317264347	30.0412214804	30.1293297815	30.5210218478	30.9803867526	31.9793765581	32.999981762	34.6115338942	34.8530067592	35.6111375199
0.4053655	0.5219998979	0.9679715839	1.4179922753	2.3994502205	2.7574340417	3.3096375777	4.7368042118	5.5101178962	5.6899801086	7.2872150822	7.7846415385	8.2519226917	8.9735523754	9.2733614549	9.7559843499	9.970391866	10.3926619804	10.8006314294	10.9224247282	11.3147670075	11.6146403297	11.7546691189	12.50957022	13.045014862	13.8433229127	14.232003306	17.9852083186	18.5244477676	19.5545643132	20.0767912085	23.0660023601	23.2597580136	23.5842983194	23.916045585	24.0079003946	29.6282935437	30.0364681819	30.1132059654	30.5176831859	30.9794163617	31.9651507611	32.9536153544	34.6281922018	34.8390640415	35.582818329
0.4089270	0.4258767971	0.8144983282	1.1976571188	2.3888463085	2.7307883221	3.1971123892	4.8242416205	5.5198254778	5.6642184841	7.3492638844	7.765911302	8.2527533744	8.9994701119	9.3246846733	9.7337174309	9.9331854533	10.4036304071	10.8524044557	10.9560423426	11.3044451491	11.5642571201	11.730868027	12.4859169227	12.9852117334	13.8683098111	14.1943080002	18.0883668179	18.6364269634	19.4602716948	19.9550112186	23.07681686	23.2842951344	23.5842913585	23.9250570086	24.0072350626	29.624872363	30.0287029504	30.1019295177	30.5149514495	30.9782809166	31.9541176011	32.9133317626	34.6448960149	34.8243894798	35.5579290497
0.4124885	0.3265104452	0.656007508	0.9710094743	2.3800105661	2.7122982937	3.0985800693	4.9105826782	5.4960954349	5.6634203853	7.4069064182	7.7446904224	8.2416703118	9.0448603208	9.3690383124	9.695815287	9.9002352674	10.4173923067	10.9003752139	10.996969494	11.2927868902	11.5130805473	11.7072310406	12.4681370775	12.9303477169	13.8923986864	14.1615356539	18.1868712377	18.7455975426	19.3713129111	19.8350265881	23.0838532223	23.3082483298	23.5833786308	23.9313930175	24.007359229	29.6216367328	30.0189685428	30.0951511906	30.5127835442	30.9771242858	31.9458900487	32.879624457	34.6618547779	34.8087930751	35.5370076
0.4160500	0.2210002816	0.4936237731	0.740457641	2.3725013714	2.7010223251	3.0170357989	4.9939804418	5.4501621531	5.6761545555	7.4590706398	7.7223683461	8.2240282431	9.1032819735	9.405628517	9.6445516248	9.8746443645	10.4312451744	10.9402812028	11.0449757889	11.2794773254	11.4633737283	11.6848748678	12.4561681107	12.8832580222	13.9148218448	14.1333928078	18.277221286	18.8483182017	19.2929927977	19.7189656945	23.0883918134	23.3294258543	23.581832804	23.9354952066	24.0080116702	29.618793569	30.0092156501	30.0914950133	30.5111404176	30.9760766704	31.9400537344	32.8529191453	34.6791456646	34.792303782	35.5204403435
0.4196116	0.0928903627	0.3283324757	0.5089075953	2.3665486906	2.6955740841	2.9552902375	5.0721767473	5.395462945	5.6896639608	7.5038382371	7.7002878873	8.2059533095	9.1662801062	9.4333377391	9.5868346269	9.8565586132	10.4429050807	10.9702710568	11.0964195534	11.2635740696	11.4186940764	11.6659645445	12.4492017101	12.8467616481	13.9342914745	14.1103748513	18.3536137631	18.9354993874	19.2360277841	19.6112432407	23.0912192445	23.3460453566	23.5800920658	23.9379098457	24.0088300526	29.6165597481	30.001185972	30.0896551014	30.5099901216	30.9752465937	31.936216478	32.8335696771	34.6966116586	34.7752361354	35.5084758223
0.4231731	-0.1092003668	0.1612639912	0.2804419356	2.3626643438	2.693951316	2.9162609072	5.1397055629	5.3413666619	5.6989019321	7.5371542397	7.6813621722	8.1927157828	9.2212662952	9.4507957402	9.5350427997	9.8455978028	10.4506350747	10.9893117472	11.1444753752	11.2435520607	11.3855969797	11.6531241927	12.4459082157	12.8234987661	13.9484497867	14.0942969761	18.4069949589	18.9890785676	19.2162603294	19.5233096034	23.0927736602	23.3566819831	23.5787090825	23.9391350404	24.0094737654	29.6151289105	29.9959898893	30.0888174068	30.5093093375	30.974715168	31.9340560026	32.8218459605	34.7133763729	34.7586290459	35.5012539965
0.4267346	-0.0279532504	-0.0257843374	-0.0249650773	2.3613092064	2.69380666	2.9028011358	5.173484026	5.3119978166	5.7021277315	7.5505255274	7.672947544	8.1878794384	9.2455352611	9.4567770018	9.5118524751	9.8418881503	10.4533374798	10.9959245091	11.1708346123	11.2280707456	11.3730413016	11.6485548636	12.4449929395	12.8154857812	13.9538397003	14.0883015329	18.4265936712	19.0031458028	19.2208052175	19.484839661	23.0932703805	23.3603485805	23.5781799694	23.9395048344	24.0097145339	29.6146358367	29.9941998813	30.0885780562	30.5090839769	30.9745323993	31.9333604694	32.8179185574	34.7233642239	34.7486789	35.4988405576
0.4325650	-0.1849140719	0.2437152806	0.5076421097	2.3657130954	2.6923123836	2.9498332852	5.0756395533	5.3962524115	5.6848987344	7.5096226357	7.708827127	8.2088444617	9.1732985123	9.4256352214	9.581074269	9.8553699525	10.4422451648	10.9727110987	11.1156479792	11.2589566586	11.414808201	11.6504128491	12.4475038061	12.8470613553	13.9336457209	14.1087060189	18.3649166418	18.9508462405	19.2447096872	19.5793235878	23.0898394916	23.355510877	23.5713935846	23.9363845889	24.009644427	29.6173113898	29.9947252021	30.0879420928	30.512385401	30.9750141898	31.9331958023	32.8333422783	34.7004896644	34.7761255649	35.502313942
0.4383953	-0.0609489719	0.4057693805	0.9808144487	2.3829621718	2.6983301977	3.0735382477	4.9210046318	5.5085447491	5.6384399929	7.4341257116	7.7687155812	8.2678646101	9.0358661952	9.3558217394	9.6951192089	9.8840335928	10.4130060644	10.9173436947	11.0344247617	11.2960300075	11.5000685323	11.6537098162	12.4635512475	12.9312865993	13.8907400764	14.153124901	18.2203292871	18.8003193881	19.3704578928	19.7613654717	23.0795587048	23.3404780229	23.5520675385	23.9270107324	24.0098060167	29.6250073826	29.9962715241	30.0861376863	30.522075348	30.9760142601	31.9340180389	32.8783421064	34.6729126948	34.8170668321	35.5125162314
0.4442257	0.3325401422	0.5472853103	1.4313230893	2.4218176956	2.7211618593	3.2502894935	4.7548694686	5.5435695884	5.6329885988	7.3495317099	7.8248081611	8.3546716416	8.8874113907	9.2615439627	9.7914138818	9.9159218533	10.3751260759	10.8547042659	10.9613366925	11.3258610246	11.5900295018	11.6579126326	12.5039695616	13.0487980959	13.8415732836	14.2080441394	18.042013079	18.6174595426	19.5464960345	19.9657964656	23.0622196044	23.3141644171	23.5230649757	23.9116804926	24.0109170359	29.6368109365	29.9987486041	30.0834418098	30.5375715712	30.9763135093	31.9391099768	32.9495809862	34.6491644697	34.8619535383	35.5288227522
0.4500560	0.5665595385	0.6860541379	1.8309617681	2.4912507535	2.7678726343	3.4625175143	4.5886795971	5.4616590612	5.7131617358	7.2597249266	7.8676665519	8.454124458	8.7470612253	9.1527811538	9.8155628517	9.9733975225	10.3377457432	10.8037293187	10.9080211889	11.3423589872	11.6419848534	11.69724886	12.568353599	13.1816134461	13.7931621541	14.2724944539	17.8513190526	18.4272255962	19.7381977896	20.1782894699	23.0366096254	23.2766551289	23.4880821309	23.8914519882	24.0134451867	29.6514329918	30.0020029168	30.0802238934	30.5580762868	30.9742814711	31.9522506018	33.0425800609	34.629286113	34.9091720127	35.5502871106
0.4558863	0.7294171395	0.8862965965	2.138696921	2.592569607	2.8622210513	3.6870687764	4.4436845154	5.3690841378	5.7807042351	7.1647235353	7.8874189859	8.5329973501	8.6446690126	9.0389797589	9.7680253984	10.0380852159	10.3108947864	10.7653532565	10.8917470537	11.3425373243	11.6544324567	11.7754801028	12.6484958546	13.3099551132	13.7530967637	14.3505792614	17.6564301406	18.2358870057	19.9324519968	20.3939999214	22.9992607368	23.2320758529	23.4499353546	23.8680861813	24.0174881376	29.6674643761	30.0058160696	30.0768579291	30.5827446609	30.9684591678	31.9763449075	33.1523025624	34.612672172	34.9573734987	35.5757782764
0.4617167	0.831831444	1.1386363298	2.3297243029	2.6969141138	3.0381534656	3.8566055205	4.3902960684	5.2819726727	5.8279284122	7.0631374151	7.8732625021	8.500930904	8.6518736613	8.9439382214	9.6836310149	10.0608313026	10.3170368719	10.730934318	10.9225491405	11.3297232926	11.6714981828	11.8496901493	12.7351374224	13.4056341044	13.7367134194	14.4487926475	17.4606846079	18.0456819055	20.122026289	20.6103832984	22.9442699648	23.1895589313	23.4096896846	23.843647134	24.0229543027	29.6836002109	30.009905344	30.0736591832	30.6107735261	30.9582102495	32.0126404243	33.2732014963	34.5984252566	35.0053223619	35.6041636884
0.4675470	0.9210004283	1.3909638689	2.4424357634	2.7844211336	3.2536096992	3.8677782681	4.5408040386	5.2121460675	5.8532898911	6.9529530529	7.8214292561	8.4506780491	8.6165485471	8.9251128195	9.5815316018	10.0351240316	10.3621499226	10.7028460906	10.9868131709	11.3127077947	11.6950429639	11.915754749	12.8209375439	13.4399201564	13.7615939218	14.5730480569	17.2653630084	17.8579425528	20.3012738475	20.8257412998	22.8675800355	23.1579009841	23.3677111804	23.8200629508	24.029725876	29.6987841493	30.0139259388	30.0708548244	30.6413003713	30.9442411803	32.0606183957	33.3990210105	34.5853718479	35.0520486998	35.634527728
0.4733773	1.0098987746	1.6175280635	2.5286148259	2.8564854793	3.4191435489	3.8281095645	4.8077236979	5.1787418139	5.8582803769	6.8325336619	7.7408509409	8.4179578493	8.5029094294	8.9678865114	9.4751512654	9.9915967111	10.4214691701	10.683879251	11.0663205734	11.3027731431	11.72262451	11.9734457703	12.9003059363	13.4232093681	13.8124861595	14.724553104	17.0706508956	17.6740377794	20.4647923114	21.0388091325	22.771702432	23.1390566469	23.3254877701	23.7987749951	24.037739455	29.7122685277	30.0174781371	30.0685800334	30.6729468912	30.9290170576	32.1184104566	33.5227389275	34.5719437709	35.0969927508	35.666401374
0.4792077	1.1040632777	1.7897336467	2.6243260116	2.9003118633	3.4798164754	3.8693083812	5.0192705509	5.2593989263	5.8525264548	6.7020037269	7.6428560652	8.3558756016	8.4018281121	9.0100133282	9.376135193	9.9518782169	10.4768589629	10.6743913695	11.1438874384	11.3137894902	11.7524740888	12.0234469296	12.9678937265	13.3876586885	13.8613251925	14.8982271969	16.8760302151	17.4957682036	20.6070142815	21.2485254574	22.6629407449	23.1292776763	23.287235471	23.7805676798	24.0470119904	29.7236142313	30.0201332955	30.0668802529	30.7027304929	30.9174783733	32.1834256102	33.6369677291	34.555943364	35.1399895987	35.6999503554
0.4850380	1.2048359963	1.8873566611	2.7072204609	2.9437071966	3.5071163402	3.9520962131	5.0840238504	5.4752580186	5.880110194	6.5644769635	7.5308161711	8.2354927069	8.3551188004	9.0265186063	9.2965631552	9.9264824321	10.5115444869	10.6809385214	11.2021749923	11.3600995751	11.7840251325	12.067060197	13.0165798564	13.3545615951	13.8984996684	15.0855173	16.680560401	17.3255195789	20.7222394463	21.4537745424	22.5472302316	23.1218331975	23.2611434479	23.7656143377	24.057633237	29.7326568417	30.0214980454	30.0656993497	30.7246391522	30.9180005594	32.2528819533	33.734963801	34.5343060499	35.180941208	35.7360212131
0.4908684	1.3095061405	1.9213999258	2.6699490053	3.1012318705	3.5608170864	4.0095133937	5.1263583549	5.572961646	6.0500054884	6.4293768717	7.4039384597	8.1361279053	8.2888337086	9.0079211547	9.246020786	9.9208621549	10.5071252238	10.7156374163	11.2411847066	11.4358166687	11.8177378557	12.1061665008	13.0373786469	13.3388009138	13.9244041624	15.2778287649	16.4833493038	17.1662096162	20.8050146911	21.6529941231	22.4292251441	23.1103523603	23.2566155979	23.7536660211	24.0697354658	29.7394554796	30.0213086141	30.0648601967	30.7320271256	30.9395986929	32.3241058238	33.8120183716	34.5031640937	35.2191887765	35.7758889044
0.4966987	1.410643811	1.9231508003	2.5664459496	3.3287454026	3.6329530911	4.0285478453	5.1469832813	5.5751364976	6.2092498254	6.4104271278	7.2690492173	8.0648112568	8.1974307376	8.9606821138	9.2195442269	9.9370684656	10.468369663	10.770398041	11.2719958681	11.5205224675	11.8548815974	12.1432004953	13.0276701349	13.3463298028	13.9417212382	15.4672467091	16.2847696943	17.0210508113	20.8508955678	21.8430308138	22.3133911409	23.0972426479	23.2749041087	23.7442673617	24.083450126	29.7442325388	30.0194940462	30.0640886653	30.7256869172	30.9835698963	32.3946238787	33.8664949626	34.4585347799	35.2530391258	35.8205684705
0.5025290	1.4953397597	1.9217738414	2.4614195821	3.5592263754	3.7114868005	4.0240614818	5.0995176627	5.6012711887	6.094575967	6.670110135	7.1500189231	7.9984594052	8.101161303	8.8995547783	9.2027505128	9.9738021975	10.4098368154	10.8294589744	11.2962722587	11.6017434068	11.8971565415	12.1810098456	12.9980144038	13.3692612472	13.9530850548	15.6413725329	16.0919459083	16.8932734899	20.8575208901	22.0092451845	22.2140097613	23.0913042103	23.310201938	23.7369244078	24.0988638653	29.7473107778	30.0161553426	30.0631137052	30.712373629	31.0447888359	32.4621431272	33.8997047195	34.3975409931	35.2801182564	35.8698272818
0.5083594	1.5501048724	1.9311752769	2.3910067824	3.7102112752	3.7914967637	4.0627542619	4.9752365518	5.6656885864	5.9463079918	6.8830591789	7.1265605863	7.8786137999	8.055266031	8.8328675481	9.1874776795	10.0252174101	10.342895149	10.8832483306	11.310737866	11.6733014409	11.945758543	12.2224434449	12.9619479986	13.3966252043	13.9605979008	15.7282141542	15.9733296239	16.7861277103	20.8255588298	22.029813412	22.2512013105	23.0986959876	23.3574185912	23.7312036585	24.1159875626	29.7490549056	30.0114925946	30.0617883567	30.6975406529	31.1188785644	32.5245133518	33.9144631963	34.3196875071	35.2984871928	35.9215252541
0.5141897	1.5740067674	1.9399373534	2.3875081109	3.7393917809	3.8088699041	4.2391615883	4.8040912576	5.6858150388	5.8452720774	6.9044242292	7.3147723946	7.724101904	8.0453612403	8.7638760901	9.1719604535	10.0730920161	10.2868434902	10.9260463021	11.312202778	11.7327955496	11.9999669869	12.2695434289	12.9286953498	13.4218308965	13.9657998435	15.5867519897	16.0666719445	16.7037314304	20.7588463955	21.92700629	22.4003638893	23.1211383199	23.4132275758	23.7267706567	24.1347483735	29.7498237773	30.0057450097	30.0601513427	30.6840948107	31.2034328265	32.5797422163	33.9125017065	34.2283062856	35.3075254054	35.9719431397
0.5200201	1.5746653141	1.9446267647	2.4565792946	3.6669194643	3.8205254984	4.4163128384	4.6643402719	5.5392125985	5.9010821855	6.900781817	7.436187856	7.6631445975	8.0471553733	8.6950720415	9.1574865931	10.0677821382	10.2906306336	10.9549525048	11.2990210494	11.7808773895	12.0567679924	12.3224229929	12.9041531038	13.4418652918	13.9697252005	15.3785292769	16.2037998068	16.6541297572	20.66351983	21.8104939465	22.549807183	23.1571030812	23.4749832985	23.7233885566	24.1550053964	29.749936487	29.9991657069	30.0584061955	30.6733728891	31.2970718776	32.6261059538	33.8895489209	34.134110736	35.3079504411	36.0169498965
0.5258504	1.5530581332	1.973838925	2.5685870117	3.5574168687	3.7965528212	4.3217673618	4.8096130051	5.352996774	5.9887407561	6.9182164912	7.2870714018	7.8357445384	8.0600274046	8.6305916874	9.1470399735	10.0018573307	10.3601686354	10.970401019	11.2710717232	11.8194052866	12.1124595127	12.3782821371	12.8928886023	13.4556792122	13.972983264	15.1602844506	16.3109481718	16.6558003613	20.5467374681	21.6912346434	22.6876060288	23.20329527	23.5399904338	23.7209131076	24.1765760824	29.749652825	29.9920205198	30.0568420009	30.6658279167	31.3988219807	32.6623621865	33.8288027414	34.0606067934	35.3013179035	36.0532083687
0.5316807	1.5107461186	2.0471272325	2.6903053558	3.4235872975	3.6959067707	4.1965626949	5.0253409316	5.1899140843	6.0755030849	6.9118976233	7.1336326796	7.9454276626	8.132058168	8.5785057252	9.1452712238	9.9179794465	10.4501876681	10.9770244287	11.2293457031	11.8494333586	12.1643473567	12.4313192996	12.8993594795	13.4633667555	13.9758585293	14.941542813	16.3621852058	16.7261399602	20.4157517731	21.5724747906	22.8109167206	23.2559058475	23.6050286999	23.7193984479	24.1992456905	29.7491667703	29.984596318	30.0557326536	30.6613831829	31.507831631	32.6880156846	33.7199107331	34.0243284624	35.289537545	36.0788690336
0.5375111	1.4548681753	2.1608037522	2.7887960438	3.2355557595	3.5652407326	4.1505627389	4.9497558811	5.3292377554	6.1566000277	6.7680823404	7.1176901412	7.9378565181	8.2551510644	8.5541507901	9.1590588938	9.8338976115	10.5378425788	10.984465743	11.1756883005	11.8705474819	12.2110206955	12.4744302557	12.9276813036	13.4657843079	13.9784099394	14.7271415586	16.3760500293	16.841844717	20.2775999916	21.4573292456	22.9183663676	23.3113705443	23.6651955553	23.7202014242	24.2227211584	29.7486106369	29.9772067929	30.0552499744	30.6596303087	31.6232109649	32.7035268193	33.5804095738	34.0129356286	35.2745844893	36.0937284693
0.5433414	1.3898478169	2.2991058829	2.8008001062	3.0121582753	3.5068331896	4.1412347771	4.7953855089	5.5586724813	6.2290925172	6.5595277113	7.1668252487	7.8856028937	8.3277487498	8.5729006478	9.1966658464	9.7571946495	10.6069574319	11.0066474532	11.1130435893	11.8813646807	12.2518328411	12.5029089148	12.9792399882	13.4643418295	13.9805213873	14.5211857803	16.3799754199	16.9701686571	20.139264079	21.3494503245	23.0091859346	23.3666047366	23.701643317	23.7385251426	24.2464988016	29.7480666462	29.9701871704	30.0554161505	30.6599574067	31.7438541107	32.7103355173	33.427295359	34.0135524931	35.2583510979	36.099044671
0.5491718	1.3134591746	2.4020810015	2.6387141396	2.9333338511	3.5188491215	4.1183750454	4.693994462	5.7553267947	6.2803038913	6.3751119555	7.2141686772	7.8117899487	8.3504700586	8.6095258209	9.2613204775	9.6925652554	10.6465706345	11.0357915084	11.0639047843	11.8805646895	12.2864127618	12.5171910757	13.0505803325	13.4608759306	13.9817919678	14.3279171979	16.3839984001	17.0942941859	20.0080487667	21.2529402896	23.0830314525	23.4188664402	23.7049261495	23.7806194121	24.2696690692	29.7475819587	29.9638764723	30.0561038261	30.6616447537	31.8680981573	32.7106383661	33.2701285865	34.0200534913	35.242558823	36.0971710224
0.5550021	1.2172115337	2.2338445166	2.677588007	2.9274094306	3.5542573866	4.0408646567	4.6917426199	5.8219035396	6.2544639665	6.3706879125	7.2346913131	7.735412669	8.3592090782	8.6285060368	9.3428013438	9.6428505448	10.6607321012	10.9722041699	11.1281111042	11.8682427808	12.3143860358	12.5214040245	13.1344175353	13.457650479	13.9805198448	14.153307972	16.3895792745	17.2043139342	19.8919354216	21.1720631282	23.1399202349	23.4654522284	23.7020041499	23.8174030966	24.2907813358	29.7471830544	29.9585927817	30.0570757487	30.663947007	31.9929091769	32.7069602079	33.1163786837	34.0288300969	35.2286895812	36.0910953237
0.5608324	1.0945340087	2.0173274328	2.7472494791	3.0053680985	3.5670569396	3.9242746787	4.7826194619	5.6893182328	6.3278921285	6.4378366156	7.210605787	7.6792551153	8.3675274214	8.627831231	9.4207268078	9.6092846446	10.6628895816	10.9100830868	11.2010304534	11.8476618291	12.3352279797	12.5203531677	13.2202358664	13.4576843375	13.9572506746	14.0231844165	16.3954830893	17.2917139107	19.7995979142	21.1108474516	23.1801328276	23.5033493223	23.6973614087	23.8438593192	24.3079441322	29.7468862507	29.9546087266	30.0580472944	30.6661715195	32.1117065509	32.7016042082	32.9756668594	34.0371834193	35.2179297781	36.0839286989
0.5666628	0.9696568111	1.8829771441	2.7543331787	3.1614552782	3.5142444481	3.8346235919	4.9164602879	5.5079307071	6.3812713985	6.5435321826	7.1509574685	7.6529821983	8.3755607837	8.6193355317	9.4748495754	9.5918336795	10.6628292944	10.864687393	11.2574390863	11.8269783034	12.3482286959	12.5179796526	13.289930335	13.4645397351	13.8649672062	13.998520572	16.3999429054	17.3484290746	19.7396411262	21.072632562	23.2040508797	23.528898359	23.6927936986	23.8595409562	24.3192196402	29.7467030309	29.9521318964	30.0587543545	30.6677538921	32.2084867042	32.6961484776	32.8663552663	34.043068297	35.2111340178	36.0783859761
0.5724931	0.912794947	1.839811172	2.7520210298	3.2785966123	3.4313357468	3.8083664641	4.9983491728	5.4092646401	6.3946318454	6.6007936039	7.1142148195	7.6466202228	8.3790924434	8.6148136129	9.4933583214	9.5874089458	10.6630403224	10.8476033753	11.2790260952	11.8179477683	12.3526696085	12.5168796537	13.3173081985	13.4718707905	13.818747073	13.996579721	16.4015967466	17.3681508777	19.7187893488	21.0596350513	23.211984449	23.5380901135	23.6907836999	23.8647124237	24.3231569606	29.7466410342	29.9512916588	30.0590121081	30.6683243024	32.2494143458	32.6930265789	32.8222790085	34.0451799665	35.2088124811	36.07631918
