Wave Vector	Branch 1	Branch 2	Branch 3	Branch 4	Branch 5	Branch 6	Branch 7	Branch 8	Branch 9	Branch 10	Branch 11	Branch 12	Branch 13	Branch 14	Branch 15	Branch 16	Branch 17	Branch 18	Branch 19	Branch 20	Branch 21	Branch 22	Branch 23	Branch 24	Branch 25	Branch 26	Branch 27	Branch 28	Branch 29	Branch 30	Branch 31	Branch 32	Branch 33	Branch 34	Branch 35	Branch 36	Branch 37	Branch 38	Branch 39	Branch 40	Branch 41	Branch 42	Branch 43	Branch 44	Branch 45
0.0000000	-0.0091353407	-0.0089390938	-0.0062995142	1.172361022	1.6868252006	2.1429276839	2.2352187505	3.4603803545	3.5362940756	3.6303223044	3.9185616449	4.187241894	4.380566975	5.3801234939	6.4959840894	6.9065840254	7.0233710273	7.5986765146	8.087208454	8.8777106272	9.207415854	10.1891265666	10.3169214603	12.0729347214	12.6319051161	12.8587388076	13.2935151937	13.4807936877	14.2515643881	14.3317688941	14.4541592441	15.0207829276	15.3684703924	15.4036987586	16.8511104412	17.3274280082	17.7583164228	18.3457052992	18.9358091441	19.563325348	19.7691151485	20.1365547226	20.5283068002	20.8329682624	21.3206325215
0.0057492	-0.2417246916	0.0121245037	0.3512313183	1.186410694	1.7040649325	2.1492829381	2.2466989941	3.4700404534	3.5347099292	3.6404736426	3.9217541121	4.1921728783	4.3837274299	5.3999026853	6.4903280571	6.892998083	7.0453352696	7.605738291	8.0910424019	8.8933422088	9.2116621704	10.1882027027	10.31991857	12.0722944215	12.6254491218	12.8527424058	13.2548143644	13.5097923598	14.2545372748	14.3443879615	14.4567951163	15.0192042473	15.3645273126	15.4193973765	16.8597882845	17.3271850461	17.7586369903	18.3361519227	18.9336050974	19.5102878428	19.818242045	20.1164203558	20.5212535982	20.8432984672	21.3286767618
0.0114984	-0.3215564649	0.0757740131	0.6058512513	1.2264629992	1.7525017488	2.1679468179	2.2815171645	3.491886235	3.5360567741	3.6686134348	3.9318751882	4.2072459807	4.3944825224	5.4572803574	6.4746254956	6.8658121106	7.095665076	7.6266310207	8.1047789751	8.9382051783	9.2246849239	10.1859981887	10.3286459756	12.0705185191	12.6065823616	12.8330238789	13.1784472873	13.5594485606	14.2620228896	14.3764339768	14.4689637423	15.0183739758	15.3607125863	15.4544215416	16.8866061359	17.3264332697	17.7598167603	18.3085909609	18.9254734063	19.4068860636	19.9096994312	20.0616491273	20.5031434956	20.8656291532	21.3540669889
0.0172477	-0.3815075208	0.1713676845	0.8637841784	1.2888540006	1.8229347895	2.2004257833	2.3384492879	3.5012954984	3.5599245086	3.7108511142	3.9500072733	4.2335071072	4.4163153686	5.5464427737	6.4526637646	6.8356242164	7.1582820569	7.6607580832	8.1339197989	9.0067100231	9.2476273535	10.1839939751	10.3425471968	12.0679091267	12.576742907	12.7948370065	13.1006700207	13.6002035503	14.2706752236	14.406438439	14.5073312647	15.0265917331	15.3601301909	15.4966819164	16.9335671494	17.325049959	17.7624334726	18.2661555133	18.9069586009	19.2887339472	19.9823364714	20.0103752288	20.4784474625	20.8841855922	21.3989445602
0.0229969	-0.4207456233	0.294248479	1.1128120865	1.3755231249	1.9023593832	2.2519170396	2.413060966	3.4976437796	3.6002570452	3.7622437607	3.976594403	4.2734265716	4.453641918	5.6575354383	6.4311661365	6.8038200773	7.2243515597	7.7078420871	8.1843386038	9.0900399673	9.2837402964	10.1842092284	10.361187177	12.064567316	12.5381580317	12.7338161168	13.0361729032	13.6246644874	14.2759116422	14.4207185435	14.5792170942	15.05101311	15.3623652484	15.5376356823	17.0027928262	17.3227022289	17.767048679	18.2139433156	18.8706931222	19.164288012	19.8995990141	20.104469429	20.4501774493	20.8889408934	21.4630658735
0.0287461	-0.432975469	0.4369384684	1.3181856482	1.5119579977	1.9795512226	2.326295101	2.4997811523	3.493219525	3.6426522941	3.8143643335	4.0107749011	4.3311362851	4.5095792295	5.7752668376	6.421579861	6.7698703713	7.287591703	7.7681821099	8.2591122464	9.1746264973	9.3410476216	10.188988996	10.3845055612	12.0598969187	12.4936677477	12.6523867292	12.9873021852	13.6316215516	14.2728916317	14.4290294799	14.669005032	15.0946860356	15.3671675256	15.5710477387	17.0944660202	17.3189976755	17.773040885	18.1599945925	18.806356112	19.0396473767	19.8196392521	20.1899201453	20.4241496134	20.87776334	21.5428312493
0.0344953	-0.4087998803	0.5922766752	1.4492726706	1.7185073924	2.0544704656	2.4183166989	2.5941090083	3.4926014582	3.6857591764	3.858699346	4.051137888	4.4097242059	4.5843192446	5.8766602577	6.4425346711	6.7337205899	7.3450233558	7.8419475257	8.3565420748	9.2454581674	9.4294274988	10.2008865744	10.4129407632	12.0520532904	12.4463178757	12.5596063487	12.9486116827	13.6220012436	14.2586021635	14.4362088278	14.7664181314	15.155944695	15.3745826701	15.5936522634	17.2013877499	17.316442676	17.7763813672	18.1179864886	18.7041471949	18.9212757041	19.753285546	20.2425135888	20.4209479972	20.8530900377	21.6333695849
0.0402446	-0.3270494718	0.7541972588	1.548240086	1.9306239307	2.1481465083	2.5148687357	2.6929490392	3.498740153	3.7307032684	3.892766726	4.0978972034	4.5066041303	4.6757372933	5.937621211	6.5112894497	6.6986965718	7.3976274613	7.9282828391	8.4703396993	9.301479531	9.5451197548	10.2224315471	10.447577459	12.0374734971	12.3970737196	12.4672171519	12.9143958668	13.5978510178	14.2322684033	14.4413975771	14.8668616525	15.2288387109	15.3857564119	15.6052386458	17.2668240911	17.3578344062	17.7721805602	18.1076362593	18.5653531997	18.809131751	19.7055490389	20.2342820218	20.4654486866	20.8196770512	21.7304794226
0.0459938	0.0379782647	0.9177873986	1.6386061738	2.0777171358	2.3067707023	2.6068927739	2.7922416012	3.5135024045	3.7763574144	3.9203648155	4.1541991436	4.6133788779	4.78114076	5.9555101237	6.5891821472	6.7038663929	7.4488260361	8.0253770763	8.5915719392	9.3503336359	9.6756596029	10.2556263282	10.4904034814	12.0109444127	12.3343792292	12.3976063925	12.8814200212	13.5619104404	14.1938612226	14.4425168359	14.9666694831	15.3012799298	15.4071039715	15.6086700884	17.2540962432	17.4412085774	17.7820475523	18.1396950534	18.4028066867	18.7000967133	19.6769433628	20.1874020392	20.5279561658	20.7867338373	21.8310947252
0.0517430	0.4075721164	1.078990964	1.726005766	2.1701819099	2.5024023525	2.7037724141	2.8855823482	3.5366738507	3.8180488528	3.9489410686	4.2242432929	4.7205674184	4.8978271149	5.9484468925	6.5696334279	6.8367745296	7.5022452149	8.1310939637	8.7111070693	9.3962199492	9.8116180416	10.3011479138	10.5446234089	11.9670883366	12.2541286765	12.3630492341	12.8484163334	13.5172376174	14.1433516539	14.4380638126	15.058950325	15.3533702873	15.4521359194	15.6130139577	17.22155556	17.4454191809	17.8629434532	18.1800631721	18.2484956918	18.6059772175	19.664860115	20.1240992446	20.5650966287	20.7770724596	21.9330191696
0.0574922	0.6282573303	1.2342445542	1.813614189	2.2513788571	2.6471779594	2.8483141449	2.9687436322	3.5652925514	3.8490662389	3.987418205	4.3100762411	4.8218413326	5.022181059	5.9332819614	6.520046736	7.01327475	7.5604119606	8.2433315734	8.8216616728	9.4404566908	9.9458276886	10.3575910808	10.6145832214	11.9034068119	12.1770984897	12.3460962838	12.8153919417	13.4668818187	14.0810430422	14.4272310569	15.1293736642	15.3930015776	15.4966660034	15.6463897661	17.1762115846	17.3745633583	17.9616722985	18.066802274	18.2577238224	18.5784259018	19.6651908853	20.051824985	20.5478440573	20.8144642542	22.0345733463
0.0632414	0.8332451651	1.3802745454	1.9050090985	2.3331397176	2.7281119397	3.0143089235	3.0678831219	3.5953284055	3.8666077704	4.0401897922	4.4100499883	4.9148222529	5.1495853529	5.9195560555	6.4639038086	7.2008380848	7.624537888	8.3600494087	8.919078031	9.4833452591	10.0720225676	10.4216886623	10.7041982891	11.8226171259	12.109493787	12.3371761506	12.7833378556	13.4136490546	14.0080358074	14.4096464322	15.1625402148	15.4288815384	15.5239984	15.7307026061	17.1183462557	17.2705472834	17.8253810924	18.0780625701	18.3137399574	18.6681414479	19.6725603435	19.975068833	20.4950063648	20.8796620895	22.1343440976
0.0689907	1.0347620286	1.5143531698	2.0038382411	2.417126831	2.7888714316	3.0856216016	3.2526479346	3.6261832809	3.8741424073	4.1040995288	4.5196724281	4.9994873514	5.2756214598	5.911511488	6.4055601176	7.3907546036	7.6950443226	8.4791803412	9.0026825185	9.5248051682	10.1856564295	10.4900173832	10.813490548	11.731446532	12.0497011382	12.329427851	12.7541491715	13.3599144182	13.9264967853	14.3852188543	15.1617775744	15.4163311921	15.5978205257	15.8421623226	17.0472046007	17.1519879994	17.6468348876	17.9921891686	18.4761287333	18.8267954835	19.6776882405	19.9013534964	20.4304215489	20.9507813951	22.231041764
0.0747399	1.2357403994	1.635276155	2.1124499009	2.5028599108	2.8460891641	3.1393409645	3.4194482326	3.667802768	3.8767163503	4.1743029275	4.6332687558	5.0767430995	5.3967612791	5.9095411816	6.348480762	7.576594324	7.7732572193	8.5985101782	9.0748087134	9.5645426375	10.2851830521	10.5602167072	10.936008586	11.6379359504	11.9943250449	12.3163801453	12.7302829751	13.3073532608	13.8399200909	14.3540615458	15.1400286356	15.3725817499	15.7007821022	15.9650766321	16.9604211358	17.0308371195	17.4746087545	17.8727246094	18.6669341898	19.01015188	19.6608293717	19.8482953433	20.3675483911	21.0193194796	22.3234355163
0.0804891	1.4350470571	1.7449752456	2.2306747016	2.5897473715	2.9049864647	3.1890505714	3.522242874	3.742888626	3.88192183	4.2486276379	4.7451639199	5.1476736951	5.5101085958	5.9109031884	6.297349968	7.7445873757	7.8685717373	8.7155059167	9.139874238	9.602246665	10.37202952	10.6299690681	11.0587421585	11.552144163	11.9404017147	12.2925097221	12.7134615671	13.2564026977	13.7536549587	14.316390395	15.1039036406	15.3180139589	15.8057560495	16.093101954	16.8563579499	16.9206832848	17.3136054413	17.7534735353	18.8563609236	19.1958609135	19.6050296266	19.8309661234	20.3200382606	21.0815531784	22.4103405382
0.0862383	1.6257067277	1.8515466461	2.3558434575	2.6776479297	2.9672257017	3.2370911966	3.5612101821	3.8147025626	3.9211441578	4.3285367684	4.8502730923	5.2129088089	5.612563471	5.9112235342	6.2584054314	7.8650816436	8.0064025569	8.8271050707	9.2034575323	9.6378775566	10.4491604512	10.695688635	11.1580271887	11.4941339902	11.8859325238	12.2547707502	12.7025309917	13.2053137936	13.6757277834	14.27239451	15.0534092244	15.2615160803	15.8957535695	16.2208489765	16.7507140626	16.8256256685	17.1652992601	17.6459411504	19.0229703681	19.3658858756	19.532186618	19.8326730503	20.3058642278	21.1352413526	22.4906392712
0.0919875	1.7864591755	1.9771275963	2.4838870539	2.7668629519	3.0326861184	3.2839846828	3.5730580318	3.8270605738	4.0092668152	4.4172938119	4.944233073	5.2720034147	5.6990651329	5.9093656853	6.2373904793	7.9483984795	8.1722237316	8.9297071841	9.2713894816	9.6719175229	10.5191743316	10.7524992458	11.1935090971	11.5027511164	11.8302166179	12.2036011503	12.6925205417	13.1494787667	13.61688338	14.2221826573	14.9856185902	15.2094848959	15.9524804278	16.3396306826	16.659761799	16.7585821847	17.0313959002	17.5568187219	19.1222605851	19.452075878	19.5360362556	19.8455723807	20.3408224732	21.1787102344	22.5633252957
0.0977368	1.8950880281	2.1438799767	2.6103812066	2.857861804	3.1001651854	3.3293884094	3.5747541816	3.8204871135	4.087673433	4.5151033802	5.0230395169	5.3233042008	5.7593789149	5.9160047081	6.2352472772	8.0172720403	8.3392586676	9.0199767563	9.3481807226	9.7055402778	10.5827170453	10.7947011591	11.1684464791	11.5753201356	11.775234731	12.1424167094	12.6764865612	13.0837230118	13.5868231656	14.1659874631	14.8994546415	15.1644203056	15.9640952938	16.4320979881	16.5725344055	16.7588163471	16.9176951555	17.4920229444	19.1063064488	19.4216194194	19.6697022419	19.8879616714	20.4254066709	21.2105711229	22.6275621873
0.1034860	1.9679131895	2.3343052384	2.7311070953	2.9508387353	3.1677282535	3.3725877452	3.5722068385	3.8083408589	4.1416758145	4.6158630732	5.0823469732	5.3652191807	5.7866976083	5.9460375817	6.2471975589	8.0764710628	8.4991256046	9.0965060911	9.4344586269	9.7408412249	10.6372814943	10.8168191374	11.1342728173	11.6479253973	11.7397983563	12.077244715	12.6483585066	13.0081401623	13.5865565391	14.1049391395	14.7978924609	15.1247155281	15.9420829035	16.4445937883	16.5206694375	16.7918299723	16.8717532832	17.4587664601	19.0127266366	19.3611177232	19.8056479004	19.970575994	20.5447469838	21.2296281327	22.6827511274
0.1092352	2.0225899834	2.5284932877	2.8425746334	3.0449954298	3.2326397242	3.4127496019	3.5690233666	3.7926759522	4.1730100986	4.7096283462	5.1180395253	5.3990639725	5.8011652425	5.9885485563	6.2667717506	8.126443523	8.6484519138	9.160355427	9.5251190394	9.7814032872	10.6763468787	10.8184145464	11.1172042426	11.6316253829	11.7876625247	12.0204040948	12.6042270883	12.9301759795	13.604757959	14.0431249908	14.686849468	15.0877087523	15.911947981	16.3655198643	16.5104148838	16.7520659108	16.9780289512	17.4646036004	18.8884481204	19.2677526927	19.90932172	20.0968223706	20.679637218	21.2348552848	22.7285999913
0.1149844	2.0654546833	2.7167113882	2.9427657479	3.1375790147	3.2906385901	3.4488440561	3.5699525944	3.7739866668	4.1843109377	4.78531329	5.1314731976	5.4293573273	5.8228225184	6.0267087453	6.2888195305	8.1672025987	8.78499235	9.2133788082	9.6097067304	9.8329677293	10.6910770248	10.8097406558	11.11876812	11.5857144467	11.828486131	12.007261592	12.5427319279	12.8600572526	13.6193133055	13.9919866442	14.5740975125	15.051812635	15.8916862418	16.2861238845	16.4642016585	16.7236034005	17.1204852251	17.5116086079	18.7500950301	19.1553587325	19.9782437849	20.2498192502	20.8140836008	21.2254086377	22.7651824701
0.1207337	2.0988872424	2.8916369495	3.0315394351	3.2232497002	3.3350421316	3.4790724446	3.5832457365	3.7529218074	4.1767437792	4.8312627583	5.1356741624	5.4585067493	5.8550784411	6.0535714305	6.309896707	8.1990650013	8.9064338293	9.2566497138	9.6765278187	9.9006771276	10.6797803205	10.8019976291	11.1261028026	11.5484581637	11.8091380842	12.0629388836	12.4668408376	12.8051682694	13.6022647253	13.9714925682	14.4678792886	15.0169807852	15.8878180011	16.2197701914	16.4009346852	16.6969551973	17.2744787999	17.5915883739	18.6036642764	19.0346830224	20.0278537654	20.4056930318	20.9366960283	21.2006761444	22.7929680886
0.1264829	2.1240394837	3.0443305268	3.1108115878	3.293096309	3.3607249923	3.5014111883	3.6168221356	3.7317869275	4.1509930115	4.8418159434	5.146525939	5.4846811783	5.894115878	6.0670955388	6.327817431	8.2226769867	9.009551221	9.2903526249	9.7217560876	9.9803789759	10.6513147465	10.7991343868	11.1221822085	11.5291048438	11.7776320116	12.1388292169	12.385419765	12.7680514308	13.5445187183	13.9889816661	14.3746754827	14.9846572159	15.8997956636	16.1675891123	16.3389175746	16.6665067419	17.4332511122	17.6892211039	18.4525091042	18.9145798985	20.0645973483	20.5536175286	21.0394664331	21.1604464199	22.8127945457
0.1322321	2.1415874038	3.1562271935	3.1904538617	3.3264522359	3.3816533311	3.5159315721	3.6592009025	3.7222484341	4.109763909	4.8283904471	5.1647687958	5.5050312663	5.934616834	6.0676118669	6.3412670993	8.2388202963	9.089728748	9.314331519	9.7496789413	10.0582540871	10.6139610947	10.8062198809	11.0986057304	11.5262455261	11.7615900663	12.2001061924	12.3154093747	12.7481571495	13.4686812853	14.0277944762	14.2978890233	14.9575949219	15.9234542371	16.1263333331	16.2882772358	16.6372370253	17.5919016673	17.7863107174	18.300357378	18.8057981918	20.0903904153	20.6883111731	21.1024823188	21.1194210281	22.825750055
0.1379813	2.1519552962	3.21944357	3.2655948923	3.3172873151	3.4071640008	3.5230903841	3.6675895873	3.7548260315	4.0632627698	4.8110273206	5.1805621455	5.5177342583	5.9700275925	6.0581959684	6.3495403379	8.2481942001	9.1413258759	9.3285448043	9.7647908754	10.1176751616	10.578685195	10.8225959404	11.0657589268	11.5292131862	11.7627843409	12.2093752855	12.2946758317	12.7419111191	13.4053683053	14.068957735	14.240138536	14.9392827689	15.9510741996	16.093100228	16.2560319672	16.6160307188	17.7410469452	17.8602142112	18.1571135775	18.7248338729	20.1057830392	20.8038847416	21.0371517959	21.1656391293	22.8329502167
0.1437305	2.1553848616	3.2505426383	3.2869171765	3.3087176974	3.4168703318	3.5247507021	3.6638445444	3.7803159889	4.0393224465	4.803711147	5.186585342	5.522028132	5.9869425176	6.0501787594	6.3523256379	8.2512649518	9.159241111	9.3332200815	9.7695606892	10.1407534567	10.5633356156	10.8326279663	11.049091385	11.5306385583	11.7667232466	12.1963167507	12.3018309458	12.7415367558	13.3805046593	14.0900456888	14.214509801	14.9327689751	15.9657794334	16.0772203672	16.2452376465	16.6082746453	17.8294384497	17.883054208	18.0768898326	18.6937421219	20.1109075294	20.8683366854	20.9890104528	21.1818870012	22.8352440048
0.1490626	2.1593221539	3.2498978054	3.2790846404	3.3208776352	3.4170551549	3.5286060294	3.6671660924	3.7854779525	4.0448982333	4.8033839686	5.1873177771	5.5224741535	5.9855428762	6.0498485617	6.3514619815	8.2390082738	9.1608637237	9.3333999874	9.7670903909	10.1343351948	10.5607570011	10.8293603133	11.0475961381	11.5264034021	11.7624883191	12.1933534737	12.3008522713	12.7392798164	13.3826722111	14.0824653329	14.2163258933	14.9242926913	15.959706542	16.0667369652	16.2451417996	16.6017355403	17.8323423047	17.8901571678	18.0842491897	18.6995453859	20.1152599242	20.8730023273	20.9927578839	21.1847740409	22.8348836422
0.1543946	2.1713566841	3.2448789984	3.272610532	3.3427293902	3.4166404231	3.5398915849	3.6777805123	3.800876705	4.0617413304	4.8024890195	5.1895573811	5.5238080129	5.9813395482	6.0488918032	6.3489235008	8.2035549263	9.1646503794	9.3335919651	9.7591348107	10.1164121059	10.5522688917	10.8198109156	11.0428268477	11.5141542775	11.7501083243	12.1845384998	12.2979125851	12.7323511019	13.3887319545	14.0606267667	14.220557327	14.8994326542	15.9417629091	16.0382913127	16.2433638653	16.5826010642	17.8406781326	17.911123838	18.1052722386	18.7164626192	20.128359253	20.8869192866	21.0040083153	21.1934537984	22.8338550947
0.1597267	2.19199191	3.2335147881	3.2734940157	3.3675013141	3.4150871995	3.5567660897	3.6972773566	3.8262736418	4.0900518308	4.8012890379	5.193430074	5.5260156345	5.9743279602	6.0474087987	6.3448627426	8.1482869783	9.1680347117	9.3327144334	9.7440721894	10.0905131132	10.5361242318	10.8046848029	11.0339223823	11.4952164535	11.7304609819	12.1699389274	12.2931348926	12.7203119422	13.397385784	14.025988566	14.22492503	14.8598589636	15.912593982	15.9985047983	16.237542359	16.5522189335	17.8537846507	17.944488349	18.137256072	18.743073178	20.1503231287	20.9098392068	21.0227745337	21.2079781302	22.8323140211
0.1650587	2.2216084583	3.2192858678	3.2765335343	3.3870962521	3.419123392	3.5765809539	3.72647312	3.8613551445	4.1297183315	4.8002320464	5.199139617	5.5290704397	5.9645289379	6.0455619112	6.3395186759	8.0774635964	9.1683027286	9.3289817293	9.7194793404	10.0610921857	10.5107295232	10.7849211063	11.0195914046	11.4715360967	11.704726689	12.1493860362	12.2869597087	12.7025371818	13.4065302161	13.9794175907	14.2276384994	14.808192133	15.8730402111	15.9544153627	16.22665427	16.5125698399	17.8709618005	17.987653866	18.1768121324	18.77719583	20.1813123791	20.9413262125	21.0490388415	21.2284207756	22.8305132417
0.1703907	2.260019018	3.203951145	3.2772987953	3.3893083176	3.4401437223	3.5995910814	3.7636184799	3.9055582609	4.1798457042	4.799966464	5.20694869	5.5329341682	5.9520291768	6.0435661008	6.3331978066	7.9952508875	9.1634312596	9.3202232992	9.6831515842	10.0315931229	10.4757453818	10.7612882058	10.9987523597	11.4450184726	11.6740871403	12.1225048506	12.2801077396	12.6783427292	13.4132098955	13.9217671299	14.2275878443	14.7476582109	15.8248708005	15.9115370636	16.2108391223	16.466036733	17.8912605829	18.0376397198	18.2206793341	18.8161563734	20.2214630754	20.9807436581	21.0826939322	21.2548609938	22.82879258
0.1757228	2.3061509354	3.188235808	3.2721437595	3.3868634613	3.4641342234	3.6294943144	3.8058200024	3.9573917341	4.2384780132	4.8013586699	5.2171340339	5.5375669095	5.9370313542	6.0416730624	6.3262557918	7.9052699606	9.1520834117	9.3044039539	9.6346586034	10.0023846517	10.432705178	10.7339726153	10.9716494857	11.4165525612	11.6394602749	12.0889379108	12.2733482491	12.6471203545	13.4133198304	13.8552455344	14.2241749487	14.6815497661	15.7716788967	15.8726353961	16.1905487304	16.4152534055	17.9135426752	18.091619011	18.2661692158	18.8571322844	20.2707773518	21.0272667728	21.1234610724	21.2873648151	22.8275641801
0.1810548	2.3579251537	3.1726942436	3.2590799283	3.3877987493	3.4817237843	3.6695683809	3.8515897767	4.0140717036	4.3026916907	4.8054986443	5.2299017815	5.5429505876	5.9199056163	6.040148109	6.3190865011	7.8105107247	9.1331959854	9.2799974263	9.5760624083	9.9700548306	10.3849689707	10.7024952044	10.9407132468	11.3854087229	11.6012639876	12.0484608225	12.2672660073	12.6084751286	13.4010337651	13.7849144334	14.2172485443	14.6126758716	15.7177825384	15.8386078211	16.1659705388	16.3630252623	17.9367311828	18.1470861057	18.3113208638	18.8975247364	20.3289886819	21.0799328794	21.1707956028	21.32596466	22.8272928964
0.1863869	2.4123256644	3.1571827327	3.2400919679	3.3928264683	3.4914005001	3.7194771352	3.9010624514	4.0722065372	4.3690157718	4.8136546383	5.2452562179	5.5491251961	5.9012331888	6.0392389054	6.3121240064	7.7133957898	9.1056194129	9.2460766367	9.5111298272	9.928944872	10.3368213788	10.6662590597	10.910175385	11.3497019933	11.5591891088	12.0008421782	12.2620249312	12.5624206343	13.3689253377	13.7190793414	14.2070889885	14.543117871	15.6666919523	15.8098171407	16.1368646771	16.3122157513	17.9600070963	18.2018446347	18.3548861522	18.9352813712	20.3954416226	21.137718691	21.2238105652	21.3706322249	22.8284713635
0.1917189	2.4656531132	3.139257522	3.2216288916	3.4002697527	3.4945487711	3.7763579937	3.9548338992	4.128841676	4.4340365591	4.8271011309	5.2628378981	5.5562272505	5.8818335543	6.0391355698	6.3058576219	7.6158702128	9.0679919303	9.2023583693	9.4439721912	9.874108366	10.2915693375	10.6257198737	10.8843082138	11.3076356271	11.5121513153	11.9455567802	12.2568430287	12.5098378862	13.3117861354	13.6654285215	14.1943200152	14.4745023793	15.6206744575	15.7863664413	16.1029141951	16.2653615737	17.9828813099	18.2539557207	18.3962255228	18.9690943001	20.4690337342	21.1996095556	21.2812737823	21.4212299847	22.8315895247
0.1970509	2.5140067571	3.1139156845	3.2127726237	3.4083430251	3.4929078225	3.8369951527	4.0130789551	4.1821889772	4.4950776391	4.8467397774	5.2817901052	5.5645029958	5.8627667505	6.0399248601	6.3008509255	7.5194721644	9.018943149	9.1494363965	9.3778200715	9.8039282379	10.2496561868	10.5832551468	10.865577103	11.2584905457	11.4587000343	11.8815576308	12.2486471106	12.4537668292	13.2329471327	13.6241361642	14.1796899837	14.408687512	15.5807799092	15.767993054	16.0645909616	16.2239011757	18.0051683262	18.3017308313	18.4351400413	18.9984371023	20.5482467717	21.2646251813	21.3417285684	21.4774232956	22.8370988324
0.2023830	2.5540311711	3.0793793385	3.2183128756	3.4156963083	3.487911774	3.8983790372	4.0752261206	4.2321337283	4.550809796	4.8725734225	5.3007632718	5.5742473322	5.8452999461	6.0415489281	6.2977444956	7.4253799181	8.9577635412	9.088835048	9.3141468614	9.7204278079	10.2089524158	10.542471339	10.8541435612	11.2028229575	11.3977950614	11.8072732063	12.2293418838	12.4023195074	13.1427689665	13.5884201585	14.1637964005	14.3484600573	15.5469114961	15.7540497227	16.0238279889	16.1876489001	18.0269077491	18.3438244928	18.4716289321	19.02345911	20.6312568147	21.3318000133	21.4037214528	21.5385619406	22.845372156
0.2077150	2.5837482484	3.0386386674	3.2365743642	3.4212199622	3.4808540749	3.9573363947	4.1399813941	4.2806316637	4.6014713176	4.9033896463	5.3181727724	5.585619521	5.8308229895	6.043789784	6.2972138314	7.3344464916	8.8852999911	9.0222752986	9.2526721322	9.6275032635	10.1672061555	10.5062941211	10.8483894908	11.1422518465	11.3294479321	11.7209209131	12.1866933373	12.3683229156	13.0513616366	13.550798383	14.1470563688	14.2976171942	15.5179472414	15.7436107307	15.9836417807	16.1553019512	18.0482705188	18.3794129193	18.5056002778	19.044791121	20.7160848854	21.4001494313	21.466023334	21.6036004218	22.8566616966
0.2130471	2.6029889064	2.994856715	3.2638169615	3.4237272481	3.4731966877	4.010160822	4.2057047208	4.3315489077	4.6484329774	4.9370528937	5.3327032026	5.598370859	5.8206940085	6.0463045903	6.299859441	7.2472370376	8.8041141759	8.9508606765	9.1922764925	9.5292281066	10.1240401154	10.4755213738	10.8451206689	11.0794746144	11.2549638554	11.6211780143	12.1200205088	12.3541244518	12.9651684978	13.5059823157	14.1304358718	14.2596794317	15.4919688152	15.7356774268	15.9471651615	16.1254229424	18.0694722907	18.4083161641	18.5366799131	19.0633200958	20.8007463312	21.468651139	21.5277133862	21.6711440627	22.8710588082
0.2183791	2.6130733181	2.9501977321	3.2958289562	3.4219214701	3.4666976308	4.0530309362	4.2713584912	4.3889584364	4.6933595362	4.9712796309	5.3438101471	5.6116941088	5.8159992814	6.048717552	6.3060394845	7.1640810463	8.7175705974	8.8752419618	9.1319566573	9.4292089854	10.0809580929	10.4488216521	10.8386480855	11.0188498809	11.17712339	11.5081781665	12.0413720379	12.3502621597	12.8870510444	13.4513273591	14.116497412	14.2356818005	15.4666340839	15.7294745213	15.9168805266	16.0969883096	18.0907046587	18.4309043704	18.56427458	19.0799742671	20.8833726941	21.53624731	21.5881123764	21.7396153432	22.8884611636
0.2237111	2.6160140545	2.9062263203	3.3279934764	3.415728873	3.4625986472	4.0835783467	4.3372594362	4.4543530142	4.7375203174	5.0043550235	5.3518602556	5.6244481338	5.8172450681	6.050729166	6.3157117658	7.0851441018	8.6288589974	8.7962183011	9.0712542987	9.330653045	10.0401152184	10.423648258	10.8195640656	10.9659970444	11.1012371472	11.3846546467	11.9605540994	12.349606745	12.8174125126	13.387007583	14.1083403723	14.2240467326	15.43970706	15.724748807	15.8940770702	16.0694771878	18.1120872799	18.4478332618	18.5878318977	19.0955449233	20.9622981117	21.6018569298	21.6466683365	21.8074376488	22.9085534764
0.2290432	2.6138121747	2.8641905911	3.3533497523	3.4097685316	3.4606839962	4.1020927568	4.4039932484	4.5260888404	4.781473643	5.0354810817	5.3578042789	5.6356851137	5.8241051119	6.0521734516	6.3283819293	7.0105149552	8.5405932867	8.7150028058	9.010261822	9.2366687652	10.0031850602	10.3970928848	10.7806978427	10.9177899257	11.0375770224	11.2575431158	11.8828537486	12.3488857361	12.7554097108	13.3157279802	14.1067706724	14.2230762391	15.409645857	15.7218051287	15.8785624113	16.0428006374	18.1336392713	18.4598007654	18.6070826466	19.1105649467	21.036113196	21.6643893058	21.7028811076	21.8731535154	22.9308072147
0.2343752	2.6081106569	2.8251379291	3.3583548076	3.4166032918	3.4605915356	4.110732111	4.4709623869	4.6013518226	4.8250170619	5.0647912185	5.3626371578	5.6450284118	5.8354472914	6.0529889225	6.3432047444	6.9402963644	8.4547990823	8.633168512	8.9494926865	9.1504656501	9.9708166405	10.3664663302	10.7277626979	10.8570657305	10.989034236	11.1442004924	11.8109022014	12.3467029428	12.6998456481	13.2417600109	14.1095069593	14.232405619	15.3759782098	15.7211167539	15.8689121648	16.0172263562	18.1552653447	18.4674297565	18.6221356362	19.1252591097	21.1036918737	21.7227659819	21.7562668508	21.935470065	22.9545020812
0.2397072	2.6001307527	2.7899537274	3.344431872	3.4328256118	3.4641627496	4.1120080811	4.5365024415	4.6774548094	4.8673126025	5.0931221429	5.3669718968	5.6526049521	5.8496991533	6.0531444221	6.3591869284	6.8746856289	8.3730306511	8.5525332609	8.8898700989	9.0751705802	9.9425049485	10.3300268773	10.6698151647	10.7838049405	10.9178922265	11.0826962827	11.74599102	12.3425529029	12.6496509282	13.1698071468	14.113118884	14.2520296724	15.3392561505	15.7228448134	15.8631208808	15.9933368183	18.1767502934	18.4712593779	18.6334315146	19.1395668029	21.1641949354	21.7759818269	21.8063087673	21.9932618601	22.9787679798
0.2450393	2.5907423996	2.7593628284	3.3238753726	3.4423530932	3.475987932	4.1080942051	4.5985512035	4.7518526462	4.9072188667	5.1215730973	5.3708829699	5.6587283209	5.8652881779	6.0525939558	6.3753868867	6.8140346904	8.2965385768	8.4751227313	8.832924545	9.0131632199	9.9166330836	10.2881159198	10.6085614551	10.7092229156	10.8214200473	11.0713175026	11.6888077027	12.3364640996	12.6040956016	13.1041261867	14.1154425314	14.280560676	15.300721603	15.7266887524	15.8591440931	15.9720111323	18.1977543179	18.4717959672	18.6416164515	19.1532171152	21.2170524079	21.8232234051	21.8523593582	22.0455584838	23.0026421323
0.2503713	2.5805838376	2.7338997756	3.3014106199	3.4447999834	3.4931167132	4.1008324769	4.655025257	4.8217468503	4.9438390157	5.1509182924	5.3739956822	5.6636493905	5.8808897603	6.051299949	6.3910316677	6.7588894398	8.2264904131	8.4031864742	8.7808565353	8.9653664366	9.8906910467	10.2440878703	10.5388245908	10.6427691832	10.7353038777	11.0765374663	11.6397889695	12.3288927482	12.5629154876	13.0479306707	14.1161063435	14.3149841283	15.2619932238	15.732021498	15.8551721655	15.9543557361	18.2178012633	18.4695895549	18.6473977405	19.1658233726	21.2619275063	21.863957392	21.8935773589	22.091530918	23.0251334631
0.2557034	2.5702033572	2.7138459381	3.27935913	3.4452111752	3.5098116571	4.0918938261	4.7039906229	4.8837385858	4.9770509121	5.1810953544	5.375721178	5.6674646047	5.8954660199	6.0493094229	6.4055269953	6.7100199017	8.1642282229	8.3391338113	8.7360345194	8.9311306818	9.8620865522	10.2038057993	10.4607264794	10.5879623418	10.6725191386	11.0859723471	11.5992607795	12.3206658092	12.5264159794	13.0030378401	14.1156171155	14.3515922022	15.2249366356	15.7380378004	15.8499546309	15.9413924726	18.2362531846	18.465316858	18.6514264104	19.1769680248	21.2986674149	21.8978680038	21.929021061	22.1304814583	23.0452861413
0.2610354	2.5601963735	2.6991591497	3.2595478496	3.4453907683	3.5240431847	4.0828456868	4.7438235556	4.933935191	5.0074040197	5.2110110406	5.3755705764	5.6701305577	5.9082010741	6.0468358624	6.4183716538	6.6684614665	8.1114745899	8.2853020743	8.7002730413	8.9086073568	9.8300547159	10.1732411696	10.3848726918	10.5419759691	10.6318294153	11.0956894179	11.5674738095	12.3128669552	12.4954624613	12.9698448256	14.1146451666	14.3865977983	15.1916806202	15.7437717357	15.8434148616	15.9334376545	18.2522722653	18.4598560599	18.6542283219	19.1862632667	21.3272484518	21.9247196653	21.9578210883	22.1618375758	23.0622359701
0.2663674	2.5512786735	2.6894632857	3.2435691071	3.4459049423	3.5350542151	4.075102447	4.773398552	4.969493272	5.0344719919	5.2385026931	5.3735952229	5.671536086	5.9184165131	6.0442948337	6.4289899498	6.6355831148	8.0703361669	8.2436506962	8.6745321396	8.8951362225	9.7976778576	10.1556458967	10.3202933938	10.5052608705	10.6069304186	11.1041438615	11.5445921355	12.3066531892	12.4712635368	12.9476895137	14.1137851018	14.4162887723	15.1646410278	15.7480086451	15.8369839883	15.9297970638	18.2647972277	18.4543236613	18.6561825796	19.1933866341	21.3477235358	21.9442914212	21.9792827012	22.1851487277	23.0752560544
0.2716995	2.5442491409	2.6841516592	3.232733724	3.4469436058	3.5424439812	4.0698113204	4.7921781723	4.9907066043	5.054965581	5.2599835549	5.3710932841	5.6716027609	5.9255292804	6.042245085	6.4365205921	6.6131427111	8.0430076717	8.2155732454	8.6590839799	8.8876785309	9.771370245	10.1508169067	10.2713483979	10.4804591418	10.5927386043	11.1107134643	11.5306779889	12.3030531169	12.4550166825	12.9354479252	14.1134977139	14.4371869177	15.1463663085	15.749341276	15.8329217491	15.9293158756	18.2726197622	18.4499943016	18.657531557	19.1980980641	21.3601780445	21.9563888004	21.9929073784	22.2000849915	23.0837907497
0.2770315	2.5398660168	2.6825798214	3.227965752	3.4485182216	3.5460084635	4.0677334178	4.8000718924	4.9994905163	5.0647795492	5.2703397582	5.3710549133	5.6703748323	5.9291156258	6.0412009213	6.4398088404	6.6030721708	8.0312638312	8.2019021456	8.6538493601	8.8835666465	9.7576455393	10.1557034537	10.2412352182	10.4695720678	10.5867284586	11.1151712425	11.5257076287	12.3028006743	12.4475903567	12.9321074969	14.1140825841	14.4465181995	15.1390454648	15.7468152066	15.8329036065	15.9310859592	18.2746878175	18.4479868095	18.6584030351	19.2002462111	21.3646972597	21.960877584	21.9983854054	22.2064366721	23.0874786055
0.2771046	2.5398507994	2.682575715	3.2280221336	3.4485609583	3.5460672721	4.0677457698	4.800122558	4.9996134525	5.0647715611	5.2703307574	5.3711612521	5.6704176262	5.9290890921	6.0411709105	6.4397975468	6.6030147648	8.031217171	8.2017958075	8.6538862401	8.8834510796	9.7575522076	10.1560547242	10.2407002047	10.4695179623	10.5866579011	11.1152599724	11.5257275396	12.3028405739	12.4475493245	12.9321261315	14.1141166785	14.4465160073	15.1390426794	15.7468642754	15.8328347875	15.9310721422	18.2746699028	18.4479661	18.6583943419	19.2002577491	21.3646964916	21.960908341	21.9984177168	22.2064486499	23.0875088894
0.2771778	2.5398361244	2.6825718419	3.2280762131	3.4486019556	3.5461236766	4.0677576192	4.8001711558	4.9997314831	5.0647638055	5.2703220875	5.371263313	5.6704587296	5.9290634908	6.0411421966	6.4397866992	6.6029597088	8.0311724068	8.2016938078	8.6539216817	8.8833401655	9.7574626608	10.1563961801	10.2401824552	10.4694660884	10.5865902182	11.1153450922	11.525746654	12.302878853	12.4475099551	12.9321440199	14.1141493868	14.4465139004	15.1390400089	15.7469114631	15.8327686081	15.9310589399	18.274652718	18.4479462353	18.6583860032	19.2002688162	21.3646957503	21.9609378296	21.9984487196	22.2064601401	23.0875379381
0.2772509	2.5398220016	2.682568194	3.2281279908	3.4486412128	3.5461776773	4.0677689656	4.8002176859	4.9998445947	5.0647562937	5.270313753	5.3713610882	5.6704981355	5.9290388402	6.0411147709	6.4397762993	6.6029070021	8.0311295396	8.201596147	8.6539556767	8.8832339121	9.7573769018	10.1567273853	10.2396824119	10.4694164432	10.5865254107	11.1154266005	11.5257649698	12.3029155107	12.4474722501	12.9321611605	14.1141807084	14.4465118794	15.139037453	15.7469567551	15.8327050889	15.931046346	18.2746362633	18.4479272154	18.6583780189	19.2002794125	21.3646950365	21.9609660513	21.9984784126	22.2064711428	23.0875657514
0.2773240	2.5398084405	2.6825647633	3.2281774667	3.4486787295	3.5462292748	4.067779809	4.8002621483	4.9999527742	5.0647490365	5.2703057583	5.3714545701	5.6705358374	5.9290151583	6.041088625	6.4397663491	6.6028566439	8.0310885705	8.2015028251	8.6539882173	8.883132327	9.7572949338	10.157047901	10.2392005198	10.469369024	10.5864634792	11.1155044958	11.5257824852	12.302950546	12.4474362108	12.9321775513	14.1142106426	14.4465099447	15.1390350118	15.747000137	15.8326442499	15.9310343543	18.2746205389	18.4479090405	18.6583703892	19.2002895379	21.3646943507	21.9609930077	21.9985067945	22.2064816576	23.0875923292
0.2773971	2.5397954501	2.6825615424	3.2282246408	3.4487145049	3.5462784694	4.0677901492	4.8003045429	5.000056009	5.0647420444	5.2702981075	5.3715437517	5.6705718289	5.9289924621	6.0410637505	6.4397568502	6.6028086332	8.0310495004	8.2014138424	8.6540192957	8.8830354175	9.7572167594	10.1573572864	10.2387372256	10.4693238279	10.5864044242	11.1155787769	11.5257991983	12.302983958	12.4474018386	12.9321931908	14.1142391887	14.4465080969	15.139032685	15.7470415954	15.8325861101	15.9310229591	18.2746055448	18.4478917105	18.658363114	19.2002991925	21.3646936935	21.9610187004	21.9985338641	22.2064916845	23.0876176715
0.2774702	2.5397830389	2.6825585241	3.2282695133	3.4487485387	3.5463252616	4.0677999859	4.8003448697	5.0001542871	5.0647353273	5.2702908047	5.3716286261	5.6706061039	5.9289707679	6.0410401399	6.4397478042	6.6027629694	8.0310123302	8.201329199	8.6540489047	8.8829431905	9.7571423813	10.1576551005	10.2382929756	10.4692808525	10.5863482463	11.1156494424	11.5258151073	12.3030157458	12.4473691348	12.9322080774	14.1142663462	14.4465063364	15.1390304725	15.747081117	15.8325306879	15.9310121548	18.2745912814	18.4478752256	18.6583561934	19.2003083761	21.3646930652	21.9610431306	21.9985596204	22.2065012232	23.0876417782
0.2775434	2.5397712151	2.6825557015	3.2283120842	3.4487808302	3.5463696517	4.0678093191	4.8003831286	5.0002475968	5.064728895	5.2702838537	5.3717091868	5.6706386566	5.9289500913	6.0410177855	6.4397392127	6.6027196518	8.0309770609	8.2012488953	8.6540770374	8.8828556527	9.7570718022	10.1579409039	10.2378682145	10.4692400954	10.586294946	11.1157164912	11.5258302105	12.3030459085	12.4473381007	12.9322222096	14.1142921145	14.4465046636	15.1390283742	15.7471186893	15.8324780008	15.9310019362	18.2745777486	18.4478595858	18.6583496274	19.2003170888	21.3646924664	21.9610662999	21.9985840622	22.2065102737	23.0876646491
0.2776165	2.5397599864	2.6825530683	3.2283523535	3.448811379	3.5464116403	4.0678181486	4.8004193197	5.0003359272	5.0647227565	5.2702772579	5.3717854276	5.6706694816	5.9289304471	6.0409966804	6.4397310772	6.6026786796	8.0309436932	8.2011729313	8.6541036872	8.8827728105	9.7570050243	10.1582142606	10.2374633835	10.4692015542	10.5862445239	11.1157799222	11.5258445063	12.3030744454	12.4473087374	12.932235586	14.114316493	14.4465030789	15.13902639	15.7471543003	15.8324280653	15.9309922982	18.2745649465	18.4478447911	18.6583434162	19.2003253306	21.3646918976	21.9610882095	21.9986071885	22.2065188358	23.0876862842
0.2776896	2.5397493603	2.6825506182	3.2283903214	3.4488401846	3.5464512275	4.0678264743	4.8004534428	5.0004192676	5.0647169208	5.2702710209	5.3718573428	5.6706985735	5.9289118493	6.0409768177	6.439723399	6.6026400523	8.0309122281	8.2011013072	8.6541288478	8.8826946697	9.7569420502	10.1584747395	10.237078918	10.4691652268	10.5861969805	11.1158397343	11.5258579933	12.3031013557	12.447281046	12.9322482052	14.1143394812	14.4465015828	15.1390245197	15.7471879387	15.8323808974	15.9309832362	18.2745528754	18.4478308416	18.6583375596	19.2003331015	21.364691359	21.9611088606	21.9986289985	22.2065269093	23.0877066834
0.2777627	2.5397393435	2.6825483456	3.228425988	3.4488672467	3.5464884138	4.0678342961	4.800485498	5.0004976082	5.0647113961	5.2702651458	5.3719249268	5.6707259274	5.9288943114	6.0409581911	6.4397161796	6.6026037691	8.0308826661	8.2010340231	8.6541525134	8.8826212361	9.7568828818	10.158721917	10.2367152462	10.4691311112	10.5861523161	11.1158959264	11.52587067	12.3031266387	12.4472550276	12.932260066	14.1143610786	14.4465001755	15.1390227634	15.7472195937	15.8323365121	15.9309747457	18.2745415354	18.4478177373	18.6583320579	19.2003404015	21.3646908511	21.9611282543	21.9986494911	22.2065344941	23.0877258467
0.2778358	2.5397299425	2.6825462449	3.2284593531	3.4488925647	3.5465231994	4.0678416138	4.8005154852	5.0005709394	5.0647061903	5.2702596356	5.3719881746	5.6707515387	5.9288778458	6.0409407947	6.43970942	6.6025698295	8.030855008	8.2009710794	8.6541746784	8.8825525151	9.7568275212	10.1589553788	10.2363727865	10.4690992054	10.5861105313	11.1159484977	11.525882535	12.3031502937	12.4472306832	12.9322711671	14.1143812848	14.4464988573	15.1390211207	15.7472492549	15.8322949234	15.9309668224	18.2745309264	18.4478054782	18.6583269109	19.2003472305	21.3646903742	21.9611463918	21.9986686656	22.2065415902	23.0877437739
0.2779090	2.5397211636	2.6825443112	3.228490417	3.4489161383	3.5465555847	4.0678484273	4.8005434044	5.0006392526	5.0647013108	5.2702544933	5.3720470814	5.6707754029	5.9288624643	6.0409246227	6.4397031215	6.6025382329	8.0308292546	8.2009124759	8.6541953376	8.8824885115	9.7567759703	10.1591747225	10.2360519453	10.4690695077	10.5860716265	11.1159974472	11.5258935872	12.3031723201	12.4472080136	12.9322815075	14.1144000993	14.4464976287	15.1390195918	15.7472769129	15.8322561446	15.9309594626	18.2745210487	18.4477940644	18.6583221187	19.2003535886	21.3646899288	21.961163274	21.9986865211	22.2065481973	23.087760465
0.2779821	2.5397130122	2.6825425396	3.2285191797	3.4489379672	3.54658557	4.0678547366	4.8005692557	5.0007025392	5.0646967645	5.2702497213	5.3721016425	5.670797516	5.9288481778	6.0409096699	6.4396972852	6.6025089789	8.0308054063	8.200858213	8.6542144861	8.8824292301	9.7567282309	10.1593795595	10.2357531148	10.4690420164	10.586035602	11.1160427741	11.5259038254	12.3031927172	12.4471870198	12.9322910861	14.1144175218	14.44649649	15.1390181765	15.7473025587	15.8322201882	15.9309526625	18.2745119023	18.447783496	18.6583176815	19.2003594757	21.3646895151	21.961178902	21.998703057	22.2065543155	23.08777592
0.2780552	2.5397054936	2.6825409259	3.2285456412	3.448958051	3.5466131555	4.0678605414	4.8005930389	5.0007607917	5.0646925578	5.2702453221	5.372151854	5.6708178742	5.9288349966	6.0408959314	6.4396919121	6.6024820669	8.0307834638	8.2008082907	8.6542321194	8.8823746753	9.7566843047	10.1595695174	10.2354766705	10.4690167301	10.5860024581	11.1160844777	11.5259132485	12.3032114846	12.4471677026	12.9322999019	14.1144335518	14.4464954413	15.1390168746	15.7473261838	15.8321870656	15.9309464188	18.2745034873	18.4477737729	18.6583135991	19.2003648919	21.3646891334	21.9611932765	21.9987182725	22.2065599445	23.0877901388
0.2781283	2.5396986127	2.682539466	3.2285698015	3.4489763894	3.5466383415	4.0678658418	4.800614754	5.0008140028	5.0646886967	5.2702412979	5.372197712	5.6708364738	5.92882293	6.0408834028	6.439687003	6.6024574966	8.0307634276	8.200762709	8.6542482333	8.8823248509	9.7566441931	10.1597442429	10.235222969	10.4689936472	10.5859721953	11.1161225573	11.5259218554	12.3032286217	12.4471500627	12.9323079541	14.1144481891	14.4464944829	15.1390156863	15.7473477807	15.8321567874	15.9309407284	18.2744958038	18.4477648953	18.6583098716	19.2003698372	21.364688784	21.9612063983	21.998732167	22.2065650844	23.0878031214
0.2782014	2.5396923739	2.6825381562	3.2285916607	3.4489929821	3.5466611281	4.0678706376	4.8006344011	5.0008621661	5.0646851868	5.2702376509	5.3722392131	5.6708533118	5.9288119865	6.0408720798	6.439682559	6.6024352676	8.0307452981	8.2007214682	8.6542628241	8.8822797606	9.7566078974	10.1599034033	10.2349923457	10.4689727665	10.5859448137	11.1161570121	11.5259296454	12.3032441281	12.4471341007	12.9323152419	14.1144614332	14.4464936151	15.1390146112	15.7473673422	15.8321293634	15.9309355885	18.2744888518	18.447756863	18.658306499	19.2003743114	21.3646884671	21.9612182683	21.99874474	22.206569735	23.0878148676
0.2782746	2.5396867811	2.6825369932	3.2286112189	3.449007829	3.5466815155	4.0678749289	4.8006519801	5.0009052757	5.0646820328	5.2702343828	5.372276354	5.6708683853	5.9288021741	6.0408619588	6.4396785806	6.6024153794	8.0307290758	8.2006845683	8.6542758882	8.8822394079	9.7565754191	10.1600466897	10.234785112	10.4689540869	10.5859203137	11.1161878417	11.5259366176	12.3032580034	12.4471198174	12.9323217645	14.1144732841	14.4464928381	15.1390136496	15.7473848619	15.8321048023	15.9309309964	18.2744826315	18.4477496761	18.6583034814	19.2003783147	21.364688183	21.9612288869	21.9987559909	22.2065738962	23.0878253775
0.2783477	2.5396818379	2.682535974	3.228628476	3.4490209296	3.5466995041	4.0678787154	4.8006674911	5.0009433261	5.0646792394	5.2702314952	5.372309132	5.6708816915	5.9287934996	6.0408530364	6.4396750687	6.6023978317	8.0307147612	8.2006520094	8.6542874227	8.8822037955	9.7565467591	10.1601738186	10.2346015537	10.4689376074	10.5858986955	11.1162150455	11.5259427712	12.3032702472	12.4471072131	12.9323275212	14.1144837412	14.4464921521	15.1390128011	15.7474003341	15.8320831121	15.93092695	18.2744771428	18.4477433348	18.6583008187	19.2003818471	21.3646879318	21.961238255	21.9987659192	22.2065775681	23.0878346511
0.2784208	2.5396775474	2.682535096	3.2286434322	3.4490322839	3.5467150938	4.0678819972	4.8006809339	5.0009763128	5.0646768104	5.2702289898	5.3723375446	5.6708932283	5.9287859693	6.0408453097	6.4396720238	6.6023826243	8.0307023544	8.2006237915	8.6542974248	8.8821729261	9.7565219184	10.1602845342	10.2344419286	10.4689233269	10.5858799592	11.1162386231	11.5259481057	12.3032808591	12.4470962884	12.9323325116	14.1144928046	14.4464915572	15.1390120659	15.7474137537	15.8320642998	15.9309234472	18.2744723858	18.4477378389	18.6582985111	19.2003849084	21.3646877138	21.9612463729	21.9987745246	22.2065807504	23.0878426882
0.2784939	2.5396739124	2.682534357	3.2286560873	3.4490418917	3.5467282849	4.0678847741	4.8006923086	5.0010042315	5.0646747492	5.2702268676	5.3723615897	5.6709029935	5.9287795883	6.040838776	6.4396694465	6.602369757	8.0306918559	8.2005999148	8.6543058921	8.882146802	9.756500898	10.1603786107	10.2343064642	10.4689112448	10.5858641052	11.116258574	11.5259526204	12.3032898389	12.4470870437	12.932336735	14.1145004739	14.4464910536	15.1390114439	15.7474251162	15.8320483714	15.9309204863	18.2744683606	18.4477331885	18.6582965584	19.2003874988	21.3646875291	21.9612532412	21.9987818066	22.2065834433	23.0878494889
0.2785670	2.5396709352	2.6825337549	3.2286664415	3.4490497529	3.5467390775	4.0678870463	4.8007016152	5.0010270788	5.0646730588	5.2702251299	5.3723812654	5.6709109856	5.9287743614	6.0408334333	6.4396673371	6.6023592294	8.0306832659	8.2005803792	8.6543128226	8.8821254251	9.7564836984	10.1604558535	10.2341953566	10.4689013603	10.5858511335	11.1162748979	11.5259563149	12.3032971864	12.4470794795	12.9323401912	14.114506749	14.4464906414	15.139010935	15.747434418	15.832035332	15.9309180657	18.2744650672	18.4477293836	18.6582949608	19.2003896183	21.3646873777	21.9612588601	21.9987877651	22.2065856466	23.0878550532
0.2786402	2.5396686176	2.6825332883	3.2286744947	3.4490558672	3.5467474716	4.0678888135	4.8007088537	5.0010448519	5.0646717416	5.2702237774	5.3723965703	5.6709172031	5.9287702922	6.0408292797	6.4396656962	6.6023510415	8.0306765845	8.2005651848	8.6543182148	8.8821087971	9.7564703204	10.1605161012	10.2341087684	10.4688936729	10.5858410443	11.1162875946	11.5259591888	12.3033029012	12.4470735958	12.9323428796	14.1145116298	14.4464903207	15.1390105392	15.7474416558	15.8320251859	15.9309161843	18.2744625057	18.4477264242	18.6582937181	19.2003912667	21.3646872599	21.9612632301	21.9987923997	22.2065873603	23.0878593809
0.2787133	2.5396669611	2.6825329558	3.228680247	3.4490602346	3.5467534673	4.0678900758	4.800714024	5.0010575486	5.0646707994	5.2702228108	5.3724075032	5.6709216449	5.9287673835	6.0408263138	6.4396645238	6.602345193	8.030671812	8.2005543316	8.6543220672	8.882096919	9.7564607643	10.1605592269	10.2340468273	10.4688881823	10.5858338376	11.1162966638	11.5259612418	12.3033069834	12.4470693931	12.9323448002	14.1145151161	14.4464900916	15.1390102566	15.7474468275	15.8320179364	15.9309148411	18.274460676	18.4477243104	18.6582928305	19.2003924441	21.3646871757	21.9612663513	21.9987957103	22.2065885845	23.0878624722
0.2787864	2.5396659668	2.6825327567	3.2286836984	3.4490628551	3.5467570647	4.0678908333	4.8007171262	5.0010651672	5.0646702336	5.2702222307	5.3724140633	5.6709243103	5.9287656375	6.0408245347	6.4396638203	6.602341684	8.0306689484	8.2005478197	8.654324379	8.8820897918	9.7564550306	10.1605851392	10.2340096256	10.468884888	10.5858295136	11.1163021054	11.5259624737	12.3033094328	12.4470668713	12.9323459525	14.114517208	14.4464899541	15.139010087	15.7474499311	15.8320135857	15.9309140354	18.2744595781	18.447723042	18.658292298	19.2003931506	21.3646871251	21.961268224	21.9987976967	22.2065893189	23.087864327
0.2788595	2.5396656353	2.6825326904	3.2286848488	3.4490637286	3.5467582639	4.0678910857	4.8007181603	5.0010677069	5.0646700449	5.2702220373	5.37241625	5.6709251989	5.9287650554	6.0408239417	6.4396635858	6.6023405144	8.0306679939	8.2005456491	8.6543251497	8.882087416	9.7564531193	10.1605937827	10.2339972189	10.4688837899	10.5858280723	11.1163039192	11.5259628843	12.3033102492	12.4470660307	12.9323463367	14.1145179053	14.4464899082	15.1390100304	15.7474509658	15.8320121353	15.9309137669	18.2744592122	18.4477226193	18.6582921205	19.2003933861	21.3646871083	21.9612688482	21.9987983589	22.2065895638	23.0878649452
0.2789326	2.5396659668	2.6825327567	3.2286836984	3.4490628551	3.5467570647	4.0678908333	4.8007171262	5.0010651672	5.0646702336	5.2702222307	5.3724140633	5.6709243103	5.9287656375	6.0408245347	6.4396638203	6.602341684	8.0306689484	8.2005478197	8.654324379	8.8820897918	9.7564550306	10.1605851392	10.2340096256	10.468884888	10.5858295136	11.1163021054	11.5259624737	12.3033094328	12.4470668713	12.9323459525	14.114517208	14.4464899541	15.139010087	15.7474499311	15.8320135857	15.9309140354	18.2744595781	18.447723042	18.658292298	19.2003931506	21.3646871251	21.961268224	21.9987976967	22.2065893189	23.087864327
0.2790058	2.5396669611	2.6825329558	3.228680247	3.4490602346	3.5467534673	4.0678900758	4.800714024	5.0010575486	5.0646707994	5.2702228108	5.3724075032	5.6709216449	5.9287673835	6.0408263138	6.4396645238	6.602345193	8.030671812	8.2005543316	8.6543220672	8.882096919	9.7564607643	10.1605592269	10.2340468273	10.4688881823	10.5858338376	11.1162966638	11.5259612418	12.3033069834	12.4470693931	12.9323448002	14.1145151161	14.4464900916	15.1390102566	15.7474468275	15.8320179364	15.9309148411	18.274460676	18.4477243104	18.6582928305	19.2003924441	21.3646871757	21.9612663513	21.9987957103	22.2065885845	23.0878624722
0.2790789	2.5396686176	2.6825332883	3.2286744947	3.4490558672	3.5467474716	4.0678888135	4.8007088537	5.0010448519	5.0646717416	5.2702237774	5.3723965703	5.6709172031	5.9287702922	6.0408292797	6.4396656962	6.6023510415	8.0306765845	8.2005651848	8.6543182148	8.8821087971	9.7564703204	10.1605161012	10.2341087684	10.4688936729	10.5858410443	11.1162875946	11.5259591888	12.3033029012	12.4470735958	12.9323428796	14.1145116298	14.4464903207	15.1390105392	15.7474416558	15.8320251859	15.9309161843	18.2744625057	18.4477264242	18.6582937181	19.2003912667	21.3646872599	21.9612632301	21.9987923997	22.2065873603	23.0878593809
0.2791520	2.5396709352	2.6825337549	3.2286664415	3.4490497529	3.5467390775	4.0678870463	4.8007016152	5.0010270788	5.0646730588	5.2702251299	5.3723812654	5.6709109856	5.9287743614	6.0408334333	6.4396673371	6.6023592294	8.0306832659	8.2005803792	8.6543128226	8.8821254251	9.7564836984	10.1604558535	10.2341953566	10.4689013603	10.5858511335	11.1162748979	11.5259563149	12.3032971864	12.4470794795	12.9323401912	14.114506749	14.4464906414	15.139010935	15.747434418	15.832035332	15.9309180657	18.2744650672	18.4477293836	18.6582949608	19.2003896183	21.3646873777	21.9612588601	21.9987877651	22.2065856466	23.0878550532
0.2792251	2.5396739124	2.682534357	3.2286560873	3.4490418917	3.5467282849	4.0678847741	4.8006923086	5.0010042315	5.0646747492	5.2702268676	5.3723615897	5.6709029935	5.9287795883	6.040838776	6.4396694465	6.602369757	8.0306918559	8.2005999148	8.6543058921	8.882146802	9.756500898	10.1603786107	10.2343064642	10.4689112448	10.5858641052	11.116258574	11.5259526204	12.3032898389	12.4470870437	12.932336735	14.1145004739	14.4464910536	15.1390114439	15.7474251162	15.8320483714	15.9309204863	18.2744683606	18.4477331885	18.6582965584	19.2003874988	21.3646875291	21.9612532412	21.9987818066	22.2065834433	23.0878494889
0.2792982	2.5396775474	2.682535096	3.2286434322	3.4490322839	3.5467150938	4.0678819972	4.8006809339	5.0009763128	5.0646768104	5.2702289898	5.3723375446	5.6708932283	5.9287859693	6.0408453097	6.4396720238	6.6023826243	8.0307023544	8.2006237915	8.6542974248	8.8821729261	9.7565219184	10.1602845342	10.2344419286	10.4689233269	10.5858799592	11.1162386231	11.5259481057	12.3032808591	12.4470962884	12.9323325116	14.1144928046	14.4464915572	15.1390120659	15.7474137537	15.8320642998	15.9309234472	18.2744723858	18.4477378389	18.6582985111	19.2003849084	21.3646877138	21.9612463729	21.9987745246	22.2065807504	23.0878426882
0.2793714	2.5396818379	2.682535974	3.228628476	3.4490209296	3.5466995041	4.0678787154	4.8006674911	5.0009433261	5.0646792394	5.2702314952	5.372309132	5.6708816915	5.9287934996	6.0408530364	6.4396750687	6.6023978317	8.0307147612	8.2006520094	8.6542874227	8.8822037955	9.7565467591	10.1601738186	10.2346015537	10.4689376074	10.5858986955	11.1162150455	11.5259427712	12.3032702472	12.4471072131	12.9323275212	14.1144837412	14.4464921521	15.1390128011	15.7474003341	15.8320831121	15.93092695	18.2744771428	18.4477433348	18.6583008187	19.2003818471	21.3646879318	21.961238255	21.9987659192	22.2065775681	23.0878346511
0.2794445	2.5396867811	2.6825369932	3.2286112189	3.449007829	3.5466815155	4.0678749289	4.8006519801	5.0009052757	5.0646820328	5.2702343828	5.372276354	5.6708683853	5.9288021741	6.0408619588	6.4396785806	6.6024153794	8.0307290758	8.2006845683	8.6542758882	8.8822394079	9.7565754191	10.1600466897	10.234785112	10.4689540869	10.5859203137	11.1161878417	11.5259366176	12.3032580034	12.4471198174	12.9323217645	14.1144732841	14.4464928381	15.1390136496	15.7473848619	15.8321048023	15.9309309964	18.2744826315	18.4477496761	18.6583034814	19.2003783147	21.364688183	21.9612288869	21.9987559909	22.2065738962	23.0878253775
0.2795176	2.5396923739	2.6825381562	3.2285916607	3.4489929821	3.5466611281	4.0678706376	4.8006344011	5.0008621661	5.0646851868	5.2702376509	5.3722392131	5.6708533118	5.9288119865	6.0408720798	6.439682559	6.6024352676	8.0307452981	8.2007214682	8.6542628241	8.8822797606	9.7566078974	10.1599034033	10.2349923457	10.4689727665	10.5859448137	11.1161570121	11.5259296454	12.3032441281	12.4471341007	12.9323152419	14.1144614332	14.4464936151	15.1390146112	15.7473673422	15.8321293634	15.9309355885	18.2744888518	18.447756863	18.658306499	19.2003743114	21.3646884671	21.9612182683	21.99874474	22.206569735	23.0878148676
0.2795907	2.5396986127	2.682539466	3.2285698015	3.4489763894	3.5466383415	4.0678658418	4.800614754	5.0008140028	5.0646886967	5.2702412979	5.372197712	5.6708364738	5.92882293	6.0408834028	6.439687003	6.6024574966	8.0307634276	8.200762709	8.6542482333	8.8823248509	9.7566441931	10.1597442429	10.235222969	10.4689936472	10.5859721953	11.1161225573	11.5259218554	12.3032286217	12.4471500627	12.9323079541	14.1144481891	14.4464944829	15.1390156863	15.7473477807	15.8321567874	15.9309407284	18.2744958038	18.4477648953	18.6583098716	19.2003698372	21.364688784	21.9612063983	21.998732167	22.2065650844	23.0878031214
0.2796638	2.5397054936	2.6825409259	3.2285456412	3.448958051	3.5466131555	4.0678605414	4.8005930389	5.0007607917	5.0646925578	5.2702453221	5.372151854	5.6708178742	5.9288349966	6.0408959314	6.4396919121	6.6024820669	8.0307834638	8.2008082907	8.6542321194	8.8823746753	9.7566843047	10.1595695174	10.2354766705	10.4690167301	10.5860024581	11.1160844777	11.5259132485	12.3032114846	12.4471677026	12.9322999019	14.1144335518	14.4464954413	15.1390168746	15.7473261838	15.8321870656	15.9309464188	18.2745034873	18.4477737729	18.6583135991	19.2003648919	21.3646891334	21.9611932765	21.9987182725	22.2065599445	23.0877901388
0.2797370	2.5397130122	2.6825425396	3.2285191797	3.4489379672	3.54658557	4.0678547366	4.8005692557	5.0007025392	5.0646967645	5.2702497213	5.3721016425	5.670797516	5.9288481778	6.0409096699	6.4396972852	6.6025089789	8.0308054063	8.200858213	8.6542144861	8.8824292301	9.7567282309	10.1593795595	10.2357531148	10.4690420164	10.586035602	11.1160427741	11.5259038254	12.3031927172	12.4471870198	12.9322910861	14.1144175218	14.44649649	15.1390181765	15.7473025587	15.8322201882	15.9309526625	18.2745119023	18.447783496	18.6583176815	19.2003594757	21.3646895151	21.961178902	21.998703057	22.2065543155	23.08777592
0.2798101	2.5397211636	2.6825443112	3.228490417	3.4489161383	3.5465555847	4.0678484273	4.8005434044	5.0006392526	5.0647013108	5.2702544933	5.3720470814	5.6707754029	5.9288624643	6.0409246227	6.4397031215	6.6025382329	8.0308292546	8.2009124759	8.6541953376	8.8824885115	9.7567759703	10.1591747225	10.2360519453	10.4690695077	10.5860716265	11.1159974472	11.5258935872	12.3031723201	12.4472080136	12.9322815075	14.1144000993	14.4464976287	15.1390195918	15.7472769129	15.8322561446	15.9309594626	18.2745210487	18.4477940644	18.6583221187	19.2003535886	21.3646899288	21.961163274	21.9986865211	22.2065481973	23.087760465
0.2798832	2.5397299425	2.6825462449	3.2284593531	3.4488925647	3.5465231994	4.0678416138	4.8005154852	5.0005709394	5.0647061903	5.2702596356	5.3719881746	5.6707515387	5.9288778458	6.0409407947	6.43970942	6.6025698295	8.030855008	8.2009710794	8.6541746784	8.8825525151	9.7568275212	10.1589553788	10.2363727865	10.4690992054	10.5861105313	11.1159484977	11.525882535	12.3031502937	12.4472306832	12.9322711671	14.1143812848	14.4464988573	15.1390211207	15.7472492549	15.8322949234	15.9309668224	18.2745309264	18.4478054782	18.6583269109	19.2003472305	21.3646903742	21.9611463918	21.9986686656	22.2065415902	23.0877437739
0.2799563	2.5397393435	2.6825483456	3.228425988	3.4488672467	3.5464884138	4.0678342961	4.800485498	5.0004976082	5.0647113961	5.2702651458	5.3719249268	5.6707259274	5.9288943114	6.0409581911	6.4397161796	6.6026037691	8.0308826661	8.2010340231	8.6541525134	8.8826212361	9.7568828818	10.158721917	10.2367152462	10.4691311112	10.5861523161	11.1158959264	11.52587067	12.3031266387	12.4472550276	12.932260066	14.1143610786	14.4465001755	15.1390227634	15.7472195937	15.8323365121	15.9309747457	18.2745415354	18.4478177373	18.6583320579	19.2003404015	21.3646908511	21.9611282543	21.9986494911	22.2065344941	23.0877258467
0.2800294	2.5397493603	2.6825506182	3.2283903214	3.4488401846	3.5464512275	4.0678264743	4.8004534428	5.0004192676	5.0647169208	5.2702710209	5.3718573428	5.6706985735	5.9289118493	6.0409768177	6.439723399	6.6026400523	8.0309122281	8.2011013072	8.6541288478	8.8826946697	9.7569420502	10.1584747395	10.237078918	10.4691652268	10.5861969805	11.1158397343	11.5258579933	12.3031013557	12.447281046	12.9322482052	14.1143394812	14.4465015828	15.1390245197	15.7471879387	15.8323808974	15.9309832362	18.2745528754	18.4478308416	18.6583375596	19.2003331015	21.364691359	21.9611088606	21.9986289985	22.2065269093	23.0877066834
0.2801025	2.5397599864	2.6825530683	3.2283523535	3.448811379	3.5464116403	4.0678181486	4.8004193197	5.0003359272	5.0647227565	5.2702772579	5.3717854276	5.6706694816	5.9289304471	6.0409966804	6.4397310772	6.6026786796	8.0309436932	8.2011729313	8.6541036872	8.8827728105	9.7570050243	10.1582142606	10.2374633835	10.4692015542	10.5862445239	11.1157799222	11.5258445063	12.3030744454	12.4473087374	12.932235586	14.114316493	14.4465030789	15.13902639	15.7471543003	15.8324280653	15.9309922982	18.2745649465	18.4478447911	18.6583434162	19.2003253306	21.3646918976	21.9610882095	21.9986071885	22.2065188358	23.0876862842
0.2801757	2.5397712151	2.6825557015	3.2283120842	3.4487808302	3.5463696517	4.0678093191	4.8003831286	5.0002475968	5.064728895	5.2702838537	5.3717091868	5.6706386566	5.9289500913	6.0410177855	6.4397392127	6.6027196518	8.0309770609	8.2012488953	8.6540770374	8.8828556527	9.7570718022	10.1579409039	10.2378682145	10.4692400954	10.586294946	11.1157164912	11.5258302105	12.3030459085	12.4473381007	12.9322222096	14.1142921145	14.4465046636	15.1390283742	15.7471186893	15.8324780008	15.9310019362	18.2745777486	18.4478595858	18.6583496274	19.2003170888	21.3646924664	21.9610662999	21.9985840622	22.2065102737	23.0876646491
0.2802488	2.5397830389	2.6825585241	3.2282695133	3.4487485387	3.5463252616	4.0677999859	4.8003448697	5.0001542871	5.0647353273	5.2702908047	5.3716286261	5.6706061039	5.9289707679	6.0410401399	6.4397478042	6.6027629694	8.0310123302	8.201329199	8.6540489047	8.8829431905	9.7571423813	10.1576551005	10.2382929756	10.4692808525	10.5863482463	11.1156494424	11.5258151073	12.3030157458	12.4473691348	12.9322080774	14.1142663462	14.4465063364	15.1390304725	15.747081117	15.8325306879	15.9310121548	18.2745912814	18.4478752256	18.6583561934	19.2003083761	21.3646930652	21.9610431306	21.9985596204	22.2065012232	23.0876417782
0.2803219	2.5397954501	2.6825615424	3.2282246408	3.4487145049	3.5462784694	4.0677901492	4.8003045429	5.000056009	5.0647420444	5.2702981075	5.3715437517	5.6705718289	5.9289924621	6.0410637505	6.4397568502	6.6028086332	8.0310495004	8.2014138424	8.6540192957	8.8830354175	9.7572167594	10.1573572864	10.2387372256	10.4693238279	10.5864044242	11.1155787769	11.5257991983	12.302983958	12.4474018386	12.9321931908	14.1142391887	14.4465080969	15.139032685	15.7470415954	15.8325861101	15.9310229591	18.2746055448	18.4478917105	18.658363114	19.2002991925	21.3646936935	21.9610187004	21.9985338641	22.2064916845	23.0876176715
0.2803950	2.5398084405	2.6825647633	3.2281774667	3.4486787295	3.5462292748	4.067779809	4.8002621483	4.9999527742	5.0647490365	5.2703057583	5.3714545701	5.6705358374	5.9290151583	6.041088625	6.4397663491	6.6028566439	8.0310885705	8.2015028251	8.6539882173	8.883132327	9.7572949338	10.157047901	10.2392005198	10.469369024	10.5864634792	11.1155044958	11.5257824852	12.302950546	12.4474362108	12.9321775513	14.1142106426	14.4465099447	15.1390350118	15.747000137	15.8326442499	15.9310343543	18.2746205389	18.4479090405	18.6583703892	19.2002895379	21.3646943507	21.9609930077	21.9985067945	22.2064816576	23.0875923292
0.2804681	2.5398220016	2.682568194	3.2281279908	3.4486412128	3.5461776773	4.0677689656	4.8002176859	4.9998445947	5.0647562937	5.270313753	5.3713610882	5.6704981355	5.9290388402	6.0411147709	6.4397762993	6.6029070021	8.0311295396	8.201596147	8.6539556767	8.8832339121	9.7573769018	10.1567273853	10.2396824119	10.4694164432	10.5865254107	11.1154266005	11.5257649698	12.3029155107	12.4474722501	12.9321611605	14.1141807084	14.4465118794	15.139037453	15.7469567551	15.8327050889	15.931046346	18.2746362633	18.4479272154	18.6583780189	19.2002794125	21.3646950365	21.9609660513	21.9984784126	22.2064711428	23.0875657514
0.2805413	2.5398361244	2.6825718419	3.2280762131	3.4486019556	3.5461236766	4.0677576192	4.8001711558	4.9997314831	5.0647638055	5.2703220875	5.371263313	5.6704587296	5.9290634908	6.0411421966	6.4397866992	6.6029597088	8.0311724068	8.2016938078	8.6539216817	8.8833401655	9.7574626608	10.1563961801	10.2401824552	10.4694660884	10.5865902182	11.1153450922	11.525746654	12.302878853	12.4475099551	12.9321440199	14.1141493868	14.4465139004	15.1390400089	15.7469114631	15.8327686081	15.9310589399	18.274652718	18.4479462353	18.6583860032	19.2002688162	21.3646957503	21.9609378296	21.9984487196	22.2064601401	23.0875379381
0.2806144	2.5398507994	2.682575715	3.2280221336	3.4485609583	3.5460672721	4.0677457698	4.800122558	4.9996134525	5.0647715611	5.2703307574	5.3711612521	5.6704176262	5.9290890921	6.0411709105	6.4397975468	6.6030147648	8.031217171	8.2017958075	8.6538862401	8.8834510796	9.7575522076	10.1560547242	10.2407002047	10.4695179623	10.5866579011	11.1152599724	11.5257275396	12.3028405739	12.4475493245	12.9321261315	14.1141166785	14.4465160073	15.1390426794	15.7468642754	15.8328347875	15.9310721422	18.2746699028	18.4479661	18.6583943419	19.2002577491	21.3646964916	21.960908341	21.9984177168	22.2064486499	23.0875088894
0.2806875	2.5398660168	2.6825798214	3.227965752	3.4485182216	3.5460084635	4.0677334178	4.8000718924	4.9994905163	5.0647795492	5.2703397582	5.3710549133	5.6703748323	5.9291156258	6.0412009213	6.4398088404	6.6030721708	8.0312638312	8.2019021456	8.6538493601	8.8835666465	9.7576455393	10.1557034537	10.2412352182	10.4695720678	10.5867284586	11.1151712425	11.5257076287	12.3028006743	12.4475903567	12.9321074969	14.1140825841	14.4465181995	15.1390454648	15.7468152066	15.8329036065	15.9310859592	18.2746878175	18.4479868095	18.6584030351	19.2002462111	21.3646972597	21.960877584	21.9983854054	22.2064366721	23.0874786055
0.2863872	2.5295463266	2.6867595873	3.2022169172	3.443445129	3.5318144722	4.0631777292	4.7896304987	4.971477412	5.0749798775	5.2820980024	5.3500488922	5.6467773312	5.9433905249	6.0508982989	6.4443198406	6.6139215053	8.037193453	8.2118002447	8.6465266064	8.9077897069	9.7660432096	10.110911991	10.3014283893	10.4795188666	10.6030631903	11.101673764	11.5208958065	12.300205888	12.4509426247	12.9362337187	14.108806018	14.4572673199	15.1396230627	15.7136091967	15.8570128109	15.9569610583	18.2709559883	18.4537049967	18.6655153164	19.199487646	21.3634545293	21.9484309394	21.9894723476	22.2087255186	23.080288134
0.2920870	2.5022888217	2.6947364911	3.149260587	3.4295231923	3.5015288713	4.0524767359	4.7655009725	4.9245381579	5.074058655	5.2928911978	5.3228017523	5.6150371162	5.9588065521	6.0718323022	6.4448274996	6.6482299341	8.0523784098	8.2314764111	8.6377906966	8.9543147694	9.783201396	10.0742525515	10.3539377861	10.5173431826	10.6400153033	11.0752858811	11.5132947204	12.2981551156	12.4574470344	12.9507603165	14.0989863662	14.4812067382	15.1441786207	15.6718825747	15.8748884275	16.0217959623	18.2593990465	18.4662410955	18.6828343622	19.1980147303	21.3582891464	21.9177920658	21.9685150887	22.2117474589	23.0630106815
0.2977867	2.4592241859	2.6973129908	3.0850300284	3.3993032554	3.4614843753	4.0344016322	4.729585773	4.8672889741	5.0369144773	5.2735369465	5.3275452231	5.6082162082	5.9631003488	6.0933701949	6.4325484016	6.7126676773	8.0765516758	8.2612524402	8.6322994308	9.0138459565	9.8089834412	10.0582298603	10.3759507886	10.5858607292	10.6992764859	11.0394993257	11.5053979083	12.2965147531	12.4662778197	12.9750022652	14.0856218443	14.5163911446	15.1535295974	15.6393652537	15.886605844	16.1060386856	18.2429449789	18.4831468045	18.7091236488	19.1960018964	21.3493700526	21.8720944092	21.9371748083	22.2121351777	23.0357090152
0.3034864	2.4004284167	2.6805316589	3.0292426679	3.3483057017	3.4185014288	4.008094029	4.6816909078	4.79977294	4.9691049279	5.2333955812	5.3595248373	5.6336614731	5.9578693292	6.1025918973	6.4108819797	6.8025667934	8.1089971551	8.3014557371	8.631643497	9.0795840127	9.8424903278	10.0641754135	10.3801364866	10.6577871943	10.7826940932	11.0014288742	11.5009718953	12.2944839916	12.4774289141	13.0076337453	14.069670611	14.5607565222	15.1687131504	15.6193552327	15.8982676737	16.1974929643	18.2241865615	18.5021629866	18.7427693031	19.1938106694	21.3369118103	21.8150914942	21.8964937437	22.2074269501	22.9984912915
0.3091861	2.3250055805	2.6337144928	2.9973069111	3.2797718597	3.3734856667	3.9735558795	4.6151378475	4.7269264479	4.8989864446	5.1823251728	5.4082620323	5.6747611118	5.9490710132	6.0917198224	6.3876139491	6.9099498189	8.148740788	8.3519801529	8.6359525659	9.1473955005	9.8808206496	10.0900124466	10.3752959385	10.7220522434	10.864212896	10.9850375466	11.5052072363	12.2904346101	12.4922239322	13.0468315312	14.0520990642	14.6123868429	15.1906387215	15.6120904315	15.9114769531	16.290638259	18.204859023	18.5212970592	18.7820627808	19.1921235033	21.3210867078	21.7500082581	21.8477323958	22.1964152028	22.9515258161
0.3148858	2.2322457567	2.5635941325	2.9857974069	3.1994479933	3.3250481934	3.9319126907	4.5226080925	4.6646897754	4.8399955245	5.1315084597	5.4630797119	5.7096041394	5.9469994643	6.0610250658	6.367545511	7.0283784447	8.1949813752	8.411780637	8.645416716	9.215183547	9.9188047027	10.1309369066	10.3630816077	10.7768764758	10.8816170101	11.0487483087	11.5249302728	12.2822640477	12.5130710174	13.090555109	14.03406409	14.6695422902	15.2197011542	15.616603841	15.9265444049	16.3818994429	18.1859640574	18.5383743141	18.8253270416	19.1921166317	21.301892785	21.6795861745	21.7926746526	22.1788471263	22.8950610249
0.3205856	2.1235774481	2.4862938253	2.9793802631	3.1111092512	3.2732306904	3.8854857339	4.4174116533	4.6164908091	4.7913308257	5.0866583406	5.5162545426	5.7189396463	5.9534027609	6.0295929481	6.3506877934	7.1529755372	8.24735356	8.4785147115	8.6611449721	9.2817157614	9.9508765281	10.1781032233	10.345213526	10.7974436025	10.9019256521	11.1463772365	11.5678500453	12.2683741047	12.5425171549	13.1368505626	14.0169780476	14.7306119528	15.2555472688	15.6313459082	15.9434861969	16.4684073223	18.1679462168	18.5507168293	18.8709003992	19.1956096918	21.2789798714	21.6064083598	21.7336402792	22.1551405688	22.8294508319
0.3262853	2.0039056216	2.4123004156	2.9657067257	3.0174682025	3.2188088308	3.8371194466	4.3189613567	4.5780941523	4.7498858629	5.0488697164	5.5597318461	5.7026871889	5.9208441463	6.0556530954	6.335251657	7.2798054353	8.3058251455	8.5481983631	8.6857948037	9.3451269206	9.9733916861	10.2160243995	10.3295332433	10.7836204274	10.9632217774	11.2374874076	11.6385138421	12.2488130127	12.5823357698	13.1840833447	14.0023959261	14.7940692109	15.2971005472	15.6544361475	15.9623580047	16.547715789	18.1507931379	18.5551456846	18.9170815447	19.2050353289	21.2514802362	21.533138096	21.6734217858	22.1262080193	22.7551868277
0.3319850	1.8807986344	2.3451885739	2.919855193	2.9403918135	3.1633618156	3.788543426	4.2392300351	4.5479807994	4.713195196	5.016656015	5.5773575259	5.6830966382	5.8660466915	6.1215213386	6.3208437607	7.4054621279	8.3703982302	8.6147520931	8.7241537575	9.4015264082	9.9861122241	10.224538747	10.3309267126	10.7679039885	11.0387845401	11.3182670188	11.7321709111	12.22621739	12.633361636	13.231067651	13.9918111332	14.858452788	15.3427929367	15.6836763885	15.9834472089	16.6177748407	18.1340814794	18.5483894926	18.9621771426	19.2229984822	21.2180222939	21.4625622657	21.6151115707	22.0933417913	22.6729417224
0.3376847	1.762801839	2.2848558377	2.8241141597	2.9010805658	3.1099473117	3.7393917593	4.1834388079	4.5255372842	4.6792654794	4.9871853826	5.5524241065	5.6784426321	5.8208744898	6.1988057716	6.309494761	7.5268738338	8.4408395749	8.6727221019	8.7803262483	9.4442577087	9.9937644196	10.2078812006	10.3434015516	10.7583140346	11.1189116092	11.3938804489	11.8343186322	12.2074551016	12.6958627589	13.2770979865	13.9864875103	14.9223767861	15.3908661696	15.7164310058	16.0074203511	16.6769871362	18.1170110653	18.5278343039	19.0047439107	19.2513733138	21.1773054677	21.39722578	21.5616999451	22.0581018649	22.5836347854
0.3433845	1.6585213152	2.2296850834	2.7320099509	2.854954015	3.0624267345	3.6886154972	4.1505127633	4.5093386861	4.6467987561	4.95683416	5.5039835067	5.6661326548	5.8020536955	6.273227091	6.3107677617	7.6412967178	8.5164946487	8.7243025312	8.8503426973	9.4655827743	10.0046793641	10.1850939886	10.3501279482	10.7547224002	11.1982344228	11.4673981461	11.923841731	12.2074145044	12.7698156322	13.3218988622	13.9874173758	14.9845635443	15.4396131763	15.7495537633	16.0353690824	16.7242881796	18.0984593528	18.492249938	19.043851946	19.2904592616	21.129386667	21.3386193675	21.5153746219	22.0221395269	22.4885448911
0.3490842	1.5762538331	2.178119149	2.6466415107	2.8109818456	3.0234362162	3.6363851848	4.134246896	4.4961753305	4.6161182991	4.9214223077	5.4520247285	5.6390255161	5.8061805111	6.2947914338	6.3742170465	7.7464871052	8.5960635717	8.7744176934	8.9264097353	9.462820611	10.019649622	10.1690585682	10.3484011773	10.755076824	11.2717339485	11.5349766716	11.980232802	12.2461942403	12.8547184082	13.365517285	13.9954219759	15.0438843391	15.4874854407	15.7796286474	16.0685776354	16.7592201832	18.0770555506	18.4420803642	19.0789765888	19.3390067277	21.0765925118	21.2867794776	21.4767963393	21.9868555138	22.3895343445
0.3547839	1.5233616578	2.1304247083	2.5685333014	2.7798383482	2.9934248998	3.5841097756	4.1260662575	4.4805926763	4.5902612944	4.8766023246	5.4065292875	5.6103725634	5.818811588	6.3056257198	6.4572899984	7.8409886541	8.6769648794	8.8228881498	9.004053518	9.4440715498	10.0184725047	10.1796170795	10.3423433511	10.7576789547	11.3344949313	11.5867673942	12.0127816179	12.3204130528	12.9489369541	13.408203997	14.0113314428	15.0993860266	15.5330527186	15.8037032299	16.1078892906	16.78198458	18.0512085614	18.3793366369	19.1095551128	19.3950850763	21.0227042768	21.2410488551	21.4450007356	21.9527068732	22.289544148
0.3604836	1.5050749266	2.0896246399	2.4975813774	2.7683733183	2.9713104677	3.5336764387	4.1171528742	4.4578162568	4.5728628933	4.8189739358	5.3735624935	5.5869046028	5.8349012537	6.3236897847	6.5402870559	7.9243654193	8.7528002091	8.8662193876	9.0816412463	9.4259590864	9.9883896816	10.2178018429	10.3412792238	10.7622090553	11.3804698189	11.6159771641	12.049609275	12.4080354168	13.0490031157	13.4503601533	14.0361128362	15.1502790072	15.5748428491	15.8202073258	16.1530081559	16.7934669159	18.0189365736	18.307547575	19.1347273778	19.4569215932	20.97128448	21.2009244604	21.4181476949	21.917816665	22.1937257068
0.3661834	1.5231094867	2.0604017978	2.4355294132	2.7763020646	2.9555936267	3.4872395494	4.0991705281	4.4300879901	4.5615005773	4.7483658355	5.3559756873	5.5701634831	5.8547824353	6.3483416208	6.6209504439	7.9971763716	8.8041608121	8.9103919902	9.1580288271	9.4264861127	9.9428276354	10.2438262131	10.3680445315	10.7698640134	11.4010796448	11.6311993329	12.0977639874	12.4980189099	13.1495213951	13.4926445784	14.0707755926	15.1958626736	15.6111078439	15.8294114585	16.2024003606	16.7952230762	17.9773627616	18.2321074787	19.1534749697	19.5232216498	20.9246643902	21.1660692607	21.3944780092	21.8758286508	22.1113624344
0.3718831	1.5749339199	2.0469546868	2.385921757	2.7968474786	2.9458587319	3.4473700001	4.0655597964	4.4033152766	4.5457091006	4.6726069603	5.3533684281	5.5599993168	5.8792852134	6.3775861462	6.6979372686	8.0606206563	8.8067904591	8.9713081525	9.2300856746	9.4566647966	9.8935473302	10.2376733515	10.4286088812	10.783274103	11.3904374579	11.6485750076	12.1470188096	12.5886585865	13.2439269892	13.5362630727	14.1159251854	15.2353671678	15.6396274924	15.8333194405	16.2538577987	16.7893952482	17.9224096753	18.1604709133	19.1649613695	19.5931177734	20.8836833658	21.1359660126	21.3728181097	21.8173211117	22.0544136544
0.3775828	1.6541761649	2.0515350822	2.352782905	2.8174791403	2.9453230152	3.4170797296	4.01427127	4.3740501841	4.5072259087	4.6164995317	5.3629927174	5.5557549707	5.9081305768	6.409371402	6.7700695985	8.1159731274	8.773612742	9.0378553831	9.293385042	9.514789738	9.8487160272	10.2166998185	10.4969547723	10.8063728543	11.3544072437	11.6724404671	12.1864810729	12.6803518865	13.3258585943	13.5831052627	14.1710423688	15.2677024369	15.6579823851	15.8351945748	16.3051444098	16.7785088081	17.8509059837	18.0999042978	19.168855059	19.666007572	20.8477249261	21.1097245112	21.3525375831	21.7418257718	22.0257160639
0.3832825	1.7518220638	2.0739751315	2.3399251782	2.8229152929	2.9599962153	3.3994595906	3.9483748891	4.3152155745	4.4622242175	4.5916295552	5.3810507237	5.5565822232	5.9399240541	6.4418807169	6.8362434385	8.1639816264	8.7250479666	9.0959651893	9.3463954975	9.5879668936	9.8165869304	10.1910753253	10.5575821028	10.8432381355	11.3045931025	11.6978739475	12.2109310397	12.7720354872	13.3911319557	13.6348483999	14.2338916771	15.2911703277	15.6651902004	15.8381399169	16.3543654511	16.7651230623	17.7649452075	18.0529353549	19.1655295957	19.7414085685	20.8148148387	21.0861442225	21.3332259358	21.6606673085	22.0165053099
0.3889823	1.8576732076	2.1113437727	2.3510583096	2.8089372543	2.9863584875	3.39676214	3.8732452718	4.2112358953	4.4465880839	4.5777143406	5.4036345549	5.561507519	5.9726676675	6.4735354914	6.8954379581	8.2043345603	8.6745384711	9.1373583506	9.3910735064	9.6566334814	9.8073903756	10.166709728	10.6051497752	10.8946181594	11.2497885177	11.7201157655	12.2202296123	12.8607279358	13.4396849197	13.6910632754	14.3005499836	15.3034244582	15.6641573992	15.842905438	16.4000977754	16.7513872838	17.6716203112	18.0174056709	19.1561092002	19.8188473633	20.7817702533	21.0640554936	21.3144642074	21.5854444703	22.0180284369
0.3946820	1.9623531608	2.1571764739	2.3895885105	2.7818714622	3.0134880609	3.4089159008	3.7942603963	4.0860051591	4.4470820236	4.5655228723	5.4272402685	5.5694330649	6.0042498403	6.5029362743	6.9467557658	8.2353877149	8.6315434577	9.1575130611	9.4303248976	9.7016298141	9.8277904181	10.1506425016	10.6416170012	10.9551041414	11.1958845251	11.7362842518	12.217233807	12.9425596106	13.475018419	13.7488446081	14.3661213234	15.302360712	15.6612118484	15.8477392909	16.4413927182	16.7386538389	17.578881967	17.9904000531	19.1423697061	19.897741474	20.7446278769	21.04295432	21.2960498371	21.5238459039	22.0249192445
0.4003817	2.0600107896	2.2027082444	2.4548067084	2.7473986459	3.0357227996	3.4322956802	3.7165011061	3.9557864209	4.4527495125	4.5533399249	5.4490618552	5.5790981076	6.0327491638	6.5288339923	6.9894694111	8.2548310141	8.6026838272	9.1578082755	9.4656008636	9.7266233802	9.858171737	10.1511107983	10.6719217136	11.0133353765	11.1498694534	11.744870027	12.2062250127	13.0137994305	13.5012487512	13.8044262559	14.4257046906	15.2882865286	15.6619271336	15.850533722	16.477673871	16.7273523309	17.4936058879	17.9699505212	19.126529349	19.9771878432	20.6998463808	21.0235713977	21.2786333293	21.479142134	22.0338956822
0.4060814	2.1487583264	2.2417637457	2.5345775492	2.7110946735	3.0531669222	3.460243659	3.6452948247	3.8305941794	4.4594946998	4.5415742574	5.4671612981	5.5890409994	6.0565685515	6.5501467496	7.0230532384	8.2621299978	8.5902124118	9.1451620208	9.4959718861	9.7449927944	9.874145797	10.1700835273	10.6997003909	11.041435736	11.1347753447	11.7457739593	12.1919123076	13.0714571545	13.5210875767	13.8540911671	14.4751807203	15.2655873073	15.6677907586	15.8503651922	16.5084749978	16.7172884025	17.4214457618	17.9549008028	19.11097423	20.0554748216	20.6464698494	21.0075169453	21.2637777758	21.4501174401	22.0427875059
0.4117811	2.2262843153	2.2721991527	2.5958927314	2.6912813432	3.0679795642	3.4851240097	3.5865445369	3.7216470395	4.465446691	4.5314249396	5.4804589966	5.5976757548	6.074468724	6.5660003626	7.0471830257	8.2608291588	8.5902185307	9.1282345567	9.5194341062	9.7592813877	9.8758395711	10.1970448508	10.7255292262	11.0215559666	11.1646153851	11.7409059413	12.1785929439	13.1135447178	13.5355706597	13.8939955615	14.5116921761	15.2415866132	15.6765077851	15.8478257657	16.53296896	16.7083880473	17.3668405579	17.94455996	19.0979622363	20.128811406	20.5884272462	20.9960365268	21.252885178	21.4330398848	22.0501097636
0.4174809	2.2799053606	2.2974260862	2.5939973713	2.7190117947	3.08044615	3.5007759683	3.5458927984	3.6454491245	4.4695296342	4.5243913108	5.4885107675	5.6035424043	6.0855648951	6.5757630831	7.0616981964	8.2568867404	8.5948957335	9.1145739501	9.5342382559	9.7681755322	9.8729190081	10.2184865138	10.7460189473	10.9961259447	11.1950208234	11.7344802094	12.1694362534	13.1390336504	13.5445986701	13.92016788	14.5337985937	15.223694387	15.6841694268	15.8447596838	16.5494265036	16.7015915241	17.3329058117	17.9385088296	19.0893434383	20.1879013097	20.5370759546	20.9893688788	21.2464363878	21.4242931545	22.0548792063
0.4231806	2.2918634993	2.3163447921	2.5822316774	2.7379749624	3.0859892238	3.5062561607	3.5293466614	3.6187583537	4.4709982835	4.5218463423	5.4911993904	5.6056194278	6.0893232734	6.5790586889	7.0665405465	8.2550161415	8.5973420137	9.1093852015	9.5392959922	9.7711037008	9.8714223413	10.2264222414	10.754277136	10.9856467804	11.2066118691	11.7315415993	12.1662058822	13.1475536086	13.5476885746	13.9293281332	14.5411581829	15.2171161319	15.6872172506	15.8433878756	16.5553645891	16.6989197489	17.3214088508	17.9365165453	19.086329901	20.2127928585	20.5144831358	20.987208474	21.2443239752	21.4216227675	22.0565306125
0.4285661	2.2888067545	2.3138106716	2.5776613476	2.707947849	3.0707597757	3.518383256	3.5309617173	3.619348646	4.4539230666	4.5284419141	5.4867613698	5.6002120782	6.0820187009	6.5767378103	7.0604573141	8.2572156377	8.5922127424	9.1152618927	9.4417141473	9.7801390697	9.9390719411	10.223116723	10.7277388648	10.9887841127	11.2400625632	11.7322168157	12.1681331705	13.142565763	13.5714704589	13.9342817865	14.5413902449	15.213352831	15.6880286541	15.8486758349	16.556146841	16.6988342159	17.3218915941	17.9396820256	19.0886443297	20.2141501558	20.5024974331	20.9439018728	21.2586837978	21.4202310693	22.0640616839
0.4339516	2.2791820571	2.3062771836	2.5490887976	2.6380980121	3.032128362	3.5267935675	3.5520043976	3.6217124411	4.4146484639	4.535994833	5.4736231409	5.5835817365	6.0603178008	6.5700967796	7.04263928	8.2624784413	8.5793004085	9.1304964612	9.2654545962	9.7490081957	10.0860902466	10.2130799299	10.6641253764	11.0045745648	11.3165718066	11.7328609999	12.1756122151	13.1320264628	13.6365142396	13.9499747855	14.5425240345	15.2021216406	15.6909905969	15.8634645998	16.5572912549	16.700104101	17.323335372	17.9490105349	19.095519546	20.2169784571	20.4651497381	20.8460895999	21.2598439859	21.4323708514	22.0834430866
0.4393371	2.2609902264	2.2930713392	2.4395077197	2.6005961346	2.9788172571	3.5272766214	3.5763764005	3.627502524	4.3607843402	4.5361192233	5.4522213045	5.5547278381	6.0248294155	6.5600280845	7.01431198	8.2664361354	8.5654530205	9.0619075766	9.1602172094	9.6921615907	10.1833194534	10.2531592036	10.5923288164	11.0312002019	11.4059132996	11.7307185441	12.1929409246	13.1229375403	13.7298514501	13.978960871	14.5459467796	15.1836191265	15.6972771556	15.8849942934	16.5551683243	16.7072834255	17.3257286937	17.9639968488	19.1067554476	20.2150573999	20.400501952	20.7310381442	21.2192721996	21.4665225736	22.1076021819
0.4447226	2.2106594126	2.2613916628	2.3074772444	2.5863987922	2.9136018211	3.5271836333	3.5864256444	3.6352392433	4.2936098301	4.5264819718	5.4230067085	5.5126650288	5.9764764775	6.5477939239	6.9773041341	8.261683794	8.559456309	8.8597192371	9.1812958658	9.6222784395	10.1514141719	10.3973999025	10.5387578503	11.058980888	11.490945724	11.7271922374	12.224251787	13.1185300305	13.8371788305	14.0259591519	14.554304947	15.158231142	15.7080270123	15.9096995957	16.5451207258	16.7263693768	17.3290686717	17.9837966973	19.1220316401	20.1797786029	20.3255444059	20.6206773339	21.1559397371	21.5036079457	22.1296786948
0.4501081	2.0319414454	2.2196095874	2.2717677867	2.5738036262	2.8377227222	3.5268425165	3.5839161329	3.6378138288	4.2134385345	4.5057558333	5.3859436213	5.4573844799	5.916386068	6.5347521459	6.9337934685	8.2411581092	8.5545426039	8.666657973	9.1943690982	9.5517234236	10.1011910956	10.4533815611	10.5886117391	11.0780839395	11.5526304012	11.7390643693	12.2701187394	13.1190016107	13.9417216072	14.09760981	14.572322772	15.1266044389	15.723961036	15.9339820719	16.5248502148	16.7610006973	17.3334171713	18.0072335245	19.1409252048	20.0559374741	20.2866412668	20.5288474767	21.0854882472	21.5326206067	22.1447953284
0.4554936	1.8051074294	2.180618868	2.2485835229	2.5578896128	2.7541114401	3.5262337823	3.5689227108	3.6339456389	4.1205433974	4.4730135833	5.3387638461	5.391963111	5.8457891761	6.5220981826	6.8860837074	8.2029717275	8.4078381066	8.6314970269	9.1791631309	9.4999744953	10.0376759211	10.4354319828	10.7229587939	11.0794861633	11.5723454293	11.79195933	12.3270707326	13.1240694037	14.0315973156	14.1915784404	14.6082985808	15.0897800688	15.7451238379	15.9550310896	16.49511611	16.8110594849	17.3390366407	18.0328322546	19.1629321729	19.8678394629	20.2503107001	20.4697235549	21.0153448499	21.5502862749	22.1500344691
0.4608791	1.5570799212	2.1358771982	2.2233697484	2.5328000656	2.6702731563	3.5248875865	3.5377026102	3.6283679786	4.015317719	4.4278297641	5.2725675634	5.3270691504	5.7659569858	6.5106816399	6.8365133586	8.1411011886	8.2030258479	8.6769030131	9.1194031511	9.4843909052	9.9646999951	10.4217070219	10.8564408263	11.0568807623	11.5706577985	11.8757625807	12.3900050392	13.1343190072	14.1107825394	14.2847701257	14.6736738887	15.0496527225	15.7702783407	15.9719854233	16.4575116225	16.8739760072	17.3466636202	18.0589128857	19.1874893936	19.6479664771	20.1804024783	20.4535999366	20.9487371895	21.5559753617	22.1439464231
0.4662647	1.2900689049	2.0844037529	2.1950310635	2.4842530072	2.603569072	3.4871710913	3.5247340876	3.6229800131	3.8986820896	4.370353187	5.1829672424	5.2696522485	5.6781748205	6.5008559027	6.7875612556	7.9580469406	8.1034464352	8.7347717971	9.0247712094	9.4976156887	9.8845615327	10.4138596385	10.9590066064	11.0301037149	11.573704689	11.9714556684	12.4544921976	13.151056144	14.1847840028	14.3573335624	14.7710451481	15.0115082523	15.7954644325	15.9876227386	16.4131697175	16.9450347131	17.3580047321	18.0837953218	19.2139811131	19.4102058837	20.0864950909	20.4654608852	20.8866843319	21.5500233646	22.1261165915
0.4716502	0.9988128088	2.0258991885	2.1633862808	2.4056076114	2.5644625019	3.4222060732	3.5230722994	3.6132213855	3.774894562	4.3012715273	5.0791356036	5.2135624795	5.5837500449	6.4922489906	6.7421481703	7.7349499752	8.0353557632	8.7843574461	8.9250475252	9.521582168	9.7983290741	10.4087003092	10.9110788902	11.1215675699	11.5898685984	12.0712371241	12.5177928634	13.1753394022	14.2524147716	14.4120708064	14.8618856046	15.0056871586	15.8123416635	16.0096597654	16.3627761578	17.0165444966	17.3764301279	18.1061845145	19.1634879529	19.2421063076	19.9856709376	20.4888120605	20.8293352974	21.5331682438	22.0968708018
0.4770357	0.6596240002	1.9601285305	2.1284951248	2.3156042465	2.5381972394	3.3439645851	3.5210064148	3.5672818855	3.6754340174	4.221765758	4.9677501654	5.1552152411	5.4840650352	6.483463859	6.7039857331	7.5100288557	7.9641172748	8.741516924	8.9102828444	9.5415165559	9.7089444334	10.4036823522	10.8184785091	11.232999063	11.6194195117	12.1715967856	12.5789541642	13.2070519859	14.3087009811	14.462300393	14.8601653374	15.1036023543	15.8115209938	16.0459203789	16.3077316278	17.077509081	17.40682007	18.1258014721	18.9174659426	19.270631215	19.8880176103	20.5152250602	20.7771100043	21.506308903	22.0570868458
0.4824212	-0.1404160723	1.8868137172	2.0905499622	2.2278006666	2.5146370852	3.253586091	3.4380665516	3.5189034261	3.6479495948	4.1335938413	4.8531731822	5.0930189642	5.3806784111	6.4722317211	6.6773626772	7.2865873323	7.8891459848	8.6255669925	8.9620857088	9.5324544591	9.6348951031	10.3973948729	10.7149938701	11.3386846589	11.6611890587	12.2701770716	12.638355921	13.2446121643	14.350123672	14.5162678885	14.8174773342	15.2429491738	15.7910359402	16.0895911747	16.2561063438	17.1171239377	17.4511617304	18.1442160925	18.682721134	19.2994669235	19.7996115328	20.5383105045	20.7322404032	21.4703646896	22.0080725137
0.4878067	-0.6073119202	1.8056238143	2.0498537764	2.1475517907	2.4903478976	3.1482847197	3.2819190606	3.5159448266	3.6420757896	4.0394054706	4.7388792386	5.0256118508	5.2754197837	6.4570447597	6.6652653296	7.0669051577	7.8107989698	8.502815964	9.0106002824	9.4596319028	9.6098453851	10.3894471074	10.6090970056	11.437457887	11.7143663872	12.3649207514	12.6970013636	13.2853953637	14.378473773	14.5724651531	14.7694291727	15.3814833585	15.7550486795	16.0946762603	16.2484713944	17.1313856903	17.5008611373	18.1650958817	18.4748635276	19.3279727495	19.724027127	20.548542264	20.7016033524	21.4261734465	21.9514783939
0.4931922	-0.7864474765	1.7162043224	2.0068124707	2.0757776941	2.4637295112	3.0148763676	3.1327982984	3.5125263753	3.6395655827	3.9432724891	4.6273795521	4.9518329784	5.1703229858	6.4392872156	6.6660900628	6.8543242543	7.7295680439	8.3840621798	9.0335015706	9.3677173333	9.597753453	10.3796460544	10.5074997655	11.5295586771	11.7782468832	12.453828578	12.75590719	13.3264805907	14.3976086112	14.6213841474	14.7271570939	15.5049621909	15.7080582493	16.0358416612	16.304878421	17.1226100754	17.5388822725	18.1862329613	18.3214284399	19.3556383554	19.6627769813	20.5345223233	20.6946825612	21.3744213654	21.889217881
0.4985777	-0.8820281323	1.6182095972	1.9616704737	2.0098742836	2.4331500893	2.8436807792	3.0078612951	3.5085840106	3.6368859692	3.8512771296	4.519857295	4.871493039	5.067203184	6.4224395427	6.6277678526	6.6998819502	7.6461364103	8.2730766015	9.0036246887	9.3005125447	9.5777389368	10.36353359	10.4203698167	11.6153099748	11.8518420014	12.534966823	12.8157708688	13.3652848829	14.4097698212	14.6330440391	14.7188948519	15.5912892234	15.6600748709	15.9604347314	16.3768933338	17.0955728125	17.5552465137	18.15122628	18.2995147486	19.3819833809	19.6157969914	20.4989641484	20.7073352656	21.3156273539	21.823367506
0.5039632	-0.926412609	1.5113274182	1.912336043	1.9462501778	2.394205687	2.6544667704	2.8965914318	3.5041054283	3.6314102634	3.7720159968	4.4160519042	4.7863559701	4.9670220743	6.4059459732	6.4452354162	6.7108566387	7.5615158835	8.1717857358	8.9118206056	9.2681751963	9.5489635752	10.3142368252	10.3794020224	11.6946170218	11.9338181202	12.6066872554	12.8767981697	13.3998997726	14.4152005068	14.6022066728	14.7481960518	15.5633810306	15.6664181602	15.8973001036	16.443169729	17.0613266629	17.5602142925	18.0957467023	18.3715846023	19.4065626015	19.5822119844	20.4529094239	20.7275110223	21.2502199242	21.7560268204
0.5093487	-0.9333131258	1.3953171044	1.8460433465	1.8899922897	2.3238380489	2.4831183	2.7914200136	3.4990987064	3.619013306	3.71635382	4.3147168461	4.7002106932	4.8698247085	6.2528416308	6.4073548837	6.7361714769	7.4771356255	8.0808294758	8.7856442655	9.2439810784	9.5143524381	10.2531218063	10.367007395	11.7669612476	12.0224397589	12.667983033	12.9385448088	13.4291614269	14.412710715	14.5672954715	14.7744988815	15.4839469155	15.6505492377	15.8557677404	16.4990904591	17.0387188579	17.5730895563	18.0662339976	18.469114286	19.42908096	19.5611318983	20.4025347954	20.7484336619	21.178739649	21.6891424322
0.5147342	-0.9101882454	1.2700689927	1.7520385073	1.8443099964	2.1673410706	2.3912943988	2.6914277849	3.4936524816	3.5997531193	3.6893682612	4.2147780408	4.6173563261	4.7756873438	6.0805684578	6.408377229	6.7641718544	7.3948073579	7.9996458649	8.6490423129	9.209276485	9.4758548183	10.2073494087	10.3582205258	11.8317883914	12.1153924697	12.7187230611	12.9998662385	13.452556986	14.4008624857	14.5388722211	14.7829428964	15.3956795955	15.6027318935	15.8049691932	16.5523230045	17.0399503562	17.602999829	18.057409457	18.5745980923	19.4498136169	19.551996619	20.3507947168	20.7668940761	21.1021876983	21.624348212
0.5201197	-0.8615782873	1.1356657278	1.6308081895	1.8010949542	1.9694500896	2.3432135901	2.5972286806	3.4880612321	3.5854590135	3.6802344999	4.1169707607	4.5404534626	4.6859096929	5.9232383178	6.4161506173	6.7922978901	7.31656314	7.9266025774	8.5152343381	9.1617916713	9.4335318447	10.1797279311	10.3499666462	11.8888051037	12.2097764715	12.7595430691	13.0591329815	13.4700588292	14.3803579147	14.5180099332	14.764364666	15.3135057324	15.548115762	15.7268884254	16.610867967	17.0617463208	17.6467664061	18.0653930744	18.6766433951	19.4702634533	19.554241966	20.2998095408	20.7805218493	21.0226352094	21.562910246
0.5255052	-0.7904267783	0.9924224246	1.4783350173	1.7278051128	1.807955497	2.3035360679	2.5097306131	3.4827102236	3.5827074484	3.6776318878	4.0254626192	4.4693111607	4.6035953193	5.7832263808	6.4288015034	6.8189890835	7.2444381119	7.859382459	8.3932488949	9.1062309265	9.387888008	10.1677420234	10.341843325	11.9379745727	12.3023482312	12.791503908	13.1146016683	13.4819527001	14.3548215551	14.5013798062	14.714797574	15.2478767378	15.4938961365	15.6367945917	16.6724894564	17.0962526535	17.6940884369	18.0900471995	18.766085828	19.4924543105	19.5674843693	20.2517521313	20.7853854829	20.9449087531	21.5058357627
0.5308907	-0.6987793876	0.8408940579	1.2879814708	1.572949101	1.756760926	2.266166361	2.4304151576	3.4777290024	3.5875841554	3.6744603854	3.9493299675	4.4017756339	4.5329687503	5.6622796243	6.4442503641	6.843227337	7.1802849847	7.7958899824	8.2899117503	9.048459033	9.3413742282	10.1666654561	10.3341434861	11.9793832445	12.3897740956	12.8157842196	13.16469805	13.4887106902	14.328319608	14.484303097	14.6421833056	15.196086469	15.4424352985	15.5571502298	16.7297448926	17.1390519603	17.7333137326	18.1315687681	18.8363726136	19.5153247102	19.5933466855	20.2091082087	20.7699317399	20.8824692962	21.4541051052
0.5362763	-0.588288511	0.6818521322	1.0620842655	1.4323919194	1.7297026939	2.230462605	2.3616323713	3.4730797621	3.5920029995	3.6628669366	3.9020631141	4.3370282442	4.4768167977	5.5617716328	6.4602839299	6.8643474709	7.1256648517	7.7357312922	8.209242226	8.9936182362	9.2975853608	10.1715068613	10.3274528887	12.0131390285	12.4687250414	12.8335183785	13.2081194838	13.4909602035	14.3036781637	14.461378034	14.5651919431	15.1473632984	15.4011151873	15.498598015	16.7767481709	17.1875833697	17.7575180756	18.1861587468	18.8850407798	19.5343349761	19.6333641895	20.174612466	20.7193803676	20.8531287617	21.4088891823
0.5416618	-0.4607233439	0.5162316783	0.8127487814	1.3210769338	1.7103548203	2.1973806483	2.3062372147	3.4687612313	3.5863016718	3.6439896903	3.889693254	4.2780643094	4.4346964246	5.4827268527	6.4748424684	6.8818409212	7.0818156051	7.6813347634	8.1515805193	8.9459791343	9.2600044337	10.1782045234	10.3223424183	12.0393280097	12.535824686	12.8457468066	13.24378854	13.4895987032	14.2826069771	14.4246028851	14.5068046626	15.0986777686	15.3771330513	15.4578202693	16.8113322928	17.2378172245	17.7667918459	18.2449227606	18.9141728383	19.5477632972	19.6816404545	20.1507943586	20.6520850715	20.8431343895	21.3715999625
0.5470473	-0.3186585541	0.344971067	0.5503297181	1.239503411	1.6970948791	2.1692689336	2.2664684037	3.4648430489	3.5653751383	3.6334735431	3.8991560256	4.2301181613	4.404901928	5.4258489066	6.4862828807	6.8951659994	7.0496849686	7.6373436442	8.1142745161	8.9090822453	9.2313575851	10.1840909371	10.3190613029	12.0580059307	12.5875831364	12.853432746	13.2706890642	13.4860410655	14.2661994339	14.3784502847	14.4752859824	15.0571623978	15.3680512098	15.4293054503	16.8341892632	17.2831958951	17.7657545018	18.2970561767	18.9287690877	19.5565970667	19.7267393338	20.1387677157	20.5896778372	20.8378022329	21.3437132306
0.5524328	-0.1670381402	0.1681297463	0.2825135189	1.1893337577	1.6893622982	2.149890349	2.2429514196	3.4616958714	3.5443330151	3.6307873327	3.9126733672	4.1984201958	4.3867350893	5.3915721629	6.4935176568	6.9036472046	7.0300117811	7.6086451772	8.0937282751	8.885714884	9.213483821	10.1878586122	10.3174007895	12.0692034922	12.6205437949	12.8574980838	13.287665731	13.4823631194	14.2554254568	14.3439678469	14.4593383709	15.0300772677	15.3673432187	15.4107485495	16.8470009069	17.3155645281	17.7608622842	18.332915238	18.9344858364	19.56166647	19.7580424112	20.1361172345	20.5448872247	20.8342800902	21.326466232
0.5578183	-0.0091353407	-0.0089390938	-0.0062995142	1.172361022	1.6868252006	2.1429276839	2.2352187505	3.4603803545	3.5362940756	3.6303223044	3.9185616449	4.187241894	4.380566975	5.3801234939	6.4959840894	6.9065840254	7.0233710273	7.5986765146	8.087208454	8.8777106272	9.207415854	10.1891265666	10.3169214603	12.0729347214	12.6319051161	12.8587388076	13.2935151937	13.4807936877	14.2515643881	14.3317688941	14.4541592441	15.0207829276	15.3684703924	15.4036987586	16.8511104412	17.3274280082	17.7583164228	18.3457052992	18.9358091441	19.563325348	19.7691151485	20.1365547226	20.5283068002	20.8329682624	21.3206325215
0.5656869	-0.2845582868	0.1469357509	0.4475552068	1.2012879697	1.7139101837	2.1555568029	2.2434416612	3.4677997714	3.5388451523	3.6420774693	3.9154094856	4.2062853833	4.3944687227	5.3982678695	6.4916351258	6.8959277743	7.0364658684	7.6140672906	8.0993639254	8.8995849563	9.2148210357	10.203363145	10.3310651286	12.060622893	12.6043541015	12.8595510241	13.2608979712	13.4926222984	14.2578674453	14.352380322	14.4576083014	15.027593673	15.3567750484	15.427762124	16.8567551166	17.3193611973	17.7654792386	18.3191361797	18.9353495331	19.5108927359	19.8064367964	20.1213915597	20.5351774003	20.8486274735	21.3330379734
0.5735556	-0.4534060552	0.17559947	0.8406389283	1.2872620634	1.7891881034	2.1833431893	2.2786591747	3.488456177	3.5408760443	3.6789770502	3.9191315745	4.2545842125	4.4357463262	5.4526869763	6.4812288768	6.8747541518	7.0677441182	7.6583028035	8.1303181358	8.9642418863	9.2373830431	10.2395948691	10.3775816558	12.0247773138	12.5326142575	12.8505336586	13.1861435853	13.5094289268	14.2753727128	14.402876469	14.4747990994	15.0465522824	15.3500626307	15.4723589682	16.8743998745	17.2969827818	17.7829962941	18.2500960339	18.9249591398	19.4061772742	19.8662122908	20.0872026096	20.5542803925	20.8889197842	21.3689184732
0.5814242	-0.6091805896	0.182458922	1.1663874105	1.4476501559	1.8975396047	2.2144320574	2.3538559077	3.5070787057	3.5505947494	3.7372798242	3.9515188582	4.320350105	4.5014610656	5.5428376525	6.47078156	6.8568541065	7.1097733966	7.7262171262	8.1690371739	9.0650756642	9.27773109	10.2844925978	10.4626836481	11.9684484515	12.4334885934	12.813376971	13.0981723191	13.5130250799	14.3015004675	14.4335905199	14.5431025252	15.0717903551	15.3626050267	15.5272948262	16.9056412041	17.263551309	17.8006211974	18.162713934	18.8876860004	19.2898970398	19.9048633149	20.0618073235	20.5821927728	20.9410212544	21.4244892538
0.5892928	-0.7483035024	0.2100601909	1.368035685	1.7047253485	2.019734951	2.2608982054	2.4592866028	3.5045391929	3.5925703095	3.8098546468	4.0210025234	4.4002767714	4.5850989006	5.6661772689	6.4666159935	6.848042978	7.1623778436	7.8107706935	8.2084183405	9.1798725093	9.3478866008	10.331098551	10.581595874	11.8962507842	12.3188927221	12.7369679922	13.0128775019	13.4981135776	14.3281359996	14.4394195653	14.6550667621	15.0951645174	15.3966806638	15.5973281975	16.9509494852	17.2212031626	17.8039499321	18.0853649891	18.8134853213	19.1766225161	19.9016005651	20.0744327621	20.6138295181	20.9956766362	21.4944341248
0.5971615	-0.8678073786	0.286195234	1.5083472374	1.9669549143	2.1345421107	2.3447898394	2.5813199035	3.5111390614	3.65047187	3.8959117837	4.1197951047	4.4949859217	4.6795937596	5.815728063	6.4748628536	6.8462810358	7.2292229229	7.9033014023	8.2493673841	9.2719744542	9.4693742675	10.378009441	10.7191932764	11.8144147556	12.1977053626	12.6235565175	12.9320493209	13.4646318065	14.3359337533	14.4453813404	14.7759964017	15.1199738197	15.4395019334	15.6968212416	17.002728997	17.1760459004	17.7812855348	18.0421889309	18.7054263991	19.0725143882	19.8703445852	20.1184242346	20.6422882039	21.0493491739	21.5734428463
0.6050301	-0.9650860904	0.4098492021	1.634226634	2.1640001246	2.225434825	2.4856820476	2.7119673889	3.5478594998	3.7172525126	3.9968474818	4.2354014197	4.6036405391	4.7805846647	5.976253405	6.504337362	6.8438022813	7.3153178855	7.9916451117	8.3003922571	9.3393494676	9.628262792	10.423100114	10.8549600262	11.7320444275	12.0771624016	12.4856500853	12.8483234778	13.4146174716	14.3070839869	14.4584424065	14.8716901099	15.173150704	15.4747643454	15.8348218115	17.0142295611	17.1710618856	17.7424523622	18.0328603768	18.5763977018	18.9792615193	19.8305549796	20.177829452	20.6604987789	21.1023387116	21.6574674898
0.6128987	-1.0370646483	0.568827921	1.7573162874	2.2669635742	2.3238199548	2.6634476483	2.8476407818	3.6196878589	3.7923795957	4.1107256738	4.3586719123	4.7222680537	4.8875361959	6.1195474844	6.5704075223	6.8338000241	7.4233848544	8.0602728401	8.3742340026	9.3980270926	9.7948183632	10.4626484368	10.960460641	11.6633799667	11.9638483039	12.3373138795	12.7559383876	13.3503389443	14.24186932	14.4693325144	14.9100151552	15.2786644029	15.5030615008	16.0007608719	16.9489361244	17.2400402331	17.7084424171	18.0408000944	18.442069266	18.8986791498	19.7888339383	20.247496792	20.6641659765	21.1563229508	21.7440883955
0.6207674	-1.079971145	0.7527777742	1.8802030015	2.3125383194	2.4409452952	2.8382008483	2.9865328708	3.7170177554	3.8769006193	4.2321567248	4.4844515034	4.8444569156	5.0031964107	6.2139595403	6.6737485292	6.8285572123	7.5510025285	8.100827817	8.4758642676	9.4529955185	9.9536487393	10.4919029554	10.9998327515	11.6192342329	11.8705758761	12.193675662	12.6535063613	13.2731638052	14.144975469	14.4719696911	14.9027235387	15.3956208012	15.5473976622	16.1703834756	16.8568070856	17.333073987	17.6881716222	18.0547541267	18.3204097908	18.8348915494	19.7488578091	20.3234210351	20.6551895682	21.2125247481	21.832211643
0.6286360	-1.0890806024	0.9533628635	2.0004375423	2.3603841909	2.5570816409	2.990351814	3.1281789256	3.8239807219	3.9712077263	4.3541851378	4.6101277506	4.9645351117	5.1304644862	6.2564560032	6.7032642996	6.9274387909	7.6904026756	8.1187407396	8.5964555479	9.5037936991	10.0975713257	10.505495823	10.9573560858	11.5599925685	11.8372758978	12.0711880927	12.5434966377	13.1832520057	14.0225606827	14.4651641755	14.8699506553	15.4503489867	15.6503239371	16.3091997011	16.7621914073	17.4314429803	17.6747308983	18.065176409	18.2403989748	18.7941582362	19.7151300611	20.3950534822	20.6468211441	21.2712368406	21.9215548545
0.6365046	-1.0579738959	1.1630803182	2.1144701726	2.4334518431	2.6747335364	3.1166174331	3.2695975134	3.9284533035	4.0726078353	4.4705015163	4.734076577	5.0817455957	5.2677472277	6.262819929	6.6523150524	7.11092974	7.8268848953	8.1266848062	8.7240927591	9.5475066659	10.2219718111	10.4976814117	10.8597156273	11.4384712993	11.8738240944	11.980362579	12.4338979341	13.0800080238	13.8833359484	14.4473640918	14.8217196837	15.4588648493	15.7730754247	16.3743781733	16.6817525723	17.5310321685	17.6470266686	18.0664448994	18.2376360629	18.7834485059	19.6943115445	20.4365349085	20.6709632508	21.332383136	22.0121882087
0.6443732	-0.9766259522	1.375137788	2.2260054769	2.5372632771	2.7948212747	3.2223867298	3.4043305924	4.0253149529	4.1750002505	4.5771704798	4.8546929295	5.199171457	5.4089453091	6.2421926834	6.5818245173	7.302870639	7.9253550452	8.1544691275	8.8495525644	9.5788264198	10.315764427	10.4645731802	10.7508014708	11.2820750281	11.8928790714	11.9344947502	12.3454977974	12.9633694086	13.7371657168	14.4146201389	14.7658802403	15.4494350119	15.8681527002	16.3418122679	16.6241260277	17.5460442272	17.6702703757	18.078972845	18.3056453954	18.8062259468	19.6967500728	20.4356229964	20.7478793766	21.396104892	22.1042151598
0.6522419	-0.8255700983	1.5841788127	2.3453596731	2.6610918178	2.9174000275	3.3131066567	3.5288645499	4.1128703127	4.2724259458	4.6728740423	4.9706646318	5.3189213952	5.546650599	6.1979898549	6.5061881357	7.4833653301	7.9393276134	8.2424451562	8.9653357354	9.5888092734	10.328391954	10.4326936707	10.6760638542	11.1228840982	11.8398487357	11.907368615	12.3140219878	12.8359797909	13.5932877176	14.3614471088	14.710240917	15.4269358909	15.9097192743	16.2471533919	16.5673436971	17.4528368962	17.7589614138	18.1135500355	18.4173684934	18.8553475479	19.7376297466	20.4228112261	20.8560887512	21.4628923095	22.197589635
0.6601105	-0.5472665513	1.787096046	2.4768838599	2.79071013	3.0417332799	3.3926764141	3.6444098499	4.1896798726	4.3620789401	4.7578237676	5.0815632684	5.4395336592	5.6727413489	6.1355060488	6.4322839097	7.6406769682	7.895886465	8.3611042742	9.0631174765	9.565143125	10.2483261814	10.4120850137	10.6402646025	11.000117929	11.7591414913	11.8278318361	12.3362707438	12.7057717301	13.4589582868	14.2847999685	14.6591785877	15.3900076301	15.867774549	16.150460757	16.4968722449	17.3423134325	17.8163631642	18.1693321555	18.5490538573	18.9112362551	19.8329087	20.4261812963	20.9768975843	21.5333668583	22.2920314506
0.6679791	0.4360475875	1.9828461305	2.613513737	2.9153268101	3.1651240467	3.4667527828	3.7545606953	4.2548814324	4.4446075526	4.832723316	5.1868916976	5.5556084072	5.7741967633	6.0709486645	6.3630102086	7.7326911702	7.8620350287	8.4768604083	9.1278009987	9.505143017	10.1645188745	10.3667620443	10.5694464798	10.9665713315	11.636571017	11.734310383	12.3617696156	12.5890938062	13.3388272597	14.1878106506	14.609924381	15.3317213807	15.7399399586	16.0806584311	16.4186110375	17.2255826839	17.8425177058	18.2343577804	18.6772869793	18.9565388495	19.9857343283	20.4639271928	21.1013832735	21.6079313299	22.3869957658
0.6758478	0.8828368544	2.1710411964	2.7399341443	3.0276967539	3.2806166872	3.5467429467	3.8622246347	4.3103653397	4.5227797492	4.8984860124	5.2837325164	5.655871425	5.8223952087	6.0448680813	6.300081686	7.6669020993	7.9376009521	8.5777899372	9.1239725059	9.4457403015	10.0871532905	10.3174067132	10.460567428	11.0018565863	11.4905174478	11.6272962893	12.340927525	12.5157939579	13.234206257	14.0784872488	14.553660758	15.2344651039	15.5939355093	16.0111972208	16.3417242627	17.1035535796	17.8555400968	18.2951092839	18.7768310777	18.9937070788	20.1773589906	20.5495884228	21.2242772204	21.6864139596	22.4816657892
0.6837164	1.2059712144	2.3505266323	2.8382483359	3.1243851531	3.3767933278	3.6475039653	3.9677829388	4.3627353618	4.5996049956	4.9563090356	5.3641612319	5.7078985707	5.8283403778	6.0800135524	6.2495481717	7.5459197914	8.024175272	8.6583693235	9.0258562475	9.4300610062	9.9932053504	10.2656497157	10.3811980556	11.0466179423	11.3429043233	11.5026909833	12.2618098273	12.4900547943	13.140679843	13.9656129488	14.4794304271	15.0860693828	15.4926896838	15.9248157388	16.2710236433	16.9755373061	17.8691132165	18.3461323049	18.8278994933	19.0371326626	20.3778904623	20.6905591556	21.3421475587	21.7677704328	22.5749571506
0.6915850	1.4814776787	2.5188452721	2.8957613449	3.2063502444	3.4473387968	3.7695018756	4.0711353519	4.4219473318	4.677572419	5.007602929	5.413376811	5.6921350839	5.861872367	6.1226883315	6.2300644633	7.4065716954	8.0902817713	8.7129718151	8.8805685757	9.4243142945	9.8887117345	10.1960737773	10.3633377907	11.0564930668	11.2217227023	11.3678632798	12.1584966383	12.4762186986	13.0467718758	13.8532729377	14.381723722	14.9196987861	15.4416151828	15.822479178	16.2061626799	16.8416521779	17.8907880124	18.3867333151	18.8372686925	19.0843491327	20.5670114332	20.8786696657	21.4530957211	21.8499361837	22.6655347817
0.6994537	1.724435653	2.6716960448	2.9135500578	3.2750398614	3.4950876876	3.8889079512	4.179287191	4.4943257012	4.7593327806	5.0536125624	5.4200402188	5.6722950359	5.8905459192	6.1369797806	6.2598139869	7.2583858873	8.1339196229	8.6908970544	8.7793442722	9.3820166794	9.8107285671	10.129795569	10.3719312287	10.9847353922	11.1580425129	11.2457977352	12.0440404856	12.4652209896	12.9402212186	13.7336216236	14.2758403435	14.7743257962	15.4233570202	15.7111799261	16.1448979318	16.703319538	17.9239858879	18.4176931169	18.8251761952	19.1234664896	20.7417278789	21.088525103	21.5565448824	21.929954437	22.7518450351
0.7073223	1.9383933864	2.7957071711	2.9121983629	3.330481738	3.5232660991	3.9778078973	4.3048120185	4.5761816886	4.8473492888	5.0951682014	5.401034635	5.6519149454	5.9116271218	6.1381949009	6.3099268618	7.1091514442	8.1572720203	8.5546996268	8.7787298018	9.2890662556	9.7805880775	10.0793948518	10.3820631534	10.8808047694	11.0476839426	11.2021166452	11.9242168465	12.4579275615	12.8182233683	13.5917645948	14.1958228056	14.6587789149	15.425692045	15.6004552939	16.0859696723	16.5630603877	17.9691311163	18.4401333746	18.8031183869	19.1514765437	20.9017113558	21.2957635993	21.6526755425	22.0043964067	22.8321619548
0.7151909	2.1227549193	2.8278548882	2.9639322904	3.375411695	3.533840873	4.0310347425	4.4428891378	4.6595247182	4.9385827814	5.1343888858	5.3828629313	5.6173724005	5.9359201741	6.1310095655	6.3576817516	6.9668502715	8.1644487949	8.4230665114	8.7719727564	9.1704795429	9.7799139322	10.0504925569	10.3835463162	10.7882971823	10.9064072612	11.1873208382	11.8076981597	12.4522381346	12.6899693611	13.4302163223	14.1561443216	14.5689294301	15.422064081	15.5178152495	16.0297691199	16.4240997359	18.0243862345	18.4551396866	18.7757751505	19.1704301122	21.0427340368	21.4855500622	21.7415304027	22.0699024726	22.9046447922
0.7230596	2.2751525513	2.7943059711	3.0504169315	3.4154628546	3.5299946512	4.0590544754	4.5725174921	4.7425155547	5.0157948209	5.178745229	5.376504792	5.5798171488	5.9583786352	6.1134834795	6.3953738946	6.8397287642	8.158866648	8.3123365037	8.7537729228	9.0558744915	9.783964499	10.0473323115	10.3720561621	10.7087656447	10.7723316281	11.1702433193	11.7048043256	12.4418649392	12.5727316991	13.269795716	14.1423232934	14.5036462301	15.3525148356	15.5250705275	15.9779042261	16.2899848658	18.0862874863	18.4635121221	18.7454448465	19.1830207855	21.160039106	21.6496000368	21.822095302	22.1236521697	22.9674080663
0.7309282	2.3930163533	2.7531054223	3.1222624067	3.451394271	3.5191236054	4.0705913761	4.6750682783	4.8281692912	5.058311758	5.2283475289	5.3804485685	5.5628496501	5.9693878402	6.0889379378	6.4203460039	6.7356759889	8.135040592	8.2366299004	8.7267945502	8.9657454772	9.7809314133	10.068436016	10.3458468443	10.6175676721	10.6815616518	11.1507186893	11.6238430689	12.4106264636	12.4937788942	13.1297804483	14.1355389327	14.4643863254	15.2682763877	15.5733886459	15.9324463611	16.1644436687	18.1501319623	18.4655719711	18.7143760051	19.1912926349	21.2508539502	21.7829062581	21.8918620145	22.1637469687	23.0186123577
0.7387968	2.475354024	2.7168757184	3.176955791	3.4659572142	3.5209713463	4.0720140059	4.7451159073	4.9109395108	5.0714576968	5.2590263123	5.3830803508	5.5892673566	5.9628189413	6.064482109	6.433494663	6.6606324569	8.087676213	8.2077996046	8.6940393069	8.911188745	9.7712679619	10.1040399558	10.3047078151	10.5319808839	10.6305785482	11.1327921358	11.5680759327	12.3565142225	12.4638802457	13.0224046427	14.1268880785	14.4483599806	15.1994490801	15.6353366999	15.8945938273	16.0522756858	18.2097348174	18.461407499	18.6861102391	19.1965320548	21.3146668086	21.8815881694	21.9473242155	22.1896649316	23.0565848462
0.7466655	2.5236406895	2.6917545333	3.2144858366	3.4557419497	3.5386468661	4.0694253528	4.7866237618	4.9748179877	5.0693503258	5.2685239538	5.3768830153	5.6427260733	5.942142059	6.0470994993	6.4385471375	6.6166335143	8.0461233423	8.201449199	8.665566312	8.8877529422	9.7609259884	10.1409108639	10.2584034098	10.483494572	10.5978506853	11.1205676243	11.5362421483	12.3167925695	12.4513104524	12.9551908306	14.1181735045	14.4458835784	15.1546212088	15.7028883646	15.8605930981	15.9649920213	18.2558908206	18.4528904017	18.6657595594	19.1994525314	21.352283932	21.9416334949	21.9847977896	22.2028617595	23.0799668391
0.7545341	2.5396656353	2.6825326904	3.2286848488	3.4490637286	3.5467582639	4.0678910857	4.8007181603	5.0010677069	5.0646700449	5.2702220373	5.37241625	5.6709251989	5.9287650554	6.0408239417	6.4396635858	6.6023405144	8.0306679939	8.2005456491	8.6543251497	8.882087416	9.7564531193	10.1605937827	10.2339972189	10.4688837899	10.5858280723	11.1163039192	11.5259628843	12.3033102492	12.4470660307	12.9323463367	14.1145179053	14.4464899082	15.1390100304	15.7474509658	15.8320121353	15.9309137669	18.2744592122	18.4477226193	18.6582921205	19.2003933861	21.3646871083	21.9612688482	21.9987983589	22.2065895638	23.0878649452
